Country,Year,Rainfall
Afghanistan,1901,20.910303333333335
Afghanistan,1902,18.2747625
Afghanistan,1903,26.20991666666667
Afghanistan,1904,24.898844999999998
Afghanistan,1905,22.5114975
Afghanistan,1906,24.306363333333337
Afghanistan,1907,23.882715
Afghanistan,1908,27.671773333333334
Afghanistan,1909,25.171231666666667
Afghanistan,1910,24.378195833333333
Afghanistan,1911,25.947361666666666
Afghanistan,1912,25.108576666666664
Afghanistan,1913,22.602985
Afghanistan,1914,31.928935
Afghanistan,1915,22.02967166666667
Afghanistan,1916,25.543219166666663
Afghanistan,1917,13.764771666666666
Afghanistan,1918,23.440799166666665
Afghanistan,1919,25.201211666666666
Afghanistan,1920,23.662839166666668
Afghanistan,1921,20.885148333333333
Afghanistan,1922,23.960430833333334
Afghanistan,1923,27.896155000000004
Afghanistan,1924,35.358874166666666
Afghanistan,1925,17.262695
Afghanistan,1926,26.524375000000003
Afghanistan,1927,18.50008083333333
Afghanistan,1928,20.845680833333333
Afghanistan,1929,22.42244583333333
Afghanistan,1930,24.403884166666668
Afghanistan,1931,32.962129166666664
Afghanistan,1932,24.428844166666668
Afghanistan,1933,29.315765833333334
Afghanistan,1934,27.631846666666664
Afghanistan,1935,28.243467499999998
Afghanistan,1936,24.90522916666667
Afghanistan,1937,26.51667833333333
Afghanistan,1938,26.773341666666667
Afghanistan,1939,32.58685833333333
Afghanistan,1940,24.105079166666666
Afghanistan,1941,24.81034083333333
Afghanistan,1942,32.500479166666665
Afghanistan,1943,29.436621666666667
Afghanistan,1944,27.965245
Afghanistan,1945,27.708926666666667
Afghanistan,1946,17.284254166666667
Afghanistan,1947,21.210030833333334
Afghanistan,1948,22.8661175
Afghanistan,1949,22.482799166666666
Afghanistan,1950,22.805709166666663
Afghanistan,1951,26.248430833333334
Afghanistan,1952,25.086240833333335
Afghanistan,1953,29.35495416666667
Afghanistan,1954,27.38564
Afghanistan,1955,22.539385
Afghanistan,1956,30.132099999999998
Afghanistan,1957,38.43016166666667
Afghanistan,1958,25.085698333333337
Afghanistan,1959,29.688388333333332
Afghanistan,1960,30.43878666666667
Afghanistan,1961,28.29361916666667
Afghanistan,1962,20.3926625
Afghanistan,1963,27.413253333333333
Afghanistan,1964,26.7260225
Afghanistan,1965,30.209969166666667
Afghanistan,1966,23.17938583333333
Afghanistan,1967,30.413689166666668
Afghanistan,1968,28.387028333333333
Afghanistan,1969,28.798505000000002
Afghanistan,1970,19.088720833333333
Afghanistan,1971,15.433311666666667
Afghanistan,1972,33.50249083333333
Afghanistan,1973,21.999143333333333
Afghanistan,1974,24.523323333333334
Afghanistan,1975,26.66437
Afghanistan,1976,30.495013333333333
Afghanistan,1977,24.247092499999997
Afghanistan,1978,23.472063333333335
Afghanistan,1979,26.98138833333333
Afghanistan,1980,28.978549166666667
Afghanistan,1981,29.3822775
Afghanistan,1982,35.077821666666665
Afghanistan,1983,25.710669166666666
Afghanistan,1984,21.2973225
Afghanistan,1985,18.547270833333332
Afghanistan,1986,25.797188333333334
Afghanistan,1987,24.852056666666666
Afghanistan,1988,27.252569166666664
Afghanistan,1989,26.555349166666662
Afghanistan,1990,30.222525
Afghanistan,1991,36.28749166666667
Afghanistan,1992,34.013019166666666
Afghanistan,1993,26.423775000000003
Afghanistan,1994,28.518531666666664
Afghanistan,1995,25.07484583333333
Afghanistan,1996,26.750185000000002
Afghanistan,1997,27.604814166666667
Afghanistan,1998,29.871771666666664
Afghanistan,1999,24.605393333333335
Afghanistan,2000,16.81768166666667
Afghanistan,2001,15.403734166666666
Afghanistan,2002,24.3223725
Afghanistan,2003,27.392912499999998
Afghanistan,2004,24.069630833333335
Afghanistan,2005,29.6099675
Afghanistan,2006,27.120458333333332
Afghanistan,2007,25.32968083333333
Afghanistan,2008,21.505365
Afghanistan,2009,31.106476666666666
Afghanistan,2010,22.45206416666667
Afghanistan,2011,25.538449999999997
Afghanistan,2012,31.527419999999996
Afghanistan,2013,28.913768333333334
Afghanistan,2014,25.967264999999998
Afghanistan,2015,33.44985416666667
Afghanistan,2016,28.248094166666665
Albania,1901,103.67811666666667
Albania,1902,93.7112
Albania,1903,78.28082500000001
Albania,1904,82.01675
Albania,1905,79.449325
Albania,1906,94.21595
Albania,1907,82.40205
Albania,1908,68.56874166666667
Albania,1909,98.98191666666666
Albania,1910,90.278825
Albania,1911,74.277575
Albania,1912,81.25411666666666
Albania,1913,78.903325
Albania,1914,90.54365833333333
Albania,1915,127.33055
Albania,1916,90.03939166666667
Albania,1917,75.00405833333333
Albania,1918,78.72021666666666
Albania,1919,102.80609166666666
Albania,1920,72.6271
Albania,1921,64.88379166666667
Albania,1922,80.61661416666666
Albania,1923,100.88871666666667
Albania,1924,81.72940833333332
Albania,1925,80.90968333333333
Albania,1926,79.22144166666668
Albania,1927,91.29214999999999
Albania,1928,88.28822916666667
Albania,1929,82.530755
Albania,1930,88.59493333333334
Albania,1931,91.9548075
Albania,1932,69.56574166666667
Albania,1933,94.13623333333334
Albania,1934,84.17840833333334
Albania,1935,87.27114999999999
Albania,1936,93.88474166666667
Albania,1937,117.93112500000001
Albania,1938,78.78683333333333
Albania,1939,106.10816666666666
Albania,1940,104.66714166666667
Albania,1941,85.27145
Albania,1942,85.08758333333334
Albania,1943,80.38785
Albania,1944,98.60531666666667
Albania,1945,72.08177083333334
Albania,1946,70.39655
Albania,1947,74.8605
Albania,1948,61.613791666666664
Albania,1949,89.00264333333332
Albania,1950,87.26936666666667
Albania,1951,89.792975
Albania,1952,83.4436575
Albania,1953,72.06830833333333
Albania,1954,96.20218083333333
Albania,1955,94.15856666666667
Albania,1956,92.54555666666666
Albania,1957,80.81474166666666
Albania,1958,91.49778333333335
Albania,1959,97.620675
Albania,1960,99.31853833333334
Albania,1961,71.719845
Albania,1962,100.39923333333333
Albania,1963,102.19729166666667
Albania,1964,86.75234999999999
Albania,1965,73.45140500000001
Albania,1966,95.45493333333333
Albania,1967,75.1978
Albania,1968,88.43709333333334
Albania,1969,97.02539166666666
Albania,1970,87.88130000000001
Albania,1971,82.57195833333334
Albania,1972,92.11229166666668
Albania,1973,88.88872500000001
Albania,1974,92.72938333333333
Albania,1975,63.77995000000001
Albania,1976,95.76180833333335
Albania,1977,62.67487500000001
Albania,1978,86.06236666666666
Albania,1979,108.44219166666666
Albania,1980,92.60655000000001
Albania,1981,86.83636666666666
Albania,1982,78.034375
Albania,1983,75.22366666666666
Albania,1984,74.02023333333334
Albania,1985,76.67127833333333
Albania,1986,78.16205583333333
Albania,1987,84.30945833333332
Albania,1988,66.52402333333333
Albania,1989,63.91075
Albania,1990,67.68620833333334
Albania,1991,76.48906666666666
Albania,1992,66.474675
Albania,1993,71.7728975
Albania,1994,83.851025
Albania,1995,89.73431999999998
Albania,1996,95.78157499999999
Albania,1997,70.55568333333333
Albania,1998,80.19603333333333
Albania,1999,88.70529166666667
Albania,2000,62.8979275
Albania,2001,64.84759166666667
Albania,2002,87.40130833333335
Albania,2003,79.38501666666667
Albania,2004,86.85090833333334
Albania,2005,84.01238333333333
Albania,2006,81.72401666666667
Albania,2007,82.57442583333334
Albania,2008,81.5732675
Albania,2009,105.86435833333333
Albania,2010,107.84811666666667
Albania,2011,59.838024999999995
Albania,2012,81.53145166666667
Albania,2013,83.96725833333333
Albania,2014,106.40320833333334
Albania,2015,78.13723499999999
Albania,2016,91.31202083333334
Algeria,1901,9.454398333333334
Algeria,1902,8.307336666666666
Algeria,1903,6.310336666666667
Algeria,1904,9.650644166666666
Algeria,1905,7.689015833333333
Algeria,1906,7.9763183333333325
Algeria,1907,7.16236
Algeria,1908,8.389358333333334
Algeria,1909,6.328906666666666
Algeria,1910,5.862990833333334
Algeria,1911,7.975825
Algeria,1912,7.637052499999999
Algeria,1913,5.40712
Algeria,1914,7.11089
Algeria,1915,7.204956666666667
Algeria,1916,7.168453333333333
Algeria,1917,7.1445875
Algeria,1918,8.004020833333334
Algeria,1919,6.209990833333333
Algeria,1920,5.3024241666666665
Algeria,1921,7.03287
Algeria,1922,6.021469166666667
Algeria,1923,7.987545833333333
Algeria,1924,5.678571666666667
Algeria,1925,7.007594999999999
Algeria,1926,4.152595833333334
Algeria,1927,7.290416666666666
Algeria,1928,8.172431666666666
Algeria,1929,7.392256666666667
Algeria,1930,6.512856666666667
Algeria,1931,6.188891666666667
Algeria,1932,6.8926058333333335
Algeria,1933,8.1194425
Algeria,1934,8.229880833333334
Algeria,1935,7.200685
Algeria,1936,6.738255
Algeria,1937,4.591535833333333
Algeria,1938,6.7669425
Algeria,1939,7.123756666666666
Algeria,1940,6.211989166666666
Algeria,1941,6.7902958333333325
Algeria,1942,6.586960833333333
Algeria,1943,8.865194166666667
Algeria,1944,4.991495833333333
Algeria,1945,4.510933333333333
Algeria,1946,6.701842500000001
Algeria,1947,4.848248333333333
Algeria,1948,6.337445
Algeria,1949,6.941469166666667
Algeria,1950,7.325248333333334
Algeria,1951,8.27597
Algeria,1952,7.4354949999999995
Algeria,1953,8.631994166666667
Algeria,1954,7.360261666666666
Algeria,1955,7.342318333333334
Algeria,1956,7.1911283333333325
Algeria,1957,9.5891675
Algeria,1958,7.6077900000000005
Algeria,1959,7.051489166666666
Algeria,1960,7.063890833333333
Algeria,1961,4.962475833333333
Algeria,1962,7.9420174999999995
Algeria,1963,7.836509166666667
Algeria,1964,6.863724166666667
Algeria,1965,6.552505833333334
Algeria,1966,6.283401666666666
Algeria,1967,7.045828333333334
Algeria,1968,6.3069058333333325
Algeria,1969,8.267466666666666
Algeria,1970,4.7808641666666665
Algeria,1971,7.701787499999999
Algeria,1972,8.012801666666666
Algeria,1973,6.772320000000001
Algeria,1974,6.6813875
Algeria,1975,7.06112
Algeria,1976,9.7756375
Algeria,1977,6.044393333333333
Algeria,1978,5.2715125
Algeria,1979,7.952224999999999
Algeria,1980,7.874218333333334
Algeria,1981,4.632388333333333
Algeria,1982,8.146951666666666
Algeria,1983,3.929065
Algeria,1984,6.262968333333333
Algeria,1985,6.929803333333333
Algeria,1986,8.107255
Algeria,1987,6.2335424999999995
Algeria,1988,6.719759166666666
Algeria,1989,5.770886666666667
Algeria,1990,7.478644166666666
Algeria,1991,7.344396666666667
Algeria,1992,7.3394200000000005
Algeria,1993,5.201966666666666
Algeria,1994,7.2421525
Algeria,1995,6.2669375
Algeria,1996,8.494613333333334
Algeria,1997,7.3194300000000005
Algeria,1998,5.3621875
Algeria,1999,7.4397883333333334
Algeria,2000,4.36128
Algeria,2001,5.03195
Algeria,2002,5.6339258333333335
Algeria,2003,8.9357425
Algeria,2004,8.432830000000001
Algeria,2005,5.777585833333333
Algeria,2006,8.015255833333333
Algeria,2007,7.325529166666667
Algeria,2008,6.621873333333333
Algeria,2009,7.653110000000001
Algeria,2010,7.7453683333333325
Algeria,2011,7.9577124999999995
Algeria,2012,6.898958333333333
Algeria,2013,7.169009166666666
Algeria,2014,6.193110833333333
Algeria,2015,6.511808333333334
Algeria,2016,5.4496975
Andorra,1901,72.60929166666666
Andorra,1902,65.11630833333334
Andorra,1903,60.791465833333326
Andorra,1904,49.48263333333333
Andorra,1905,65.91265
Andorra,1906,66.15588416666667
Andorra,1907,73.84939166666666
Andorra,1908,64.08097500000001
Andorra,1909,55.15881666666667
Andorra,1910,70.46015833333333
Andorra,1911,60.35989166666667
Andorra,1912,56.57419166666667
Andorra,1913,72.29525833333334
Andorra,1914,75.819575
Andorra,1915,79.51758333333333
Andorra,1916,65.7605875
Andorra,1917,75.77342499999999
Andorra,1918,66.28593166666667
Andorra,1919,68.78545833333332
Andorra,1920,79.0433
Andorra,1921,61.728583333333326
Andorra,1922,63.82923333333334
Andorra,1923,59.1333
Andorra,1924,51.549125000000004
Andorra,1925,56.141041666666666
Andorra,1926,73.47385833333333
Andorra,1927,61.775675
Andorra,1928,55.12184166666666
Andorra,1929,50.47548333333333
Andorra,1930,83.80330833333333
Andorra,1931,60.665033333333334
Andorra,1932,95.30854166666666
Andorra,1933,71.03435
Andorra,1934,61.526199999999996
Andorra,1935,64.51725
Andorra,1936,81.20893333333333
Andorra,1937,61.32105000000001
Andorra,1938,66.25563333333334
Andorra,1939,77.84253333333334
Andorra,1940,62.57465833333333
Andorra,1941,73.59319166666667
Andorra,1942,60.211075
Andorra,1943,72.60923333333334
Andorra,1944,62.50356166666666
Andorra,1945,47.87354416666667
Andorra,1946,62.483555833333334
Andorra,1947,59.959241666666664
Andorra,1948,57.095972499999995
Andorra,1949,56.49050833333333
Andorra,1950,48.898383333333335
Andorra,1951,84.409225
Andorra,1952,55.373308333333334
Andorra,1953,56.0760725
Andorra,1954,56.80735000000001
Andorra,1955,73.43706666666667
Andorra,1956,62.566158333333334
Andorra,1957,68.03809166666666
Andorra,1958,57.563385833333335
Andorra,1959,87.66001666666666
Andorra,1960,81.33120833333334
Andorra,1961,55.060344166666674
Andorra,1962,78.0899
Andorra,1963,86.60463333333333
Andorra,1964,70.00593333333333
Andorra,1965,72.41584166666667
Andorra,1966,66.24896666666667
Andorra,1967,52.925958333333334
Andorra,1968,72.81414166666667
Andorra,1969,86.25245000000001
Andorra,1970,56.93645
Andorra,1971,84.53574166666667
Andorra,1972,83.858475
Andorra,1973,51.1369
Andorra,1974,67.83120166666667
Andorra,1975,64.56885
Andorra,1976,65.19875833333333
Andorra,1977,85.388875
Andorra,1978,57.51365833333333
Andorra,1979,74.88113333333332
Andorra,1980,57.58448333333334
Andorra,1981,63.30787916666666
Andorra,1982,77.25751666666666
Andorra,1983,53.436328333333336
Andorra,1984,65.15195833333333
Andorra,1985,52.23851583333333
Andorra,1986,50.5745
Andorra,1987,68.33790833333333
Andorra,1988,67.77445833333333
Andorra,1989,57.70905833333333
Andorra,1990,58.91153333333333
Andorra,1991,63.093025000000004
Andorra,1992,82.259775
Andorra,1993,73.637375
Andorra,1994,58.41481666666667
Andorra,1995,54.27883333333333
Andorra,1996,90.68818333333333
Andorra,1997,65.27622416666667
Andorra,1998,52.81810833333333
Andorra,1999,69.29459166666668
Andorra,2000,63.385866666666665
Andorra,2001,51.44645
Andorra,2002,74.96390833333334
Andorra,2003,67.55319166666666
Andorra,2004,68.10240833333334
Andorra,2005,55.031825
Andorra,2006,50.58441666666667
Andorra,2007,52.07685
Andorra,2008,66.670675
Andorra,2009,55.02354166666667
Andorra,2010,63.32944166666667
Andorra,2011,60.409875
Andorra,2012,49.8398575
Andorra,2013,72.52772499999999
Andorra,2014,74.32705833333333
Andorra,2015,50.93478833333333
Andorra,2016,55.62411666666667
Angola,1901,77.584185
Angola,1902,81.82777833333334
Angola,1903,85.83821833333333
Angola,1904,68.17230666666667
Angola,1905,67.57405583333333
Angola,1906,88.5521025
Angola,1907,78.48827416666667
Angola,1908,78.3412625
Angola,1909,99.6169925
Angola,1910,83.976945
Angola,1911,72.6152175
Angola,1912,95.86115583333333
Angola,1913,75.62044916666666
Angola,1914,62.6223475
Angola,1915,66.4280775
Angola,1916,86.2299775
Angola,1917,75.95923833333333
Angola,1918,76.311425
Angola,1919,78.64977083333333
Angola,1920,79.3212075
Angola,1921,83.65627500000001
Angola,1922,76.78098333333334
Angola,1923,110.63595
Angola,1924,93.28708416666666
Angola,1925,85.0490875
Angola,1926,90.82895666666667
Angola,1927,76.93431833333334
Angola,1928,67.14936666666667
Angola,1929,76.91859833333332
Angola,1930,62.69061
Angola,1931,81.6604325
Angola,1932,66.69207
Angola,1933,85.83351833333334
Angola,1934,94.6089425
Angola,1935,83.80462833333333
Angola,1936,77.1896625
Angola,1937,96.07111416666667
Angola,1938,83.723445
Angola,1939,77.8014625
Angola,1940,76.9875325
Angola,1941,68.69549916666666
Angola,1942,74.01260333333333
Angola,1943,77.43244916666667
Angola,1944,95.02103166666666
Angola,1945,90.74307750000001
Angola,1946,77.14847916666666
Angola,1947,87.18414083333333
Angola,1948,79.67322916666667
Angola,1949,76.64052333333333
Angola,1950,93.66640166666667
Angola,1951,98.49534249999999
Angola,1952,83.64317833333332
Angola,1953,80.2083825
Angola,1954,90.07151833333334
Angola,1955,85.85995333333334
Angola,1956,83.39177666666667
Angola,1957,94.77115083333332
Angola,1958,72.24665833333334
Angola,1959,86.17357583333335
Angola,1960,93.5751025
Angola,1961,100.49124499999999
Angola,1962,90.3326075
Angola,1963,89.72719000000001
Angola,1964,75.19582833333334
Angola,1965,77.40758916666667
Angola,1966,90.79248666666666
Angola,1967,98.81987916666667
Angola,1968,89.75828083333333
Angola,1969,98.68231416666667
Angola,1970,75.4817825
Angola,1971,77.2909575
Angola,1972,77.17916583333333
Angola,1973,83.97143083333333
Angola,1974,88.55445416666667
Angola,1975,82.891395
Angola,1976,89.88299166666667
Angola,1977,90.4096725
Angola,1978,83.84397833333334
Angola,1979,90.66883333333334
Angola,1980,73.69157416666667
Angola,1981,66.60334
Angola,1982,75.83775916666667
Angola,1983,72.81655583333333
Angola,1984,72.91529333333334
Angola,1985,76.47762
Angola,1986,92.28219
Angola,1987,77.34100666666667
Angola,1988,88.43451916666668
Angola,1989,74.87284083333334
Angola,1990,80.54599083333333
Angola,1991,84.83221666666667
Angola,1992,67.78304333333334
Angola,1993,79.38795166666667
Angola,1994,71.83087166666667
Angola,1995,68.46809166666667
Angola,1996,73.91163083333333
Angola,1997,87.88092916666666
Angola,1998,78.94094916666667
Angola,1999,83.6939
Angola,2000,82.72287583333333
Angola,2001,80.55923
Angola,2002,88.41598499999999
Angola,2003,76.81250666666666
Angola,2004,85.1842425
Angola,2005,75.33770583333333
Angola,2006,89.74311499999999
Angola,2007,80.78997
Angola,2008,84.15496833333333
Angola,2009,85.46750166666668
Angola,2010,78.98172749999999
Angola,2011,83.97256083333333
Angola,2012,85.86829916666666
Angola,2013,79.07124
Angola,2014,85.43532333333333
Angola,2015,75.08755083333334
Angola,2016,80.4139075
Antigua And Barbuda,1901,253.14070833333335
Antigua And Barbuda,1902,226.13654999999997
Antigua And Barbuda,1903,209.53809166666667
Antigua And Barbuda,1904,191.98055833333333
Antigua And Barbuda,1905,197.66414166666667
Antigua And Barbuda,1906,199.98238333333333
Antigua And Barbuda,1907,172.101675
Antigua And Barbuda,1908,166.62562499999999
Antigua And Barbuda,1909,236.17433333333335
Antigua And Barbuda,1910,201.6558
Antigua And Barbuda,1911,220.87011666666663
Antigua And Barbuda,1912,173.395625
Antigua And Barbuda,1913,197.8115
Antigua And Barbuda,1914,201.61891666666668
Antigua And Barbuda,1915,218.01691666666667
Antigua And Barbuda,1916,239.1131
Antigua And Barbuda,1917,190.28581666666665
Antigua And Barbuda,1918,172.73304166666665
Antigua And Barbuda,1919,222.42173333333335
Antigua And Barbuda,1920,183.22760000000002
Antigua And Barbuda,1921,210.61991666666665
Antigua And Barbuda,1922,190.46427500000001
Antigua And Barbuda,1923,167.05865
Antigua And Barbuda,1924,191.82060833333333
Antigua And Barbuda,1925,174.981675
Antigua And Barbuda,1926,170.92859166666668
Antigua And Barbuda,1927,231.43741666666665
Antigua And Barbuda,1928,236.61224166666668
Antigua And Barbuda,1929,190.67615
Antigua And Barbuda,1930,185.00683333333333
Antigua And Barbuda,1931,300.04243333333335
Antigua And Barbuda,1932,225.03449166666667
Antigua And Barbuda,1933,232.31020833333332
Antigua And Barbuda,1934,154.098075
Antigua And Barbuda,1935,185.216125
Antigua And Barbuda,1936,234.88585
Antigua And Barbuda,1937,145.9011583333333
Antigua And Barbuda,1938,214.076625
Antigua And Barbuda,1939,156.28329166666666
Antigua And Barbuda,1940,164.327775
Antigua And Barbuda,1941,187.74976666666666
Antigua And Barbuda,1942,234.7676
Antigua And Barbuda,1943,180.40333333333334
Antigua And Barbuda,1944,200.68831666666665
Antigua And Barbuda,1945,174.971275
Antigua And Barbuda,1946,162.28135
Antigua And Barbuda,1947,150.37070833333334
Antigua And Barbuda,1948,213.93825
Antigua And Barbuda,1949,198.520625
Antigua And Barbuda,1950,213.06433333333334
Antigua And Barbuda,1951,197.61895
Antigua And Barbuda,1952,241.352175
Antigua And Barbuda,1953,203.05941666666664
Antigua And Barbuda,1954,243.2446666666667
Antigua And Barbuda,1955,237.476
Antigua And Barbuda,1956,229.17333333333332
Antigua And Barbuda,1957,185.36929166666667
Antigua And Barbuda,1958,258.34162499999996
Antigua And Barbuda,1959,191.26958333333334
Antigua And Barbuda,1960,235.19248333333334
Antigua And Barbuda,1961,189.53765
Antigua And Barbuda,1962,201.58408333333333
Antigua And Barbuda,1963,191.60198333333335
Antigua And Barbuda,1964,172.374
Antigua And Barbuda,1965,197.85440833333334
Antigua And Barbuda,1966,214.27508333333333
Antigua And Barbuda,1967,181.72424999999998
Antigua And Barbuda,1968,171.66600000000003
Antigua And Barbuda,1969,231.37925833333335
Antigua And Barbuda,1970,229.70811666666665
Antigua And Barbuda,1971,193.98886666666667
Antigua And Barbuda,1972,191.10875
Antigua And Barbuda,1973,149.80331666666666
Antigua And Barbuda,1974,181.91560833333335
Antigua And Barbuda,1975,207.07996666666668
Antigua And Barbuda,1976,176.13251666666667
Antigua And Barbuda,1977,189.257875
Antigua And Barbuda,1978,180.27988333333334
Antigua And Barbuda,1979,267.93925
Antigua And Barbuda,1980,187.148425
Antigua And Barbuda,1981,234.67999166666667
Antigua And Barbuda,1982,213.10316666666665
Antigua And Barbuda,1983,193.21484166666667
Antigua And Barbuda,1984,224.20016666666666
Antigua And Barbuda,1985,189.87685833333333
Antigua And Barbuda,1986,224.26609166666665
Antigua And Barbuda,1987,254.86434166666666
Antigua And Barbuda,1988,232.89783333333332
Antigua And Barbuda,1989,237.58434166666666
Antigua And Barbuda,1990,212.72666666666666
Antigua And Barbuda,1991,179.25258333333332
Antigua And Barbuda,1992,252.8789833333333
Antigua And Barbuda,1993,210.30794166666666
Antigua And Barbuda,1994,142.055025
Antigua And Barbuda,1995,189.633875
Antigua And Barbuda,1996,219.97659166666668
Antigua And Barbuda,1997,190.76548333333335
Antigua And Barbuda,1998,251.17951666666667
Antigua And Barbuda,1999,219.80468333333332
Antigua And Barbuda,2000,168.840725
Antigua And Barbuda,2001,194.223925
Antigua And Barbuda,2002,211.2335833333333
Antigua And Barbuda,2003,214.27138333333335
Antigua And Barbuda,2004,265.9798333333333
Antigua And Barbuda,2005,271.24679166666664
Antigua And Barbuda,2006,266.0925416666667
Antigua And Barbuda,2007,201.30033333333336
Antigua And Barbuda,2008,264.3117916666667
Antigua And Barbuda,2009,161.52974166666667
Antigua And Barbuda,2010,259.4535333333333
Antigua And Barbuda,2011,254.15625833333334
Antigua And Barbuda,2012,218.87615833333334
Antigua And Barbuda,2013,193.53624166666668
Antigua And Barbuda,2014,215.57754166666666
Antigua And Barbuda,2015,121.51895
Antigua And Barbuda,2016,222.79060833333335
Argentina,1901,34.578849999999996
Argentina,1902,40.02029166666667
Argentina,1903,43.75299166666667
Argentina,1904,45.746091666666665
Argentina,1905,43.549733333333336
Argentina,1906,34.164291666666664
Argentina,1907,38.62380833333333
Argentina,1908,37.19925
Argentina,1909,32.143
Argentina,1910,36.323058333333336
Argentina,1911,42.611725
Argentina,1912,42.55246666666667
Argentina,1913,42.002941666666665
Argentina,1914,54.975275
Argentina,1915,43.90425
Argentina,1916,30.884958333333334
Argentina,1917,33.77709166666667
Argentina,1918,49.604974999999996
Argentina,1919,53.11600833333333
Argentina,1920,45.162041666666674
Argentina,1921,44.476883333333326
Argentina,1922,45.77438333333333
Argentina,1923,44.113025
Argentina,1924,32.23137416666667
Argentina,1925,44.53250833333333
Argentina,1926,45.411258333333336
Argentina,1927,38.957675
Argentina,1928,43.65366666666667
Argentina,1929,35.06794166666666
Argentina,1930,46.467575000000004
Argentina,1931,45.0414
Argentina,1932,46.825874999999996
Argentina,1933,40.595774999999996
Argentina,1934,43.345641666666666
Argentina,1935,37.391799999999996
Argentina,1936,38.80099166666667
Argentina,1937,31.8263
Argentina,1938,39.889975
Argentina,1939,50.91374166666666
Argentina,1940,52.906825
Argentina,1941,44.688629166666665
Argentina,1942,39.443475
Argentina,1943,41.14625833333333
Argentina,1944,40.770491666666665
Argentina,1945,42.333149999999996
Argentina,1946,50.91975
Argentina,1947,39.67655
Argentina,1948,41.1905
Argentina,1949,42.2876
Argentina,1950,41.168775000000004
Argentina,1951,40.90018333333333
Argentina,1952,40.08396666666666
Argentina,1953,46.04196666666667
Argentina,1954,42.993966666666665
Argentina,1955,42.308166666666665
Argentina,1956,47.550174999999996
Argentina,1957,46.057449999999996
Argentina,1958,47.71767499999999
Argentina,1959,51.38183333333333
Argentina,1960,41.56109166666666
Argentina,1961,48.12189166666667
Argentina,1962,34.7989
Argentina,1963,50.89329166666667
Argentina,1964,41.050216666666664
Argentina,1965,45.325799999999994
Argentina,1966,48.90810833333333
Argentina,1967,42.97735
Argentina,1968,41.90598333333333
Argentina,1969,43.384366666666665
Argentina,1970,41.646391666666666
Argentina,1971,42.91025833333333
Argentina,1972,49.424475
Argentina,1973,51.07439166666666
Argentina,1974,43.767791666666675
Argentina,1975,46.71158333333333
Argentina,1976,49.41765
Argentina,1977,52.754025000000006
Argentina,1978,50.66505833333333
Argentina,1979,48.954100000000004
Argentina,1980,49.169624999999996
Argentina,1981,49.816525000000006
Argentina,1982,50.858916666666666
Argentina,1983,48.388933333333334
Argentina,1984,57.780300000000004
Argentina,1985,51.431383333333336
Argentina,1986,52.87730833333333
Argentina,1987,51.472925
Argentina,1988,38.666466666666665
Argentina,1989,41.620441666666665
Argentina,1990,52.464391666666664
Argentina,1991,52.42393333333334
Argentina,1992,57.25563333333333
Argentina,1993,48.264
Argentina,1994,47.67030833333333
Argentina,1995,39.149924999999996
Argentina,1996,49.028275
Argentina,1997,52.29005833333333
Argentina,1998,48.960225
Argentina,1999,49.521975
Argentina,2000,57.029925
Argentina,2001,56.33795833333334
Argentina,2002,59.883491666666664
Argentina,2003,46.77574166666667
Argentina,2004,45.33738333333333
Argentina,2005,44.685475
Argentina,2006,46.611291666666666
Argentina,2007,46.19085833333333
Argentina,2008,42.475474999999996
Argentina,2009,41.78915833333333
Argentina,2010,43.719091666666664
Argentina,2011,43.549025
Argentina,2012,48.9078975
Argentina,2013,40.50941666666667
Argentina,2014,55.850291666666664
Argentina,2015,51.42446666666667
Argentina,2016,51.71925833333333
Armenia,1901,48.49679166666667
Armenia,1902,41.573875
Armenia,1903,39.76808333333333
Armenia,1904,51.72490333333334
Armenia,1905,42.489075
Armenia,1906,42.75911666666667
Armenia,1907,39.818975
Armenia,1908,41.59619166666666
Armenia,1909,44.320933333333336
Armenia,1910,39.38008333333334
Armenia,1911,39.9521
Armenia,1912,46.209808333333335
Armenia,1913,34.8156875
Armenia,1914,48.7399725
Armenia,1915,52.96138333333334
Armenia,1916,39.5615525
Armenia,1917,33.313735
Armenia,1918,42.1912375
Armenia,1919,50.07790833333333
Armenia,1920,65.83155666666667
Armenia,1921,43.03403333333333
Armenia,1922,53.32253333333333
Armenia,1923,42.72053
Armenia,1924,35.884816666666666
Armenia,1925,33.096399999999996
Armenia,1926,41.830125
Armenia,1927,43.961175
Armenia,1928,44.440734166666665
Armenia,1929,41.105867499999995
Armenia,1930,41.84873666666667
Armenia,1931,53.479600000000005
Armenia,1932,40.985634166666664
Armenia,1933,40.991838333333334
Armenia,1934,37.71499166666667
Armenia,1935,40.126783333333336
Armenia,1936,59.923375
Armenia,1937,47.07986666666667
Armenia,1938,41.17545833333333
Armenia,1939,50.16253916666667
Armenia,1940,47.925784166666666
Armenia,1941,37.705025
Armenia,1942,48.152680000000004
Armenia,1943,41.12224166666667
Armenia,1944,42.63113333333333
Armenia,1945,38.934
Armenia,1946,52.00203333333334
Armenia,1947,48.20379166666667
Armenia,1948,41.755066666666664
Armenia,1949,36.455715833333336
Armenia,1950,41.409333333333336
Armenia,1951,51.79349666666667
Armenia,1952,33.7606925
Armenia,1953,44.354749999999996
Armenia,1954,41.05950833333333
Armenia,1955,49.52995833333333
Armenia,1956,46.51571666666666
Armenia,1957,39.835341666666665
Armenia,1958,42.619931666666666
Armenia,1959,50.98894166666667
Armenia,1960,40.661184166666665
Armenia,1961,28.217125
Armenia,1962,40.28489166666667
Armenia,1963,64.76573333333333
Armenia,1964,37.47571666666666
Armenia,1965,46.59953333333333
Armenia,1966,43.3804475
Armenia,1967,48.545700000000004
Armenia,1968,43.533658333333335
Armenia,1969,43.91810833333333
Armenia,1970,33.041455
Armenia,1971,36.414540833333334
Armenia,1972,49.446416666666664
Armenia,1973,39.50799666666666
Armenia,1974,45.09864916666667
Armenia,1975,44.04496666666666
Armenia,1976,44.8583925
Armenia,1977,43.3878
Armenia,1978,45.41140083333334
Armenia,1979,39.689955000000005
Armenia,1980,35.28942583333333
Armenia,1981,46.86431666666667
Armenia,1982,48.0695225
Armenia,1983,46.00574583333333
Armenia,1984,38.1801
Armenia,1985,37.024725
Armenia,1986,46.12133333333333
Armenia,1987,44.873799999999996
Armenia,1988,53.97745
Armenia,1989,35.08219666666667
Armenia,1990,37.8219
Armenia,1991,40.68548583333333
Armenia,1992,45.184108333333334
Armenia,1993,41.97155333333333
Armenia,1994,45.65212499999999
Armenia,1995,37.449284999999996
Armenia,1996,37.68922416666667
Armenia,1997,40.507801666666666
Armenia,1998,36.81500833333333
Armenia,1999,37.47582166666667
Armenia,2000,32.7227575
Armenia,2001,38.2228275
Armenia,2002,52.125971666666665
Armenia,2003,54.93455
Armenia,2004,47.74256666666667
Armenia,2005,49.86285833333333
Armenia,2006,45.13381666666667
Armenia,2007,55.353923333333334
Armenia,2008,38.53474583333333
Armenia,2009,53.32435
Armenia,2010,52.417225
Armenia,2011,51.302686666666666
Armenia,2012,39.405991666666665
Armenia,2013,42.413875
Armenia,2014,42.36244083333333
Armenia,2015,52.28557333333333
Armenia,2016,52.65634166666666
Australia,1901,34.7993
Australia,1902,25.31922833333333
Australia,1903,43.78991666666667
Australia,1904,41.079341666666664
Australia,1905,28.02621666666667
Australia,1906,38.70969916666667
Australia,1907,38.88827166666667
Australia,1908,38.724875
Australia,1909,37.085883333333335
Australia,1910,44.3663
Australia,1911,35.808141666666664
Australia,1912,31.721041666666668
Australia,1913,38.028241666666666
Australia,1914,35.93088083333333
Australia,1915,31.713800000000003
Australia,1916,44.637724999999996
Australia,1917,47.304116666666665
Australia,1918,36.90741666666667
Australia,1919,31.626117500000003
Australia,1920,42.53948333333333
Australia,1921,46.551975
Australia,1922,35.66288333333333
Australia,1923,34.19165833333333
Australia,1924,35.02363333333333
Australia,1925,35.40361583333333
Australia,1926,33.56500833333333
Australia,1927,34.879175
Australia,1928,30.6131575
Australia,1929,31.641095000000004
Australia,1930,39.679917499999995
Australia,1931,36.27551666666667
Australia,1932,32.615858333333335
Australia,1933,36.828624999999995
Australia,1934,37.45488
Australia,1935,29.250316666666667
Australia,1936,34.92261333333334
Australia,1937,32.511697500000004
Australia,1938,30.675008333333334
Australia,1939,41.08651
Australia,1940,32.5142875
Australia,1941,40.395825
Australia,1942,42.535833333333336
Australia,1943,34.011966666666666
Australia,1944,30.764985
Australia,1945,34.78931666666667
Australia,1946,33.083400833333336
Australia,1947,41.718266666666665
Australia,1948,32.452666666666666
Australia,1949,40.257016666666665
Australia,1950,51.289175
Australia,1951,30.850466666666666
Australia,1952,32.505
Australia,1953,37.72865
Australia,1954,38.479641666666666
Australia,1955,46.74515
Australia,1956,49.967725
Australia,1957,32.76770666666667
Australia,1958,35.60715833333333
Australia,1959,34.89069166666667
Australia,1960,40.566691666666664
Australia,1961,29.294578333333334
Australia,1962,37.64321666666667
Australia,1963,39.9448
Australia,1964,36.983758333333334
Australia,1965,29.118508333333335
Australia,1966,34.15711666666667
Australia,1967,35.8895975
Australia,1968,45.096583333333335
Australia,1969,35.707341666666665
Australia,1970,32.572665
Australia,1971,41.23045833333334
Australia,1972,30.647035833333334
Australia,1973,55.704325000000004
Australia,1974,64.0083
Australia,1975,49.86739166666666
Australia,1976,45.426075000000004
Australia,1977,39.86163416666667
Australia,1978,44.643499999999996
Australia,1979,38.28157
Australia,1980,36.922180000000004
Australia,1981,45.56280833333333
Australia,1982,35.10572083333333
Australia,1983,42.62075
Australia,1984,46.46360833333333
Australia,1985,33.707125
Australia,1986,33.726483333333334
Australia,1987,39.400954166666665
Australia,1988,39.09174
Australia,1989,39.178731666666664
Australia,1990,35.27150833333334
Australia,1991,38.3041175
Australia,1992,37.62244166666667
Australia,1993,41.297961666666666
Australia,1994,28.043066666666665
Australia,1995,43.541558333333334
Australia,1996,38.910266666666665
Australia,1997,43.72228333333334
Australia,1998,45.326249999999995
Australia,1999,48.104758333333336
Australia,2000,56.2019
Australia,2001,41.776075
Australia,2002,27.226745833333336
Australia,2003,38.48475
Australia,2004,40.58685833333333
Australia,2005,32.52361333333334
Australia,2006,38.3256375
Australia,2007,38.898535833333334
Australia,2008,38.31602833333333
Australia,2009,38.84036666666667
Australia,2010,54.31304166666666
Australia,2011,50.00425833333333
Australia,2012,38.94746833333333
Australia,2013,35.282916666666665
Australia,2014,37.21776666666667
Australia,2015,36.87095083333333
Australia,2016,41.90320833333333
Austria,1901,95.29636666666666
Austria,1902,94.00605833333334
Austria,1903,105.809475
Austria,1904,101.1257
Austria,1905,100.46049166666667
Austria,1906,106.31055833333333
Austria,1907,96.39408333333334
Austria,1908,77.8976
Austria,1909,100.92655833333333
Austria,1910,121.31041666666665
Austria,1911,86.74008333333335
Austria,1912,107.30595833333332
Austria,1913,103.81643333333334
Austria,1914,102.14512500000001
Austria,1915,107.54910833333332
Austria,1916,119.24208333333333
Austria,1917,90.67555833333334
Austria,1918,102.569375
Austria,1919,106.04350833333332
Austria,1920,95.27711666666666
Austria,1921,76.03418333333333
Austria,1922,108.20091666666667
Austria,1923,103.71393333333333
Austria,1924,88.25945
Austria,1925,103.21684166666667
Austria,1926,112.28926666666666
Austria,1927,99.3777
Austria,1928,98.37175833333333
Austria,1929,83.87456666666667
Austria,1930,98.74675833333333
Austria,1931,97.39286666666668
Austria,1932,80.332625
Austria,1933,107.15578333333333
Austria,1934,91.965325
Austria,1935,101.855275
Austria,1936,101.94307500000001
Austria,1937,117.96168333333333
Austria,1938,88.32905
Austria,1939,102.64384166666667
Austria,1940,98.43197500000001
Austria,1941,103.80364166666668
Austria,1942,83.34056666666667
Austria,1943,83.414875
Austria,1944,113.35767499999999
Austria,1945,89.90744166666667
Austria,1946,86.51114166666667
Austria,1947,84.79021666666667
Austria,1948,101.66450833333333
Austria,1949,92.37760833333334
Austria,1950,96.438925
Austria,1951,98.910525
Austria,1952,101.11398333333334
Austria,1953,80.37689166666667
Austria,1954,112.94384166666667
Austria,1955,98.01055000000001
Austria,1956,100.88615833333334
Austria,1957,94.91429166666667
Austria,1958,109.91204166666667
Austria,1959,94.48018333333334
Austria,1960,105.39584166666667
Austria,1961,90.29998333333333
Austria,1962,99.9088
Austria,1963,88.02364999999999
Austria,1964,100.4873
Austria,1965,115.58322
Austria,1966,114.51643333333334
Austria,1967,91.84995833333333
Austria,1968,90.90940833333333
Austria,1969,86.78784166666667
Austria,1970,107.33166666666666
Austria,1971,72.84404166666666
Austria,1972,95.93618333333335
Austria,1973,89.89658333333334
Austria,1974,99.55899166666667
Austria,1975,96.46118333333334
Austria,1976,88.04677500000001
Austria,1977,94.11657500000001
Austria,1978,88.120775
Austria,1979,114.82443333333333
Austria,1980,94.73871666666666
Austria,1981,98.27045833333334
Austria,1982,91.45121666666667
Austria,1983,84.13408333333334
Austria,1984,87.57664166666666
Austria,1985,99.17893333333335
Austria,1986,89.32786666666668
Austria,1987,104.69245000000001
Austria,1988,98.309025
Austria,1989,92.11136666666665
Austria,1990,96.90179166666667
Austria,1991,94.7007
Austria,1992,95.38324166666666
Austria,1993,91.79754166666667
Austria,1994,91.0385
Austria,1995,100.89283333333333
Austria,1996,103.57455
Austria,1997,92.78090833333333
Austria,1998,97.32171666666666
Austria,1999,103.48271666666666
Austria,2000,103.80894166666667
Austria,2001,94.82934166666666
Austria,2002,107.53195833333335
Austria,2003,77.83104999999999
Austria,2004,95.015675
Austria,2005,97.60475833333334
Austria,2006,90.92891666666667
Austria,2007,101.86840833333333
Austria,2008,97.52244999999999
Austria,2009,107.74418333333334
Austria,2010,101.81596666666667
Austria,2011,81.8870375
Austria,2012,98.10685833333334
Austria,2013,102.43924166666666
Austria,2014,110.94719166666668
Austria,2015,95.64240000000001
Austria,2016,119.79715833333334
Azerbaijan,1901,35.68129083333333
Azerbaijan,1902,36.154516666666666
Azerbaijan,1903,33.261858333333336
Azerbaijan,1904,41.271145
Azerbaijan,1905,38.188725
Azerbaijan,1906,36.74579166666667
Azerbaijan,1907,31.68765833333333
Azerbaijan,1908,36.396210833333335
Azerbaijan,1909,30.140341666666668
Azerbaijan,1910,29.881
Azerbaijan,1911,37.516508333333334
Azerbaijan,1912,29.86531666666667
Azerbaijan,1913,28.508818333333334
Azerbaijan,1914,41.5821025
Azerbaijan,1915,36.089999166666665
Azerbaijan,1916,30.91837666666667
Azerbaijan,1917,23.3418125
Azerbaijan,1918,37.32411666666667
Azerbaijan,1919,37.02831666666667
Azerbaijan,1920,49.896825
Azerbaijan,1921,35.867416666666664
Azerbaijan,1922,38.108558333333335
Azerbaijan,1923,35.5952625
Azerbaijan,1924,37.312308333333334
Azerbaijan,1925,23.3545175
Azerbaijan,1926,32.70073333333333
Azerbaijan,1927,35.64873333333333
Azerbaijan,1928,35.38206666666667
Azerbaijan,1929,32.646322500000004
Azerbaijan,1930,34.14140833333334
Azerbaijan,1931,40.25765833333333
Azerbaijan,1932,34.36663333333333
Azerbaijan,1933,33.961039166666666
Azerbaijan,1934,29.070454166666664
Azerbaijan,1935,33.91516666666667
Azerbaijan,1936,36.5245425
Azerbaijan,1937,36.19088333333333
Azerbaijan,1938,31.637508333333333
Azerbaijan,1939,35.67153416666667
Azerbaijan,1940,36.71169666666666
Azerbaijan,1941,31.11876666666667
Azerbaijan,1942,38.26715083333333
Azerbaijan,1943,40.828275
Azerbaijan,1944,34.320033333333335
Azerbaijan,1945,33.848416666666665
Azerbaijan,1946,42.447005
Azerbaijan,1947,32.642975
Azerbaijan,1948,31.744708333333335
Azerbaijan,1949,32.81663583333333
Azerbaijan,1950,31.74485
Azerbaijan,1951,42.21251916666667
Azerbaijan,1952,29.86653916666667
Azerbaijan,1953,35.03322083333333
Azerbaijan,1954,31.43974
Azerbaijan,1955,41.7391
Azerbaijan,1956,40.44161666666667
Azerbaijan,1957,35.1826
Azerbaijan,1958,35.821827500000005
Azerbaijan,1959,36.60074166666667
Azerbaijan,1960,31.304533333333335
Azerbaijan,1961,27.141233333333332
Azerbaijan,1962,36.911791666666666
Azerbaijan,1963,53.570600000000006
Azerbaijan,1964,30.393441666666664
Azerbaijan,1965,37.866499999999995
Azerbaijan,1966,41.13645
Azerbaijan,1967,40.57313333333334
Azerbaijan,1968,33.45916666666667
Azerbaijan,1969,44.156599166666666
Azerbaijan,1970,28.656525
Azerbaijan,1971,27.739159166666667
Azerbaijan,1972,42.30240833333333
Azerbaijan,1973,36.60543333333333
Azerbaijan,1974,38.7130925
Azerbaijan,1975,34.18931666666666
Azerbaijan,1976,35.75346166666667
Azerbaijan,1977,39.974799999999995
Azerbaijan,1978,36.5670775
Azerbaijan,1979,35.03266333333334
Azerbaijan,1980,35.04748333333333
Azerbaijan,1981,43.552258333333334
Azerbaijan,1982,46.85210833333333
Azerbaijan,1983,31.943808333333333
Azerbaijan,1984,36.29230833333333
Azerbaijan,1985,31.917135
Azerbaijan,1986,31.610500000000002
Azerbaijan,1987,36.033633333333334
Azerbaijan,1988,43.47643333333334
Azerbaijan,1989,26.77038333333333
Azerbaijan,1990,33.379064166666666
Azerbaijan,1991,33.034641666666666
Azerbaijan,1992,37.412058333333334
Azerbaijan,1993,35.94029166666667
Azerbaijan,1994,39.92807583333333
Azerbaijan,1995,30.706483333333335
Azerbaijan,1996,32.323191666666666
Azerbaijan,1997,35.20733583333333
Azerbaijan,1998,29.26493333333333
Azerbaijan,1999,33.77703833333333
Azerbaijan,2000,31.592495
Azerbaijan,2001,30.774020833333335
Azerbaijan,2002,40.90190833333333
Azerbaijan,2003,42.88675
Azerbaijan,2004,43.76166666666666
Azerbaijan,2005,37.78203333333334
Azerbaijan,2006,38.4414325
Azerbaijan,2007,36.7322275
Azerbaijan,2008,32.75223333333333
Azerbaijan,2009,36.972208333333334
Azerbaijan,2010,41.6452575
Azerbaijan,2011,37.64465583333333
Azerbaijan,2012,31.910059166666667
Azerbaijan,2013,33.7395
Azerbaijan,2014,31.35575916666667
Azerbaijan,2015,40.596587500000005
Azerbaijan,2016,38.45090833333333
Bahrain,1901,3.6780491666666664
Bahrain,1902,1.7449233333333334
Bahrain,1903,5.151905833333333
Bahrain,1904,3.68753
Bahrain,1905,4.322195833333333
Bahrain,1906,6.340914166666667
Bahrain,1907,4.917748333333333
Bahrain,1908,2.9838316666666667
Bahrain,1909,7.4491275
Bahrain,1910,5.405990833333334
Bahrain,1911,9.200651666666667
Bahrain,1912,11.373369166666668
Bahrain,1913,7.412224999999999
Bahrain,1914,7.5491850000000005
Bahrain,1915,10.648309166666666
Bahrain,1916,5.9819233333333335
Bahrain,1917,4.905936666666666
Bahrain,1918,6.657360833333333
Bahrain,1919,6.846094166666666
Bahrain,1920,8.870063333333333
Bahrain,1921,3.495275
Bahrain,1922,1.1571983333333333
Bahrain,1923,9.910464166666666
Bahrain,1924,6.984488333333334
Bahrain,1925,3.1803975
Bahrain,1926,6.401815833333333
Bahrain,1927,3.3907333333333334
Bahrain,1928,3.82903
Bahrain,1929,6.020105833333333
Bahrain,1930,5.340324166666666
Bahrain,1931,9.975381666666665
Bahrain,1932,8.538170833333334
Bahrain,1933,4.3678775
Bahrain,1934,8.230000833333333
Bahrain,1935,7.345886666666666
Bahrain,1936,5.481424166666667
Bahrain,1937,5.241410833333333
Bahrain,1938,5.621919166666667
Bahrain,1939,8.256985
Bahrain,1940,3.3692349999999998
Bahrain,1941,3.8130575000000007
Bahrain,1942,5.379014166666667
Bahrain,1943,5.467454166666666
Bahrain,1944,7.60211
Bahrain,1945,5.363174999999999
Bahrain,1946,0.41649749999999996
Bahrain,1947,8.623599166666667
Bahrain,1948,9.052688333333334
Bahrain,1949,9.698671666666666
Bahrain,1950,2.0185066666666667
Bahrain,1951,6.2892725
Bahrain,1952,3.110163333333334
Bahrain,1953,3.9195124999999997
Bahrain,1954,9.3026425
Bahrain,1955,14.996596666666667
Bahrain,1956,3.65112
Bahrain,1957,10.195876666666667
Bahrain,1958,8.199635833333334
Bahrain,1959,5.8075383333333335
Bahrain,1960,1.292235
Bahrain,1961,7.452574166666667
Bahrain,1962,1.5767225
Bahrain,1963,2.960875833333333
Bahrain,1964,13.951625833333333
Bahrain,1965,4.5804125
Bahrain,1966,3.3060716666666665
Bahrain,1967,2.7771291666666666
Bahrain,1968,7.1092075
Bahrain,1969,14.4332475
Bahrain,1970,1.1638858333333333
Bahrain,1971,3.6874683333333333
Bahrain,1972,8.182706666666666
Bahrain,1973,1.8192350000000002
Bahrain,1974,5.4608
Bahrain,1975,5.839189999999999
Bahrain,1976,18.523704166666665
Bahrain,1977,7.742080833333333
Bahrain,1978,2.3040041666666666
Bahrain,1979,6.2270216666666665
Bahrain,1980,6.905756666666666
Bahrain,1981,3.506371666666667
Bahrain,1982,14.569987500000002
Bahrain,1983,7.145698333333333
Bahrain,1984,4.6014725
Bahrain,1985,4.647564166666666
Bahrain,1986,7.4778725
Bahrain,1987,3.4037675000000003
Bahrain,1988,9.864083333333332
Bahrain,1989,7.5074250000000005
Bahrain,1990,3.159914166666667
Bahrain,1991,7.519023333333333
Bahrain,1992,6.98224
Bahrain,1993,9.131860833333333
Bahrain,1994,2.8559591666666666
Bahrain,1995,9.599289166666667
Bahrain,1996,9.32291
Bahrain,1997,8.636845
Bahrain,1998,7.6995724999999995
Bahrain,1999,7.184089166666666
Bahrain,2000,5.7753758333333325
Bahrain,2001,2.262286666666667
Bahrain,2002,6.671758333333333
Bahrain,2003,6.1230400000000005
Bahrain,2004,6.802101666666666
Bahrain,2005,6.394962499999999
Bahrain,2006,6.862077500000001
Bahrain,2007,3.8311516666666665
Bahrain,2008,3.3380475
Bahrain,2009,8.785218333333335
Bahrain,2010,2.4030291666666668
Bahrain,2011,4.9154525
Bahrain,2012,4.253380833333334
Bahrain,2013,3.2892500000000005
Bahrain,2014,7.809196666666666
Bahrain,2015,4.241576666666667
Bahrain,2016,1.5378633333333331
Bangladesh,1901,202.73495416666665
Bangladesh,1902,195.47619666666665
Bangladesh,1903,188.1156083333333
Bangladesh,1904,204.17244000000002
Bangladesh,1905,233.859435
Bangladesh,1906,172.82140166666667
Bangladesh,1907,163.08462
Bangladesh,1908,217.11786500000002
Bangladesh,1909,199.2657475
Bangladesh,1910,213.15868166666667
Bangladesh,1911,242.66921749999997
Bangladesh,1912,193.84388083333332
Bangladesh,1913,253.5223
Bangladesh,1914,200.89756416666668
Bangladesh,1915,234.72013666666666
Bangladesh,1916,219.30567499999998
Bangladesh,1917,217.00646666666668
Bangladesh,1918,200.72179333333335
Bangladesh,1919,227.633675
Bangladesh,1920,194.6727975
Bangladesh,1921,204.12655500000002
Bangladesh,1922,238.54360416666668
Bangladesh,1923,184.61414333333335
Bangladesh,1924,238.53732749999998
Bangladesh,1925,221.65198666666666
Bangladesh,1926,195.32754833333334
Bangladesh,1927,222.36296666666667
Bangladesh,1928,220.75799083333334
Bangladesh,1929,206.57124083333335
Bangladesh,1930,191.40185416666668
Bangladesh,1931,176.31766916666666
Bangladesh,1932,211.55681666666666
Bangladesh,1933,197.9525166666667
Bangladesh,1934,233.71642416666666
Bangladesh,1935,182.0874266666667
Bangladesh,1936,220.61290666666665
Bangladesh,1937,187.9600825
Bangladesh,1938,236.74007333333336
Bangladesh,1939,213.92943749999998
Bangladesh,1940,216.02027416666667
Bangladesh,1941,249.27214833333332
Bangladesh,1942,196.60242333333335
Bangladesh,1943,210.38100583333335
Bangladesh,1944,170.69524833333332
Bangladesh,1945,194.254185
Bangladesh,1946,226.52932333333334
Bangladesh,1947,237.7222608333333
Bangladesh,1948,214.81576583333333
Bangladesh,1949,238.22334999999998
Bangladesh,1950,198.38688000000002
Bangladesh,1951,211.67876333333334
Bangladesh,1952,227.93282916666666
Bangladesh,1953,221.96619333333334
Bangladesh,1954,199.87274
Bangladesh,1955,202.77687500000002
Bangladesh,1956,222.26908
Bangladesh,1957,154.1909875
Bangladesh,1958,162.8757691666667
Bangladesh,1959,239.1447125
Bangladesh,1960,188.21414166666668
Bangladesh,1961,207.77355249999997
Bangladesh,1962,178.34337666666667
Bangladesh,1963,189.59933333333333
Bangladesh,1964,209.82485333333332
Bangladesh,1965,197.08025583333333
Bangladesh,1966,177.74404
Bangladesh,1967,181.01990333333333
Bangladesh,1968,210.33908666666665
Bangladesh,1969,191.15058416666668
Bangladesh,1970,222.60042083333335
Bangladesh,1971,176.38128833333334
Bangladesh,1972,143.41341416666668
Bangladesh,1973,215.24398583333334
Bangladesh,1974,226.57379333333333
Bangladesh,1975,188.883675
Bangladesh,1976,194.55512833333333
Bangladesh,1977,198.36404083333332
Bangladesh,1978,191.31483
Bangladesh,1979,194.12847499999998
Bangladesh,1980,184.58241333333334
Bangladesh,1981,219.83630166666669
Bangladesh,1982,179.33178583333333
Bangladesh,1983,222.79713333333333
Bangladesh,1984,244.98389083333333
Bangladesh,1985,190.06004583333333
Bangladesh,1986,203.78426
Bangladesh,1987,223.58802916666664
Bangladesh,1988,234.882055
Bangladesh,1989,171.5026816666667
Bangladesh,1990,220.52262916666666
Bangladesh,1991,224.45796666666664
Bangladesh,1992,148.71151833333332
Bangladesh,1993,222.15741666666668
Bangladesh,1994,151.61056166666665
Bangladesh,1995,200.8412175
Bangladesh,1996,185.96479250000002
Bangladesh,1997,190.7071125
Bangladesh,1998,218.18987583333333
Bangladesh,1999,216.8646075
Bangladesh,2000,202.15982416666668
Bangladesh,2001,187.338
Bangladesh,2002,210.99217750000003
Bangladesh,2003,197.75744916666667
Bangladesh,2004,181.69693416666667
Bangladesh,2005,159.82059166666667
Bangladesh,2006,173.38065833333334
Bangladesh,2007,258.3078116666667
Bangladesh,2008,180.38769750000003
Bangladesh,2009,173.07676666666666
Bangladesh,2010,195.6788925
Bangladesh,2011,233.17473416666667
Bangladesh,2012,177.42829500000002
Bangladesh,2013,180.089055
Bangladesh,2014,160.281175
Bangladesh,2015,212.0002325
Bangladesh,2016,176.86144333333334
Barbados,1901,170.03625
Barbados,1902,192.20540000000003
Barbados,1903,180.04467499999998
Barbados,1904,151.827225
Barbados,1905,153.36755
Barbados,1906,167.55545
Barbados,1907,139.15265
Barbados,1908,133.6185416666667
Barbados,1909,170.03625
Barbados,1910,163.98859166666668
Barbados,1911,170.03625
Barbados,1912,170.03625
Barbados,1913,170.03625
Barbados,1914,170.03625
Barbados,1915,170.03625
Barbados,1916,170.03625
Barbados,1917,170.03625
Barbados,1918,170.03625
Barbados,1919,170.03625
Barbados,1920,170.03625
Barbados,1921,170.03625
Barbados,1922,170.03625
Barbados,1923,170.03625
Barbados,1924,170.03625
Barbados,1925,170.03625
Barbados,1926,170.03625
Barbados,1927,170.03625
Barbados,1928,170.03625
Barbados,1929,170.03625
Barbados,1930,170.03625
Barbados,1931,170.03625
Barbados,1932,174.04600000000002
Barbados,1933,192.60401666666667
Barbados,1934,116.94021666666667
Barbados,1935,151.83906666666667
Barbados,1936,188.11695833333332
Barbados,1937,119.504575
Barbados,1938,179.05226666666667
Barbados,1939,126.60191666666667
Barbados,1940,118.186425
Barbados,1941,155.66265
Barbados,1942,183.54378333333332
Barbados,1943,140.56091666666666
Barbados,1944,162.50113333333334
Barbados,1945,154.2433166666667
Barbados,1946,144.48679166666668
Barbados,1947,121.83576666666666
Barbados,1948,197.38071666666667
Barbados,1949,154.67443333333333
Barbados,1950,172.85866666666666
Barbados,1951,230.69316666666668
Barbados,1952,177.83488333333332
Barbados,1953,194.13924999999998
Barbados,1954,176.57106666666667
Barbados,1955,204.40353333333334
Barbados,1956,221.9958333333333
Barbados,1957,168.08893333333333
Barbados,1958,208.45338333333333
Barbados,1959,139.3832833333333
Barbados,1960,146.00050000000002
Barbados,1961,158.03079166666666
Barbados,1962,162.09720833333333
Barbados,1963,182.63263333333336
Barbados,1964,151.63195833333333
Barbados,1965,157.127475
Barbados,1966,254.19025
Barbados,1967,173.49054999999998
Barbados,1968,147.88485
Barbados,1969,197.42391666666666
Barbados,1970,206.83870833333333
Barbados,1971,152.187675
Barbados,1972,153.925175
Barbados,1973,135.39691666666667
Barbados,1974,134.21955
Barbados,1975,165.60713333333334
Barbados,1976,160.62215833333335
Barbados,1977,138.39199166666666
Barbados,1978,153.36801666666668
Barbados,1979,181.17034166666667
Barbados,1980,172.66784166666665
Barbados,1981,205.1327666666667
Barbados,1982,171.98127499999998
Barbados,1983,154.06258333333332
Barbados,1984,189.21870833333332
Barbados,1985,183.14990833333334
Barbados,1986,171.62116666666668
Barbados,1987,183.37910833333333
Barbados,1988,201.10297500000001
Barbados,1989,162.50445833333333
Barbados,1990,164.91024166666668
Barbados,1991,163.37555
Barbados,1992,218.40965000000003
Barbados,1993,170.53409166666668
Barbados,1994,156.51554166666668
Barbados,1995,187.36164166666666
Barbados,1996,186.31740833333333
Barbados,1997,150.52757499999998
Barbados,1998,231.71485833333335
Barbados,1999,175.64025
Barbados,2000,188.28175
Barbados,2001,162.72776666666667
Barbados,2002,148.66614166666668
Barbados,2003,139.379675
Barbados,2004,252.87235833333332
Barbados,2005,228.42283333333333
Barbados,2006,170.13235
Barbados,2007,181.23987499999998
Barbados,2008,202.5543583333333
Barbados,2009,156.778
Barbados,2010,237.19949499999998
Barbados,2011,260.97291666666666
Barbados,2012,192.60750833333336
Barbados,2013,187.555975
Barbados,2014,192.63759166666668
Barbados,2015,122.43955833333332
Barbados,2016,183.31470833333333
Belarus,1901,50.029975
Belarus,1902,54.981033333333336
Belarus,1903,60.689033333333334
Belarus,1904,47.69388333333333
Belarus,1905,56.25809999999999
Belarus,1906,64.2216
Belarus,1907,48.51621666666667
Belarus,1908,55.324425
Belarus,1909,50.68700833333333
Belarus,1910,56.891358333333336
Belarus,1911,43.21306666666666
Belarus,1912,63.49965
Belarus,1913,54.890858333333334
Belarus,1914,46.884791666666665
Belarus,1915,55.264491666666665
Belarus,1916,64.30159166666667
Belarus,1917,56.4638
Belarus,1918,48.282556666666665
Belarus,1919,51.42344166666667
Belarus,1920,37.2677
Belarus,1921,47.8285
Belarus,1922,62.49626666666666
Belarus,1923,57.121725
Belarus,1924,48.807874999999996
Belarus,1925,57.31924166666666
Belarus,1926,53.471983333333334
Belarus,1927,58.238724999999995
Belarus,1928,53.41024083333334
Belarus,1929,46.82586666666666
Belarus,1930,58.055074999999995
Belarus,1931,56.12914166666667
Belarus,1932,54.66968333333333
Belarus,1933,62.78746666666667
Belarus,1934,45.88036666666667
Belarus,1935,57.29999166666666
Belarus,1936,51.98829166666667
Belarus,1937,54.16235833333334
Belarus,1938,48.663275
Belarus,1939,49.030408333333334
Belarus,1940,51.90703333333334
Belarus,1941,48.16479999999999
Belarus,1942,40.11268333333333
Belarus,1943,52.399458333333335
Belarus,1944,48.69178333333334
Belarus,1945,53.64691666666667
Belarus,1946,42.640125000000005
Belarus,1947,54.35551666666667
Belarus,1948,51.51059166666667
Belarus,1949,48.849075
Belarus,1950,53.9866
Belarus,1951,38.92704416666667
Belarus,1952,61.13165
Belarus,1953,43.69821166666667
Belarus,1954,48.868966666666665
Belarus,1955,51.37695
Belarus,1956,56.6068
Belarus,1957,56.02033333333333
Belarus,1958,60.314008333333334
Belarus,1959,41.046216666666666
Belarus,1960,57.28443333333333
Belarus,1961,43.962735
Belarus,1962,59.94749166666667
Belarus,1963,43.398116666666674
Belarus,1964,47.54399166666667
Belarus,1965,47.607616666666665
Belarus,1966,55.379783333333336
Belarus,1967,53.19839166666666
Belarus,1968,48.885983333333336
Belarus,1969,49.900375
Belarus,1970,59.2597
Belarus,1971,46.925308333333334
Belarus,1972,48.66933916666667
Belarus,1973,52.21234166666667
Belarus,1974,54.84520083333334
Belarus,1975,42.24560833333333
Belarus,1976,41.8765925
Belarus,1977,56.250566666666664
Belarus,1978,52.88516666666666
Belarus,1979,48.56026666666667
Belarus,1980,58.742758333333335
Belarus,1981,52.89265833333334
Belarus,1982,47.111525
Belarus,1983,46.060091666666665
Belarus,1984,47.652058333333336
Belarus,1985,55.87533333333334
Belarus,1986,48.29824166666666
Belarus,1987,50.90620833333333
Belarus,1988,52.62014166666666
Belarus,1989,53.82140833333333
Belarus,1990,58.600008333333335
Belarus,1991,45.302175
Belarus,1992,46.81500833333333
Belarus,1993,53.5725325
Belarus,1994,50.24356666666667
Belarus,1995,49.152475
Belarus,1996,47.666475
Belarus,1997,55.12580833333333
Belarus,1998,64.05515
Belarus,1999,47.98845
Belarus,2000,51.625565
Belarus,2001,54.680775000000004
Belarus,2002,44.45673333333334
Belarus,2003,49.248558333333335
Belarus,2004,56.290308333333336
Belarus,2005,52.185849999999995
Belarus,2006,48.80799666666667
Belarus,2007,52.052150000000005
Belarus,2008,55.62064166666667
Belarus,2009,67.14475083333333
Belarus,2010,59.72776666666667
Belarus,2011,46.62253333333334
Belarus,2012,62.917275
Belarus,2013,55.384166666666665
Belarus,2014,46.9681
Belarus,2015,44.118224999999995
Belarus,2016,58.242758333333335
Belgium,1901,56.995225
Belgium,1902,59.658608333333326
Belgium,1903,72.23788333333333
Belgium,1904,54.871991666666666
Belgium,1905,68.70629166666667
Belgium,1906,67.39704166666667
Belgium,1907,55.515325
Belgium,1908,58.680946666666664
Belgium,1909,69.43435
Belgium,1910,81.49525
Belgium,1911,57.649325
Belgium,1912,73.20036666666667
Belgium,1913,67.06831666666666
Belgium,1914,73.19053333333333
Belgium,1915,77.27735
Belgium,1916,80.19843333333334
Belgium,1917,68.11305833333334
Belgium,1918,71.388775
Belgium,1919,73.41673333333334
Belgium,1920,61.339841666666665
Belgium,1921,36.36552416666667
Belgium,1922,74.2746
Belgium,1923,77.31306666666667
Belgium,1924,71.55801666666666
Belgium,1925,85.25681666666667
Belgium,1926,71.95228333333333
Belgium,1927,71.21978333333334
Belgium,1928,71.10636666666666
Belgium,1929,56.7441225
Belgium,1930,81.50399166666666
Belgium,1931,71.02244166666667
Belgium,1932,69.31939166666666
Belgium,1933,53.398711666666664
Belgium,1934,59.66950833333334
Belgium,1935,75.38695833333334
Belgium,1936,69.27782499999999
Belgium,1937,75.56155833333334
Belgium,1938,65.59338333333334
Belgium,1939,82.72185833333333
Belgium,1940,73.40100833333334
Belgium,1941,67.79873333333333
Belgium,1942,68.22521666666667
Belgium,1943,66.357825
Belgium,1944,77.26731666666667
Belgium,1945,67.568825
Belgium,1946,73.16440833333333
Belgium,1947,62.98148333333333
Belgium,1948,77.08755000000001
Belgium,1949,55.230975
Belgium,1950,80.75985833333333
Belgium,1951,81.44901666666667
Belgium,1952,86.86888333333333
Belgium,1953,50.907241666666664
Belgium,1954,72.59529166666667
Belgium,1955,60.41210833333333
Belgium,1956,70.85780833333332
Belgium,1957,74.27770833333334
Belgium,1958,79.9072
Belgium,1959,50.09044083333333
Belgium,1960,81.08876666666667
Belgium,1961,80.99692499999999
Belgium,1962,68.72759166666667
Belgium,1963,61.302708333333335
Belgium,1964,62.467166666666664
Belgium,1965,91.002
Belgium,1966,92.78116666666666
Belgium,1967,66.39400833333333
Belgium,1968,67.53044166666666
Belgium,1969,66.31973583333334
Belgium,1970,71.03551666666667
Belgium,1971,53.96550833333333
Belgium,1972,62.56500833333334
Belgium,1973,59.734025
Belgium,1974,86.27185000000001
Belgium,1975,60.92219166666667
Belgium,1976,46.577025
Belgium,1977,73.87614166666667
Belgium,1978,64.091875
Belgium,1979,76.498075
Belgium,1980,77.562325
Belgium,1981,88.27713333333332
Belgium,1982,72.15702499999999
Belgium,1983,70.42914166666667
Belgium,1984,80.45620000000001
Belgium,1985,64.22595833333334
Belgium,1986,78.1946875
Belgium,1987,81.040475
Belgium,1988,85.46678333333334
Belgium,1989,63.41213333333334
Belgium,1990,65.34769166666666
Belgium,1991,62.91795833333333
Belgium,1992,73.28504166666667
Belgium,1993,77.59352750000001
Belgium,1994,74.40794166666667
Belgium,1995,68.24893333333334
Belgium,1996,52.991835
Belgium,1997,65.12039166666666
Belgium,1998,83.16230833333333
Belgium,1999,79.40317499999999
Belgium,2000,83.73811666666667
Belgium,2001,88.10222499999999
Belgium,2002,83.08185
Belgium,2003,58.26381666666666
Belgium,2004,70.94
Belgium,2005,68.68535
Belgium,2006,71.76632500000001
Belgium,2007,79.33617916666667
Belgium,2008,75.25584166666667
Belgium,2009,70.585
Belgium,2010,73.38464166666667
Belgium,2011,63.98981666666666
Belgium,2012,81.01278333333333
Belgium,2013,71.04927500000001
Belgium,2014,72.00676666666666
Belgium,2015,67.77618333333334
Belgium,2016,73.291975
Belize,1901,155.59268333333333
Belize,1902,136.07239166666668
Belize,1903,125.83361666666667
Belize,1904,149.70641666666668
Belize,1905,165.54706666666667
Belize,1906,148.57498333333334
Belize,1907,170.90644999999998
Belize,1908,146.69948333333335
Belize,1909,164.06370833333332
Belize,1910,168.834425
Belize,1911,158.745025
Belize,1912,178.54826833333334
Belize,1913,198.25039166666667
Belize,1914,193.43979166666668
Belize,1915,163.82443833333335
Belize,1916,228.3234666666667
Belize,1917,151.884575
Belize,1918,158.538375
Belize,1919,203.50094166666668
Belize,1920,155.06298999999999
Belize,1921,183.5243
Belize,1922,156.04731083333334
Belize,1923,98.0176675
Belize,1924,175.093125
Belize,1925,185.6235
Belize,1926,156.29555833333333
Belize,1927,192.32967416666668
Belize,1928,168.39827499999998
Belize,1929,182.56194583333334
Belize,1930,197.6294333333333
Belize,1931,191.24462583333334
Belize,1932,186.01781666666668
Belize,1933,165.427125
Belize,1934,152.68142500000002
Belize,1935,138.7497
Belize,1936,213.68765
Belize,1937,212.97226666666666
Belize,1938,153.15975833333334
Belize,1939,139.83149166666666
Belize,1940,184.26593333333335
Belize,1941,172.36397499999998
Belize,1942,195.2875
Belize,1943,159.98414166666666
Belize,1944,130.8527
Belize,1945,172.55331666666666
Belize,1946,139.0617
Belize,1947,170.52544166666667
Belize,1948,172.27049166666666
Belize,1949,111.52479166666666
Belize,1950,146.54135
Belize,1951,150.247125
Belize,1952,172.45085833333334
Belize,1953,150.87658166666665
Belize,1954,189.7438083333333
Belize,1955,184.53164
Belize,1956,180.43821583333332
Belize,1957,158.26240833333335
Belize,1958,169.02185
Belize,1959,155.6343
Belize,1960,190.03584999999998
Belize,1961,200.03661666666665
Belize,1962,158.673425
Belize,1963,150.17246666666668
Belize,1964,149.83440833333333
Belize,1965,160.20435
Belize,1966,185.65627500000002
Belize,1967,152.952075
Belize,1968,163.318375
Belize,1969,189.4988
Belize,1970,159.61199166666668
Belize,1971,141.67165833333334
Belize,1972,170.79715833333333
Belize,1973,159.01985
Belize,1974,153.97519166666666
Belize,1975,144.45675916666667
Belize,1976,176.57449
Belize,1977,170.63049166666667
Belize,1978,186.51542500000002
Belize,1979,215.96485833333335
Belize,1980,198.69301666666664
Belize,1981,183.95101666666667
Belize,1982,198.24398333333332
Belize,1983,175.26853333333335
Belize,1984,198.07286666666667
Belize,1985,159.40403333333333
Belize,1986,157.188115
Belize,1987,137.649975
Belize,1988,198.3718
Belize,1989,180.30449166666665
Belize,1990,193.19895
Belize,1991,162.97664166666667
Belize,1992,173.7238583333333
Belize,1993,193.20562500000003
Belize,1994,155.28005833333333
Belize,1995,186.71469166666665
Belize,1996,159.39275833333332
Belize,1997,174.96385833333332
Belize,1998,192.61626750000002
Belize,1999,168.22277499999998
Belize,2000,166.63064166666666
Belize,2001,172.28135833333332
Belize,2002,160.6084275
Belize,2003,147.80780000000001
Belize,2004,153.187025
Belize,2005,174.97867499999998
Belize,2006,224.55248333333336
Belize,2007,165.34298333333334
Belize,2008,179.66663333333335
Belize,2009,145.56925
Belize,2010,190.06725000000003
Belize,2011,178.01591666666664
Belize,2012,169.48835
Belize,2013,237.17748333333336
Belize,2014,176.73872500000002
Belize,2015,157.32138333333333
Belize,2016,166.10456666666667
Benin,1901,106.23542583333334
Benin,1902,80.3786875
Benin,1903,78.20179166666667
Benin,1904,73.31614083333334
Benin,1905,84.44486333333333
Benin,1906,84.72008166666667
Benin,1907,78.25311749999999
Benin,1908,86.91136166666666
Benin,1909,97.79747833333333
Benin,1910,94.29837500000001
Benin,1911,90.34470083333333
Benin,1912,64.91785166666666
Benin,1913,80.33114083333334
Benin,1914,73.7654825
Benin,1915,84.84445416666667
Benin,1916,86.22176833333333
Benin,1917,112.70000583333335
Benin,1918,81.74463083333333
Benin,1919,74.06463333333333
Benin,1920,73.9590125
Benin,1921,95.9957525
Benin,1922,88.36816416666666
Benin,1923,85.56849833333332
Benin,1924,95.87369916666667
Benin,1925,96.81006166666667
Benin,1926,85.22483083333334
Benin,1927,93.6092
Benin,1928,93.945875
Benin,1929,103.89793166666668
Benin,1930,91.18013833333333
Benin,1931,97.74356333333333
Benin,1932,79.49672166666666
Benin,1933,103.96651666666666
Benin,1934,101.49091833333334
Benin,1935,102.14424166666667
Benin,1936,83.87349666666667
Benin,1937,82.4619325
Benin,1938,79.49629666666667
Benin,1939,93.02658916666667
Benin,1940,92.59897000000001
Benin,1941,90.57205333333333
Benin,1942,74.33282666666666
Benin,1943,85.42285083333333
Benin,1944,86.34980666666667
Benin,1945,82.59225666666667
Benin,1946,76.76454833333334
Benin,1947,99.57788833333335
Benin,1948,83.70861166666667
Benin,1949,96.18973
Benin,1950,80.25400416666666
Benin,1951,104.45604916666667
Benin,1952,93.02337833333333
Benin,1953,104.84091916666667
Benin,1954,92.511955
Benin,1955,105.0593725
Benin,1956,82.16698166666667
Benin,1957,112.12543
Benin,1958,69.41287166666667
Benin,1959,96.352075
Benin,1960,102.28725916666667
Benin,1961,82.29443916666666
Benin,1962,109.35579666666666
Benin,1963,115.8246375
Benin,1964,90.22428333333333
Benin,1965,88.06988916666667
Benin,1966,88.8382325
Benin,1967,93.96253166666668
Benin,1968,111.61278333333333
Benin,1969,94.88377333333334
Benin,1970,87.83675
Benin,1971,82.53802166666667
Benin,1972,82.5251875
Benin,1973,81.14796083333333
Benin,1974,88.99089833333333
Benin,1975,89.98568166666666
Benin,1976,80.5004125
Benin,1977,71.131225
Benin,1978,91.21654916666667
Benin,1979,96.95190083333334
Benin,1980,85.31361583333333
Benin,1981,80.52574666666668
Benin,1982,75.10985916666667
Benin,1983,63.23123666666667
Benin,1984,78.94541083333333
Benin,1985,83.30122833333333
Benin,1986,79.00128916666667
Benin,1987,79.89869166666666
Benin,1988,96.92776833333333
Benin,1989,90.29806583333334
Benin,1990,76.85113750000001
Benin,1991,101.67017083333333
Benin,1992,79.81504583333333
Benin,1993,79.932085
Benin,1994,93.03820999999999
Benin,1995,94.6957125
Benin,1996,87.93306083333333
Benin,1997,86.05706166666666
Benin,1998,93.42780166666667
Benin,1999,97.99667749999999
Benin,2000,80.60402666666667
Benin,2001,69.88733833333333
Benin,2002,86.41205666666667
Benin,2003,100.94822416666666
Benin,2004,87.99862
Benin,2005,82.58577416666667
Benin,2006,82.61090083333333
Benin,2007,95.05582333333332
Benin,2008,100.22853583333334
Benin,2009,92.277045
Benin,2010,95.33666166666667
Benin,2011,77.06597666666666
Benin,2012,85.36120916666665
Benin,2013,78.85963916666667
Benin,2014,86.40662833333333
Benin,2015,75.74419
Benin,2016,78.97348083333333
Bhutan,1901,150.9171883333333
Bhutan,1902,152.98857583333333
Bhutan,1903,161.86183250000002
Bhutan,1904,158.230945
Bhutan,1905,179.60229083333334
Bhutan,1906,146.3017225
Bhutan,1907,136.8214025
Bhutan,1908,148.348285
Bhutan,1909,149.21842999999998
Bhutan,1910,166.2008675
Bhutan,1911,201.6650308333333
Bhutan,1912,156.82449083333333
Bhutan,1913,180.64753416666667
Bhutan,1914,157.02690166666667
Bhutan,1915,190.24073166666665
Bhutan,1916,150.96242166666667
Bhutan,1917,170.47075166666667
Bhutan,1918,171.3164725
Bhutan,1919,159.38647749999998
Bhutan,1920,142.379315
Bhutan,1921,177.87742333333333
Bhutan,1922,168.79192666666668
Bhutan,1923,143.65236583333333
Bhutan,1924,184.938135
Bhutan,1925,158.09297999999998
Bhutan,1926,136.59011166666667
Bhutan,1927,183.76685833333332
Bhutan,1928,146.65660416666665
Bhutan,1929,167.71570166666666
Bhutan,1930,155.17905666666667
Bhutan,1931,153.84258583333335
Bhutan,1932,152.63434166666667
Bhutan,1933,142.74300916666667
Bhutan,1934,198.586775
Bhutan,1935,140.59149666666667
Bhutan,1936,173.1856508333333
Bhutan,1937,145.0721775
Bhutan,1938,191.76576916666667
Bhutan,1939,148.51817333333335
Bhutan,1940,172.45451916666664
Bhutan,1941,158.10292666666666
Bhutan,1942,170.44843416666666
Bhutan,1943,163.62823583333332
Bhutan,1944,120.91724833333335
Bhutan,1945,167.06962833333333
Bhutan,1946,163.97073666666668
Bhutan,1947,177.3223866666667
Bhutan,1948,182.4257375
Bhutan,1949,164.97296166666666
Bhutan,1950,145.53037916666668
Bhutan,1951,174.96913166666664
Bhutan,1952,176.883825
Bhutan,1953,166.9061125
Bhutan,1954,160.35034249999998
Bhutan,1955,171.41916333333333
Bhutan,1956,155.7989075
Bhutan,1957,124.05586166666666
Bhutan,1958,135.48683083333333
Bhutan,1959,153.9629575
Bhutan,1960,144.6813116666667
Bhutan,1961,139.36050666666668
Bhutan,1962,173.56942416666666
Bhutan,1963,167.74873416666665
Bhutan,1964,146.22473333333332
Bhutan,1965,140.76397
Bhutan,1966,155.53193666666667
Bhutan,1967,128.10833749999998
Bhutan,1968,162.05788166666667
Bhutan,1969,144.41067666666666
Bhutan,1970,167.12866
Bhutan,1971,156.08103583333335
Bhutan,1972,128.67326833333334
Bhutan,1973,181.671095
Bhutan,1974,164.921525
Bhutan,1975,156.47347333333332
Bhutan,1976,139.66689833333334
Bhutan,1977,181.665855
Bhutan,1978,174.01400833333332
Bhutan,1979,151.45677750000002
Bhutan,1980,158.14494
Bhutan,1981,150.636835
Bhutan,1982,125.85728
Bhutan,1983,137.69722083333332
Bhutan,1984,182.23745
Bhutan,1985,165.72036833333334
Bhutan,1986,160.08476333333334
Bhutan,1987,160.989305
Bhutan,1988,180.43609416666666
Bhutan,1989,162.65661166666666
Bhutan,1990,167.75347916666666
Bhutan,1991,178.76318833333335
Bhutan,1992,148.95046499999998
Bhutan,1993,160.34513166666667
Bhutan,1994,132.87511666666666
Bhutan,1995,162.3219425
Bhutan,1996,152.26745833333334
Bhutan,1997,158.32425083333334
Bhutan,1998,173.17450250000002
Bhutan,1999,180.98351166666666
Bhutan,2000,171.5820325
Bhutan,2001,175.74907416666667
Bhutan,2002,155.24983916666667
Bhutan,2003,172.13148833333332
Bhutan,2004,157.05643916666668
Bhutan,2005,136.16947000000002
Bhutan,2006,147.95932583333334
Bhutan,2007,176.88914499999998
Bhutan,2008,171.38257833333333
Bhutan,2009,129.65217
Bhutan,2010,176.8087158333333
Bhutan,2011,166.52129833333333
Bhutan,2012,148.77588749999998
Bhutan,2013,167.781505
Bhutan,2014,152.1609
Bhutan,2015,144.10276583333334
Bhutan,2016,152.27977
Bolivia,1901,83.77481666666667
Bolivia,1902,91.307
Bolivia,1903,109.19953333333332
Bolivia,1904,85.49217499999999
Bolivia,1905,93.131425
Bolivia,1906,89.70730833333334
Bolivia,1907,90.29796666666668
Bolivia,1908,88.49805833333333
Bolivia,1909,85.602775
Bolivia,1910,86.49008333333335
Bolivia,1911,96.72459166666665
Bolivia,1912,95.716025
Bolivia,1913,92.10382499999999
Bolivia,1914,91.76424083333332
Bolivia,1915,94.9354
Bolivia,1916,82.18068333333333
Bolivia,1917,81.0346275
Bolivia,1918,103.68973333333334
Bolivia,1919,108.64698333333332
Bolivia,1920,99.56069166666667
Bolivia,1921,86.04629999999999
Bolivia,1922,95.80484333333334
Bolivia,1923,81.70401666666667
Bolivia,1924,73.83344666666666
Bolivia,1925,84.89693333333334
Bolivia,1926,83.63045000000001
Bolivia,1927,92.38336666666667
Bolivia,1928,97.20589166666666
Bolivia,1929,102.47616666666666
Bolivia,1930,105.58515833333333
Bolivia,1931,88.36209416666667
Bolivia,1932,99.42755
Bolivia,1933,81.57731666666666
Bolivia,1934,87.68225
Bolivia,1935,76.705
Bolivia,1936,85.82884166666666
Bolivia,1937,87.29224166666665
Bolivia,1938,78.61021666666666
Bolivia,1939,91.51889166666666
Bolivia,1940,77.82584916666667
Bolivia,1941,92.70334166666667
Bolivia,1942,92.99538
Bolivia,1943,87.19793083333333
Bolivia,1944,83.73332666666667
Bolivia,1945,98.38944166666666
Bolivia,1946,90.58196666666667
Bolivia,1947,89.11900833333334
Bolivia,1948,103.568925
Bolivia,1949,92.181
Bolivia,1950,87.98543333333333
Bolivia,1951,91.0295175
Bolivia,1952,85.46173333333333
Bolivia,1953,92.26166333333333
Bolivia,1954,90.44269416666667
Bolivia,1955,95.44071666666667
Bolivia,1956,89.0256
Bolivia,1957,98.44002499999999
Bolivia,1958,102.47930000000001
Bolivia,1959,93.06348333333334
Bolivia,1960,90.78056833333333
Bolivia,1961,83.30560666666666
Bolivia,1962,74.42295
Bolivia,1963,75.14574416666666
Bolivia,1964,85.60473333333334
Bolivia,1965,84.07404166666667
Bolivia,1966,80.28909166666666
Bolivia,1967,79.25692500000001
Bolivia,1968,86.23164166666668
Bolivia,1969,78.21328333333334
Bolivia,1970,83.64363916666666
Bolivia,1971,86.18168333333334
Bolivia,1972,92.20547499999999
Bolivia,1973,95.599925
Bolivia,1974,92.86784166666666
Bolivia,1975,95.28924166666667
Bolivia,1976,90.64689
Bolivia,1977,101.68894166666666
Bolivia,1978,99.75433166666666
Bolivia,1979,103.20003000000001
Bolivia,1980,98.69375833333334
Bolivia,1981,109.36838333333333
Bolivia,1982,114.50516666666665
Bolivia,1983,93.63249916666666
Bolivia,1984,112.90499166666666
Bolivia,1985,95.91840833333333
Bolivia,1986,95.39855833333333
Bolivia,1987,93.23715
Bolivia,1988,89.92306916666666
Bolivia,1989,81.94454166666667
Bolivia,1990,95.33268333333332
Bolivia,1991,92.93805083333332
Bolivia,1992,96.61369166666667
Bolivia,1993,91.049875
Bolivia,1994,90.14423333333333
Bolivia,1995,64.133725
Bolivia,1996,87.63122750000001
Bolivia,1997,96.78517916666665
Bolivia,1998,87.03784583333334
Bolivia,1999,90.95841
Bolivia,2000,94.82847499999998
Bolivia,2001,99.29675833333333
Bolivia,2002,89.39299999999999
Bolivia,2003,93.5958
Bolivia,2004,90.93455833333333
Bolivia,2005,84.58290833333334
Bolivia,2006,98.85554166666667
Bolivia,2007,91.00667833333334
Bolivia,2008,92.13567499999999
Bolivia,2009,101.28281666666668
Bolivia,2010,84.73303833333334
Bolivia,2011,94.74782499999999
Bolivia,2012,91.58955666666667
Bolivia,2013,96.27389083333333
Bolivia,2014,97.19260000000001
Bolivia,2015,93.16103333333332
Bolivia,2016,75.144575
Bosnia And Herzegovina,1901,95.28338333333333
Bosnia And Herzegovina,1902,97.65206666666666
Bosnia And Herzegovina,1903,84.81207500000001
Bosnia And Herzegovina,1904,78.64289166666667
Bosnia And Herzegovina,1905,93.34608333333334
Bosnia And Herzegovina,1906,94.4463
Bosnia And Herzegovina,1907,80.12785000000001
Bosnia And Herzegovina,1908,80.199725
Bosnia And Herzegovina,1909,98.87755833333334
Bosnia And Herzegovina,1910,115.13349166666666
Bosnia And Herzegovina,1911,79.52995833333334
Bosnia And Herzegovina,1912,95.48900833333333
Bosnia And Herzegovina,1913,92.34284166666667
Bosnia And Herzegovina,1914,91.22508333333333
Bosnia And Herzegovina,1915,135.46069166666666
Bosnia And Herzegovina,1916,97.74400833333334
Bosnia And Herzegovina,1917,83.08200000000001
Bosnia And Herzegovina,1918,75.74435833333334
Bosnia And Herzegovina,1919,104.69601666666667
Bosnia And Herzegovina,1920,76.70311666666667
Bosnia And Herzegovina,1921,73.53006666666667
Bosnia And Herzegovina,1922,96.08117499999999
Bosnia And Herzegovina,1923,98.07959999999999
Bosnia And Herzegovina,1924,90.373375
Bosnia And Herzegovina,1925,108.21626666666667
Bosnia And Herzegovina,1926,102.01941666666666
Bosnia And Herzegovina,1927,88.20609166666667
Bosnia And Herzegovina,1928,79.168075
Bosnia And Herzegovina,1929,87.04145833333332
Bosnia And Herzegovina,1930,90.27089166666667
Bosnia And Herzegovina,1931,85.73875833333334
Bosnia And Herzegovina,1932,85.89049166666666
Bosnia And Herzegovina,1933,93.6245
Bosnia And Herzegovina,1934,88.86363333333334
Bosnia And Herzegovina,1935,76.02455833333333
Bosnia And Herzegovina,1936,91.78795833333334
Bosnia And Herzegovina,1937,123.40109166666667
Bosnia And Herzegovina,1938,73.99666666666667
Bosnia And Herzegovina,1939,93.31292499999999
Bosnia And Herzegovina,1940,109.01903333333333
Bosnia And Herzegovina,1941,100.91854166666667
Bosnia And Herzegovina,1942,81.53539166666667
Bosnia And Herzegovina,1943,85.855975
Bosnia And Herzegovina,1944,95.36395
Bosnia And Herzegovina,1945,67.52830833333333
Bosnia And Herzegovina,1946,68.452825
Bosnia And Herzegovina,1947,71.95705
Bosnia And Herzegovina,1948,81.061045
Bosnia And Herzegovina,1949,76.80183333333333
Bosnia And Herzegovina,1950,76.61334166666667
Bosnia And Herzegovina,1951,89.87775833333335
Bosnia And Herzegovina,1952,90.00881666666668
Bosnia And Herzegovina,1953,71.76800833333333
Bosnia And Herzegovina,1954,88.838475
Bosnia And Herzegovina,1955,105.76989999999999
Bosnia And Herzegovina,1956,78.82978333333334
Bosnia And Herzegovina,1957,80.1121
Bosnia And Herzegovina,1958,83.79704166666666
Bosnia And Herzegovina,1959,98.83451666666667
Bosnia And Herzegovina,1960,96.222175
Bosnia And Herzegovina,1961,78.583475
Bosnia And Herzegovina,1962,85.55669999999999
Bosnia And Herzegovina,1963,92.15834166666667
Bosnia And Herzegovina,1964,100.68558333333334
Bosnia And Herzegovina,1965,90.85039333333333
Bosnia And Herzegovina,1966,100.74456666666667
Bosnia And Herzegovina,1967,84.84831666666666
Bosnia And Herzegovina,1968,89.88148333333334
Bosnia And Herzegovina,1969,101.0204575
Bosnia And Herzegovina,1970,97.57521666666666
Bosnia And Herzegovina,1971,70.14719166666667
Bosnia And Herzegovina,1972,89.53134166666666
Bosnia And Herzegovina,1973,74.81668333333333
Bosnia And Herzegovina,1974,99.78421666666667
Bosnia And Herzegovina,1975,77.33406666666666
Bosnia And Herzegovina,1976,98.76413333333333
Bosnia And Herzegovina,1977,88.73819166666665
Bosnia And Herzegovina,1978,94.69684166666667
Bosnia And Herzegovina,1979,94.73410833333332
Bosnia And Herzegovina,1980,96.99571666666667
Bosnia And Herzegovina,1981,94.01815833333335
Bosnia And Herzegovina,1982,80.02617500000001
Bosnia And Herzegovina,1983,66.190775
Bosnia And Herzegovina,1984,94.02503333333334
Bosnia And Herzegovina,1985,80.349025
Bosnia And Herzegovina,1986,84.50621666666667
Bosnia And Herzegovina,1987,86.47990833333334
Bosnia And Herzegovina,1988,79.09948333333334
Bosnia And Herzegovina,1989,78.46530083333333
Bosnia And Herzegovina,1990,67.67974166666667
Bosnia And Herzegovina,1991,94.66514166666667
Bosnia And Herzegovina,1992,78.21698333333333
Bosnia And Herzegovina,1993,80.75716666666666
Bosnia And Herzegovina,1994,77.25293333333333
Bosnia And Herzegovina,1995,101.00014416666666
Bosnia And Herzegovina,1996,102.49869166666667
Bosnia And Herzegovina,1997,80.91029166666667
Bosnia And Herzegovina,1998,89.53477500000001
Bosnia And Herzegovina,1999,104.55290000000001
Bosnia And Herzegovina,2000,68.59269166666667
Bosnia And Herzegovina,2001,93.31420000000001
Bosnia And Herzegovina,2002,96.1662
Bosnia And Herzegovina,2003,68.31673166666667
Bosnia And Herzegovina,2004,101.85795
Bosnia And Herzegovina,2005,103.10539999999999
Bosnia And Herzegovina,2006,80.354575
Bosnia And Herzegovina,2007,84.97309166666666
Bosnia And Herzegovina,2008,85.63706666666667
Bosnia And Herzegovina,2009,94.97946666666667
Bosnia And Herzegovina,2010,122.96607499999999
Bosnia And Herzegovina,2011,62.7327
Bosnia And Herzegovina,2012,80.242205
Bosnia And Herzegovina,2013,105.68109166666666
Bosnia And Herzegovina,2014,122.51541666666667
Bosnia And Herzegovina,2015,82.9666325
Bosnia And Herzegovina,2016,92.31212083333334
Botswana,1901,38.901915
Botswana,1902,30.105019166666665
Botswana,1903,26.0718375
Botswana,1904,33.04381166666666
Botswana,1905,24.424851666666665
Botswana,1906,37.1134125
Botswana,1907,39.540798333333335
Botswana,1908,29.1494225
Botswana,1909,43.717324166666664
Botswana,1910,35.62532083333333
Botswana,1911,32.12239833333333
Botswana,1912,28.184547499999997
Botswana,1913,25.307064999999998
Botswana,1914,32.581426666666665
Botswana,1915,34.594258333333336
Botswana,1916,25.7151525
Botswana,1917,33.386532499999994
Botswana,1918,43.149634166666665
Botswana,1919,33.9545625
Botswana,1920,34.3759825
Botswana,1921,43.084532499999995
Botswana,1922,21.149998333333333
Botswana,1923,40.17105416666667
Botswana,1924,32.37493333333333
Botswana,1925,46.339342499999994
Botswana,1926,29.83738083333333
Botswana,1927,26.5088725
Botswana,1928,31.897252499999997
Botswana,1929,32.29627583333333
Botswana,1930,30.366220833333333
Botswana,1931,28.335105
Botswana,1932,31.147414166666668
Botswana,1933,22.531065833333333
Botswana,1934,43.2383075
Botswana,1935,24.360500000000002
Botswana,1936,37.012234166666666
Botswana,1937,31.5272775
Botswana,1938,32.095571666666665
Botswana,1939,39.21498416666667
Botswana,1940,38.917431666666666
Botswana,1941,27.054090833333333
Botswana,1942,30.485531666666663
Botswana,1943,39.92414333333333
Botswana,1944,35.73073
Botswana,1945,25.620414166666666
Botswana,1946,35.068378333333335
Botswana,1947,26.842926666666667
Botswana,1948,38.727043333333334
Botswana,1949,29.2971725
Botswana,1950,36.2210325
Botswana,1951,32.8871825
Botswana,1952,32.773810833333336
Botswana,1953,38.623467500000004
Botswana,1954,39.274185833333334
Botswana,1955,49.5375
Botswana,1956,34.474545
Botswana,1957,33.31276166666667
Botswana,1958,42.85397666666666
Botswana,1959,27.473353333333336
Botswana,1960,29.955805833333333
Botswana,1961,37.321954999999996
Botswana,1962,30.09223916666667
Botswana,1963,37.23052833333333
Botswana,1964,19.727495
Botswana,1965,17.87429
Botswana,1966,36.465715833333334
Botswana,1967,44.039138333333334
Botswana,1968,34.289925
Botswana,1969,32.69168833333333
Botswana,1970,22.903087499999998
Botswana,1971,32.88984083333333
Botswana,1972,35.76895083333333
Botswana,1973,37.956275
Botswana,1974,55.01435833333333
Botswana,1975,38.31877
Botswana,1976,45.94499166666666
Botswana,1977,46.2686225
Botswana,1978,42.36682166666667
Botswana,1979,27.740124166666664
Botswana,1980,33.759301666666666
Botswana,1981,36.60807583333333
Botswana,1982,25.8026225
Botswana,1983,27.8824925
Botswana,1984,22.361805
Botswana,1985,25.725212499999998
Botswana,1986,29.579425
Botswana,1987,26.477050000000002
Botswana,1988,40.140185833333334
Botswana,1989,34.853434166666666
Botswana,1990,23.694043333333337
Botswana,1991,37.39461333333333
Botswana,1992,18.2851625
Botswana,1993,24.939140833333337
Botswana,1994,24.052194166666666
Botswana,1995,27.10296083333333
Botswana,1996,35.38632583333334
Botswana,1997,36.82291
Botswana,1998,30.346130833333333
Botswana,1999,28.068650833333333
Botswana,2000,40.337140833333336
Botswana,2001,36.2025225
Botswana,2002,26.95832333333333
Botswana,2003,26.1155775
Botswana,2004,36.70746166666667
Botswana,2005,28.262779166666665
Botswana,2006,39.4618925
Botswana,2007,25.606153333333335
Botswana,2008,33.575615
Botswana,2009,34.05855333333333
Botswana,2010,41.52318
Botswana,2011,44.269840833333326
Botswana,2012,27.123971666666666
Botswana,2013,30.45559
Botswana,2014,32.019534166666666
Botswana,2015,23.840293333333335
Botswana,2016,29.51066583333333
Brazil,1901,145.47806666666665
Brazil,1902,144.47103333333334
Brazil,1903,139.3392
Brazil,1904,139.12995
Brazil,1905,144.61323333333334
Brazil,1906,135.01648333333333
Brazil,1907,137.87054166666667
Brazil,1908,140.239475
Brazil,1909,140.285125
Brazil,1910,139.71698333333333
Brazil,1911,138.9136
Brazil,1912,146.63780833333334
Brazil,1913,144.01672499999998
Brazil,1914,135.58189166666668
Brazil,1915,122.87149166666666
Brazil,1916,144.87666666666667
Brazil,1917,147.018675
Brazil,1918,145.77766666666668
Brazil,1919,139.90455
Brazil,1920,146.47807500000002
Brazil,1921,149.8948
Brazil,1922,147.45693333333335
Brazil,1923,142.01735833333333
Brazil,1924,163.9135
Brazil,1925,140.0338583333333
Brazil,1926,146.83363333333332
Brazil,1927,142.626225
Brazil,1928,143.94175833333335
Brazil,1929,151.383525
Brazil,1930,135.532425
Brazil,1931,139.21564166666667
Brazil,1932,129.9281083333333
Brazil,1933,139.70214166666668
Brazil,1934,149.95714166666667
Brazil,1935,147.58006666666668
Brazil,1936,133.19977500000002
Brazil,1937,147.24494166666668
Brazil,1938,137.33280833333333
Brazil,1939,142.45225
Brazil,1940,147.05430833333332
Brazil,1941,138.596625
Brazil,1942,139.68260833333332
Brazil,1943,145.14998333333332
Brazil,1944,141.26719166666666
Brazil,1945,156.7502
Brazil,1946,137.24480833333334
Brazil,1947,158.699825
Brazil,1948,147.7220166666667
Brazil,1949,146.54225833333334
Brazil,1950,147.65265
Brazil,1951,133.997375
Brazil,1952,139.67041666666668
Brazil,1953,144.34153333333333
Brazil,1954,139.52824999999999
Brazil,1955,146.8082
Brazil,1956,156.17480833333332
Brazil,1957,145.78900833333333
Brazil,1958,140.441825
Brazil,1959,141.08608333333333
Brazil,1960,143.37245
Brazil,1961,136.97706666666667
Brazil,1962,142.25261666666668
Brazil,1963,132.64484166666668
Brazil,1964,156.49863333333334
Brazil,1965,147.16165
Brazil,1966,142.92283333333333
Brazil,1967,140.16836666666669
Brazil,1968,143.705175
Brazil,1969,138.4429
Brazil,1970,144.61129166666666
Brazil,1971,147.30628333333334
Brazil,1972,149.84431666666669
Brazil,1973,161.49893333333333
Brazil,1974,163.031725
Brazil,1975,155.82141666666666
Brazil,1976,147.51485
Brazil,1977,150.4942333333333
Brazil,1978,150.08283333333333
Brazil,1979,152.243325
Brazil,1980,146.20969166666666
Brazil,1981,138.9917
Brazil,1982,146.37548333333334
Brazil,1983,140.86235000000002
Brazil,1984,147.10176666666666
Brazil,1985,161.13701666666665
Brazil,1986,143.52325
Brazil,1987,134.993325
Brazil,1988,146.41505833333335
Brazil,1989,164.711125
Brazil,1990,137.76430000000002
Brazil,1991,138.70655833333333
Brazil,1992,140.126825
Brazil,1993,140.97544166666668
Brazil,1994,153.16038333333333
Brazil,1995,149.25300000000001
Brazil,1996,151.01065
Brazil,1997,150.37511666666668
Brazil,1998,144.45538333333334
Brazil,1999,148.77973333333333
Brazil,2000,161.47489166666665
Brazil,2001,148.09505833333333
Brazil,2002,151.55016666666668
Brazil,2003,140.99233333333333
Brazil,2004,150.08195833333335
Brazil,2005,151.113825
Brazil,2006,154.832125
Brazil,2007,141.59336666666667
Brazil,2008,158.02975
Brazil,2009,163.682775
Brazil,2010,147.04505833333334
Brazil,2011,155.19681666666665
Brazil,2012,138.04145
Brazil,2013,147.72673333333333
Brazil,2014,145.81207500000002
Brazil,2015,132.25716666666668
Brazil,2016,135.56610833333335
Brunei,1901,263.47975
Brunei,1902,323.0305
Brunei,1903,216.242
Brunei,1904,259.91658333333334
Brunei,1905,188.94867499999998
Brunei,1906,208.00391666666667
Brunei,1907,248.7904166666667
Brunei,1908,296.64708333333334
Brunei,1909,262.62833333333333
Brunei,1910,345.569
Brunei,1911,231.39499999999998
Brunei,1912,195.79340833333333
Brunei,1913,267.3425833333333
Brunei,1914,182.01679166666668
Brunei,1915,249.87464999999997
Brunei,1916,311.50741666666664
Brunei,1917,308.44041666666664
Brunei,1918,295.151
Brunei,1919,247.831275
Brunei,1920,257.59816666666666
Brunei,1921,288.04975
Brunei,1922,274.33858333333336
Brunei,1923,275.7803333333333
Brunei,1924,319.12283333333335
Brunei,1925,313.42883333333333
Brunei,1926,267.449075
Brunei,1927,319.14608333333337
Brunei,1928,307.8478333333333
Brunei,1929,295.4981666666667
Brunei,1930,259.25435
Brunei,1931,279.3845166666667
Brunei,1932,365.79825
Brunei,1933,335.99708333333336
Brunei,1934,347.117
Brunei,1935,306.34116666666665
Brunei,1936,293.42141666666663
Brunei,1937,325.944
Brunei,1938,317.6612
Brunei,1939,300.86
Brunei,1940,243.19174999999998
Brunei,1941,225.40065
Brunei,1942,274.6580666666667
Brunei,1943,258.08704166666666
Brunei,1944,252.2565
Brunei,1945,321.17325
Brunei,1946,232.17256666666665
Brunei,1947,289.72176666666667
Brunei,1948,252.40324999999999
Brunei,1949,308.54900000000004
Brunei,1950,255.648
Brunei,1951,264.51208333333335
Brunei,1952,292.70675
Brunei,1953,261.11075
Brunei,1954,309.30225
Brunei,1955,303.6119166666667
Brunei,1956,306.5461666666667
Brunei,1957,258.2449166666667
Brunei,1958,248.95365
Brunei,1959,281.75873333333334
Brunei,1960,266.86991666666665
Brunei,1961,225.72358333333332
Brunei,1962,298.05333333333334
Brunei,1963,262.28322499999996
Brunei,1964,240.817
Brunei,1965,292.5083333333333
Brunei,1966,287.1168333333333
Brunei,1967,264.79408333333333
Brunei,1968,242.4763
Brunei,1969,249.69768333333332
Brunei,1970,259.0228666666667
Brunei,1971,265.32216666666665
Brunei,1972,219.6480916666667
Brunei,1973,288.332375
Brunei,1974,282.68283333333335
Brunei,1975,265.47656666666666
Brunei,1976,241.14848333333336
Brunei,1977,272.0876666666667
Brunei,1978,208.67614166666667
Brunei,1979,280.7323333333333
Brunei,1980,281.3580416666667
Brunei,1981,295.8043416666667
Brunei,1982,235.41825000000003
Brunei,1983,260.783475
Brunei,1984,320.9285
Brunei,1985,263.32259166666665
Brunei,1986,272.85825
Brunei,1987,226.6916
Brunei,1988,333.90291666666667
Brunei,1989,244.1825
Brunei,1990,214.30601666666666
Brunei,1991,212.01584166666666
Brunei,1992,207.35559999999998
Brunei,1993,235.43478333333334
Brunei,1994,239.24508333333333
Brunei,1995,286.76383333333337
Brunei,1996,299.65925
Brunei,1997,236.5788083333333
Brunei,1998,246.532325
Brunei,1999,320.84808333333336
Brunei,2000,306.797325
Brunei,2001,285.73975
Brunei,2002,235.718225
Brunei,2003,260.3586166666667
Brunei,2004,235.9500833333333
Brunei,2005,277.32955833333335
Brunei,2006,298.54275
Brunei,2007,303.39958333333334
Brunei,2008,342.0233333333333
Brunei,2009,294.9264166666667
Brunei,2010,338.38860833333337
Brunei,2011,321.11066666666665
Brunei,2012,283.7749166666667
Brunei,2013,293.0018333333333
Brunei,2014,264.15708333333333
Brunei,2015,243.54854166666667
Brunei,2016,218.44691666666665
Bulgaria,1901,60.555733333333336
Bulgaria,1902,47.147983333333336
Bulgaria,1903,42.51629833333333
Bulgaria,1904,40.652258333333336
Bulgaria,1905,48.87055833333333
Bulgaria,1906,53.70359166666666
Bulgaria,1907,36.66589333333334
Bulgaria,1908,43.589949999999995
Bulgaria,1909,52.881400000000006
Bulgaria,1910,50.441325
Bulgaria,1911,45.959466666666664
Bulgaria,1912,60.260175000000004
Bulgaria,1913,45.60180166666667
Bulgaria,1914,58.74737416666667
Bulgaria,1915,64.83981666666666
Bulgaria,1916,47.35656666666667
Bulgaria,1917,49.942145833333335
Bulgaria,1918,51.507758333333335
Bulgaria,1919,65.5857
Bulgaria,1920,53.96030833333333
Bulgaria,1921,45.271966666666664
Bulgaria,1922,50.10373333333334
Bulgaria,1923,50.82745833333333
Bulgaria,1924,51.1386
Bulgaria,1925,56.24838333333333
Bulgaria,1926,41.666066666666666
Bulgaria,1927,51.141124999999995
Bulgaria,1928,47.93356666666667
Bulgaria,1929,54.745125
Bulgaria,1930,49.10519166666666
Bulgaria,1931,57.690875
Bulgaria,1932,37.20055
Bulgaria,1933,56.768708333333336
Bulgaria,1934,40.7726175
Bulgaria,1935,48.74065833333333
Bulgaria,1936,53.88743333333333
Bulgaria,1937,63.277741666666664
Bulgaria,1938,46.890966666666664
Bulgaria,1939,56.9239
Bulgaria,1940,67.37455
Bulgaria,1941,58.31903333333333
Bulgaria,1942,47.925958333333334
Bulgaria,1943,47.78872583333333
Bulgaria,1944,60.889916666666664
Bulgaria,1945,35.257710833333334
Bulgaria,1946,45.442499999999995
Bulgaria,1947,46.313224999999996
Bulgaria,1948,38.55213333333334
Bulgaria,1949,47.5143325
Bulgaria,1950,38.431915833333335
Bulgaria,1951,49.26145833333334
Bulgaria,1952,51.698730000000005
Bulgaria,1953,44.79210333333333
Bulgaria,1954,60.555933333333336
Bulgaria,1955,66.111025
Bulgaria,1956,58.41196666666667
Bulgaria,1957,56.81258333333333
Bulgaria,1958,41.5037
Bulgaria,1959,52.61562583333333
Bulgaria,1960,60.18185833333333
Bulgaria,1961,50.50131666666667
Bulgaria,1962,51.03664166666667
Bulgaria,1963,53.53624166666666
Bulgaria,1964,50.08111666666667
Bulgaria,1965,44.05240083333334
Bulgaria,1966,65.98225000000001
Bulgaria,1967,45.72904166666667
Bulgaria,1968,47.949463333333334
Bulgaria,1969,55.0417525
Bulgaria,1970,52.94441
Bulgaria,1971,59.56486666666667
Bulgaria,1972,52.32174916666667
Bulgaria,1973,52.83586666666667
Bulgaria,1974,47.521224999999994
Bulgaria,1975,57.72582416666666
Bulgaria,1976,52.57183333333333
Bulgaria,1977,49.06
Bulgaria,1978,55.115125000000006
Bulgaria,1979,60.85805833333333
Bulgaria,1980,57.08846666666667
Bulgaria,1981,52.059599999999996
Bulgaria,1982,46.17585833333334
Bulgaria,1983,45.957
Bulgaria,1984,47.689575
Bulgaria,1985,37.067658333333334
Bulgaria,1986,41.6398
Bulgaria,1987,51.93569166666666
Bulgaria,1988,47.093064166666665
Bulgaria,1989,42.294666666666664
Bulgaria,1990,39.17107333333333
Bulgaria,1991,53.068625
Bulgaria,1992,40.52872583333333
Bulgaria,1993,39.62128333333333
Bulgaria,1994,45.270312499999996
Bulgaria,1995,62.45023333333333
Bulgaria,1996,49.89293333333333
Bulgaria,1997,55.909009166666664
Bulgaria,1998,59.0745
Bulgaria,1999,54.29645
Bulgaria,2000,33.70818333333333
Bulgaria,2001,44.448298333333334
Bulgaria,2002,56.326474999999995
Bulgaria,2003,49.84321666666667
Bulgaria,2004,50.037058333333334
Bulgaria,2005,66.46365
Bulgaria,2006,54.732283333333335
Bulgaria,2007,56.806845
Bulgaria,2008,40.352336666666666
Bulgaria,2009,58.6992
Bulgaria,2010,63.45145
Bulgaria,2011,41.240073333333335
Bulgaria,2012,52.025325
Bulgaria,2013,48.604593333333334
Bulgaria,2014,76.90214166666667
Bulgaria,2015,59.785914999999996
Bulgaria,2016,55.907900000000005
Burkina Faso,1901,70.30411666666667
Burkina Faso,1902,70.32376333333333
Burkina Faso,1903,65.0342475
Burkina Faso,1904,69.0933725
Burkina Faso,1905,67.06882
Burkina Faso,1906,78.71650166666666
Burkina Faso,1907,57.39011083333333
Burkina Faso,1908,66.84376833333333
Burkina Faso,1909,85.2946825
Burkina Faso,1910,66.05137083333334
Burkina Faso,1911,65.6803375
Burkina Faso,1912,58.74658
Burkina Faso,1913,61.56382
Burkina Faso,1914,58.3825675
Burkina Faso,1915,65.40664833333334
Burkina Faso,1916,65.74297583333333
Burkina Faso,1917,66.39977333333333
Burkina Faso,1918,74.9189975
Burkina Faso,1919,65.35426166666666
Burkina Faso,1920,65.75553083333334
Burkina Faso,1921,59.538275
Burkina Faso,1922,77.50167083333334
Burkina Faso,1923,67.68200083333333
Burkina Faso,1924,74.9633575
Burkina Faso,1925,74.05971916666667
Burkina Faso,1926,57.73156916666667
Burkina Faso,1927,77.14243
Burkina Faso,1928,75.05878750000001
Burkina Faso,1929,75.79353583333334
Burkina Faso,1930,73.49923583333333
Burkina Faso,1931,72.624775
Burkina Faso,1932,70.34135333333333
Burkina Faso,1933,77.40320833333334
Burkina Faso,1934,67.89133583333333
Burkina Faso,1935,82.280715
Burkina Faso,1936,77.33491916666667
Burkina Faso,1937,66.52849666666667
Burkina Faso,1938,71.02390333333334
Burkina Faso,1939,76.02615333333334
Burkina Faso,1940,69.38564416666667
Burkina Faso,1941,66.1799925
Burkina Faso,1942,68.04147166666667
Burkina Faso,1943,78.71677833333332
Burkina Faso,1944,61.91958083333333
Burkina Faso,1945,75.0142475
Burkina Faso,1946,70.57167583333333
Burkina Faso,1947,59.6864
Burkina Faso,1948,65.88544083333333
Burkina Faso,1949,66.51895166666667
Burkina Faso,1950,74.7143425
Burkina Faso,1951,82.0209825
Burkina Faso,1952,82.0758475
Burkina Faso,1953,76.90079916666666
Burkina Faso,1954,76.27419916666666
Burkina Faso,1955,78.24140833333333
Burkina Faso,1956,73.54758416666667
Burkina Faso,1957,80.61225
Burkina Faso,1958,73.5198175
Burkina Faso,1959,68.9813125
Burkina Faso,1960,72.0513275
Burkina Faso,1961,69.40433083333333
Burkina Faso,1962,77.33948416666667
Burkina Faso,1963,77.97525083333333
Burkina Faso,1964,79.70553083333333
Burkina Faso,1965,72.76501833333334
Burkina Faso,1966,70.44218416666666
Burkina Faso,1967,68.30998583333333
Burkina Faso,1968,76.00479833333334
Burkina Faso,1969,73.9291225
Burkina Faso,1970,64.51421083333334
Burkina Faso,1971,62.16475666666667
Burkina Faso,1972,61.485254999999995
Burkina Faso,1973,57.861984166666666
Burkina Faso,1974,67.80707583333334
Burkina Faso,1975,64.9331525
Burkina Faso,1976,67.54415999999999
Burkina Faso,1977,59.708798333333334
Burkina Faso,1978,66.15194583333333
Burkina Faso,1979,66.41808916666666
Burkina Faso,1980,62.22111916666666
Burkina Faso,1981,61.27006083333333
Burkina Faso,1982,59.876235
Burkina Faso,1983,50.58151916666666
Burkina Faso,1984,49.69439916666666
Burkina Faso,1985,57.58872083333333
Burkina Faso,1986,62.44841416666667
Burkina Faso,1987,54.667007500000004
Burkina Faso,1988,66.86107500000001
Burkina Faso,1989,63.042032500000005
Burkina Faso,1990,54.34410333333333
Burkina Faso,1991,70.24888833333334
Burkina Faso,1992,63.05660583333333
Burkina Faso,1993,59.43418416666666
Burkina Faso,1994,78.48905833333333
Burkina Faso,1995,62.963255
Burkina Faso,1996,63.995360833333336
Burkina Faso,1997,59.98920583333333
Burkina Faso,1998,67.89917
Burkina Faso,1999,70.53785666666666
Burkina Faso,2000,59.23299083333333
Burkina Faso,2001,59.857329166666666
Burkina Faso,2002,56.402415
Burkina Faso,2003,76.49124583333334
Burkina Faso,2004,60.582528333333336
Burkina Faso,2005,66.50262333333333
Burkina Faso,2006,64.823485
Burkina Faso,2007,70.9887575
Burkina Faso,2008,68.0464475
Burkina Faso,2009,71.12757666666667
Burkina Faso,2010,71.9960025
Burkina Faso,2011,59.92545749999999
Burkina Faso,2012,74.43016416666667
Burkina Faso,2013,65.22879666666667
Burkina Faso,2014,70.3819975
Burkina Faso,2015,64.47801583333333
Burkina Faso,2016,73.9776275
Burundi,1901,59.11721333333333
Burundi,1902,62.16130666666667
Burundi,1903,114.76346000000001
Burundi,1904,87.37318583333332
Burundi,1905,100.2902325
Burundi,1906,87.60730833333334
Burundi,1907,87.88582166666667
Burundi,1908,90.72210166666667
Burundi,1909,74.40747833333333
Burundi,1910,83.0135025
Burundi,1911,80.50408333333333
Burundi,1912,113.52618416666667
Burundi,1913,82.79138833333333
Burundi,1914,81.0544325
Burundi,1915,97.09854666666666
Burundi,1916,88.87582083333332
Burundi,1917,90.81450000000001
Burundi,1918,80.781175
Burundi,1919,93.5664125
Burundi,1920,98.19425333333334
Burundi,1921,72.51524500000001
Burundi,1922,76.9832075
Burundi,1923,101.904335
Burundi,1924,86.14203416666668
Burundi,1925,109.14319166666667
Burundi,1926,102.86048249999999
Burundi,1927,96.30367583333333
Burundi,1928,78.85582916666667
Burundi,1929,95.32235916666667
Burundi,1930,117.42465
Burundi,1931,99.31008166666668
Burundi,1932,102.68860416666666
Burundi,1933,91.44285833333333
Burundi,1934,90.33871333333333
Burundi,1935,94.87448416666666
Burundi,1936,108.06135583333332
Burundi,1937,125.1798625
Burundi,1938,89.2821525
Burundi,1939,95.62868583333334
Burundi,1940,101.40293750000001
Burundi,1941,112.78348749999999
Burundi,1942,99.42007166666667
Burundi,1943,85.9831075
Burundi,1944,101.08171666666665
Burundi,1945,94.401395
Burundi,1946,104.33413416666667
Burundi,1947,105.49960083333333
Burundi,1948,91.10733499999999
Burundi,1949,91.41570916666666
Burundi,1950,102.81771250000001
Burundi,1951,115.45344
Burundi,1952,87.42676999999999
Burundi,1953,102.97546083333333
Burundi,1954,89.52304500000001
Burundi,1955,98.77613000000001
Burundi,1956,98.11024166666665
Burundi,1957,107.0431975
Burundi,1958,90.69312000000001
Burundi,1959,97.9574975
Burundi,1960,91.80439583333333
Burundi,1961,109.54011416666667
Burundi,1962,117.09256833333332
Burundi,1963,126.90182416666666
Burundi,1964,101.45664166666667
Burundi,1965,100.27321083333334
Burundi,1966,103.97178833333334
Burundi,1967,112.71554916666666
Burundi,1968,113.47319
Burundi,1969,95.28139750000001
Burundi,1970,109.07954666666666
Burundi,1971,110.89404416666667
Burundi,1972,106.63175083333333
Burundi,1973,97.85535083333333
Burundi,1974,100.984105
Burundi,1975,100.74102333333333
Burundi,1976,91.06388166666666
Burundi,1977,114.754975
Burundi,1978,112.54693250000001
Burundi,1979,109.20909999999999
Burundi,1980,101.4008225
Burundi,1981,109.31214583333333
Burundi,1982,119.65897416666667
Burundi,1983,101.08478333333333
Burundi,1984,88.18002833333333
Burundi,1985,102.11822000000001
Burundi,1986,102.69698083333333
Burundi,1987,99.90056083333333
Burundi,1988,107.44451250000002
Burundi,1989,102.58114083333334
Burundi,1990,103.69233916666667
Burundi,1991,102.48133
Burundi,1992,95.08437916666666
Burundi,1993,88.11564333333332
Burundi,1994,102.41981416666665
Burundi,1995,98.10033083333333
Burundi,1996,90.60414833333334
Burundi,1997,111.38656583333334
Burundi,1998,108.70754666666666
Burundi,1999,99.33849500000001
Burundi,2000,90.68047583333333
Burundi,2001,115.00034166666666
Burundi,2002,105.18852
Burundi,2003,106.53344833333334
Burundi,2004,94.11033166666668
Burundi,2005,89.67007416666667
Burundi,2006,113.1528425
Burundi,2007,108.49751916666668
Burundi,2008,99.70508916666667
Burundi,2009,103.75915583333334
Burundi,2010,105.952705
Burundi,2011,132.26104999999998
Burundi,2012,77.996465
Burundi,2013,108.3182575
Burundi,2014,104.09995500000001
Burundi,2015,108.39914083333333
Burundi,2016,120.43352499999999
Cambodia,1901,153.46114916666667
Cambodia,1902,141.75009
Cambodia,1903,150.7049175
Cambodia,1904,153.3400475
Cambodia,1905,158.84063416666666
Cambodia,1906,146.49457083333334
Cambodia,1907,145.06457166666667
Cambodia,1908,179.596
Cambodia,1909,168.13950833333334
Cambodia,1910,179.84786666666665
Cambodia,1911,121.3599825
Cambodia,1912,159.36352
Cambodia,1913,140.85476
Cambodia,1914,143.16244166666667
Cambodia,1915,161.84102166666665
Cambodia,1916,153.38434666666666
Cambodia,1917,186.87789166666667
Cambodia,1918,139.17659333333333
Cambodia,1919,126.89219500000002
Cambodia,1920,140.16835583333332
Cambodia,1921,135.18586333333334
Cambodia,1922,120.35365
Cambodia,1923,174.08988583333334
Cambodia,1924,148.82912083333335
Cambodia,1925,151.6183975
Cambodia,1926,162.0507
Cambodia,1927,128.60536666666667
Cambodia,1928,124.8823925
Cambodia,1929,139.85175
Cambodia,1930,133.00668333333334
Cambodia,1931,133.03897083333334
Cambodia,1932,132.40048
Cambodia,1933,130.33092833333333
Cambodia,1934,138.46883833333334
Cambodia,1935,146.50833083333333
Cambodia,1936,123.75175833333333
Cambodia,1937,126.96966666666667
Cambodia,1938,155.62542166666665
Cambodia,1939,151.39906833333333
Cambodia,1940,125.00486916666667
Cambodia,1941,168.64340833333333
Cambodia,1942,167.01398333333333
Cambodia,1943,142.56781
Cambodia,1944,161.41281416666666
Cambodia,1945,175.03903333333332
Cambodia,1946,156.6272325
Cambodia,1947,147.65353666666667
Cambodia,1948,157.2202875
Cambodia,1949,163.23225583333334
Cambodia,1950,161.31646666666666
Cambodia,1951,178.23387083333333
Cambodia,1952,167.47333083333334
Cambodia,1953,157.39943916666667
Cambodia,1954,136.27584916666666
Cambodia,1955,157.06880333333334
Cambodia,1956,164.62167333333335
Cambodia,1957,155.09402500000002
Cambodia,1958,148.28673
Cambodia,1959,136.53121416666667
Cambodia,1960,172.01882750000001
Cambodia,1961,186.08538333333334
Cambodia,1962,145.10804666666667
Cambodia,1963,168.5690725
Cambodia,1964,154.52529666666666
Cambodia,1965,142.832935
Cambodia,1966,171.35475333333332
Cambodia,1967,134.31006166666666
Cambodia,1968,134.3127375
Cambodia,1969,161.527725
Cambodia,1970,164.69086666666666
Cambodia,1971,142.2670175
Cambodia,1972,172.6892
Cambodia,1973,129.3224825
Cambodia,1974,172.894825
Cambodia,1975,163.18690833333332
Cambodia,1976,159.84867583333332
Cambodia,1977,125.4576275
Cambodia,1978,161.85540083333333
Cambodia,1979,152.90759666666665
Cambodia,1980,168.62566
Cambodia,1981,147.7287525
Cambodia,1982,148.49318333333335
Cambodia,1983,179.34351166666667
Cambodia,1984,172.53868833333334
Cambodia,1985,159.25144083333333
Cambodia,1986,164.17503333333335
Cambodia,1987,143.47926916666668
Cambodia,1988,171.78912916666664
Cambodia,1989,140.00471833333333
Cambodia,1990,164.97653
Cambodia,1991,140.1022225
Cambodia,1992,133.73491416666667
Cambodia,1993,118.60868749999999
Cambodia,1994,177.80705250000003
Cambodia,1995,155.71764583333334
Cambodia,1996,162.70761833333333
Cambodia,1997,133.41669166666665
Cambodia,1998,156.18447916666665
Cambodia,1999,171.57793333333333
Cambodia,2000,177.63329166666665
Cambodia,2001,168.45733916666669
Cambodia,2002,158.04304833333333
Cambodia,2003,145.87903916666667
Cambodia,2004,140.76430166666668
Cambodia,2005,146.8394066666667
Cambodia,2006,172.66402916666667
Cambodia,2007,204.55477916666666
Cambodia,2008,144.63806666666667
Cambodia,2009,157.47378333333333
Cambodia,2010,144.16184166666667
Cambodia,2011,187.73012333333335
Cambodia,2012,166.89967583333333
Cambodia,2013,176.2082
Cambodia,2014,156.72685833333333
Cambodia,2015,131.70164416666668
Cambodia,2016,146.10578583333333
Cameroon,1901,138.90353333333334
Cameroon,1902,143.587775
Cameroon,1903,136.92952499999998
Cameroon,1904,132.12646666666666
Cameroon,1905,143.03013333333334
Cameroon,1906,141.08746666666667
Cameroon,1907,119.6123
Cameroon,1908,136.29081666666667
Cameroon,1909,145.07049166666667
Cameroon,1910,130.15705833333334
Cameroon,1911,129.651575
Cameroon,1912,129.86929166666667
Cameroon,1913,126.3004375
Cameroon,1914,129.973125
Cameroon,1915,135.533075
Cameroon,1916,151.90906666666666
Cameroon,1917,130.217825
Cameroon,1918,150.443125
Cameroon,1919,134.8296
Cameroon,1920,135.73906666666667
Cameroon,1921,130.69321666666667
Cameroon,1922,145.20747500000002
Cameroon,1923,147.77609166666667
Cameroon,1924,136.04575
Cameroon,1925,144.1797125
Cameroon,1926,132.21639166666668
Cameroon,1927,138.60736666666665
Cameroon,1928,145.92875
Cameroon,1929,138.55353333333332
Cameroon,1930,131.95653333333334
Cameroon,1931,133.21716666666666
Cameroon,1932,126.115275
Cameroon,1933,143.46918333333335
Cameroon,1934,133.67374166666667
Cameroon,1935,139.50139166666665
Cameroon,1936,137.21734083333334
Cameroon,1937,122.0410825
Cameroon,1938,130.60581666666667
Cameroon,1939,134.965875
Cameroon,1940,129.76649166666667
Cameroon,1941,127.61146333333333
Cameroon,1942,134.57344166666667
Cameroon,1943,131.954175
Cameroon,1944,135.75566916666668
Cameroon,1945,126.60871666666667
Cameroon,1946,124.850175
Cameroon,1947,129.34675833333333
Cameroon,1948,137.51033333333334
Cameroon,1949,138.91091583333335
Cameroon,1950,134.903975
Cameroon,1951,140.46336916666667
Cameroon,1952,143.30640833333334
Cameroon,1953,132.85150833333333
Cameroon,1954,148.71169166666667
Cameroon,1955,146.19745
Cameroon,1956,143.2512
Cameroon,1957,148.27939166666667
Cameroon,1958,127.55481666666667
Cameroon,1959,136.847125
Cameroon,1960,147.75559166666667
Cameroon,1961,124.47998
Cameroon,1962,150.072795
Cameroon,1963,135.30265833333334
Cameroon,1964,142.71473333333333
Cameroon,1965,135.722375
Cameroon,1966,146.43985833333332
Cameroon,1967,135.5095025
Cameroon,1968,135.354225
Cameroon,1969,152.86695
Cameroon,1970,134.910215
Cameroon,1971,135.297505
Cameroon,1972,127.839975
Cameroon,1973,129.73069166666667
Cameroon,1974,137.394475
Cameroon,1975,135.15283333333335
Cameroon,1976,136.0247
Cameroon,1977,120.32188333333333
Cameroon,1978,141.25908833333332
Cameroon,1979,131.23510916666666
Cameroon,1980,136.98425333333333
Cameroon,1981,129.10346166666668
Cameroon,1982,134.85803333333334
Cameroon,1983,109.15943750000001
Cameroon,1984,127.20575833333334
Cameroon,1985,138.8017225
Cameroon,1986,120.91194
Cameroon,1987,119.98156083333333
Cameroon,1988,135.42420833333333
Cameroon,1989,126.67615833333333
Cameroon,1990,135.49303333333333
Cameroon,1991,127.4769025
Cameroon,1992,128.28276250000002
Cameroon,1993,135.41001666666668
Cameroon,1994,131.20003749999998
Cameroon,1995,127.1516175
Cameroon,1996,136.40515
Cameroon,1997,141.31558166666667
Cameroon,1998,128.74972499999998
Cameroon,1999,137.64423666666667
Cameroon,2000,131.5459933333333
Cameroon,2001,144.28294833333334
Cameroon,2002,140.02589833333334
Cameroon,2003,136.44591666666665
Cameroon,2004,128.60251666666667
Cameroon,2005,119.48020666666666
Cameroon,2006,133.4237
Cameroon,2007,152.71214166666667
Cameroon,2008,131.5904833333333
Cameroon,2009,119.92902416666665
Cameroon,2010,131.34826666666666
Cameroon,2011,114.82523333333334
Cameroon,2012,134.08856666666665
Cameroon,2013,126.06060000000001
Cameroon,2014,126.03186166666667
Cameroon,2015,112.42377416666666
Cameroon,2016,142.93796916666665
Canada,1901,36.755008333333336
Canada,1902,38.403016666666666
Canada,1903,37.23141666666667
Canada,1904,36.65825
Canada,1905,36.98106666666667
Canada,1906,36.979166666666664
Canada,1907,36.04875
Canada,1908,36.09595
Canada,1909,37.50506666666667
Canada,1910,36.74704166666667
Canada,1911,36.48818333333333
Canada,1912,35.4421
Canada,1913,36.534016666666666
Canada,1914,34.739925
Canada,1915,34.6294
Canada,1916,35.46785833333333
Canada,1917,35.09365833333333
Canada,1918,36.13500833333333
Canada,1919,35.444449999999996
Canada,1920,34.8216
Canada,1921,35.82873333333333
Canada,1922,33.53243333333334
Canada,1923,34.617825
Canada,1924,34.346375
Canada,1925,35.204975
Canada,1926,34.77104166666667
Canada,1927,35.570591666666665
Canada,1928,32.494225
Canada,1929,33.66696666666667
Canada,1930,35.85698333333333
Canada,1931,35.802875
Canada,1932,39.113908333333335
Canada,1933,37.85445833333333
Canada,1934,36.7166
Canada,1935,36.55121666666667
Canada,1936,36.738841666666666
Canada,1937,36.87815
Canada,1938,35.77950833333333
Canada,1939,39.45471666666666
Canada,1940,35.69980833333333
Canada,1941,36.68803333333333
Canada,1942,35.96145
Canada,1943,34.52804166666667
Canada,1944,35.139516666666665
Canada,1945,35.782875
Canada,1946,35.04525833333333
Canada,1947,36.61273333333333
Canada,1948,35.516225
Canada,1949,36.5205
Canada,1950,36.863724999999995
Canada,1951,37.161075000000004
Canada,1952,36.874316666666665
Canada,1953,37.67239166666666
Canada,1954,37.842391666666664
Canada,1955,36.63811666666667
Canada,1956,35.378033333333335
Canada,1957,35.905408333333334
Canada,1958,36.0224
Canada,1959,38.97653333333333
Canada,1960,37.485549999999996
Canada,1961,36.041608333333336
Canada,1962,37.55105833333334
Canada,1963,37.88066666666666
Canada,1964,38.139649999999996
Canada,1965,37.423183333333334
Canada,1966,37.96308333333334
Canada,1967,36.728725
Canada,1968,38.27493333333333
Canada,1969,36.621433333333336
Canada,1970,36.764208333333336
Canada,1971,39.08906666666667
Canada,1972,37.522016666666666
Canada,1973,39.57708333333333
Canada,1974,39.348958333333336
Canada,1975,38.74661666666667
Canada,1976,38.32606666666667
Canada,1977,38.79026666666667
Canada,1978,37.711333333333336
Canada,1979,39.170475
Canada,1980,39.86658333333333
Canada,1981,39.22966666666667
Canada,1982,39.68255833333333
Canada,1983,39.45945833333333
Canada,1984,40.12045
Canada,1985,37.921191666666665
Canada,1986,39.10026666666666
Canada,1987,37.314683333333335
Canada,1988,39.981325
Canada,1989,37.270833333333336
Canada,1990,38.960425
Canada,1991,39.09265
Canada,1992,37.868024999999996
Canada,1993,37.79025
Canada,1994,38.532424999999996
Canada,1995,37.425850000000004
Canada,1996,40.44761666666667
Canada,1997,39.79014166666666
Canada,1998,38.295408333333334
Canada,1999,40.54865833333333
Canada,2000,38.07581666666667
Canada,2001,38.412974999999996
Canada,2002,37.6574
Canada,2003,38.31948333333333
Canada,2004,37.859675
Canada,2005,41.740808333333334
Canada,2006,38.14445833333333
Canada,2007,39.452025
Canada,2008,39.95335
Canada,2009,38.483491666666666
Canada,2010,39.92811666666667
Canada,2011,38.339708333333334
Canada,2012,37.82644166666667
Canada,2013,37.156641666666665
Canada,2014,38.9816
Canada,2015,36.494175
Canada,2016,38.864650000000005
Cape Verde,1901,13.387116666666666
Cape Verde,1902,30.435725833333333
Cape Verde,1903,28.589658333333333
Cape Verde,1904,32.35350833333333
Cape Verde,1905,31.993566666666666
Cape Verde,1906,60.84330833333333
Cape Verde,1907,44.45220750000001
Cape Verde,1908,37.66475
Cape Verde,1909,72.36710833333333
Cape Verde,1910,27.010558333333332
Cape Verde,1911,27.974668333333337
Cape Verde,1912,30.822800833333332
Cape Verde,1913,21.12115
Cape Verde,1914,33.93318333333333
Cape Verde,1915,28.7463
Cape Verde,1916,38.50391833333334
Cape Verde,1917,26.5742825
Cape Verde,1918,65.10288333333334
Cape Verde,1919,38.44965833333333
Cape Verde,1920,23.46099083333333
Cape Verde,1921,12.1773225
Cape Verde,1922,21.775235
Cape Verde,1923,17.8648025
Cape Verde,1924,31.37657333333333
Cape Verde,1925,28.653258333333337
Cape Verde,1926,12.127466666666665
Cape Verde,1927,68.61045
Cape Verde,1928,42.38890833333333
Cape Verde,1929,30.503941666666666
Cape Verde,1930,18.359666666666666
Cape Verde,1931,27.57473416666667
Cape Verde,1932,22.930741666666663
Cape Verde,1933,22.851249999999997
Cape Verde,1934,28.682083333333335
Cape Verde,1935,24.077258333333333
Cape Verde,1936,42.633675000000004
Cape Verde,1937,26.585400000000003
Cape Verde,1938,40.41854166666666
Cape Verde,1939,26.559591666666666
Cape Verde,1940,26.49364
Cape Verde,1941,23.934439166666667
Cape Verde,1942,37.742289166666666
Cape Verde,1943,66.647395
Cape Verde,1944,36.31543166666666
Cape Verde,1945,39.05130583333333
Cape Verde,1946,16.984065833333332
Cape Verde,1947,14.839350000000001
Cape Verde,1948,22.185704166666667
Cape Verde,1949,50.048159999999996
Cape Verde,1950,52.763217499999996
Cape Verde,1951,29.735791666666668
Cape Verde,1952,55.882034166666664
Cape Verde,1953,49.083475
Cape Verde,1954,46.547225833333336
Cape Verde,1955,59.506
Cape Verde,1956,41.51894166666667
Cape Verde,1957,46.56466833333334
Cape Verde,1958,44.81735
Cape Verde,1959,22.145625
Cape Verde,1960,40.32591333333333
Cape Verde,1961,49.55088833333334
Cape Verde,1962,51.51815583333333
Cape Verde,1963,41.409129166666666
Cape Verde,1964,46.4922425
Cape Verde,1965,41.956815
Cape Verde,1966,33.0488925
Cape Verde,1967,45.3670525
Cape Verde,1968,19.1896875
Cape Verde,1969,41.51842833333333
Cape Verde,1970,36.16825333333333
Cape Verde,1971,24.83775833333333
Cape Verde,1972,30.868228333333334
Cape Verde,1973,15.977180833333334
Cape Verde,1974,14.85243
Cape Verde,1975,43.14305166666667
Cape Verde,1976,31.94881666666667
Cape Verde,1977,8.340095
Cape Verde,1978,23.891765000000003
Cape Verde,1979,33.74202583333334
Cape Verde,1980,37.40577916666667
Cape Verde,1981,15.814595833333334
Cape Verde,1982,18.5412425
Cape Verde,1983,13.143419166666666
Cape Verde,1984,38.50758833333334
Cape Verde,1985,23.13638333333333
Cape Verde,1986,31.162096666666667
Cape Verde,1987,32.0915125
Cape Verde,1988,24.745899166666664
Cape Verde,1989,26.304506666666665
Cape Verde,1990,39.983130833333334
Cape Verde,1991,16.889281666666665
Cape Verde,1992,20.325076666666664
Cape Verde,1993,28.832678333333334
Cape Verde,1994,16.288166666666665
Cape Verde,1995,42.37455833333333
Cape Verde,1996,18.61946
Cape Verde,1997,21.03977
Cape Verde,1998,9.168449166666667
Cape Verde,1999,32.29376
Cape Verde,2000,33.0744775
Cape Verde,2001,33.186825
Cape Verde,2002,33.186825
Cape Verde,2003,32.210325
Cape Verde,2004,32.18694166666666
Cape Verde,2005,36.939433333333334
Cape Verde,2006,33.186825
Cape Verde,2007,33.186825
Cape Verde,2008,33.186825
Cape Verde,2009,33.186825
Cape Verde,2010,33.186825
Cape Verde,2011,22.951449999999998
Cape Verde,2012,25.582466666666665
Cape Verde,2013,29.535433333333334
Cape Verde,2014,31.673608333333334
Cape Verde,2015,31.915633333333332
Cape Verde,2016,37.974375
Central African Republic,1901,113.15446000000001
Central African Republic,1902,113.02945833333332
Central African Republic,1903,113.00214833333332
Central African Republic,1904,107.8570825
Central African Republic,1905,109.649385
Central African Republic,1906,109.52687166666665
Central African Republic,1907,111.32771583333334
Central African Republic,1908,113.33964166666668
Central African Republic,1909,125.58294166666667
Central African Republic,1910,100.90349250000001
Central African Republic,1911,97.72110333333335
Central African Republic,1912,107.55073916666667
Central African Republic,1913,86.8139
Central African Republic,1914,121.13004416666666
Central African Republic,1915,100.76464166666666
Central African Republic,1916,111.24873416666667
Central African Republic,1917,112.54148333333332
Central African Republic,1918,110.29975583333334
Central African Republic,1919,114.27895416666667
Central African Republic,1920,119.388515
Central African Republic,1921,120.79028333333333
Central African Republic,1922,122.86974249999999
Central African Republic,1923,116.18484583333333
Central African Republic,1924,116.82599916666668
Central African Republic,1925,109.88168583333334
Central African Republic,1926,114.47490416666666
Central African Republic,1927,104.67241333333334
Central African Republic,1928,120.14575166666667
Central African Republic,1929,111.59999999999998
Central African Republic,1930,106.2187325
Central African Republic,1931,113.34142666666666
Central African Republic,1932,110.56201166666666
Central African Republic,1933,126.62921666666666
Central African Republic,1934,118.739775
Central African Republic,1935,114.59343333333334
Central African Republic,1936,117.66715749999999
Central African Republic,1937,107.19655916666666
Central African Republic,1938,114.86885833333334
Central African Republic,1939,125.6171175
Central African Republic,1940,112.72495833333333
Central African Republic,1941,119.75914166666666
Central African Republic,1942,120.16230833333333
Central African Republic,1943,120.32316000000002
Central African Republic,1944,113.54155833333334
Central African Republic,1945,114.89474166666666
Central African Republic,1946,125.77177499999999
Central African Republic,1947,124.70894583333335
Central African Republic,1948,117.38462500000001
Central African Republic,1949,111.62582166666668
Central African Republic,1950,123.686305
Central African Republic,1951,116.0461825
Central African Republic,1952,121.73676333333333
Central African Republic,1953,112.96746999999999
Central African Republic,1954,124.69126333333334
Central African Republic,1955,126.91071
Central African Republic,1956,115.76102333333334
Central African Republic,1957,126.54884666666668
Central African Republic,1958,116.20610583333332
Central African Republic,1959,119.50938333333333
Central African Republic,1960,126.49581916666666
Central African Republic,1961,113.69690833333333
Central African Republic,1962,134.88353416666666
Central African Republic,1963,117.52605833333332
Central African Republic,1964,121.46744166666666
Central African Republic,1965,111.76602000000001
Central African Republic,1966,130.49560333333332
Central African Republic,1967,109.2242025
Central African Republic,1968,117.03322750000001
Central African Republic,1969,127.64357
Central African Republic,1970,114.71313416666665
Central African Republic,1971,105.92578250000001
Central African Republic,1972,107.823515
Central African Republic,1973,104.85690333333334
Central African Republic,1974,114.19412166666666
Central African Republic,1975,115.28684083333333
Central African Republic,1976,117.534835
Central African Republic,1977,107.77261666666668
Central African Republic,1978,109.42242499999999
Central African Republic,1979,113.97177583333333
Central African Republic,1980,113.83823833333334
Central African Republic,1981,114.51792083333333
Central African Republic,1982,114.74157416666667
Central African Republic,1983,102.05297083333333
Central African Republic,1984,99.42448583333334
Central African Republic,1985,108.43193333333333
Central African Republic,1986,98.99803833333334
Central African Republic,1987,104.53438166666666
Central African Republic,1988,114.87889833333332
Central African Republic,1989,108.43875166666668
Central African Republic,1990,107.83828916666666
Central African Republic,1991,113.73223
Central African Republic,1992,109.88573000000001
Central African Republic,1993,111.16814916666668
Central African Republic,1994,109.26258416666667
Central African Republic,1995,113.69389749999999
Central African Republic,1996,115.60291749999999
Central African Republic,1997,122.67103416666667
Central African Republic,1998,119.06426
Central African Republic,1999,120.445675
Central African Republic,2000,105.68866916666667
Central African Republic,2001,113.71887916666667
Central African Republic,2002,105.64187083333333
Central African Republic,2003,112.38326916666666
Central African Republic,2004,105.95293416666668
Central African Republic,2005,110.0506325
Central African Republic,2006,114.202195
Central African Republic,2007,114.00703666666668
Central African Republic,2008,110.72865916666667
Central African Republic,2009,110.52139166666666
Central African Republic,2010,115.90164416666666
Central African Republic,2011,112.76784166666668
Central African Republic,2012,118.398205
Central African Republic,2013,120.95174250000001
Central African Republic,2014,114.20425583333333
Central African Republic,2015,112.87068583333333
Central African Republic,2016,119.23401583333333
Chad,1901,27.867260833333333
Chad,1902,27.867260833333333
Chad,1903,27.867260833333333
Chad,1904,25.96311833333333
Chad,1905,27.758305833333335
Chad,1906,29.88414333333333
Chad,1907,28.7530825
Chad,1908,29.127611666666667
Chad,1909,34.10819333333333
Chad,1910,28.878135833333335
Chad,1911,29.994426666666666
Chad,1912,25.691844166666666
Chad,1913,20.941931666666665
Chad,1914,25.566316666666665
Chad,1915,25.657938333333334
Chad,1916,27.31508
Chad,1917,26.688613333333333
Chad,1918,26.781523333333336
Chad,1919,26.773925833333333
Chad,1920,31.827803333333335
Chad,1921,28.269695
Chad,1922,30.9190775
Chad,1923,29.0048875
Chad,1924,30.444301666666664
Chad,1925,27.716005833333337
Chad,1926,26.829361666666667
Chad,1927,32.1744675
Chad,1928,31.138073333333335
Chad,1929,27.548804999999998
Chad,1930,29.150984166666664
Chad,1931,29.788185833333333
Chad,1932,29.345479166666667
Chad,1933,32.371224166666664
Chad,1934,35.404334166666665
Chad,1935,28.706397499999998
Chad,1936,34.61602666666666
Chad,1937,29.875672499999997
Chad,1938,30.951814166666665
Chad,1939,32.27889916666667
Chad,1940,26.626090833333333
Chad,1941,24.09549416666667
Chad,1942,27.262980833333334
Chad,1943,30.482163333333332
Chad,1944,28.131727499999997
Chad,1945,29.074501666666663
Chad,1946,36.6851
Chad,1947,30.148815833333334
Chad,1948,26.058374166666667
Chad,1949,24.336985
Chad,1950,37.98076
Chad,1951,30.996911666666666
Chad,1952,34.53233
Chad,1953,35.603770000000004
Chad,1954,37.29678833333333
Chad,1955,31.93671833333333
Chad,1956,33.001380833333336
Chad,1957,31.1934475
Chad,1958,31.941526666666665
Chad,1959,32.862428333333334
Chad,1960,28.83292916666667
Chad,1961,38.57778916666667
Chad,1962,35.55799583333333
Chad,1963,31.088691666666666
Chad,1964,35.52419
Chad,1965,27.2174225
Chad,1966,31.003788333333333
Chad,1967,30.123256666666666
Chad,1968,28.189790833333333
Chad,1969,29.683319166666667
Chad,1970,28.586798333333334
Chad,1971,25.813231666666667
Chad,1972,23.313083333333335
Chad,1973,23.304870833333336
Chad,1974,28.945573333333332
Chad,1975,30.579736666666665
Chad,1976,25.132154999999997
Chad,1977,27.2316825
Chad,1978,29.2765175
Chad,1979,30.67698083333333
Chad,1980,29.811471666666666
Chad,1981,29.079829166666666
Chad,1982,25.676036666666665
Chad,1983,21.8885875
Chad,1984,18.877495833333334
Chad,1985,25.071385833333334
Chad,1986,22.6957225
Chad,1987,21.186321666666668
Chad,1988,34.25546166666667
Chad,1989,25.946736666666666
Chad,1990,20.523599166666667
Chad,1991,27.727360833333336
Chad,1992,26.051304166666668
Chad,1993,21.843196666666667
Chad,1994,33.27937166666667
Chad,1995,27.3839925
Chad,1996,25.5339975
Chad,1997,26.04785083333333
Chad,1998,29.567629999999998
Chad,1999,29.096298333333333
Chad,2000,24.663544166666668
Chad,2001,25.430744999999998
Chad,2002,21.790934166666663
Chad,2003,26.556727499999997
Chad,2004,28.831890833333333
Chad,2005,32.296908333333334
Chad,2006,31.984430833333334
Chad,2007,33.25530833333334
Chad,2008,30.58194
Chad,2009,26.102122499999997
Chad,2010,32.9100775
Chad,2011,28.966962499999998
Chad,2012,37.16455
Chad,2013,28.014081666666666
Chad,2014,29.897788333333335
Chad,2015,32.03545416666667
Chad,2016,30.562189166666666
Chile,1901,60.081916666666665
Chile,1902,59.96243333333334
Chile,1903,46.52229166666667
Chile,1904,66.13656666666667
Chile,1905,56.44795833333333
Chile,1906,50.16255
Chile,1907,50.41330833333333
Chile,1908,41.45090833333333
Chile,1909,40.794583333333335
Chile,1910,48.28787500000001
Chile,1911,50.1319
Chile,1912,52.17854166666667
Chile,1913,58.225925
Chile,1914,68.219725
Chile,1915,61.28510833333333
Chile,1916,49.45451666666667
Chile,1917,47.32940833333333
Chile,1918,59.980925000000006
Chile,1919,59.05416666666667
Chile,1920,58.78960833333333
Chile,1921,56.89593333333334
Chile,1922,55.92211666666666
Chile,1923,48.621975
Chile,1924,49.12770833333334
Chile,1925,53.15545
Chile,1926,57.155258333333336
Chile,1927,56.773516666666666
Chile,1928,51.768633333333334
Chile,1929,56.17554166666667
Chile,1930,58.89018333333333
Chile,1931,49.180575
Chile,1932,63.58005
Chile,1933,57.553866666666664
Chile,1934,54.85753333333333
Chile,1935,60.10656666666667
Chile,1936,51.98150833333333
Chile,1937,57.96286666666666
Chile,1938,58.61156666666667
Chile,1939,58.435849999999995
Chile,1940,63.87314166666667
Chile,1941,62.483775
Chile,1942,52.76765833333334
Chile,1943,47.393049999999995
Chile,1944,59.66448333333333
Chile,1945,64.61620833333333
Chile,1946,55.57146666666666
Chile,1947,54.43199166666667
Chile,1948,55.2139
Chile,1949,59.32020833333333
Chile,1950,61.90885
Chile,1951,57.104899999999994
Chile,1952,43.46740833333333
Chile,1953,65.14334166666667
Chile,1954,50.129875
Chile,1955,54.12468333333334
Chile,1956,46.96855
Chile,1957,51.52965833333334
Chile,1958,53.309583333333336
Chile,1959,53.057941666666665
Chile,1960,46.98144166666666
Chile,1961,53.637575
Chile,1962,43.01945
Chile,1963,60.42490833333334
Chile,1964,45.96330833333334
Chile,1965,65.14710833333334
Chile,1966,56.263666666666666
Chile,1967,52.96815
Chile,1968,47.2586
Chile,1969,55.56059166666666
Chile,1970,53.900325
Chile,1971,55.973366666666664
Chile,1972,64.41603333333333
Chile,1973,52.119991666666664
Chile,1974,49.51434166666667
Chile,1975,55.954299999999996
Chile,1976,55.1436
Chile,1977,65.69728333333333
Chile,1978,55.48415
Chile,1979,57.38019166666667
Chile,1980,64.21399166666667
Chile,1981,55.89585833333333
Chile,1982,61.02471666666667
Chile,1983,47.612658333333336
Chile,1984,55.38215833333334
Chile,1985,52.82055
Chile,1986,56.9435
Chile,1987,56.032041666666665
Chile,1988,42.770075
Chile,1989,46.874233333333336
Chile,1990,53.44583333333333
Chile,1991,54.86293333333333
Chile,1992,56.96613333333334
Chile,1993,53.56628333333333
Chile,1994,54.41135
Chile,1995,48.74779166666667
Chile,1996,45.03635
Chile,1997,63.16583333333333
Chile,1998,39.0773
Chile,1999,45.748241666666665
Chile,2000,55.551566666666666
Chile,2001,53.71748333333334
Chile,2002,67.71483333333333
Chile,2003,50.742725
Chile,2004,49.70503333333334
Chile,2005,57.383858333333336
Chile,2006,60.37040833333333
Chile,2007,38.70784166666667
Chile,2008,52.970683333333334
Chile,2009,51.769441666666665
Chile,2010,44.76806666666667
Chile,2011,47.48566666666667
Chile,2012,48.56455833333333
Chile,2013,45.47544166666666
Chile,2014,47.445258333333335
Chile,2015,49.584066666666665
Chile,2016,35.392625
China,1901,42.715961666666665
China,1902,41.582564166666664
China,1903,49.02052
China,1904,46.839035833333334
China,1905,48.47216666666666
China,1906,46.715155833333334
China,1907,49.01638083333333
China,1908,48.08789166666667
China,1909,48.7322275
China,1910,47.47074416666666
China,1911,54.225725000000004
China,1912,46.778191666666665
China,1913,45.5790925
China,1914,48.612649166666664
China,1915,53.226860833333326
China,1916,46.34835916666666
China,1917,47.50100416666667
China,1918,50.672785833333336
China,1919,45.53201166666667
China,1920,47.76374916666666
China,1921,47.62929333333333
China,1922,46.72396083333334
China,1923,46.23307500000001
China,1924,46.88488583333333
China,1925,45.19188416666666
China,1926,47.50653666666667
China,1927,46.217864999999996
China,1928,45.463860000000004
China,1929,45.13381666666667
China,1930,46.303785833333336
China,1931,49.080189999999995
China,1932,47.845589999999994
China,1933,46.36831083333333
China,1934,49.28424416666667
China,1935,46.95147500000001
China,1936,44.598330000000004
China,1937,50.26861916666667
China,1938,49.545485000000006
China,1939,45.66269083333333
China,1940,45.63225166666667
China,1941,46.709833333333336
China,1942,46.81132333333333
China,1943,46.112921666666665
China,1944,46.37661666666667
China,1945,46.27473333333333
China,1946,48.973800000000004
China,1947,49.725674999999995
China,1948,50.78373833333333
China,1949,52.417213333333336
China,1950,47.7852225
China,1951,49.323702499999996
China,1952,49.95720666666667
China,1953,48.82220833333333
China,1954,53.933525
China,1955,46.43257833333333
China,1956,48.443661666666664
China,1957,46.876133333333335
China,1958,46.501935833333334
China,1959,51.142158333333334
China,1960,46.69928833333333
China,1961,50.69684583333333
China,1962,48.3275175
China,1963,45.89259666666666
China,1964,50.5147575
China,1965,45.42760916666666
China,1966,45.33466583333333
China,1967,47.008871666666664
China,1968,46.1823675
China,1969,48.360245
China,1970,49.43212499999999
China,1971,46.78630666666667
China,1972,45.72475083333333
China,1973,52.564453333333326
China,1974,48.238850000000006
China,1975,49.61476666666667
China,1976,46.24829833333333
China,1977,48.56357166666667
China,1978,44.830579166666666
China,1979,46.24945916666667
China,1980,47.99876833333334
China,1981,48.448280833333335
China,1982,47.21607583333333
China,1983,51.800890833333334
China,1984,47.561389999999996
China,1985,48.39884
China,1986,43.553892499999996
China,1987,48.858422499999996
China,1988,46.59605
China,1989,46.83094166666667
China,1990,52.09286083333333
China,1991,47.203383333333335
China,1992,46.107908333333334
China,1993,50.386966666666666
China,1994,48.93027
China,1995,47.45567500000001
China,1996,48.85614
China,1997,47.03569166666667
China,1998,53.53025416666666
China,1999,47.83538166666667
China,2000,48.56383333333333
China,2001,45.832
China,2002,50.74171666666667
China,2003,48.733425833333335
China,2004,45.746858333333336
China,2005,47.48117249999999
China,2006,45.713805
China,2007,46.08253833333333
China,2008,49.242864999999995
China,2009,44.05213833333334
China,2010,51.07095
China,2011,43.233235
China,2012,51.10875000000001
China,2013,49.526340833333336
China,2014,45.8322075
China,2015,49.88041666666666
China,2016,55.05394999999999
Colombia,1901,230.41253333333336
Colombia,1902,186.70518333333334
Colombia,1903,215.24221666666665
Colombia,1904,205.787675
Colombia,1905,212.15483333333336
Colombia,1906,211.21963333333335
Colombia,1907,240.071
Colombia,1908,231.22050000000002
Colombia,1909,234.27509166666664
Colombia,1910,257.29366666666664
Colombia,1911,204.92358333333334
Colombia,1912,229.20375
Colombia,1913,235.5132166666667
Colombia,1914,189.62563333333333
Colombia,1915,246.31449999999998
Colombia,1916,228.33841666666663
Colombia,1917,263.77125
Colombia,1918,212.83548333333331
Colombia,1919,217.02144166666668
Colombia,1920,230.61957500000003
Colombia,1921,272.2754166666667
Colombia,1922,221.47885
Colombia,1923,181.5655833333333
Colombia,1924,212.6808
Colombia,1925,223.59604166666668
Colombia,1926,201.10592499999998
Colombia,1927,243.73083333333332
Colombia,1928,245.30816666666666
Colombia,1929,198.5116416666667
Colombia,1930,201.56583333333333
Colombia,1931,226.03838333333331
Colombia,1932,216.28775
Colombia,1933,227.753975
Colombia,1934,220.91533333333334
Colombia,1935,240.35230833333333
Colombia,1936,200.519775
Colombia,1937,223.75983333333332
Colombia,1938,260.959
Colombia,1939,195.54866666666666
Colombia,1940,194.32334166666666
Colombia,1941,164.18499166666666
Colombia,1942,189.18895
Colombia,1943,221.1255
Colombia,1944,206.5858333333333
Colombia,1945,207.96579999999997
Colombia,1946,187.4539166666667
Colombia,1947,217.63133333333334
Colombia,1948,188.027525
Colombia,1949,222.34553333333335
Colombia,1950,247.87599999999998
Colombia,1951,216.83966666666666
Colombia,1952,212.3973083333333
Colombia,1953,209.53575
Colombia,1954,224.46516666666665
Colombia,1955,250.00741666666667
Colombia,1956,240.98091666666664
Colombia,1957,195.17959999999997
Colombia,1958,170.22571666666667
Colombia,1959,215.86865
Colombia,1960,220.59391666666667
Colombia,1961,209.87331666666668
Colombia,1962,226.20041666666668
Colombia,1963,222.60574999999997
Colombia,1964,217.59221666666667
Colombia,1965,198.16600833333334
Colombia,1966,213.86840833333335
Colombia,1967,210.89641666666668
Colombia,1968,220.643025
Colombia,1969,213.05724999999998
Colombia,1970,236.19141666666667
Colombia,1971,244.1935
Colombia,1972,227.01975000000002
Colombia,1973,244.09237500000003
Colombia,1974,215.48333333333335
Colombia,1975,250.95521666666664
Colombia,1976,212.43508333333332
Colombia,1977,201.60935833333335
Colombia,1978,212.635675
Colombia,1979,226.80327499999999
Colombia,1980,194.52325
Colombia,1981,254.67783333333333
Colombia,1982,223.03958333333333
Colombia,1983,202.9940333333333
Colombia,1984,238.14883333333333
Colombia,1985,194.68881666666664
Colombia,1986,218.20365833333332
Colombia,1987,208.098125
Colombia,1988,235.45877499999997
Colombia,1989,199.43566666666666
Colombia,1990,201.27625
Colombia,1991,179.84115
Colombia,1992,169.96585000000002
Colombia,1993,219.49375
Colombia,1994,217.91083333333336
Colombia,1995,228.553625
Colombia,1996,237.649
Colombia,1997,191.511
Colombia,1998,234.02402500000002
Colombia,1999,252.99091666666666
Colombia,2000,227.00675
Colombia,2001,203.55430833333335
Colombia,2002,238.92589166666667
Colombia,2003,234.10085833333332
Colombia,2004,233.6052
Colombia,2005,235.1045
Colombia,2006,244.28808333333333
Colombia,2007,237.9665
Colombia,2008,275.89625
Colombia,2009,204.765
Colombia,2010,259.80239166666667
Colombia,2011,273.22475000000003
Colombia,2012,195.2265
Colombia,2013,195.81617500000002
Colombia,2014,192.91016666666667
Colombia,2015,173.8868
Colombia,2016,189.79891666666666
Comoros,1901,133.40213333333335
Comoros,1902,118.96348333333333
Comoros,1903,155.60003333333333
Comoros,1904,145.757025
Comoros,1905,137.22321666666667
Comoros,1906,150.32521666666665
Comoros,1907,128.10637166666666
Comoros,1908,149.03943999999998
Comoros,1909,139.88556666666668
Comoros,1910,133.0107
Comoros,1911,148.984975
Comoros,1912,145.72665
Comoros,1913,140.099925
Comoros,1914,152.93674166666668
Comoros,1915,139.19611666666665
Comoros,1916,227.46838083333333
Comoros,1917,146.271075
Comoros,1918,144.28933333333333
Comoros,1919,132.16835833333334
Comoros,1920,142.15953333333334
Comoros,1921,138.26106666666666
Comoros,1922,118.02950833333334
Comoros,1923,139.54653333333331
Comoros,1924,125.628125
Comoros,1925,147.31015583333334
Comoros,1926,113.438
Comoros,1927,135.94309166666667
Comoros,1928,135.98700833333334
Comoros,1929,155.07805833333333
Comoros,1930,124.24754166666666
Comoros,1931,150.6449
Comoros,1932,138.18418333333332
Comoros,1933,119.55143333333335
Comoros,1934,182.72130833333333
Comoros,1935,102.83201166666667
Comoros,1936,110.35486916666666
Comoros,1937,170.81775000000002
Comoros,1938,110.14210833333334
Comoros,1939,138.53429166666666
Comoros,1940,159.63537333333332
Comoros,1941,135.3848775
Comoros,1942,124.24569166666667
Comoros,1943,121.99357583333334
Comoros,1944,115.79254166666668
Comoros,1945,122.49513583333334
Comoros,1946,112.14266666666667
Comoros,1947,128.94663833333334
Comoros,1948,134.26050833333332
Comoros,1949,125.87905833333333
Comoros,1950,120.27185583333333
Comoros,1951,136.23653333333334
Comoros,1952,124.59077500000001
Comoros,1953,105.33749999999999
Comoros,1954,115.684725
Comoros,1955,152.40845249999998
Comoros,1956,165.912495
Comoros,1957,154.799375
Comoros,1958,123.41364166666666
Comoros,1959,131.55054166666665
Comoros,1960,127.301475
Comoros,1961,198.87183333333334
Comoros,1962,131.13685833333332
Comoros,1963,150.75397083333334
Comoros,1964,138.46391666666668
Comoros,1965,180.95103333333336
Comoros,1966,116.68068333333333
Comoros,1967,158.04726666666667
Comoros,1968,155.116875
Comoros,1969,158.72496666666666
Comoros,1970,132.687475
Comoros,1971,142.29258333333334
Comoros,1972,152.3265233333333
Comoros,1973,161.37510833333334
Comoros,1974,181.44162500000002
Comoros,1975,120.223025
Comoros,1976,146.20918333333333
Comoros,1977,130.78533333333334
Comoros,1978,145.37716666666668
Comoros,1979,158.550875
Comoros,1980,163.56336666666667
Comoros,1981,127.50819166666668
Comoros,1982,153.52954166666666
Comoros,1983,166.23080000000002
Comoros,1984,161.11546916666666
Comoros,1985,137.4984
Comoros,1986,149.10553333333334
Comoros,1987,113.868375
Comoros,1988,141.14927666666668
Comoros,1989,204.51340000000002
Comoros,1990,149.12638333333334
Comoros,1991,178.92555833333336
Comoros,1992,157.0215
Comoros,1993,131.72014166666665
Comoros,1994,131.2800083333333
Comoros,1995,118.74664166666666
Comoros,1996,145.14885833333332
Comoros,1997,121.03496666666666
Comoros,1998,108.14695833333333
Comoros,1999,136.59574999999998
Comoros,2000,130.409875
Comoros,2001,116.2209525
Comoros,2002,148.72175000000001
Comoros,2003,78.45245
Comoros,2004,129.6343
Comoros,2005,120.06659166666667
Comoros,2006,155.84799166666667
Comoros,2007,100.17404166666667
Comoros,2008,142.15638333333334
Comoros,2009,117.4592
Comoros,2010,138.54286
Comoros,2011,176.23998333333336
Comoros,2012,146.79966666666667
Comoros,2013,111.159175
Comoros,2014,123.63162583333333
Comoros,2015,152.58245833333334
Comoros,2016,153.28699500000002
Congo (Democratic Republic Of The),1901,125.8207
Congo (Democratic Republic Of The),1902,128.60990833333332
Congo (Democratic Republic Of The),1903,131.09618333333333
Congo (Democratic Republic Of The),1904,124.90845833333333
Congo (Democratic Republic Of The),1905,126.2383
Congo (Democratic Republic Of The),1906,125.16108333333334
Congo (Democratic Republic Of The),1907,126.23805
Congo (Democratic Republic Of The),1908,117.96688333333333
Congo (Democratic Republic Of The),1909,128.0381583333333
Congo (Democratic Republic Of The),1910,125.73719999999999
Congo (Democratic Republic Of The),1911,123.58248333333334
Congo (Democratic Republic Of The),1912,123.30475833333333
Congo (Democratic Republic Of The),1913,108.02458333333334
Congo (Democratic Republic Of The),1914,129.53955
Congo (Democratic Republic Of The),1915,116.04051666666668
Congo (Democratic Republic Of The),1916,127.035075
Congo (Democratic Republic Of The),1917,126.835675
Congo (Democratic Republic Of The),1918,118.48155833333334
Congo (Democratic Republic Of The),1919,132.46646666666666
Congo (Democratic Republic Of The),1920,120.09111666666666
Congo (Democratic Republic Of The),1921,110.98433333333332
Congo (Democratic Republic Of The),1922,125.37221666666666
Congo (Democratic Republic Of The),1923,130.18571666666665
Congo (Democratic Republic Of The),1924,123.36642499999999
Congo (Democratic Republic Of The),1925,132.800525
Congo (Democratic Republic Of The),1926,132.5628
Congo (Democratic Republic Of The),1927,122.48110000000001
Congo (Democratic Republic Of The),1928,118.59260833333333
Congo (Democratic Republic Of The),1929,125.39325000000001
Congo (Democratic Republic Of The),1930,122.9185
Congo (Democratic Republic Of The),1931,123.54788333333333
Congo (Democratic Republic Of The),1932,123.15825000000001
Congo (Democratic Republic Of The),1933,123.11761666666666
Congo (Democratic Republic Of The),1934,121.73448333333333
Congo (Democratic Republic Of The),1935,124.42011666666667
Congo (Democratic Republic Of The),1936,130.03437499999998
Congo (Democratic Republic Of The),1937,129.66484166666666
Congo (Democratic Republic Of The),1938,123.71093333333333
Congo (Democratic Republic Of The),1939,131.42949166666668
Congo (Democratic Republic Of The),1940,130.37300833333333
Congo (Democratic Republic Of The),1941,128.75224166666666
Congo (Democratic Republic Of The),1942,126.58274166666666
Congo (Democratic Republic Of The),1943,119.52654166666667
Congo (Democratic Republic Of The),1944,129.75918333333334
Congo (Democratic Republic Of The),1945,126.58409999999999
Congo (Democratic Republic Of The),1946,128.47513333333333
Congo (Democratic Republic Of The),1947,130.960225
Congo (Democratic Republic Of The),1948,127.85798333333332
Congo (Democratic Republic Of The),1949,117.715825
Congo (Democratic Republic Of The),1950,130.52995
Congo (Democratic Republic Of The),1951,128.99209166666665
Congo (Democratic Republic Of The),1952,125.3856
Congo (Democratic Republic Of The),1953,124.15438333333333
Congo (Democratic Republic Of The),1954,129.81313333333333
Congo (Democratic Republic Of The),1955,136.293575
Congo (Democratic Republic Of The),1956,134.0397
Congo (Democratic Republic Of The),1957,133.11223333333334
Congo (Democratic Republic Of The),1958,117.96624166666668
Congo (Democratic Republic Of The),1959,127.07123333333334
Congo (Democratic Republic Of The),1960,133.58419166666667
Congo (Democratic Republic Of The),1961,145.3958
Congo (Democratic Republic Of The),1962,137.597825
Congo (Democratic Republic Of The),1963,135.35975833333333
Congo (Democratic Republic Of The),1964,127.43921666666667
Congo (Democratic Republic Of The),1965,127.57234999999999
Congo (Democratic Republic Of The),1966,134.36354166666666
Congo (Democratic Republic Of The),1967,126.47160833333334
Congo (Democratic Republic Of The),1968,128.21495833333333
Congo (Democratic Republic Of The),1969,137.644025
Congo (Democratic Republic Of The),1970,127.840775
Congo (Democratic Republic Of The),1971,121.19794166666667
Congo (Democratic Republic Of The),1972,122.9851
Congo (Democratic Republic Of The),1973,116.912125
Congo (Democratic Republic Of The),1974,127.68540833333333
Congo (Democratic Republic Of The),1975,123.00871666666666
Congo (Democratic Republic Of The),1976,130.23184999999998
Congo (Democratic Republic Of The),1977,134.17755
Congo (Democratic Republic Of The),1978,126.55430833333332
Congo (Democratic Republic Of The),1979,127.49878333333334
Congo (Democratic Republic Of The),1980,126.162975
Congo (Democratic Republic Of The),1981,122.996675
Congo (Democratic Republic Of The),1982,130.07997500000002
Congo (Democratic Republic Of The),1983,120.60270833333334
Congo (Democratic Republic Of The),1984,120.859775
Congo (Democratic Republic Of The),1985,127.14049166666666
Congo (Democratic Republic Of The),1986,129.84595833333333
Congo (Democratic Republic Of The),1987,129.597375
Congo (Democratic Republic Of The),1988,130.3665
Congo (Democratic Republic Of The),1989,131.64605833333334
Congo (Democratic Republic Of The),1990,128.25365
Congo (Democratic Republic Of The),1991,121.90136666666666
Congo (Democratic Republic Of The),1992,116.28224166666666
Congo (Democratic Republic Of The),1993,117.61426666666667
Congo (Democratic Republic Of The),1994,115.55679166666665
Congo (Democratic Republic Of The),1995,120.55030833333332
Congo (Democratic Republic Of The),1996,115.14325000000001
Congo (Democratic Republic Of The),1997,129.50486666666666
Congo (Democratic Republic Of The),1998,116.27973333333334
Congo (Democratic Republic Of The),1999,124.55938333333334
Congo (Democratic Republic Of The),2000,118.88383333333333
Congo (Democratic Republic Of The),2001,115.76966666666665
Congo (Democratic Republic Of The),2002,134.46507499999998
Congo (Democratic Republic Of The),2003,116.114075
Congo (Democratic Republic Of The),2004,110.38623333333334
Congo (Democratic Republic Of The),2005,112.05339166666666
Congo (Democratic Republic Of The),2006,135.36456666666666
Congo (Democratic Republic Of The),2007,126.04806666666667
Congo (Democratic Republic Of The),2008,124.109975
Congo (Democratic Republic Of The),2009,127.68684166666667
Congo (Democratic Republic Of The),2010,123.16150833333334
Congo (Democratic Republic Of The),2011,127.75404166666665
Congo (Democratic Republic Of The),2012,123.17211666666667
Congo (Democratic Republic Of The),2013,127.86241666666668
Congo (Democratic Republic Of The),2014,122.61050833333333
Congo (Democratic Republic Of The),2015,125.14235000000001
Congo (Democratic Republic Of The),2016,128.18919166666666
Congo (Republic Of The),1901,129.84006666666667
Congo (Republic Of The),1902,131.03168333333335
Congo (Republic Of The),1903,140.44772500000002
Congo (Republic Of The),1904,125.67545
Congo (Republic Of The),1905,129.203875
Congo (Republic Of The),1906,132.77346666666668
Congo (Republic Of The),1907,133.73495833333334
Congo (Republic Of The),1908,123.9533
Congo (Republic Of The),1909,159.35211666666666
Congo (Republic Of The),1910,133.74021666666667
Congo (Republic Of The),1911,138.71269166666667
Congo (Republic Of The),1912,147.30940833333332
Congo (Republic Of The),1913,112.13499166666666
Congo (Republic Of The),1914,140.82793333333333
Congo (Republic Of The),1915,122.02155833333335
Congo (Republic Of The),1916,149.61471666666668
Congo (Republic Of The),1917,136.645375
Congo (Republic Of The),1918,118.63318333333332
Congo (Republic Of The),1919,122.139575
Congo (Republic Of The),1920,124.20494166666667
Congo (Republic Of The),1921,124.2224
Congo (Republic Of The),1922,130.8244
Congo (Republic Of The),1923,133.648875
Congo (Republic Of The),1924,127.7273
Congo (Republic Of The),1925,148.022575
Congo (Republic Of The),1926,143.15546666666668
Congo (Republic Of The),1927,126.98854166666666
Congo (Republic Of The),1928,135.194675
Congo (Republic Of The),1929,134.75505
Congo (Republic Of The),1930,115.68455
Congo (Republic Of The),1931,124.673875
Congo (Republic Of The),1932,126.735075
Congo (Republic Of The),1933,144.46560833333334
Congo (Republic Of The),1934,130.03268333333332
Congo (Republic Of The),1935,133.2075
Congo (Republic Of The),1936,131.50428333333335
Congo (Republic Of The),1937,137.02683333333334
Congo (Republic Of The),1938,124.15208333333334
Congo (Republic Of The),1939,144.16311666666667
Congo (Republic Of The),1940,127.43374999999999
Congo (Republic Of The),1941,118.63795
Congo (Republic Of The),1942,124.28786666666667
Congo (Republic Of The),1943,120.74676666666666
Congo (Republic Of The),1944,149.50348333333332
Congo (Republic Of The),1945,138.26799166666666
Congo (Republic Of The),1946,131.162
Congo (Republic Of The),1947,140.996175
Congo (Republic Of The),1948,137.319825
Congo (Republic Of The),1949,139.34160833333334
Congo (Republic Of The),1950,136.108775
Congo (Republic Of The),1951,136.11354166666666
Congo (Republic Of The),1952,144.7047
Congo (Republic Of The),1953,125.03716666666666
Congo (Republic Of The),1954,135.40005833333333
Congo (Republic Of The),1955,146.92331666666666
Congo (Republic Of The),1956,123.16925833333333
Congo (Republic Of The),1957,137.10739166666667
Congo (Republic Of The),1958,111.45040833333333
Congo (Republic Of The),1959,150.47922499999999
Congo (Republic Of The),1960,143.54339166666668
Congo (Republic Of The),1961,150.32055
Congo (Republic Of The),1962,147.79091666666667
Congo (Republic Of The),1963,148.30555833333332
Congo (Republic Of The),1964,140.00813333333335
Congo (Republic Of The),1965,131.62543333333335
Congo (Republic Of The),1966,152.73095833333335
Congo (Republic Of The),1967,128.18011666666666
Congo (Republic Of The),1968,135.220475
Congo (Republic Of The),1969,145.68646666666666
Congo (Republic Of The),1970,143.191775
Congo (Republic Of The),1971,132.68084166666668
Congo (Republic Of The),1972,118.82686666666666
Congo (Republic Of The),1973,133.03331666666665
Congo (Republic Of The),1974,134.19011666666668
Congo (Republic Of The),1975,137.18149166666666
Congo (Republic Of The),1976,138.09787500000002
Congo (Republic Of The),1977,139.08545
Congo (Republic Of The),1978,122.18264166666667
Congo (Republic Of The),1979,133.75044166666666
Congo (Republic Of The),1980,143.12536666666668
Congo (Republic Of The),1981,138.62815833333335
Congo (Republic Of The),1982,134.789075
Congo (Republic Of The),1983,116.6416
Congo (Republic Of The),1984,137.48963333333333
Congo (Republic Of The),1985,145.62404999999998
Congo (Republic Of The),1986,130.77553333333333
Congo (Republic Of The),1987,128.28060000000002
Congo (Republic Of The),1988,143.10841666666667
Congo (Republic Of The),1989,133.37947499999999
Congo (Republic Of The),1990,142.67725833333336
Congo (Republic Of The),1991,127.952825
Congo (Republic Of The),1992,126.58694166666668
Congo (Republic Of The),1993,129.40025833333334
Congo (Republic Of The),1994,138.49685833333334
Congo (Republic Of The),1995,130.527025
Congo (Republic Of The),1996,126.25985833333334
Congo (Republic Of The),1997,139.69981666666666
Congo (Republic Of The),1998,132.70581666666666
Congo (Republic Of The),1999,150.88495833333334
Congo (Republic Of The),2000,136.83418333333333
Congo (Republic Of The),2001,124.99104166666666
Congo (Republic Of The),2002,143.54875833333332
Congo (Republic Of The),2003,128.09926666666667
Congo (Republic Of The),2004,125.822225
Congo (Republic Of The),2005,120.89949166666668
Congo (Republic Of The),2006,135.63310833333333
Congo (Republic Of The),2007,140.73495833333334
Congo (Republic Of The),2008,146.22573333333332
Congo (Republic Of The),2009,139.2137
Congo (Republic Of The),2010,138.209625
Congo (Republic Of The),2011,134.5387
Congo (Republic Of The),2012,133.880725
Congo (Republic Of The),2013,130.593675
Congo (Republic Of The),2014,126.98035
Congo (Republic Of The),2015,123.5716
Congo (Republic Of The),2016,141.48012500000002
Costa Rica,1901,292.5924058333333
Costa Rica,1902,219.19536666666667
Costa Rica,1903,289.2404291666667
Costa Rica,1904,290.45458333333335
Costa Rica,1905,270.7440583333333
Costa Rica,1906,228.64750833333335
Costa Rica,1907,159.16464166666665
Costa Rica,1908,247.741475
Costa Rica,1909,304.5057
Costa Rica,1910,224.23049166666667
Costa Rica,1911,215.2614166666667
Costa Rica,1912,201.414175
Costa Rica,1913,255.47821416666667
Costa Rica,1914,163.68108666666666
Costa Rica,1915,303.5069241666667
Costa Rica,1916,332.45014833333335
Costa Rica,1917,291.47623916666663
Costa Rica,1918,187.4477916666667
Costa Rica,1919,228.014725
Costa Rica,1920,208.09227416666667
Costa Rica,1921,199.6010216666667
Costa Rica,1922,194.23338666666666
Costa Rica,1923,157.86384999999999
Costa Rica,1924,290.16253333333333
Costa Rica,1925,210.38273
Costa Rica,1926,222.89560583333332
Costa Rica,1927,229.80643333333333
Costa Rica,1928,213.60310833333332
Costa Rica,1929,156.54647500000002
Costa Rica,1930,135.94246666666666
Costa Rica,1931,205.19185833333333
Costa Rica,1932,229.96720000000002
Costa Rica,1933,273.59515833333336
Costa Rica,1934,245.29532500000002
Costa Rica,1935,275.977075
Costa Rica,1936,236.26650833333335
Costa Rica,1937,310.57265
Costa Rica,1938,297.6891166666667
Costa Rica,1939,228.24895833333335
Costa Rica,1940,193.885675
Costa Rica,1941,233.60443333333333
Costa Rica,1942,286.9420666666667
Costa Rica,1943,276.46538333333336
Costa Rica,1944,296.0108416666667
Costa Rica,1945,240.11055
Costa Rica,1946,224.43944166666665
Costa Rica,1947,241.160225
Costa Rica,1948,236.89118333333332
Costa Rica,1949,283.2306916666667
Costa Rica,1950,278.16633333333334
Costa Rica,1951,245.28178333333332
Costa Rica,1952,250.11635833333332
Costa Rica,1953,251.8000833333333
Costa Rica,1954,290.29631666666666
Costa Rica,1955,285.2388583333333
Costa Rica,1956,291.34316666666666
Costa Rica,1957,226.74109166666665
Costa Rica,1958,214.5261416666667
Costa Rica,1959,199.13720833333332
Costa Rica,1960,264.74810833333333
Costa Rica,1961,240.4867416666667
Costa Rica,1962,264.54411666666664
Costa Rica,1963,255.32808333333332
Costa Rica,1964,240.31849166666666
Costa Rica,1965,235.6632666666667
Costa Rica,1966,293.2779083333333
Costa Rica,1967,259.16158333333334
Costa Rica,1968,273.1375
Costa Rica,1969,279.95745833333336
Costa Rica,1970,331.4671666666666
Costa Rica,1971,264.231525
Costa Rica,1972,259.6109333333333
Costa Rica,1973,283.38201666666663
Costa Rica,1974,270.0183916666667
Costa Rica,1975,280.43849166666666
Costa Rica,1976,234.079925
Costa Rica,1977,214.494625
Costa Rica,1978,239.65444166666668
Costa Rica,1979,265.477775
Costa Rica,1980,268.59049166666665
Costa Rica,1981,290.852825
Costa Rica,1982,232.45166666666668
Costa Rica,1983,236.58626666666666
Costa Rica,1984,257.865675
Costa Rica,1985,209.68935833333333
Costa Rica,1986,222.29620833333334
Costa Rica,1987,243.8350833333333
Costa Rica,1988,280.10414166666664
Costa Rica,1989,241.1875
Costa Rica,1990,249.124425
Costa Rica,1991,239.9871916666667
Costa Rica,1992,216.81005000000002
Costa Rica,1993,266.1471583333333
Costa Rica,1994,214.97315
Costa Rica,1995,278.25150833333333
Costa Rica,1996,293.0507833333333
Costa Rica,1997,248.75027500000002
Costa Rica,1998,267.21252499999997
Costa Rica,1999,253.84826666666666
Costa Rica,2000,219.15155000000001
Costa Rica,2001,223.36412499999997
Costa Rica,2002,232.5259583333333
Costa Rica,2003,289.4938
Costa Rica,2004,262.1157666666667
Costa Rica,2005,257.7101666666667
Costa Rica,2006,245.86245833333336
Costa Rica,2007,263.0151
Costa Rica,2008,290.76934166666666
Costa Rica,2009,219.52654166666665
Costa Rica,2010,300.741
Costa Rica,2011,233.49802499999998
Costa Rica,2012,182.64191666666667
Costa Rica,2013,197.27610833333335
Costa Rica,2014,229.886925
Costa Rica,2015,197.11075833333334
Costa Rica,2016,211.67910833333335
Cote D'Ivoire,1901,115.32275833333334
Cote D'Ivoire,1902,114.39254416666667
Cote D'Ivoire,1903,112.963375
Cote D'Ivoire,1904,109.85536666666667
Cote D'Ivoire,1905,113.72435833333333
Cote D'Ivoire,1906,144.24439166666667
Cote D'Ivoire,1907,128.710665
Cote D'Ivoire,1908,119.62956666666668
Cote D'Ivoire,1909,144.97230833333333
Cote D'Ivoire,1910,128.72342416666666
Cote D'Ivoire,1911,158.017875
Cote D'Ivoire,1912,124.17074583333334
Cote D'Ivoire,1913,120.70280833333334
Cote D'Ivoire,1914,109.10512166666666
Cote D'Ivoire,1915,133.35063583333334
Cote D'Ivoire,1916,121.72074583333334
Cote D'Ivoire,1917,121.06238333333333
Cote D'Ivoire,1918,108.94333333333333
Cote D'Ivoire,1919,98.38608333333333
Cote D'Ivoire,1920,101.709925
Cote D'Ivoire,1921,115.29602083333333
Cote D'Ivoire,1922,116.53342500000001
Cote D'Ivoire,1923,112.48870833333332
Cote D'Ivoire,1924,132.07981666666666
Cote D'Ivoire,1925,128.47888166666667
Cote D'Ivoire,1926,121.414375
Cote D'Ivoire,1927,131.20321666666666
Cote D'Ivoire,1928,130.06996666666666
Cote D'Ivoire,1929,129.66025416666668
Cote D'Ivoire,1930,120.17985833333334
Cote D'Ivoire,1931,135.44771666666665
Cote D'Ivoire,1932,115.04761083333334
Cote D'Ivoire,1933,140.22848333333334
Cote D'Ivoire,1934,110.85465333333333
Cote D'Ivoire,1935,121.02235
Cote D'Ivoire,1936,116.60580833333334
Cote D'Ivoire,1937,118.72503666666667
Cote D'Ivoire,1938,126.904725
Cote D'Ivoire,1939,116.01640833333333
Cote D'Ivoire,1940,115.68319666666666
Cote D'Ivoire,1941,121.65480000000001
Cote D'Ivoire,1942,107.97923333333334
Cote D'Ivoire,1943,130.04746666666668
Cote D'Ivoire,1944,121.47546666666666
Cote D'Ivoire,1945,114.45893333333333
Cote D'Ivoire,1946,97.59921666666666
Cote D'Ivoire,1947,127.49042416666667
Cote D'Ivoire,1948,106.64965833333333
Cote D'Ivoire,1949,134.25463583333334
Cote D'Ivoire,1950,107.27114166666667
Cote D'Ivoire,1951,137.15073333333333
Cote D'Ivoire,1952,135.80090166666668
Cote D'Ivoire,1953,128.6880075
Cote D'Ivoire,1954,135.5262
Cote D'Ivoire,1955,143.31293333333335
Cote D'Ivoire,1956,108.80656416666666
Cote D'Ivoire,1957,148.40460083333332
Cote D'Ivoire,1958,95.49467499999999
Cote D'Ivoire,1959,133.16034166666665
Cote D'Ivoire,1960,128.1197
Cote D'Ivoire,1961,105.091655
Cote D'Ivoire,1962,136.64520166666668
Cote D'Ivoire,1963,145.72813333333332
Cote D'Ivoire,1964,121.65115833333334
Cote D'Ivoire,1965,114.07494916666667
Cote D'Ivoire,1966,126.42225333333333
Cote D'Ivoire,1967,103.83459583333332
Cote D'Ivoire,1968,148.42915000000002
Cote D'Ivoire,1969,114.4600675
Cote D'Ivoire,1970,109.23447
Cote D'Ivoire,1971,117.94415
Cote D'Ivoire,1972,111.33491666666667
Cote D'Ivoire,1973,108.44362083333334
Cote D'Ivoire,1974,110.36944166666666
Cote D'Ivoire,1975,112.01468166666666
Cote D'Ivoire,1976,108.95563499999999
Cote D'Ivoire,1977,102.44257499999999
Cote D'Ivoire,1978,106.1526475
Cote D'Ivoire,1979,126.062425
Cote D'Ivoire,1980,118.012175
Cote D'Ivoire,1981,106.00465583333333
Cote D'Ivoire,1982,105.492395
Cote D'Ivoire,1983,80.99537416666666
Cote D'Ivoire,1984,116.50404583333334
Cote D'Ivoire,1985,116.72848499999999
Cote D'Ivoire,1986,97.32194166666666
Cote D'Ivoire,1987,114.64235833333333
Cote D'Ivoire,1988,110.961155
Cote D'Ivoire,1989,118.64683666666667
Cote D'Ivoire,1990,100.88301666666666
Cote D'Ivoire,1991,104.22749083333333
Cote D'Ivoire,1992,98.69145250000001
Cote D'Ivoire,1993,105.9697025
Cote D'Ivoire,1994,110.56004166666666
Cote D'Ivoire,1995,117.30423416666667
Cote D'Ivoire,1996,116.72593333333333
Cote D'Ivoire,1997,99.676205
Cote D'Ivoire,1998,104.61141666666667
Cote D'Ivoire,1999,118.42967333333333
Cote D'Ivoire,2000,109.13104333333332
Cote D'Ivoire,2001,118.88641666666666
Cote D'Ivoire,2002,107.68514916666668
Cote D'Ivoire,2003,123.0048
Cote D'Ivoire,2004,112.33696416666668
Cote D'Ivoire,2005,106.38913333333333
Cote D'Ivoire,2006,119.42182333333334
Cote D'Ivoire,2007,113.33821916666666
Cote D'Ivoire,2008,117.30549833333333
Cote D'Ivoire,2009,120.47139166666666
Cote D'Ivoire,2010,144.88916666666665
Cote D'Ivoire,2011,112.25547833333333
Cote D'Ivoire,2012,107.66140166666668
Cote D'Ivoire,2013,93.11603833333334
Cote D'Ivoire,2014,126.97950250000001
Cote D'Ivoire,2015,93.2794975
Cote D'Ivoire,2016,109.06870833333333
Croatia,1901,93.82109166666667
Croatia,1902,93.22984166666667
Croatia,1903,91.2727
Croatia,1904,87.40887500000001
Croatia,1905,103.56326666666666
Croatia,1906,99.24211666666667
Croatia,1907,83.42300833333333
Croatia,1908,78.74155833333333
Croatia,1909,95.98401666666666
Croatia,1910,116.07503333333334
Croatia,1911,77.47075833333334
Croatia,1912,98.7624
Croatia,1913,90.67414166666667
Croatia,1914,92.30855833333334
Croatia,1915,129.16993333333332
Croatia,1916,104.32249166666666
Croatia,1917,92.73095833333333
Croatia,1918,83.2792
Croatia,1919,108.27236666666666
Croatia,1920,79.059575
Croatia,1921,68.22199166666667
Croatia,1922,96.27820000000001
Croatia,1923,101.48230833333332
Croatia,1924,87.94961666666667
Croatia,1925,106.95793333333334
Croatia,1926,107.78270833333333
Croatia,1927,83.806225
Croatia,1928,87.49288333333334
Croatia,1929,83.06950083333334
Croatia,1930,102.40029166666666
Croatia,1931,86.84305833333333
Croatia,1932,86.61054166666666
Croatia,1933,103.40115833333334
Croatia,1934,93.76824166666667
Croatia,1935,81.94520833333333
Croatia,1936,93.86766666666666
Croatia,1937,130.61169166666667
Croatia,1938,75.944675
Croatia,1939,91.63468333333333
Croatia,1940,109.12352500000001
Croatia,1941,98.04129166666667
Croatia,1942,79.07970833333333
Croatia,1943,85.61231666666667
Croatia,1944,90.910625
Croatia,1945,66.67041666666667
Croatia,1946,70.52493333333332
Croatia,1947,74.96185833333332
Croatia,1948,91.13592166666666
Croatia,1949,72.66900833333334
Croatia,1950,86.57705833333334
Croatia,1951,100.92373333333335
Croatia,1952,90.46047499999999
Croatia,1953,75.092425
Croatia,1954,90.28777500000001
Croatia,1955,104.50288333333333
Croatia,1956,82.40301666666666
Croatia,1957,79.02388333333333
Croatia,1958,84.86
Croatia,1959,95.9762
Croatia,1960,108.63395833333334
Croatia,1961,84.62154166666666
Croatia,1962,92.10555
Croatia,1963,90.85595
Croatia,1964,100.00937499999999
Croatia,1965,99.95170083333333
Croatia,1966,105.84179999999999
Croatia,1967,84.41581666666667
Croatia,1968,83.27409166666666
Croatia,1969,98.011275
Croatia,1970,93.0924
Croatia,1971,68.32275833333334
Croatia,1972,95.04181666666666
Croatia,1973,72.016925
Croatia,1974,101.03349166666668
Croatia,1975,81.58045833333334
Croatia,1976,95.39913333333334
Croatia,1977,85.2177
Croatia,1978,87.26213333333334
Croatia,1979,94.02661666666665
Croatia,1980,96.36524166666668
Croatia,1981,92.14461666666666
Croatia,1982,82.550725
Croatia,1983,66.77934166666667
Croatia,1984,96.92724166666666
Croatia,1985,78.18155833333334
Croatia,1986,83.076725
Croatia,1987,88.062475
Croatia,1988,77.74728333333333
Croatia,1989,77.81922833333333
Croatia,1990,73.58943333333333
Croatia,1991,87.90516666666667
Croatia,1992,84.76750833333334
Croatia,1993,87.47718333333334
Croatia,1994,82.51271666666666
Croatia,1995,101.31499166666667
Croatia,1996,100.17675000000001
Croatia,1997,83.8104
Croatia,1998,92.40530333333334
Croatia,1999,98.70491666666668
Croatia,2000,74.944375
Croatia,2001,87.08323333333334
Croatia,2002,98.44780833333334
Croatia,2003,64.92728333333334
Croatia,2004,97.28760833333332
Croatia,2005,97.98400833333334
Croatia,2006,78.27078333333334
Croatia,2007,84.7485675
Croatia,2008,85.81290833333333
Croatia,2009,90.78581666666666
Croatia,2010,112.23410833333332
Croatia,2011,61.29028333333334
Croatia,2012,80.09057833333334
Croatia,2013,101.27703333333334
Croatia,2014,120.17170833333334
Croatia,2015,86.05139333333334
Croatia,2016,94.21092583333335
Cuba,1901,148.61939166666667
Cuba,1902,100.16820833333333
Cuba,1903,108.70879166666667
Cuba,1904,117.42943333333334
Cuba,1905,132.22980833333335
Cuba,1906,158.42905333333334
Cuba,1907,78.34664416666666
Cuba,1908,109.95450833333332
Cuba,1909,134.63308333333333
Cuba,1910,120.25069166666667
Cuba,1911,85.57669750000001
Cuba,1912,83.441175
Cuba,1913,93.085425
Cuba,1914,80.43403333333333
Cuba,1915,168.810825
Cuba,1916,131.22789833333334
Cuba,1917,99.83890833333334
Cuba,1918,96.70315
Cuba,1919,128.56198333333333
Cuba,1920,89.34661666666666
Cuba,1921,104.55440833333334
Cuba,1922,100.07678333333332
Cuba,1923,104.042625
Cuba,1924,121.90586666666667
Cuba,1925,90.42670833333334
Cuba,1926,106.53975000000001
Cuba,1927,93.98667
Cuba,1928,99.517675
Cuba,1929,97.10418333333332
Cuba,1930,107.70228333333334
Cuba,1931,125.60976666666666
Cuba,1932,109.49014166666667
Cuba,1933,152.492825
Cuba,1934,112.2811
Cuba,1935,100.14179166666666
Cuba,1936,147.24823333333333
Cuba,1937,120.24298333333333
Cuba,1938,107.45608333333332
Cuba,1939,105.78886666666666
Cuba,1940,100.66415
Cuba,1941,92.082875
Cuba,1942,131.06125
Cuba,1943,99.872775
Cuba,1944,115.16626000000001
Cuba,1945,106.42923
Cuba,1946,91.01892500000001
Cuba,1947,121.6098
Cuba,1948,133.27358083333334
Cuba,1949,104.30134583333334
Cuba,1950,120.5924
Cuba,1951,104.90860833333333
Cuba,1952,112.64666666666666
Cuba,1953,120.16078333333333
Cuba,1954,131.82328333333334
Cuba,1955,102.10999166666666
Cuba,1956,95.08823333333333
Cuba,1957,115.33500833333333
Cuba,1958,141.67991666666666
Cuba,1959,107.87416416666667
Cuba,1960,135.64330833333335
Cuba,1961,96.56211666666667
Cuba,1962,89.10200833333333
Cuba,1963,119.61509166666667
Cuba,1964,113.85715833333335
Cuba,1965,89.93355000000001
Cuba,1966,138.5108
Cuba,1967,91.33189166666666
Cuba,1968,122.797825
Cuba,1969,149.572525
Cuba,1970,104.49855000000001
Cuba,1971,95.90783333333333
Cuba,1972,125.8481
Cuba,1973,115.25663333333334
Cuba,1974,87.32940833333333
Cuba,1975,81.541525
Cuba,1976,95.01799166666666
Cuba,1977,122.46865833333334
Cuba,1978,129.20941666666667
Cuba,1979,124.37555833333333
Cuba,1980,124.35020833333334
Cuba,1981,97.66246666666666
Cuba,1982,112.31970833333334
Cuba,1983,117.14228333333334
Cuba,1984,105.74581666666667
Cuba,1985,109.812325
Cuba,1986,93.42340833333333
Cuba,1987,107.74489166666667
Cuba,1988,128.04215
Cuba,1989,96.15691666666667
Cuba,1990,106.97255833333332
Cuba,1991,105.4966
Cuba,1992,93.49284999999999
Cuba,1993,107.66081666666668
Cuba,1994,106.00711666666666
Cuba,1995,128.38729166666667
Cuba,1996,120.30272500000001
Cuba,1997,105.10055833333332
Cuba,1998,99.01650833333333
Cuba,1999,105.99971666666666
Cuba,2000,101.22235833333333
Cuba,2001,124.32967500000001
Cuba,2002,115.059825
Cuba,2003,116.48894166666666
Cuba,2004,90.39688333333334
Cuba,2005,139.43886666666666
Cuba,2006,102.73393416666666
Cuba,2007,149.208925
Cuba,2008,124.07739166666666
Cuba,2009,99.89993333333335
Cuba,2010,129.87568333333334
Cuba,2011,115.40971666666667
Cuba,2012,123.91185
Cuba,2013,108.75607166666667
Cuba,2014,112.04033333333332
Cuba,2015,94.93265000000001
Cuba,2016,109.171875
Cyprus,1901,22.324894999999998
Cyprus,1902,40.76407416666667
Cyprus,1903,34.27144
Cyprus,1904,48.97409083333333
Cyprus,1905,42.67661666666667
Cyprus,1906,54.27094666666667
Cyprus,1907,46.24348583333333
Cyprus,1908,49.782739166666666
Cyprus,1909,43.680440833333336
Cyprus,1910,46.87987583333333
Cyprus,1911,63.44770583333334
Cyprus,1912,40.33675
Cyprus,1913,49.77973
Cyprus,1914,42.01287166666667
Cyprus,1915,22.666596666666667
Cyprus,1916,46.103768333333335
Cyprus,1917,40.64044666666667
Cyprus,1918,53.8019375
Cyprus,1919,41.31485916666667
Cyprus,1920,49.62385583333333
Cyprus,1921,53.429678333333335
Cyprus,1922,40.63620083333333
Cyprus,1923,43.472087499999994
Cyprus,1924,54.24210333333334
Cyprus,1925,27.34566083333333
Cyprus,1926,55.842688333333335
Cyprus,1927,33.34156166666667
Cyprus,1928,44.129375
Cyprus,1929,51.76904666666667
Cyprus,1930,45.87995
Cyprus,1931,37.8714075
Cyprus,1932,24.685350833333334
Cyprus,1933,24.618058333333334
Cyprus,1934,48.296967499999994
Cyprus,1935,46.0466725
Cyprus,1936,42.75989583333333
Cyprus,1937,35.12237
Cyprus,1938,51.05071
Cyprus,1939,40.75477083333333
Cyprus,1940,46.735260000000004
Cyprus,1941,33.457766666666664
Cyprus,1942,42.84965916666667
Cyprus,1943,41.85569
Cyprus,1944,49.073769166666665
Cyprus,1945,37.09506666666667
Cyprus,1946,39.53612583333334
Cyprus,1947,43.958663333333334
Cyprus,1948,41.41742333333334
Cyprus,1949,47.445074166666664
Cyprus,1950,32.82872916666667
Cyprus,1951,39.25199083333333
Cyprus,1952,48.38702583333333
Cyprus,1953,40.137210833333334
Cyprus,1954,51.41137083333333
Cyprus,1955,34.900039166666666
Cyprus,1956,35.0280625
Cyprus,1957,38.205324999999995
Cyprus,1958,33.0040775
Cyprus,1959,31.988400833333333
Cyprus,1960,30.6174675
Cyprus,1961,48.04842083333333
Cyprus,1962,43.41890583333333
Cyprus,1963,36.45921166666667
Cyprus,1964,37.092555
Cyprus,1965,41.021425
Cyprus,1966,43.10340083333333
Cyprus,1967,46.79620416666666
Cyprus,1968,51.95010083333333
Cyprus,1969,43.835906666666666
Cyprus,1970,35.640665000000006
Cyprus,1971,36.84390916666666
Cyprus,1972,24.834420833333336
Cyprus,1973,24.788223333333335
Cyprus,1974,35.415416666666665
Cyprus,1975,48.284979166666666
Cyprus,1976,43.674800000000005
Cyprus,1977,32.65544
Cyprus,1978,46.81385666666667
Cyprus,1979,39.09289416666667
Cyprus,1980,35.97320166666667
Cyprus,1981,52.35218916666667
Cyprus,1982,29.560684166666665
Cyprus,1983,40.2626425
Cyprus,1984,40.42962083333333
Cyprus,1985,35.23759833333333
Cyprus,1986,32.81059583333333
Cyprus,1987,44.07005833333333
Cyprus,1988,51.873153333333335
Cyprus,1989,27.937570833333336
Cyprus,1990,23.68969416666667
Cyprus,1991,48.825175
Cyprus,1992,34.93966833333334
Cyprus,1993,30.4919075
Cyprus,1994,49.39198
Cyprus,1995,23.5353325
Cyprus,1996,39.06059916666666
Cyprus,1997,34.84469
Cyprus,1998,34.59574833333333
Cyprus,1999,24.23787833333333
Cyprus,2000,43.484428333333334
Cyprus,2001,41.908773333333336
Cyprus,2002,36.637155
Cyprus,2003,49.2054975
Cyprus,2004,44.06509666666667
Cyprus,2005,31.858163333333334
Cyprus,2006,29.39152833333333
Cyprus,2007,38.074169166666664
Cyprus,2008,21.6761925
Cyprus,2009,51.888830000000006
Cyprus,2010,33.84735
Cyprus,2011,44.337073333333336
Cyprus,2012,61.03898
Cyprus,2013,26.18490416666667
Cyprus,2014,34.84184666666667
Cyprus,2015,44.50095916666667
Cyprus,2016,30.657970833333334
Czech Republic,1901,54.213225
Czech Republic,1902,53.87661833333333
Czech Republic,1903,63.737008333333335
Czech Republic,1904,50.916
Czech Republic,1905,54.57433333333333
Czech Republic,1906,64.05791666666666
Czech Republic,1907,56.94098333333333
Czech Republic,1908,47.36516833333334
Czech Republic,1909,63.958216666666665
Czech Republic,1910,71.630675
Czech Republic,1911,49.330125
Czech Republic,1912,65.23824166666667
Czech Republic,1913,57.22171666666666
Czech Republic,1914,56.223366666666664
Czech Republic,1915,68.655925
Czech Republic,1916,66.72771666666667
Czech Republic,1917,47.408775
Czech Republic,1918,59.744391666666665
Czech Republic,1919,66.07759166666666
Czech Republic,1920,60.38717333333333
Czech Republic,1921,45.41886083333333
Czech Republic,1922,64.67809166666667
Czech Republic,1923,57.21536666666666
Czech Republic,1924,50.819250000000004
Czech Republic,1925,64.68364166666667
Czech Republic,1926,67.55673333333333
Czech Republic,1927,57.03635
Czech Republic,1928,55.92599166666667
Czech Republic,1929,51.38545
Czech Republic,1930,62.267775
Czech Republic,1931,57.31628333333333
Czech Republic,1932,46.26855833333334
Czech Republic,1933,51.033866666666675
Czech Republic,1934,50.514783333333334
Czech Republic,1935,54.50725
Czech Republic,1936,58.964875
Czech Republic,1937,65.84775833333333
Czech Republic,1938,60.56491666666667
Czech Republic,1939,72.99409166666666
Czech Republic,1940,61.97515833333333
Czech Republic,1941,74.52115833333333
Czech Republic,1942,49.59353333333333
Czech Republic,1943,45.11016333333333
Czech Republic,1944,69.340575
Czech Republic,1945,60.03760833333334
Czech Republic,1946,59.726425
Czech Republic,1947,49.806925
Czech Republic,1948,56.397308333333335
Czech Republic,1949,55.156241666666666
Czech Republic,1950,59.932925000000004
Czech Republic,1951,53.47132666666667
Czech Republic,1952,58.947849999999995
Czech Republic,1953,44.77976666666667
Czech Republic,1954,61.072833333333335
Czech Republic,1955,60.96029166666667
Czech Republic,1956,58.47331666666667
Czech Republic,1957,55.36768416666666
Czech Republic,1958,65.09253333333334
Czech Republic,1959,49.64262083333333
Czech Republic,1960,61.59598333333333
Czech Republic,1961,53.407916666666665
Czech Republic,1962,54.23448333333334
Czech Republic,1963,50.403425
Czech Republic,1964,55.26130833333334
Czech Republic,1965,65.17873416666667
Czech Republic,1966,69.719275
Czech Republic,1967,56.04615833333333
Czech Republic,1968,57.37990833333333
Czech Republic,1969,48.877491666666664
Czech Republic,1970,64.16464166666667
Czech Republic,1971,49.61568333333333
Czech Republic,1972,53.09413583333333
Czech Republic,1973,46.617375
Czech Republic,1974,63.705175
Czech Republic,1975,54.45110833333333
Czech Republic,1976,52.012525000000004
Czech Republic,1977,62.90091666666667
Czech Republic,1978,49.723099999999995
Czech Republic,1979,60.53370833333333
Czech Republic,1980,56.67345
Czech Republic,1981,63.87433333333333
Czech Republic,1982,44.68821666666667
Czech Republic,1983,49.09890000000001
Czech Republic,1984,52.768791666666665
Czech Republic,1985,58.31199166666667
Czech Republic,1986,55.433
Czech Republic,1987,61.91386666666667
Czech Republic,1988,57.491366666666664
Czech Republic,1989,48.38480833333333
Czech Republic,1990,49.14329166666667
Czech Republic,1991,48.954100000000004
Czech Republic,1992,49.94858333333334
Czech Republic,1993,53.22799166666667
Czech Republic,1994,51.07736666666667
Czech Republic,1995,61.253375000000005
Czech Republic,1996,56.75705833333333
Czech Republic,1997,56.696
Czech Republic,1998,57.53418333333334
Czech Republic,1999,53.765475
Czech Republic,2000,55.04264166666667
Czech Republic,2001,62.655633333333334
Czech Republic,2002,66.45659166666667
Czech Republic,2003,42.351926666666664
Czech Republic,2004,54.080525
Czech Republic,2005,59.46045833333333
Czech Republic,2006,55.97465
Czech Republic,2007,62.51047833333333
Czech Republic,2008,53.61199166666666
Czech Republic,2009,62.632374999999996
Czech Republic,2010,72.07909166666667
Czech Republic,2011,49.31259
Czech Republic,2012,55.075266666666664
Czech Republic,2013,61.50053333333333
Czech Republic,2014,60.726
Czech Republic,2015,46.84168333333333
Czech Republic,2016,61.401700000000005
Democratic People'S Republic Of Korea,1901,41.904226666666666
Democratic People'S Republic Of Korea,1902,77.78528166666666
Democratic People'S Republic Of Korea,1903,102.63093333333335
Democratic People'S Republic Of Korea,1904,65.56482916666667
Democratic People'S Republic Of Korea,1905,89.35600416666666
Democratic People'S Republic Of Korea,1906,62.40618916666667
Democratic People'S Republic Of Korea,1907,69.8834325
Democratic People'S Republic Of Korea,1908,76.41249499999999
Democratic People'S Republic Of Korea,1909,86.82566916666667
Democratic People'S Republic Of Korea,1910,78.39267333333333
Democratic People'S Republic Of Korea,1911,97.13028833333333
Democratic People'S Republic Of Korea,1912,79.770185
Democratic People'S Republic Of Korea,1913,62.541313333333335
Democratic People'S Republic Of Korea,1914,107.3629925
Democratic People'S Republic Of Korea,1915,92.58782916666667
Democratic People'S Republic Of Korea,1916,87.94000833333332
Democratic People'S Republic Of Korea,1917,68.617085
Democratic People'S Republic Of Korea,1918,88.49191666666667
Democratic People'S Republic Of Korea,1919,78.20785666666667
Democratic People'S Republic Of Korea,1920,79.58598333333333
Democratic People'S Republic Of Korea,1921,70.44089916666667
Democratic People'S Republic Of Korea,1922,107.81957583333333
Democratic People'S Republic Of Korea,1923,90.88104833333334
Democratic People'S Republic Of Korea,1924,65.19549333333333
Democratic People'S Republic Of Korea,1925,98.16159916666668
Democratic People'S Republic Of Korea,1926,91.82239833333334
Democratic People'S Republic Of Korea,1927,96.08959499999999
Democratic People'S Republic Of Korea,1928,93.73196666666666
Democratic People'S Republic Of Korea,1929,79.16001666666666
Democratic People'S Republic Of Korea,1930,87.96695249999999
Democratic People'S Republic Of Korea,1931,95.10679166666667
Democratic People'S Republic Of Korea,1932,77.68532
Democratic People'S Republic Of Korea,1933,93.55964999999999
Democratic People'S Republic Of Korea,1934,106.20199583333334
Democratic People'S Republic Of Korea,1935,86.23990833333333
Democratic People'S Republic Of Korea,1936,96.01569416666666
Democratic People'S Republic Of Korea,1937,78.41300833333334
Democratic People'S Republic Of Korea,1938,93.37273333333333
Democratic People'S Republic Of Korea,1939,82.32618333333333
Democratic People'S Republic Of Korea,1940,78.52307499999999
Democratic People'S Republic Of Korea,1941,85.819165
Democratic People'S Republic Of Korea,1942,88.33957916666667
Democratic People'S Republic Of Korea,1943,80.36124500000001
Democratic People'S Republic Of Korea,1944,74.958
Democratic People'S Republic Of Korea,1945,100.9658075
Democratic People'S Republic Of Korea,1946,83.05340833333334
Democratic People'S Republic Of Korea,1947,100.40070583333333
Democratic People'S Republic Of Korea,1948,93.14784250000001
Democratic People'S Republic Of Korea,1949,77.25354166666666
Democratic People'S Republic Of Korea,1950,79.727895
Democratic People'S Republic Of Korea,1951,100.84888666666666
Democratic People'S Republic Of Korea,1952,74.32965583333333
Democratic People'S Republic Of Korea,1953,102.97766250000001
Democratic People'S Republic Of Korea,1954,109.144775
Democratic People'S Republic Of Korea,1955,77.106295
Democratic People'S Republic Of Korea,1956,107.23554999999999
Democratic People'S Republic Of Korea,1957,90.42744166666667
Democratic People'S Republic Of Korea,1958,80.816625
Democratic People'S Republic Of Korea,1959,96.15493333333335
Democratic People'S Republic Of Korea,1960,106.0851725
Democratic People'S Republic Of Korea,1961,94.8972675
Democratic People'S Republic Of Korea,1962,105.64993916666667
Democratic People'S Republic Of Korea,1963,97.22436750000001
Democratic People'S Republic Of Korea,1964,116.44900333333334
Democratic People'S Republic Of Korea,1965,85.62374999999999
Democratic People'S Republic Of Korea,1966,111.24910583333333
Democratic People'S Republic Of Korea,1967,91.81041333333333
Democratic People'S Republic Of Korea,1968,81.02035
Democratic People'S Republic Of Korea,1969,86.89632499999999
Democratic People'S Republic Of Korea,1970,84.52750916666666
Democratic People'S Republic Of Korea,1971,94.79129166666667
Democratic People'S Republic Of Korea,1972,100.355385
Democratic People'S Republic Of Korea,1973,86.26936333333333
Democratic People'S Republic Of Korea,1974,80.03773416666667
Democratic People'S Republic Of Korea,1975,85.98244666666666
Democratic People'S Republic Of Korea,1976,78.94561833333333
Democratic People'S Republic Of Korea,1977,65.697255
Democratic People'S Republic Of Korea,1978,85.80618333333332
Democratic People'S Republic Of Korea,1979,95.72434166666666
Democratic People'S Republic Of Korea,1980,75.14246250000001
Democratic People'S Republic Of Korea,1981,86.378375
Democratic People'S Republic Of Korea,1982,78.41756
Democratic People'S Republic Of Korea,1983,91.34453166666667
Democratic People'S Republic Of Korea,1984,86.12166
Democratic People'S Republic Of Korea,1985,94.59886666666667
Democratic People'S Republic Of Korea,1986,99.52550583333334
Democratic People'S Republic Of Korea,1987,96.791855
Democratic People'S Republic Of Korea,1988,70.42138083333333
Democratic People'S Republic Of Korea,1989,80.27295583333334
Democratic People'S Republic Of Korea,1990,117.29324166666667
Democratic People'S Republic Of Korea,1991,76.26884166666666
Democratic People'S Republic Of Korea,1992,87.03994166666666
Democratic People'S Republic Of Korea,1993,77.40491583333333
Democratic People'S Republic Of Korea,1994,87.09452333333333
Democratic People'S Republic Of Korea,1995,101.24036333333333
Democratic People'S Republic Of Korea,1996,86.33948833333334
Democratic People'S Republic Of Korea,1997,72.55528333333332
Democratic People'S Republic Of Korea,1998,99.78843333333333
Democratic People'S Republic Of Korea,1999,87.22512833333333
Democratic People'S Republic Of Korea,2000,77.66293416666666
Democratic People'S Republic Of Korea,2001,78.04187416666667
Democratic People'S Republic Of Korea,2002,80.53753166666667
Democratic People'S Republic Of Korea,2003,97.65692916666666
Democratic People'S Republic Of Korea,2004,97.14749666666667
Democratic People'S Republic Of Korea,2005,98.99665916666667
Democratic People'S Republic Of Korea,2006,87.59860250000001
Democratic People'S Republic Of Korea,2007,99.31245833333332
Democratic People'S Republic Of Korea,2008,76.30491583333334
Democratic People'S Republic Of Korea,2009,83.94124666666667
Democratic People'S Republic Of Korea,2010,112.33966666666667
Democratic People'S Republic Of Korea,2011,85.324945
Democratic People'S Republic Of Korea,2012,109.24970666666667
Democratic People'S Republic Of Korea,2013,103.71524166666666
Democratic People'S Republic Of Korea,2014,62.308370833333335
Democratic People'S Republic Of Korea,2015,71.097425
Democratic People'S Republic Of Korea,2016,86.4060975
Denmark,1901,52.24304166666667
Denmark,1902,47.95193333333333
Denmark,1903,62.46974166666667
Denmark,1904,49.47656666666666
Denmark,1905,57.15679166666666
Denmark,1906,55.184425
Denmark,1907,53.334466666666664
Denmark,1908,50.28800833333333
Denmark,1909,59.79749999999999
Denmark,1910,59.31451666666666
Denmark,1911,58.769708333333334
Denmark,1912,68.83759166666667
Denmark,1913,47.89021666666667
Denmark,1914,57.00544166666666
Denmark,1915,55.64893333333333
Denmark,1916,70.19414166666667
Denmark,1917,58.4830125
Denmark,1918,53.968140000000005
Denmark,1919,52.008491666666664
Denmark,1920,59.099725
Denmark,1921,54.06491666666667
Denmark,1922,55.653841666666665
Denmark,1923,66.77775000000001
Denmark,1924,56.74305833333333
Denmark,1925,58.90959166666667
Denmark,1926,62.05674166666666
Denmark,1927,75.73501666666667
Denmark,1928,63.475991666666665
Denmark,1929,53.844966666666664
Denmark,1930,63.474325
Denmark,1931,58.47909166666667
Denmark,1932,57.18132666666667
Denmark,1933,44.55359166666667
Denmark,1934,62.48030833333333
Denmark,1935,63.920175
Denmark,1936,58.707375000000006
Denmark,1937,58.35660833333333
Denmark,1938,59.952733333333335
Denmark,1939,56.42361666666667
Denmark,1940,54.409908333333334
Denmark,1941,50.23189166666666
Denmark,1942,53.24274166666667
Denmark,1943,55.27206666666667
Denmark,1944,61.73099166666666
Denmark,1945,63.4395
Denmark,1946,64.75356666666666
Denmark,1947,41.62719166666667
Denmark,1948,54.7372
Denmark,1949,59.54204166666667
Denmark,1950,76.191975
Denmark,1951,70.95925833333332
Denmark,1952,62.53418333333334
Denmark,1953,54.70035000000001
Denmark,1954,71.50144999999999
Denmark,1955,50.25698333333333
Denmark,1956,51.08519166666667
Denmark,1957,57.134616666666666
Denmark,1958,66.22210833333334
Denmark,1959,45.281328333333335
Denmark,1960,69.59576666666666
Denmark,1961,65.09088333333334
Denmark,1962,58.868175
Denmark,1963,59.60486916666667
Denmark,1964,52.76692499999999
Denmark,1965,63.78390833333333
Denmark,1966,71.15809166666666
Denmark,1967,71.57999166666666
Denmark,1968,65.85755
Denmark,1969,54.330959166666666
Denmark,1970,64.02560833333334
Denmark,1971,51.164883333333336
Denmark,1972,51.16340833333334
Denmark,1973,52.309374999999996
Denmark,1974,62.233331666666665
Denmark,1975,43.85929166666667
Denmark,1976,43.269933333333334
Denmark,1977,56.852516666666666
Denmark,1978,54.73974166666667
Denmark,1979,63.299575000000004
Denmark,1980,69.28356666666667
Denmark,1981,70.68208333333332
Denmark,1982,58.86678333333333
Denmark,1983,60.7075
Denmark,1984,63.13786666666667
Denmark,1985,64.44820833333334
Denmark,1986,56.52082083333334
Denmark,1987,61.836016666666666
Denmark,1988,69.32110833333333
Denmark,1989,50.433875
Denmark,1990,67.01578333333333
Denmark,1991,54.165324999999996
Denmark,1992,59.135444166666666
Denmark,1993,61.53265
Denmark,1994,70.70454166666666
Denmark,1995,54.26643333333333
Denmark,1996,42.57869
Denmark,1997,49.911769166666666
Denmark,1998,71.217825
Denmark,1999,73.29746666666666
Denmark,2000,62.034400000000005
Denmark,2001,62.33301666666666
Denmark,2002,70.63218333333333
Denmark,2003,52.63653333333334
Denmark,2004,63.92794166666667
Denmark,2005,53.91491666666667
Denmark,2006,65.43009166666667
Denmark,2007,71.607625
Denmark,2008,61.98400833333333
Denmark,2009,59.12559166666667
Denmark,2010,61.90425833333333
Denmark,2011,66.68373333333334
Denmark,2012,61.391225
Denmark,2013,56.31964166666666
Denmark,2014,68.48224166666667
Denmark,2015,72.87250833333333
Denmark,2016,56.890975
Djibouti,1901,38.895955
Djibouti,1902,5.728314999999999
Djibouti,1903,21.52953083333333
Djibouti,1904,25.419255000000003
Djibouti,1905,33.5049925
Djibouti,1906,19.08814166666667
Djibouti,1907,11.870545833333333
Djibouti,1908,10.882855
Djibouti,1909,22.954905
Djibouti,1910,18.102544166666664
Djibouti,1911,47.42829416666667
Djibouti,1912,20.005535833333333
Djibouti,1913,17.95112416666667
Djibouti,1914,31.634027500000002
Djibouti,1915,12.648541666666667
Djibouti,1916,38.43925
Djibouti,1917,21.50927
Djibouti,1918,2.0274525
Djibouti,1919,28.38293
Djibouti,1920,22.332740833333332
Djibouti,1921,13.154786666666666
Djibouti,1922,25.684907499999998
Djibouti,1923,27.476331666666667
Djibouti,1924,16.689973333333334
Djibouti,1925,18.97851916666667
Djibouti,1926,27.656539999999996
Djibouti,1927,18.668339166666666
Djibouti,1928,11.1003575
Djibouti,1929,19.86247416666667
Djibouti,1930,22.172565000000002
Djibouti,1931,13.603231666666666
Djibouti,1932,34.103181666666664
Djibouti,1933,9.412956666666666
Djibouti,1934,13.793693333333335
Djibouti,1935,16.9431475
Djibouti,1936,19.114531666666668
Djibouti,1937,22.958299166666666
Djibouti,1938,16.253001666666666
Djibouti,1939,17.407216666666667
Djibouti,1940,11.237800833333333
Djibouti,1941,13.859850833333333
Djibouti,1942,8.443811666666667
Djibouti,1943,7.398889999999999
Djibouti,1944,16.850245
Djibouti,1945,7.127976666666666
Djibouti,1946,26.444460833333334
Djibouti,1947,16.22795916666667
Djibouti,1948,9.39011
Djibouti,1949,16.8735125
Djibouti,1950,26.637260833333332
Djibouti,1951,21.174053333333333
Djibouti,1952,11.424355833333335
Djibouti,1953,18.087501666666665
Djibouti,1954,36.554787499999996
Djibouti,1955,17.10634333333333
Djibouti,1956,27.3052225
Djibouti,1957,29.13661833333333
Djibouti,1958,17.6118875
Djibouti,1959,15.371920000000001
Djibouti,1960,18.624874166666668
Djibouti,1961,40.464185
Djibouti,1962,21.468100000000003
Djibouti,1963,21.396425000000004
Djibouti,1964,30.069634166666663
Djibouti,1965,10.273148333333333
Djibouti,1966,11.654705833333333
Djibouti,1967,36.961438333333334
Djibouti,1968,27.168746666666667
Djibouti,1969,15.64356
Djibouti,1970,23.892359166666665
Djibouti,1971,17.674438333333335
Djibouti,1972,22.45750083333333
Djibouti,1973,10.352968333333333
Djibouti,1974,20.28347583333333
Djibouti,1975,18.110588333333332
Djibouti,1976,18.772305833333334
Djibouti,1977,20.699835
Djibouti,1978,17.866199166666664
Djibouti,1979,14.43377
Djibouti,1980,10.625323333333334
Djibouti,1981,17.840769166666668
Djibouti,1982,29.831775000000004
Djibouti,1983,24.943878333333334
Djibouti,1984,9.874725
Djibouti,1985,16.664379166666667
Djibouti,1986,22.351320833333332
Djibouti,1987,16.764486666666667
Djibouti,1988,14.083709166666667
Djibouti,1989,28.41920083333333
Djibouti,1990,21.01508
Djibouti,1991,16.730551666666667
Djibouti,1992,24.750173333333333
Djibouti,1993,25.600679166666666
Djibouti,1994,25.561865833333332
Djibouti,1995,24.367080833333333
Djibouti,1996,16.540701666666667
Djibouti,1997,19.68204
Djibouti,1998,19.083766666666666
Djibouti,1999,29.582498333333334
Djibouti,2000,27.628734166666664
Djibouti,2001,23.539819999999995
Djibouti,2002,15.951063333333332
Djibouti,2003,18.739105833333333
Djibouti,2004,21.36858583333333
Djibouti,2005,17.342080833333334
Djibouti,2006,25.720116666666666
Djibouti,2007,17.868598333333335
Djibouti,2008,16.747006666666667
Djibouti,2009,16.415846666666667
Djibouti,2010,23.107714166666668
Djibouti,2011,21.439144166666665
Djibouti,2012,19.459138333333332
Djibouti,2013,31.744443333333333
Djibouti,2014,26.21471083333333
Djibouti,2015,15.443615000000001
Djibouti,2016,23.988600833333333
Dominica,1901,250.29575
Dominica,1902,278.17967500000003
Dominica,1903,260.7259166666667
Dominica,1904,224.06064166666667
Dominica,1905,227.71285833333332
Dominica,1906,243.56279166666664
Dominica,1907,205.49322499999997
Dominica,1908,191.99794999999997
Dominica,1909,250.29575
Dominica,1910,237.13135
Dominica,1911,250.29575
Dominica,1912,250.29575
Dominica,1913,250.29575
Dominica,1914,250.29575
Dominica,1915,250.29575
Dominica,1916,250.29575
Dominica,1917,250.29575
Dominica,1918,250.29575
Dominica,1919,250.29575
Dominica,1920,250.29575
Dominica,1921,250.29575
Dominica,1922,250.29575
Dominica,1923,250.29575
Dominica,1924,250.29575
Dominica,1925,250.29575
Dominica,1926,250.29575
Dominica,1927,250.29575
Dominica,1928,250.29575
Dominica,1929,250.29575
Dominica,1930,250.29575
Dominica,1931,250.29575
Dominica,1932,257.270625
Dominica,1933,280.742775
Dominica,1934,172.52734999999998
Dominica,1935,221.30645833333335
Dominica,1936,272.591525
Dominica,1937,179.1958666666667
Dominica,1938,262.9388083333333
Dominica,1939,188.095025
Dominica,1940,172.87519166666667
Dominica,1941,228.87418333333335
Dominica,1942,276.38855
Dominica,1943,208.04470833333335
Dominica,1944,239.14585833333334
Dominica,1945,230.20829166666667
Dominica,1946,192.55765
Dominica,1947,169.45855
Dominica,1948,291.12691666666666
Dominica,1949,219.17741666666666
Dominica,1950,257.577
Dominica,1951,295.14758333333333
Dominica,1952,283.82305833333334
Dominica,1953,252.635
Dominica,1954,275.5914166666667
Dominica,1955,290.19324166666667
Dominica,1956,307.1829166666667
Dominica,1957,259.9546666666667
Dominica,1958,328.44936666666666
Dominica,1959,234.3235
Dominica,1960,260.61691666666667
Dominica,1961,230.1056583333333
Dominica,1962,237.60299999999998
Dominica,1963,227.48746666666668
Dominica,1964,227.35841666666667
Dominica,1965,218.1609083333333
Dominica,1966,308.74150000000003
Dominica,1967,275.0820833333333
Dominica,1968,226.30428333333336
Dominica,1969,272.7187833333333
Dominica,1970,303.1299666666667
Dominica,1971,223.24020833333336
Dominica,1972,262.55258333333336
Dominica,1973,161.3521
Dominica,1974,226.82916666666665
Dominica,1975,249.47799166666664
Dominica,1976,235.77536666666666
Dominica,1977,231.03453333333334
Dominica,1978,234.87215
Dominica,1979,278.5000166666667
Dominica,1980,260.849
Dominica,1981,294.5155833333333
Dominica,1982,287.46808333333337
Dominica,1983,226.51629166666666
Dominica,1984,281.6381083333333
Dominica,1985,248.5035
Dominica,1986,274.8204666666667
Dominica,1987,268.69780833333334
Dominica,1988,295.79333333333335
Dominica,1989,292.6902
Dominica,1990,267.612
Dominica,1991,270.49375000000003
Dominica,1992,317.76433333333335
Dominica,1993,272.98033333333336
Dominica,1994,209.877475
Dominica,1995,276.83610833333336
Dominica,1996,303.8144833333333
Dominica,1997,210.84764166666665
Dominica,1998,312.8179083333333
Dominica,1999,240.44086666666666
Dominica,2000,240.33708333333334
Dominica,2001,220.46754166666665
Dominica,2002,228.54416666666668
Dominica,2003,225.565475
Dominica,2004,363.46883333333335
Dominica,2005,330.79832500000003
Dominica,2006,251.08271666666667
Dominica,2007,235.42025
Dominica,2008,281.70266666666663
Dominica,2009,231.06056666666666
Dominica,2010,320.3192833333333
Dominica,2011,369.4985
Dominica,2012,275.3181333333333
Dominica,2013,261.5719166666667
Dominica,2014,235.141575
Dominica,2015,200.10439166666666
Dominica,2016,309.70483333333334
Dominican Republic,1901,145.68788333333333
Dominican Republic,1902,129.777975
Dominican Republic,1903,124.13347499999999
Dominican Republic,1904,125.22172499999999
Dominican Republic,1905,116.874375
Dominican Republic,1906,106.99718333333334
Dominican Republic,1907,115.16584999999999
Dominican Republic,1908,117.60936666666667
Dominican Republic,1909,110.05081666666666
Dominican Republic,1910,117.61881666666666
Dominican Republic,1911,128.67681666666667
Dominican Republic,1912,112.45955
Dominican Republic,1913,108.09845
Dominican Republic,1914,129.2822666666667
Dominican Republic,1915,109.98674999999999
Dominican Republic,1916,118.97188333333334
Dominican Republic,1917,114.08256666666666
Dominican Republic,1918,114.24809166666667
Dominican Republic,1919,104.53731666666665
Dominican Republic,1920,112.92150833333334
Dominican Republic,1921,115.40641666666666
Dominican Republic,1922,118.68990833333334
Dominican Republic,1923,110.59227499999999
Dominican Republic,1924,113.310975
Dominican Republic,1925,113.40260833333333
Dominican Republic,1926,115.07615833333334
Dominican Republic,1927,111.40535
Dominican Republic,1928,148.0224
Dominican Republic,1929,105.73565833333333
Dominican Republic,1930,106.523925
Dominican Republic,1931,134.31823333333332
Dominican Republic,1932,147.75707500000001
Dominican Republic,1933,124.940725
Dominican Republic,1934,141.14420833333332
Dominican Republic,1935,129.06535833333334
Dominican Republic,1936,124.17180833333333
Dominican Republic,1937,111.488075
Dominican Republic,1938,118.7042
Dominican Republic,1939,128.31233333333333
Dominican Republic,1940,133.95556666666667
Dominican Republic,1941,132.174625
Dominican Republic,1942,134.76725833333333
Dominican Republic,1943,126.70555833333333
Dominican Republic,1944,113.016525
Dominican Republic,1945,126.65905
Dominican Republic,1946,117.99961666666667
Dominican Republic,1947,103.91645833333332
Dominican Republic,1948,125.26476666666667
Dominican Republic,1949,116.49289166666667
Dominican Republic,1950,111.60774166666666
Dominican Republic,1951,139.31015583333334
Dominican Republic,1952,118.57896666666666
Dominican Republic,1953,123.68521666666668
Dominican Republic,1954,136.49364166666666
Dominican Republic,1955,149.339775
Dominican Republic,1956,113.29509166666666
Dominican Republic,1957,96.16683333333333
Dominican Republic,1958,146.01208333333332
Dominican Republic,1959,94.87094166666667
Dominican Republic,1960,136.33051666666668
Dominican Republic,1961,123.51910833333334
Dominican Republic,1962,101.38372499999998
Dominican Republic,1963,117.64086666666667
Dominican Republic,1964,97.55226666666665
Dominican Republic,1965,129.59839166666669
Dominican Republic,1966,126.531875
Dominican Republic,1967,78.14785
Dominican Republic,1968,104.35933333333332
Dominican Republic,1969,135.44623333333334
Dominican Republic,1970,135.53861666666668
Dominican Republic,1971,113.13631666666667
Dominican Republic,1972,119.33373333333333
Dominican Republic,1973,96.16763333333334
Dominican Republic,1974,119.83056666666666
Dominican Republic,1975,102.53522500000001
Dominican Republic,1976,84.509775
Dominican Republic,1977,111.94155833333333
Dominican Republic,1978,119.48964166666667
Dominican Republic,1979,179.314225
Dominican Republic,1980,119.38265833333334
Dominican Republic,1981,163.75108333333333
Dominican Republic,1982,111.76749166666667
Dominican Republic,1983,115.76174166666668
Dominican Republic,1984,116.90966666666667
Dominican Republic,1985,116.41723333333333
Dominican Republic,1986,119.59054166666665
Dominican Republic,1987,153.91364166666668
Dominican Republic,1988,134.31769166666666
Dominican Republic,1989,104.35960833333333
Dominican Republic,1990,112.28790833333333
Dominican Republic,1991,98.39649166666668
Dominican Republic,1992,106.44624166666667
Dominican Republic,1993,115.48042500000001
Dominican Republic,1994,94.05920833333333
Dominican Republic,1995,127.696325
Dominican Republic,1996,106.48925000000001
Dominican Republic,1997,96.64942500000001
Dominican Republic,1998,158.10869166666666
Dominican Republic,1999,85.94734166666667
Dominican Republic,2000,124.3402
Dominican Republic,2001,139.96433333333334
Dominican Republic,2002,98.71886666666667
Dominican Republic,2003,154.99490833333334
Dominican Republic,2004,114.5782
Dominican Republic,2005,158.35556666666665
Dominican Republic,2006,121.871795
Dominican Republic,2007,169.962675
Dominican Republic,2008,114.009
Dominican Republic,2009,120.202725
Dominican Republic,2010,134.73386666666667
Dominican Republic,2011,115.53098333333332
Dominican Republic,2012,130.10163333333335
Dominican Republic,2013,94.019175
Dominican Republic,2014,106.89874999999999
Dominican Republic,2015,100.32440000000001
Dominican Republic,2016,169.670275
Ecuador,1901,224.39095
Ecuador,1902,165.42634999999999
Ecuador,1903,150.8845675
Ecuador,1904,177.25244166666667
Ecuador,1905,144.165475
Ecuador,1906,155.91158333333334
Ecuador,1907,181.92609166666668
Ecuador,1908,207.2365166666667
Ecuador,1909,201.01996666666665
Ecuador,1910,165.186825
Ecuador,1911,152.94920833333333
Ecuador,1912,159.098175
Ecuador,1913,206.629855
Ecuador,1914,141.3917425
Ecuador,1915,225.86464166666667
Ecuador,1916,206.189375
Ecuador,1917,249.29916666666668
Ecuador,1918,194.64412166666668
Ecuador,1919,173.58709166666665
Ecuador,1920,131.48015
Ecuador,1921,198.12629166666667
Ecuador,1922,148.193485
Ecuador,1923,130.72845833333335
Ecuador,1924,201.61209999999997
Ecuador,1925,194.72486666666668
Ecuador,1926,117.93524166666667
Ecuador,1927,212.209125
Ecuador,1928,211.7098
Ecuador,1929,192.06611666666666
Ecuador,1930,176.83861666666667
Ecuador,1931,161.57595
Ecuador,1932,208.83624999999998
Ecuador,1933,173.92594999999997
Ecuador,1934,230.98426666666668
Ecuador,1935,191.70208333333335
Ecuador,1936,152.35296666666667
Ecuador,1937,167.957975
Ecuador,1938,199.31753333333333
Ecuador,1939,173.010475
Ecuador,1940,150.31798333333333
Ecuador,1941,182.92906666666667
Ecuador,1942,133.516325
Ecuador,1943,213.64534166666667
Ecuador,1944,141.5499
Ecuador,1945,145.3649166666667
Ecuador,1946,141.98050833333335
Ecuador,1947,190.186375
Ecuador,1948,139.14303333333334
Ecuador,1949,202.561775
Ecuador,1950,177.013475
Ecuador,1951,207.14716666666666
Ecuador,1952,137.24658333333335
Ecuador,1953,252.93929166666666
Ecuador,1954,154.81743333333333
Ecuador,1955,180.73480833333335
Ecuador,1956,171.7265166666667
Ecuador,1957,206.15210833333333
Ecuador,1958,164.108225
Ecuador,1959,179.75664166666664
Ecuador,1960,138.203275
Ecuador,1961,151.76328333333333
Ecuador,1962,138.33321666666666
Ecuador,1963,153.39726666666667
Ecuador,1964,155.63495833333334
Ecuador,1965,199.23551666666665
Ecuador,1966,156.44230833333333
Ecuador,1967,149.70016666666666
Ecuador,1968,149.13005
Ecuador,1969,197.67989166666666
Ecuador,1970,178.13675833333332
Ecuador,1971,182.46671666666666
Ecuador,1972,261.4569166666667
Ecuador,1973,199.35016666666664
Ecuador,1974,174.86165000000003
Ecuador,1975,237.55830833333334
Ecuador,1976,193.34689166666666
Ecuador,1977,148.50651666666667
Ecuador,1978,134.26754166666666
Ecuador,1979,119.95338333333332
Ecuador,1980,143.256325
Ecuador,1981,162.55299166666666
Ecuador,1982,173.01513333333332
Ecuador,1983,272.6240833333333
Ecuador,1984,180.113825
Ecuador,1985,118.584425
Ecuador,1986,140.59296666666668
Ecuador,1987,187.646025
Ecuador,1988,173.68014166666669
Ecuador,1989,164.65076666666667
Ecuador,1990,143.394225
Ecuador,1991,134.92456666666666
Ecuador,1992,212.58005833333334
Ecuador,1993,178.82395
Ecuador,1994,182.21021666666664
Ecuador,1995,154.8335
Ecuador,1996,146.08019166666665
Ecuador,1997,259.25896666666665
Ecuador,1998,288.5255583333333
Ecuador,1999,214.50945000000002
Ecuador,2000,181.02559166666666
Ecuador,2001,144.45641666666668
Ecuador,2002,191.53073333333336
Ecuador,2003,229.44292499999997
Ecuador,2004,153.228725
Ecuador,2005,120.88938333333333
Ecuador,2006,154.67770833333333
Ecuador,2007,169.63355833333333
Ecuador,2008,225.347525
Ecuador,2009,137.37805
Ecuador,2010,221.68113333333335
Ecuador,2011,198.7802
Ecuador,2012,202.24675
Ecuador,2013,165.318675
Ecuador,2014,174.58679166666664
Ecuador,2015,229.24660833333334
Ecuador,2016,163.46909166666669
Egypt,1901,4.006343333333334
Egypt,1902,3.1354124999999997
Egypt,1903,2.724860833333333
Egypt,1904,3.969405
Egypt,1905,3.5422966666666666
Egypt,1906,2.9622466666666667
Egypt,1907,3.6279308333333335
Egypt,1908,4.854700833333333
Egypt,1909,3.2184925
Egypt,1910,2.8515208333333333
Egypt,1911,3.7825925
Egypt,1912,3.1668458333333334
Egypt,1913,3.7920575
Egypt,1914,3.0585008333333334
Egypt,1915,2.3173
Egypt,1916,4.2048975
Egypt,1917,3.9839283333333335
Egypt,1918,4.086364166666667
Egypt,1919,3.1196258333333335
Egypt,1920,3.994430833333334
Egypt,1921,4.512661666666666
Egypt,1922,2.788205833333333
Egypt,1923,2.782435
Egypt,1924,3.5952191666666664
Egypt,1925,2.9807466666666667
Egypt,1926,2.4984266666666666
Egypt,1927,2.1122983333333334
Egypt,1928,1.9461025
Egypt,1929,4.2113233333333335
Egypt,1930,3.0901316666666667
Egypt,1931,2.1495816666666667
Egypt,1932,2.441819166666667
Egypt,1933,2.0622933333333333
Egypt,1934,2.7023025
Egypt,1935,1.5473583333333334
Egypt,1936,2.305605
Egypt,1937,2.5182933333333333
Egypt,1938,2.6975233333333333
Egypt,1939,2.327879166666667
Egypt,1940,1.8868691666666668
Egypt,1941,2.1252216666666666
Egypt,1942,2.2028883333333336
Egypt,1943,2.9612008333333333
Egypt,1944,2.3894291666666665
Egypt,1945,2.6588058333333335
Egypt,1946,1.6648625
Egypt,1947,2.0266408333333334
Egypt,1948,3.0523450000000003
Egypt,1949,3.002028333333333
Egypt,1950,2.50663
Egypt,1951,1.9767516666666667
Egypt,1952,2.3215766666666666
Egypt,1953,2.2631383333333335
Egypt,1954,2.9316558333333336
Egypt,1955,1.9487225
Egypt,1956,2.54486
Egypt,1957,3.3685458333333336
Egypt,1958,1.4385325
Egypt,1959,2.2544608333333334
Egypt,1960,1.9301883333333334
Egypt,1961,3.4562016666666664
Egypt,1962,2.5026875
Egypt,1963,2.5123666666666664
Egypt,1964,2.5293075
Egypt,1965,3.3087358333333334
Egypt,1966,3.69153
Egypt,1967,3.251281666666667
Egypt,1968,2.659155
Egypt,1969,3.4496041666666666
Egypt,1970,1.8534966666666666
Egypt,1971,2.7899975
Egypt,1972,2.6564758333333334
Egypt,1973,1.9956041666666666
Egypt,1974,4.927529166666667
Egypt,1975,2.7762741666666666
Egypt,1976,2.1521358333333334
Egypt,1977,2.6397866666666667
Egypt,1978,2.7331733333333332
Egypt,1979,3.2628275
Egypt,1980,1.9854608333333335
Egypt,1981,1.7029158333333332
Egypt,1982,4.174010833333333
Egypt,1983,2.358921666666667
Egypt,1984,1.8987724999999998
Egypt,1985,3.3780141666666665
Egypt,1986,2.8048300000000004
Egypt,1987,3.0597591666666664
Egypt,1988,3.6890691666666666
Egypt,1989,2.9000008333333334
Egypt,1990,2.7198233333333337
Egypt,1991,3.6178000000000003
Egypt,1992,2.4851766666666664
Egypt,1993,3.797171666666667
Egypt,1994,3.455591666666667
Egypt,1995,1.7196116666666665
Egypt,1996,1.8260825
Egypt,1997,2.5931558333333333
Egypt,1998,3.215768333333333
Egypt,1999,1.8271083333333333
Egypt,2000,2.87987
Egypt,2001,1.5688583333333332
Egypt,2002,2.5935558333333333
Egypt,2003,1.966325
Egypt,2004,2.1933641666666666
Egypt,2005,2.711531666666667
Egypt,2006,1.9134391666666666
Egypt,2007,2.028715
Egypt,2008,2.334144166666667
Egypt,2009,1.9426275000000002
Egypt,2010,2.692868333333333
Egypt,2011,1.967065833333333
Egypt,2012,2.1495025
Egypt,2013,3.0222808333333333
Egypt,2014,3.163206666666667
Egypt,2015,2.8310875
Egypt,2016,2.1147425
El Salvador,1901,150.942925
El Salvador,1902,150.82855833333335
El Salvador,1903,150.91000833333334
El Salvador,1904,150.836875
El Salvador,1905,150.91037500000002
El Salvador,1906,150.87744166666667
El Salvador,1907,150.81504166666667
El Salvador,1908,150.91115
El Salvador,1909,150.9127083333333
El Salvador,1910,150.84864166666668
El Salvador,1911,150.85760833333333
El Salvador,1912,150.866275
El Salvador,1913,150.87855
El Salvador,1914,150.79285000000002
El Salvador,1915,150.91069166666668
El Salvador,1916,150.91204166666668
El Salvador,1917,150.93881666666667
El Salvador,1918,150.84448333333333
El Salvador,1919,150.8991
El Salvador,1920,150.86145
El Salvador,1921,150.84385833333334
El Salvador,1922,150.8594
El Salvador,1923,124.76994166666667
El Salvador,1924,165.11462500000002
El Salvador,1925,126.687875
El Salvador,1926,155.135035
El Salvador,1927,160.44674166666667
El Salvador,1928,155.87205
El Salvador,1929,164.5461058333333
El Salvador,1930,151.7403608333333
El Salvador,1931,184.13309166666667
El Salvador,1932,175.80073833333336
El Salvador,1933,209.93723416666668
El Salvador,1934,132.04245833333331
El Salvador,1935,156.46528666666666
El Salvador,1936,194.54111
El Salvador,1937,177.74817666666664
El Salvador,1938,143.06112166666665
El Salvador,1939,142.6200225
El Salvador,1940,161.86426083333333
El Salvador,1941,155.5544425
El Salvador,1942,150.55000333333334
El Salvador,1943,167.15628999999998
El Salvador,1944,165.83448833333333
El Salvador,1945,164.708185
El Salvador,1946,86.45579166666666
El Salvador,1947,174.9094
El Salvador,1948,179.930175
El Salvador,1949,125.91633333333334
El Salvador,1950,141.6909325
El Salvador,1951,150.95781833333334
El Salvador,1952,175.16685833333335
El Salvador,1953,144.49244000000002
El Salvador,1954,195.8463
El Salvador,1955,169.52460416666665
El Salvador,1956,151.53378833333332
El Salvador,1957,144.66209083333334
El Salvador,1958,168.8917175
El Salvador,1959,139.44600833333334
El Salvador,1960,182.69802333333334
El Salvador,1961,153.65553333333335
El Salvador,1962,165.00264083333334
El Salvador,1963,136.79683416666668
El Salvador,1964,154.95334416666665
El Salvador,1965,137.4253275
El Salvador,1966,175.26745833333334
El Salvador,1967,119.98269166666667
El Salvador,1968,166.59949333333333
El Salvador,1969,211.20741583333333
El Salvador,1970,183.83497
El Salvador,1971,120.8737675
El Salvador,1972,109.11453166666666
El Salvador,1973,167.8728625
El Salvador,1974,157.38824083333333
El Salvador,1975,140.585365
El Salvador,1976,129.72596666666666
El Salvador,1977,121.1667725
El Salvador,1978,141.88400916666666
El Salvador,1979,186.3110591666667
El Salvador,1980,164.29690166666668
El Salvador,1981,176.320475
El Salvador,1982,143.21708333333333
El Salvador,1983,146.61907499999998
El Salvador,1984,157.781175
El Salvador,1985,132.59796583333335
El Salvador,1986,114.21235833333333
El Salvador,1987,122.72007833333333
El Salvador,1988,192.6626083333333
El Salvador,1989,162.18994666666666
El Salvador,1990,133.77292416666668
El Salvador,1991,128.05549
El Salvador,1992,145.27913583333333
El Salvador,1993,186.5397141666667
El Salvador,1994,114.16087416666666
El Salvador,1995,176.3253
El Salvador,1996,151.2364658333333
El Salvador,1997,142.88913333333332
El Salvador,1998,156.09900583333334
El Salvador,1999,142.443475
El Salvador,2000,150.23269583333334
El Salvador,2001,155.13138166666667
El Salvador,2002,142.10135166666666
El Salvador,2003,126.42867833333332
El Salvador,2004,144.62983333333332
El Salvador,2005,167.48929583333333
El Salvador,2006,179.39202833333331
El Salvador,2007,144.98037666666667
El Salvador,2008,170.567625
El Salvador,2009,128.01734416666667
El Salvador,2010,177.80735166666668
El Salvador,2011,166.71345833333334
El Salvador,2012,142.18101
El Salvador,2013,192.33030416666668
El Salvador,2014,132.3873725
El Salvador,2015,131.9043875
El Salvador,2016,137.8822075
Equatorial Guinea,1901,192.12279999999998
Equatorial Guinea,1902,198.8804583333333
Equatorial Guinea,1903,183.99495000000002
Equatorial Guinea,1904,169.52768333333333
Equatorial Guinea,1905,192.15847499999998
Equatorial Guinea,1906,159.80444166666666
Equatorial Guinea,1907,168.54516666666666
Equatorial Guinea,1908,193.0120916666667
Equatorial Guinea,1909,204.48458333333335
Equatorial Guinea,1910,195.870325
Equatorial Guinea,1911,152.5694
Equatorial Guinea,1912,188.81623333333334
Equatorial Guinea,1913,135.09711666666666
Equatorial Guinea,1914,153.02461416666668
Equatorial Guinea,1915,211.60861666666668
Equatorial Guinea,1916,205.92115
Equatorial Guinea,1917,187.46011666666666
Equatorial Guinea,1918,172.90173333333334
Equatorial Guinea,1919,171.023675
Equatorial Guinea,1920,177.42484166666668
Equatorial Guinea,1921,189.30034999999998
Equatorial Guinea,1922,212.72799166666667
Equatorial Guinea,1923,178.03639166666667
Equatorial Guinea,1924,232.262325
Equatorial Guinea,1925,163.1534375
Equatorial Guinea,1926,211.29358333333334
Equatorial Guinea,1927,204.55811666666668
Equatorial Guinea,1928,222.94548333333333
Equatorial Guinea,1929,211.84675000000001
Equatorial Guinea,1930,190.53382499999998
Equatorial Guinea,1931,183.38238333333334
Equatorial Guinea,1932,162.865425
Equatorial Guinea,1933,185.62689166666667
Equatorial Guinea,1934,197.41814166666666
Equatorial Guinea,1935,187.89312499999997
Equatorial Guinea,1936,161.15728333333334
Equatorial Guinea,1937,170.81680833333334
Equatorial Guinea,1938,190.12280833333332
Equatorial Guinea,1939,175.797625
Equatorial Guinea,1940,162.97950833333334
Equatorial Guinea,1941,156.70134166666665
Equatorial Guinea,1942,167.60870833333334
Equatorial Guinea,1943,179.02373333333333
Equatorial Guinea,1944,191.04861666666667
Equatorial Guinea,1945,185.22208333333333
Equatorial Guinea,1946,188.41344166666667
Equatorial Guinea,1947,211.929675
Equatorial Guinea,1948,197.49820833333334
Equatorial Guinea,1949,191.10822499999998
Equatorial Guinea,1950,205.30458333333334
Equatorial Guinea,1951,205.85404166666663
Equatorial Guinea,1952,214.82630833333334
Equatorial Guinea,1953,179.88160000000002
Equatorial Guinea,1954,186.98543333333336
Equatorial Guinea,1955,198.19958333333332
Equatorial Guinea,1956,213.89103333333333
Equatorial Guinea,1957,193.70981666666668
Equatorial Guinea,1958,159.26851666666667
Equatorial Guinea,1959,184.4046
Equatorial Guinea,1960,205.92098333333334
Equatorial Guinea,1961,178.98026666666667
Equatorial Guinea,1962,208.14267500000003
Equatorial Guinea,1963,190.25355833333333
Equatorial Guinea,1964,189.52579166666666
Equatorial Guinea,1965,177.21843333333334
Equatorial Guinea,1966,189.44330833333333
Equatorial Guinea,1967,175.3776333333333
Equatorial Guinea,1968,180.11735833333333
Equatorial Guinea,1969,183.60563333333334
Equatorial Guinea,1970,196.75685833333333
Equatorial Guinea,1971,185.568775
Equatorial Guinea,1972,166.7734
Equatorial Guinea,1973,174.95647499999998
Equatorial Guinea,1974,173.41976666666665
Equatorial Guinea,1975,171.165525
Equatorial Guinea,1976,180.68675833333336
Equatorial Guinea,1977,188.78099999999998
Equatorial Guinea,1978,165.56040833333336
Equatorial Guinea,1979,173.4882
Equatorial Guinea,1980,168.07721666666666
Equatorial Guinea,1981,159.78355
Equatorial Guinea,1982,168.338675
Equatorial Guinea,1983,134.85425833333332
Equatorial Guinea,1984,190.86083333333332
Equatorial Guinea,1985,187.29649166666664
Equatorial Guinea,1986,170.739725
Equatorial Guinea,1987,166.29685
Equatorial Guinea,1988,208.1613583333333
Equatorial Guinea,1989,173.76474166666665
Equatorial Guinea,1990,186.17579166666667
Equatorial Guinea,1991,169.372125
Equatorial Guinea,1992,154.42035833333333
Equatorial Guinea,1993,161.72329166666665
Equatorial Guinea,1994,183.407375
Equatorial Guinea,1995,177.727425
Equatorial Guinea,1996,188.97605
Equatorial Guinea,1997,172.45704166666667
Equatorial Guinea,1998,206.27375833333335
Equatorial Guinea,1999,202.34655
Equatorial Guinea,2000,185.5342916666667
Equatorial Guinea,2001,203.0432066666667
Equatorial Guinea,2002,214.1516333333333
Equatorial Guinea,2003,200.38913333333335
Equatorial Guinea,2004,192.00709166666664
Equatorial Guinea,2005,142.61834166666668
Equatorial Guinea,2006,160.78895
Equatorial Guinea,2007,273.51989166666664
Equatorial Guinea,2008,193.40898416666667
Equatorial Guinea,2009,171.18777916666667
Equatorial Guinea,2010,165.699375
Equatorial Guinea,2011,159.94379166666667
Equatorial Guinea,2012,215.878525
Equatorial Guinea,2013,163.78168333333335
Equatorial Guinea,2014,172.32766666666666
Equatorial Guinea,2015,125.86906666666665
Equatorial Guinea,2016,171.54510000000002
Eritrea,1901,17.6976575
Eritrea,1902,13.777246666666665
Eritrea,1903,23.939345833333334
Eritrea,1904,16.871315
Eritrea,1905,18.221311666666665
Eritrea,1906,17.461866666666666
Eritrea,1907,26.112660833333337
Eritrea,1908,20.687923333333334
Eritrea,1909,24.67151
Eritrea,1910,27.16775916666667
Eritrea,1911,25.512494166666666
Eritrea,1912,20.458716666666668
Eritrea,1913,26.4288675
Eritrea,1914,24.316844166666666
Eritrea,1915,17.469538333333333
Eritrea,1916,43.263825
Eritrea,1917,26.757997500000002
Eritrea,1918,18.471488333333333
Eritrea,1919,22.0849825
Eritrea,1920,34.860040833333336
Eritrea,1921,21.398313333333334
Eritrea,1922,24.652193333333333
Eritrea,1923,25.966227500000002
Eritrea,1924,24.417595000000002
Eritrea,1925,25.25082
Eritrea,1926,20.113114166666666
Eritrea,1927,17.090859166666664
Eritrea,1928,18.058015
Eritrea,1929,30.281951666666668
Eritrea,1930,19.086790833333335
Eritrea,1931,21.112344166666666
Eritrea,1932,38.8512425
Eritrea,1933,25.207535833333335
Eritrea,1934,28.245361666666668
Eritrea,1935,30.689144166666665
Eritrea,1936,28.742560833333332
Eritrea,1937,26.575554999999998
Eritrea,1938,35.832701666666665
Eritrea,1939,20.29649583333333
Eritrea,1940,20.62606083333333
Eritrea,1941,18.966470833333332
Eritrea,1942,29.626884166666667
Eritrea,1943,25.7051225
Eritrea,1944,22.823279166666666
Eritrea,1945,21.473133333333333
Eritrea,1946,23.900383333333334
Eritrea,1947,17.112084166666666
Eritrea,1948,20.2179925
Eritrea,1949,21.574743333333334
Eritrea,1950,31.928826666666666
Eritrea,1951,23.06483
Eritrea,1952,21.528415
Eritrea,1953,33.26543
Eritrea,1954,29.36384
Eritrea,1955,19.83498833333333
Eritrea,1956,32.332254166666665
Eritrea,1957,30.383233333333333
Eritrea,1958,19.9359975
Eritrea,1959,27.080322499999998
Eritrea,1960,19.90668416666667
Eritrea,1961,37.58828166666667
Eritrea,1962,22.0344875
Eritrea,1963,27.960515833333332
Eritrea,1964,40.583915
Eritrea,1965,18.921513333333333
Eritrea,1966,16.6365525
Eritrea,1967,24.032103333333335
Eritrea,1968,19.552130000000002
Eritrea,1969,14.974985000000002
Eritrea,1970,20.63703083333333
Eritrea,1971,19.323494999999998
Eritrea,1972,19.024613333333335
Eritrea,1973,22.111391666666666
Eritrea,1974,19.469179999999998
Eritrea,1975,37.816495
Eritrea,1976,22.17061
Eritrea,1977,31.249309999999998
Eritrea,1978,33.24471583333333
Eritrea,1979,30.771630000000002
Eritrea,1980,27.34862666666667
Eritrea,1981,25.4039825
Eritrea,1982,23.13983
Eritrea,1983,18.575368333333333
Eritrea,1984,14.3416
Eritrea,1985,22.22248666666667
Eritrea,1986,22.8643825
Eritrea,1987,21.025221666666667
Eritrea,1988,29.057895833333333
Eritrea,1989,17.2616325
Eritrea,1990,10.890426666666668
Eritrea,1991,19.523464166666667
Eritrea,1992,26.177764166666666
Eritrea,1993,21.32148666666667
Eritrea,1994,24.05296
Eritrea,1995,22.31702
Eritrea,1996,17.805847500000002
Eritrea,1997,20.7365025
Eritrea,1998,27.272861666666667
Eritrea,1999,21.36523
Eritrea,2000,23.8791475
Eritrea,2001,24.9352675
Eritrea,2002,20.549734166666667
Eritrea,2003,27.455678333333335
Eritrea,2004,19.023040833333333
Eritrea,2005,28.709300833333334
Eritrea,2006,23.671127499999997
Eritrea,2007,28.667132499999997
Eritrea,2008,20.078599166666667
Eritrea,2009,16.71976
Eritrea,2010,24.121195
Eritrea,2011,15.608831666666667
Eritrea,2012,15.037352499999999
Eritrea,2013,21.732456666666668
Eritrea,2014,27.8672375
Eritrea,2015,23.614243333333334
Eritrea,2016,24.34985416666667
Estonia,1901,37.47661083333333
Estonia,1902,56.53925833333333
Estonia,1903,57.41457499999999
Estonia,1904,52.497816666666665
Estonia,1905,49.591049999999996
Estonia,1906,54.96971666666667
Estonia,1907,44.00994166666666
Estonia,1908,46.329625
Estonia,1909,46.34485
Estonia,1910,49.997175
Estonia,1911,50.449725
Estonia,1912,54.55875
Estonia,1913,46.57754166666667
Estonia,1914,43.87966666666667
Estonia,1915,52.171308333333336
Estonia,1916,57.59453333333334
Estonia,1917,49.14210833333333
Estonia,1918,48.7446075
Estonia,1919,44.806668333333334
Estonia,1920,39.819425
Estonia,1921,48.60637499999999
Estonia,1922,48.78651666666667
Estonia,1923,60.25102833333333
Estonia,1924,54.48659166666667
Estonia,1925,63.120416666666664
Estonia,1926,48.451125
Estonia,1927,60.15265
Estonia,1928,65.03908333333334
Estonia,1929,51.777651666666664
Estonia,1930,55.42995
Estonia,1931,53.454375
Estonia,1932,54.08414166666666
Estonia,1933,40.872275
Estonia,1934,50.92198333333334
Estonia,1935,63.226258333333334
Estonia,1936,54.196400000000004
Estonia,1937,53.93812499999999
Estonia,1938,48.35378333333333
Estonia,1939,38.526225000000004
Estonia,1940,49.068958333333335
Estonia,1941,38.123066666666666
Estonia,1942,49.31120000000001
Estonia,1943,56.924191666666665
Estonia,1944,52.91130833333333
Estonia,1945,52.463125
Estonia,1946,45.60523333333333
Estonia,1947,41.63848333333333
Estonia,1948,55.4641
Estonia,1949,53.770558333333334
Estonia,1950,55.063658333333336
Estonia,1951,44.021074999999996
Estonia,1952,63.167624999999994
Estonia,1953,48.18010833333333
Estonia,1954,58.277930833333336
Estonia,1955,47.0742
Estonia,1956,53.76685833333334
Estonia,1957,59.26468333333333
Estonia,1958,45.55755
Estonia,1959,43.90665833333333
Estonia,1960,53.749208333333335
Estonia,1961,52.780875
Estonia,1962,61.165600000000005
Estonia,1963,41.993633333333335
Estonia,1964,39.632355833333335
Estonia,1965,44.99275583333333
Estonia,1966,56.80385833333333
Estonia,1967,54.327799999999996
Estonia,1968,45.10370833333334
Estonia,1969,43.26923333333334
Estonia,1970,49.88547499999999
Estonia,1971,45.374316666666665
Estonia,1972,49.532446666666665
Estonia,1973,51.023741666666666
Estonia,1974,50.927855
Estonia,1975,44.31571666666667
Estonia,1976,39.355624999999996
Estonia,1977,54.985683333333334
Estonia,1978,62.799566666666664
Estonia,1979,49.98376666666667
Estonia,1980,54.07983333333333
Estonia,1981,67.92369166666667
Estonia,1982,47.96745000000001
Estonia,1983,56.61066666666667
Estonia,1984,51.689249999999994
Estonia,1985,58.959358333333334
Estonia,1986,57.35568416666666
Estonia,1987,57.06055666666666
Estonia,1988,57.39941666666667
Estonia,1989,53.08981666666667
Estonia,1990,67.00404999999999
Estonia,1991,57.240700000000004
Estonia,1992,49.07929166666667
Estonia,1993,55.01591083333333
Estonia,1994,54.8185
Estonia,1995,54.85001666666667
Estonia,1996,47.731758333333325
Estonia,1997,57.831175
Estonia,1998,62.49164166666667
Estonia,1999,50.58786666666666
Estonia,2000,54.476216666666666
Estonia,2001,64.81175833333333
Estonia,2002,44.006975000000004
Estonia,2003,52.95444166666667
Estonia,2004,61.03895416666666
Estonia,2005,53.56653333333333
Estonia,2006,45.55110833333333
Estonia,2007,57.282491666666665
Estonia,2008,65.73929166666666
Estonia,2009,60.225516666666664
Estonia,2010,63.14299166666667
Estonia,2011,55.745925
Estonia,2012,70.15139166666667
Estonia,2013,49.767541666666666
Estonia,2014,53.63964166666667
Estonia,2015,48.07146666666667
Estonia,2016,59.53180833333334
Ethiopia,1901,70.71775000000001
Ethiopia,1902,57.222141666666666
Ethiopia,1903,84.9532
Ethiopia,1904,63.58383083333334
Ethiopia,1905,72.72553666666667
Ethiopia,1906,76.94942833333333
Ethiopia,1907,69.36493333333333
Ethiopia,1908,65.58201416666667
Ethiopia,1909,76.21242833333334
Ethiopia,1910,67.35169916666666
Ethiopia,1911,71.18016
Ethiopia,1912,63.13741666666667
Ethiopia,1913,58.81845833333333
Ethiopia,1914,81.6028075
Ethiopia,1915,70.30623166666668
Ethiopia,1916,87.30040000000001
Ethiopia,1917,78.57957416666666
Ethiopia,1918,56.0620275
Ethiopia,1919,60.2073475
Ethiopia,1920,68.02616916666666
Ethiopia,1921,59.340300000000006
Ethiopia,1922,62.183138333333325
Ethiopia,1923,80.47513083333334
Ethiopia,1924,65.649945
Ethiopia,1925,72.37399583333334
Ethiopia,1926,81.80310333333334
Ethiopia,1927,60.325873333333334
Ethiopia,1928,68.77531666666667
Ethiopia,1929,73.167135
Ethiopia,1930,72.96768333333334
Ethiopia,1931,65.72977916666666
Ethiopia,1932,69.70021083333333
Ethiopia,1933,61.21326166666666
Ethiopia,1934,64.84458833333333
Ethiopia,1935,78.16833083333334
Ethiopia,1936,77.06486666666667
Ethiopia,1937,71.0881275
Ethiopia,1938,65.01201583333334
Ethiopia,1939,62.27602166666667
Ethiopia,1940,62.57372
Ethiopia,1941,65.93084916666666
Ethiopia,1942,61.25998833333333
Ethiopia,1943,55.68596083333333
Ethiopia,1944,65.36016083333334
Ethiopia,1945,62.39904583333333
Ethiopia,1946,73.5958175
Ethiopia,1947,71.06883833333333
Ethiopia,1948,63.52603416666667
Ethiopia,1949,64.92559583333333
Ethiopia,1950,75.8693225
Ethiopia,1951,66.40718416666667
Ethiopia,1952,57.56661333333333
Ethiopia,1953,61.895557499999995
Ethiopia,1954,68.8466925
Ethiopia,1955,61.257772499999994
Ethiopia,1956,60.9636475
Ethiopia,1957,68.2983475
Ethiopia,1958,70.55269166666666
Ethiopia,1959,62.765449999999994
Ethiopia,1960,60.60214416666667
Ethiopia,1961,86.12835749999999
Ethiopia,1962,62.411205833333334
Ethiopia,1963,75.058325
Ethiopia,1964,77.67664916666666
Ethiopia,1965,61.71708
Ethiopia,1966,69.99716583333334
Ethiopia,1967,90.30018916666667
Ethiopia,1968,74.36861
Ethiopia,1969,64.26851833333333
Ethiopia,1970,67.9792075
Ethiopia,1971,67.55900666666666
Ethiopia,1972,69.71552666666666
Ethiopia,1973,62.28447833333333
Ethiopia,1974,65.72042499999999
Ethiopia,1975,74.65638333333332
Ethiopia,1976,74.99890583333334
Ethiopia,1977,79.53592083333334
Ethiopia,1978,63.638675
Ethiopia,1979,63.1159
Ethiopia,1980,57.354965
Ethiopia,1981,65.5697325
Ethiopia,1982,76.505825
Ethiopia,1983,68.8719725
Ethiopia,1984,51.5669875
Ethiopia,1985,66.89665916666667
Ethiopia,1986,58.57456666666667
Ethiopia,1987,61.381130000000006
Ethiopia,1988,66.62221666666666
Ethiopia,1989,68.39090083333333
Ethiopia,1990,60.74928416666666
Ethiopia,1991,61.461241666666666
Ethiopia,1992,62.298075000000004
Ethiopia,1993,69.412765
Ethiopia,1994,68.00677583333334
Ethiopia,1995,59.38827916666667
Ethiopia,1996,69.913755
Ethiopia,1997,71.636735
Ethiopia,1998,70.78189583333334
Ethiopia,1999,60.030429166666664
Ethiopia,2000,72.25186333333333
Ethiopia,2001,63.033925
Ethiopia,2002,55.90164166666667
Ethiopia,2003,59.985085
Ethiopia,2004,66.174375
Ethiopia,2005,68.6986525
Ethiopia,2006,71.92779666666667
Ethiopia,2007,69.3120125
Ethiopia,2008,68.97347833333333
Ethiopia,2009,61.09595833333333
Ethiopia,2010,70.1289
Ethiopia,2011,66.62646916666667
Ethiopia,2012,71.04991666666668
Ethiopia,2013,80.35098833333333
Ethiopia,2014,77.04680833333333
Ethiopia,2015,66.90804166666668
Ethiopia,2016,76.94206
Faroe Islands,1901,127.29941666666667
Faroe Islands,1902,137.73804166666667
Faroe Islands,1903,163.65926666666667
Faroe Islands,1904,142.96554999999998
Faroe Islands,1905,128.78190833333335
Faroe Islands,1906,125.53119166666666
Faroe Islands,1907,113.225625
Faroe Islands,1908,138.06451666666666
Faroe Islands,1909,114.481475
Faroe Islands,1910,113.50333333333333
Faroe Islands,1911,119.33221666666667
Faroe Islands,1912,120.684275
Faroe Islands,1913,135.08111666666667
Faroe Islands,1914,122.452
Faroe Islands,1915,99.217675
Faroe Islands,1916,152.510025
Faroe Islands,1917,127.11144999999999
Faroe Islands,1918,124.12192499999999
Faroe Islands,1919,119.22244166666667
Faroe Islands,1920,141.44851666666668
Faroe Islands,1921,139.47021666666666
Faroe Islands,1922,151.2535
Faroe Islands,1923,155.78623333333334
Faroe Islands,1924,138.75160833333334
Faroe Islands,1925,139.816025
Faroe Islands,1926,147.713875
Faroe Islands,1927,124.47715833333335
Faroe Islands,1928,124.83965833333333
Faroe Islands,1929,138.53234166666667
Faroe Islands,1930,141.37630833333333
Faroe Islands,1931,144.21005
Faroe Islands,1932,129.498725
Faroe Islands,1933,108.25286666666666
Faroe Islands,1934,140.94714166666668
Faroe Islands,1935,132.96374166666666
Faroe Islands,1936,135.03306666666666
Faroe Islands,1937,136.718075
Faroe Islands,1938,143.33599166666667
Faroe Islands,1939,129.08641666666668
Faroe Islands,1940,132.318725
Faroe Islands,1941,111.43374999999999
Faroe Islands,1942,147.78010833333335
Faroe Islands,1943,162.17649166666666
Faroe Islands,1944,123.08176666666667
Faroe Islands,1945,123.46125833333333
Faroe Islands,1946,137.71714166666666
Faroe Islands,1947,126.24791666666665
Faroe Islands,1948,142.08255833333334
Faroe Islands,1949,152.556325
Faroe Islands,1950,156.8388833333333
Faroe Islands,1951,152.40395
Faroe Islands,1952,132.42184166666667
Faroe Islands,1953,148.57255
Faroe Islands,1954,148.78091666666668
Faroe Islands,1955,114.24994166666666
Faroe Islands,1956,124.97268333333334
Faroe Islands,1957,147.75064999999998
Faroe Islands,1958,129.14961666666667
Faroe Islands,1959,145.2628
Faroe Islands,1960,124.50850000000001
Faroe Islands,1961,129.664375
Faroe Islands,1962,148.37584999999999
Faroe Islands,1963,137.61231666666666
Faroe Islands,1964,135.81926666666666
Faroe Islands,1965,119.06077499999999
Faroe Islands,1966,128.33253333333334
Faroe Islands,1967,165.24994166666667
Faroe Islands,1968,112.0901
Faroe Islands,1969,117.52454999999999
Faroe Islands,1970,128.625425
Faroe Islands,1971,132.64456666666666
Faroe Islands,1972,116.32733333333334
Faroe Islands,1973,126.34814166666666
Faroe Islands,1974,127.90343333333334
Faroe Islands,1975,105.73688333333332
Faroe Islands,1976,112.24161666666667
Faroe Islands,1977,137.61359166666668
Faroe Islands,1978,128.947575
Faroe Islands,1979,131.81579166666668
Faroe Islands,1980,123.36298333333333
Faroe Islands,1981,124.09859999999999
Faroe Islands,1982,146.93580833333334
Faroe Islands,1983,136.53803333333335
Faroe Islands,1984,122.50655833333333
Faroe Islands,1985,125.44943333333333
Faroe Islands,1986,150.88525833333333
Faroe Islands,1987,129.952225
Faroe Islands,1988,148.29486666666668
Faroe Islands,1989,135.82635000000002
Faroe Islands,1990,145.595725
Faroe Islands,1991,126.55461666666667
Faroe Islands,1992,158.57841666666667
Faroe Islands,1993,131.50321666666665
Faroe Islands,1994,135.954425
Faroe Islands,1995,134.96913333333333
Faroe Islands,1996,129.616525
Faroe Islands,1997,142.06604166666668
Faroe Islands,1998,150.06458333333333
Faroe Islands,1999,155.00595
Faroe Islands,2000,140.04995833333334
Faroe Islands,2001,120.83690833333333
Faroe Islands,2002,128.18679166666666
Faroe Islands,2003,127.96523333333333
Faroe Islands,2004,155.87930833333334
Faroe Islands,2005,147.807075
Faroe Islands,2006,133.94656666666666
Faroe Islands,2007,160.72002666666666
Faroe Islands,2008,151.58325
Faroe Islands,2009,161.069075
Faroe Islands,2010,117.21310833333332
Faroe Islands,2011,216.44325
Faroe Islands,2012,151.59231666666668
Faroe Islands,2013,135.06474166666666
Faroe Islands,2014,140.54293333333334
Faroe Islands,2015,169.92411666666666
Faroe Islands,2016,116.04168333333332
Federated States Of Micronesia,1901,322.0543333333333
Federated States Of Micronesia,1902,320.48449999999997
Federated States Of Micronesia,1903,320.42966666666666
Federated States Of Micronesia,1904,321.15074999999996
Federated States Of Micronesia,1905,319.0054166666667
Federated States Of Micronesia,1906,319.2640833333333
Federated States Of Micronesia,1907,321.06466666666665
Federated States Of Micronesia,1908,320.08508333333333
Federated States Of Micronesia,1909,319.6284166666667
Federated States Of Micronesia,1910,318.0735833333333
Federated States Of Micronesia,1911,318.389
Federated States Of Micronesia,1912,317.85475
Federated States Of Micronesia,1913,316.96458333333334
Federated States Of Micronesia,1914,315.09275
Federated States Of Micronesia,1915,318.46841666666666
Federated States Of Micronesia,1916,323.43108333333333
Federated States Of Micronesia,1917,319.1829166666667
Federated States Of Micronesia,1918,319.33508333333333
Federated States Of Micronesia,1919,318.1323333333333
Federated States Of Micronesia,1920,321.2378333333333
Federated States Of Micronesia,1921,318.70266666666663
Federated States Of Micronesia,1922,318.94616666666667
Federated States Of Micronesia,1923,322.06258333333335
Federated States Of Micronesia,1924,318.3531666666667
Federated States Of Micronesia,1925,320.22583333333336
Federated States Of Micronesia,1926,320.26958333333334
Federated States Of Micronesia,1927,321.4699166666667
Federated States Of Micronesia,1928,380.7005
Federated States Of Micronesia,1929,356.8956666666666
Federated States Of Micronesia,1930,323.62525
Federated States Of Micronesia,1931,257.19778333333335
Federated States Of Micronesia,1932,322.86516666666665
Federated States Of Micronesia,1933,336.97825
Federated States Of Micronesia,1934,301.72908333333334
Federated States Of Micronesia,1935,341.65766666666667
Federated States Of Micronesia,1936,325.41455833333333
Federated States Of Micronesia,1937,314.08275
Federated States Of Micronesia,1938,371.18891666666667
Federated States Of Micronesia,1939,290.75891666666666
Federated States Of Micronesia,1940,330.34625
Federated States Of Micronesia,1941,350.8593333333333
Federated States Of Micronesia,1942,320.3265166666667
Federated States Of Micronesia,1943,354.39300000000003
Federated States Of Micronesia,1944,319.74208333333337
Federated States Of Micronesia,1945,319.74208333333337
Federated States Of Micronesia,1946,319.74208333333337
Federated States Of Micronesia,1947,319.74208333333337
Federated States Of Micronesia,1948,320.6625
Federated States Of Micronesia,1949,325.2225
Federated States Of Micronesia,1950,291.00758333333334
Federated States Of Micronesia,1951,343.35100000000006
Federated States Of Micronesia,1952,314.76534166666664
Federated States Of Micronesia,1953,327.1214166666667
Federated States Of Micronesia,1954,332.75691666666665
Federated States Of Micronesia,1955,376.3781666666667
Federated States Of Micronesia,1956,348.20758333333333
Federated States Of Micronesia,1957,297.75275
Federated States Of Micronesia,1958,340.2729166666667
Federated States Of Micronesia,1959,330.9485
Federated States Of Micronesia,1960,345.7498333333333
Federated States Of Micronesia,1961,347.7416666666666
Federated States Of Micronesia,1962,361.2645
Federated States Of Micronesia,1963,305.03091666666666
Federated States Of Micronesia,1964,292.53641666666664
Federated States Of Micronesia,1965,330.34833333333336
Federated States Of Micronesia,1966,295.27838333333335
Federated States Of Micronesia,1967,342.03275
Federated States Of Micronesia,1968,322.93958333333336
Federated States Of Micronesia,1969,333.6215833333333
Federated States Of Micronesia,1970,298.30858333333333
Federated States Of Micronesia,1971,345.2248333333334
Federated States Of Micronesia,1972,339.27833333333336
Federated States Of Micronesia,1973,282.28775833333333
Federated States Of Micronesia,1974,319.0221666666667
Federated States Of Micronesia,1975,329.9905
Federated States Of Micronesia,1976,388.24724999999995
Federated States Of Micronesia,1977,288.26475
Federated States Of Micronesia,1978,283.62333333333333
Federated States Of Micronesia,1979,335.18583333333333
Federated States Of Micronesia,1980,327.74358333333333
Federated States Of Micronesia,1981,314.8355833333333
Federated States Of Micronesia,1982,339.7088333333333
Federated States Of Micronesia,1983,250.70697499999997
Federated States Of Micronesia,1984,279.89725
Federated States Of Micronesia,1985,318.88525
Federated States Of Micronesia,1986,301.62075
Federated States Of Micronesia,1987,345.82675
Federated States Of Micronesia,1988,291.1864166666667
Federated States Of Micronesia,1989,361.67491666666666
Federated States Of Micronesia,1990,320.1463333333333
Federated States Of Micronesia,1991,376.84425000000005
Federated States Of Micronesia,1992,266.2124
Federated States Of Micronesia,1993,341.00283333333334
Federated States Of Micronesia,1994,285.59658333333334
Federated States Of Micronesia,1995,277.69233333333335
Federated States Of Micronesia,1996,296.57758333333334
Federated States Of Micronesia,1997,287.88741666666664
Federated States Of Micronesia,1998,236.42820833333334
Federated States Of Micronesia,1999,329.72741666666667
Federated States Of Micronesia,2000,335.46666666666664
Federated States Of Micronesia,2001,304.1238333333333
Federated States Of Micronesia,2002,316.72991666666667
Federated States Of Micronesia,2003,321.33625
Federated States Of Micronesia,2004,312.45266666666663
Federated States Of Micronesia,2005,320.64733333333334
Federated States Of Micronesia,2006,295.9805
Federated States Of Micronesia,2007,318.05575
Federated States Of Micronesia,2008,244.88859166666666
Federated States Of Micronesia,2009,224.852625
Federated States Of Micronesia,2010,266.5353416666667
Federated States Of Micronesia,2011,323.2500833333333
Federated States Of Micronesia,2012,293.174
Federated States Of Micronesia,2013,244.88941666666665
Federated States Of Micronesia,2014,319.871
Federated States Of Micronesia,2015,313.29583333333335
Federated States Of Micronesia,2016,305.91616666666664
Fiji,1901,239.81703333333334
Fiji,1902,199.37729166666668
Fiji,1903,163.79509166666665
Fiji,1904,230.964925
Fiji,1905,149.09164666666666
Fiji,1906,274.62944166666665
Fiji,1907,187.6588425
Fiji,1908,192.497525
Fiji,1909,197.47142499999998
Fiji,1910,228.69320833333333
Fiji,1911,243.67760833333332
Fiji,1912,226.65210000000002
Fiji,1913,239.13598333333334
Fiji,1914,257.466225
Fiji,1915,196.33287499999997
Fiji,1916,286.997875
Fiji,1917,301.41266666666667
Fiji,1918,196.45711666666668
Fiji,1919,262.12375
Fiji,1920,209.93359999999998
Fiji,1921,341.52752499999997
Fiji,1922,324.57570833333335
Fiji,1923,211.08021666666664
Fiji,1924,237.49272499999998
Fiji,1925,196.80695
Fiji,1926,192.95118333333335
Fiji,1927,293.56626666666665
Fiji,1928,224.48738333333336
Fiji,1929,292.56288333333333
Fiji,1930,208.89054166666665
Fiji,1931,237.81265833333336
Fiji,1932,233.50159166666666
Fiji,1933,300.78272499999997
Fiji,1934,253.33031666666668
Fiji,1935,309.0772083333333
Fiji,1936,233.257375
Fiji,1937,200.28199166666664
Fiji,1938,294.7891
Fiji,1939,286.81865833333336
Fiji,1940,208.27830833333334
Fiji,1941,213.73151666666664
Fiji,1942,180.36844166666666
Fiji,1943,211.9286216666667
Fiji,1944,198.14951666666664
Fiji,1945,229.11388416666668
Fiji,1946,234.05674166666668
Fiji,1947,228.98154166666666
Fiji,1948,252.34869166666667
Fiji,1949,271.5661416666667
Fiji,1950,274.7380166666667
Fiji,1951,209.02779166666664
Fiji,1952,235.08847500000002
Fiji,1953,228.5924
Fiji,1954,310.4691666666667
Fiji,1955,326.945275
Fiji,1956,285.038875
Fiji,1957,225.37140833333333
Fiji,1958,162.00563333333335
Fiji,1959,258.349025
Fiji,1960,275.897225
Fiji,1961,248.18471666666667
Fiji,1962,250.93469166666668
Fiji,1963,267.9502
Fiji,1964,255.39561666666668
Fiji,1965,210.87986666666666
Fiji,1966,179.08680833333332
Fiji,1967,195.702325
Fiji,1968,177.72678333333332
Fiji,1969,155.91623333333334
Fiji,1970,252.202675
Fiji,1971,272.70755
Fiji,1972,261.6958583333333
Fiji,1973,269.14508333333333
Fiji,1974,301.27125
Fiji,1975,304.996375
Fiji,1976,230.65739166666665
Fiji,1977,179.12284166666666
Fiji,1978,179.90508333333332
Fiji,1979,203.1602
Fiji,1980,226.18701666666666
Fiji,1981,233.2687
Fiji,1982,229.53665
Fiji,1983,174.67243333333332
Fiji,1984,202.08488333333332
Fiji,1985,258.0807916666667
Fiji,1986,229.2112666666667
Fiji,1987,147.95124166666668
Fiji,1988,222.58374166666667
Fiji,1989,232.37388333333334
Fiji,1990,216.45501666666667
Fiji,1991,176.9199583333333
Fiji,1992,167.09896666666666
Fiji,1993,233.719015
Fiji,1994,190.4154133333333
Fiji,1995,173.26262499999999
Fiji,1996,291.63074166666667
Fiji,1997,243.53729166666665
Fiji,1998,122.80258083333332
Fiji,1999,296.51770000000005
Fiji,2000,416.6405333333334
Fiji,2001,251.65875000000003
Fiji,2002,230.55589999999998
Fiji,2003,164.5259391666667
Fiji,2004,190.83405000000002
Fiji,2005,228.42090916666666
Fiji,2006,228.264225
Fiji,2007,323.15123666666665
Fiji,2008,297.04298083333333
Fiji,2009,227.94154166666667
Fiji,2010,201.65340916666665
Fiji,2011,353.408375
Fiji,2012,375.6220666666666
Fiji,2013,251.88030833333335
Fiji,2014,165.9406
Fiji,2015,135.80435833333334
Fiji,2016,295.26341666666667
Finland,1901,31.641791666666666
Finland,1902,45.06741
Finland,1903,46.10241666666667
Finland,1904,41.05115
Finland,1905,43.12070833333333
Finland,1906,40.03885833333333
Finland,1907,39.77379166666667
Finland,1908,33.27186666666667
Finland,1909,40.99165833333333
Finland,1910,40.82901666666667
Finland,1911,43.342391666666664
Finland,1912,43.81613333333333
Finland,1913,34.45970833333333
Finland,1914,36.59356666666667
Finland,1915,36.86564166666667
Finland,1916,40.704325000000004
Finland,1917,42.89709166666666
Finland,1918,38.433175
Finland,1919,39.88654416666667
Finland,1920,40.1009
Finland,1921,47.16285833333333
Finland,1922,42.88710833333334
Finland,1923,48.02889916666667
Finland,1924,43.68306666666667
Finland,1925,42.89650833333334
Finland,1926,38.75496666666667
Finland,1927,45.07095833333333
Finland,1928,45.88268333333334
Finland,1929,45.04390833333334
Finland,1930,40.11420833333333
Finland,1931,47.42339166666667
Finland,1932,50.86976666666666
Finland,1933,34.654316666666666
Finland,1934,48.53553333333334
Finland,1935,50.83016666666666
Finland,1936,43.02734166666667
Finland,1937,38.615649999999995
Finland,1938,43.867625000000004
Finland,1939,35.466791666666666
Finland,1940,39.19809166666666
Finland,1941,28.438058333333334
Finland,1942,38.766775
Finland,1943,46.74889166666666
Finland,1944,44.31258333333333
Finland,1945,38.05769166666666
Finland,1946,35.707475
Finland,1947,34.388416666666664
Finland,1948,43.49794166666667
Finland,1949,43.88005833333333
Finland,1950,40.01376666666667
Finland,1951,39.54259166666667
Finland,1952,45.03718333333333
Finland,1953,43.12605833333333
Finland,1954,49.839080833333334
Finland,1955,41.72460833333333
Finland,1956,35.502384166666666
Finland,1957,48.870375
Finland,1958,38.18096666666667
Finland,1959,37.01615833333333
Finland,1960,40.279725
Finland,1961,49.66958333333333
Finland,1962,47.19029166666667
Finland,1963,39.312325
Finland,1964,40.02434333333333
Finland,1965,43.93651666666667
Finland,1966,45.22238333333333
Finland,1967,47.60344166666667
Finland,1968,42.589275
Finland,1969,35.31919166666667
Finland,1970,42.202216666666665
Finland,1971,40.31665833333333
Finland,1972,40.997341666666664
Finland,1973,40.562691666666666
Finland,1974,53.839374166666666
Finland,1975,41.105291666666666
Finland,1976,34.15746666666667
Finland,1977,46.927975
Finland,1978,36.058795833333335
Finland,1979,45.526075
Finland,1980,40.226025
Finland,1981,55.853183333333334
Finland,1982,43.209966666666666
Finland,1983,49.72904166666667
Finland,1984,45.340075000000006
Finland,1985,44.22244166666667
Finland,1986,45.34307583333333
Finland,1987,44.58719
Finland,1988,47.30083333333334
Finland,1989,45.790725
Finland,1990,41.89861666666667
Finland,1991,47.09674166666667
Finland,1992,51.63415833333334
Finland,1993,42.440975
Finland,1994,42.173920833333334
Finland,1995,45.19529166666666
Finland,1996,43.35896666666667
Finland,1997,40.57910833333333
Finland,1998,55.15328333333333
Finland,1999,44.833425
Finland,2000,50.69518333333334
Finland,2001,45.93425
Finland,2002,39.42021666666667
Finland,2003,42.378683333333335
Finland,2004,51.846000000000004
Finland,2005,49.51647
Finland,2006,39.90721666666666
Finland,2007,50.35905833333334
Finland,2008,54.308883333333334
Finland,2009,42.614425000000004
Finland,2010,44.58228333333333
Finland,2011,50.869775000000004
Finland,2012,56.39219166666667
Finland,2013,42.472591666666666
Finland,2014,43.289674999999995
Finland,2015,50.03004166666667
Finland,2016,52.059850000000004
France,1901,67.05616666666667
France,1902,63.572
France,1903,66.40890833333333
France,1904,56.482241666666674
France,1905,65.98385
France,1906,60.73634166666667
France,1907,67.976175
France,1908,58.589125
France,1909,68.50400833333333
France,1910,88.51751666666667
France,1911,62.803041666666665
France,1912,70.57829166666666
France,1913,71.94624166666667
France,1914,75.8822
France,1915,74.97289166666667
France,1916,77.4269
France,1917,69.76421666666667
France,1918,64.35619166666667
France,1919,72.13521666666666
France,1920,64.18993333333334
France,1921,43.00825833333334
France,1922,75.79329166666668
France,1923,73.81541666666666
France,1924,65.69808333333333
France,1925,69.76216666666666
France,1926,71.56601666666667
France,1927,76.96901666666666
France,1928,72.55679166666667
France,1929,57.73788416666667
France,1930,86.7063
France,1931,73.61773333333333
France,1932,73.93275833333333
France,1933,61.605875
France,1934,66.00170833333333
France,1935,78.57085833333333
France,1936,74.42991666666667
France,1937,76.6507
France,1938,60.95827499999999
France,1939,80.04185
France,1940,74.26248333333334
France,1941,73.70735833333333
France,1942,64.06095833333333
France,1943,62.09574166666667
France,1944,65.668475
France,1945,53.301275000000004
France,1946,62.04270833333334
France,1947,61.8938
France,1948,64.33305
France,1949,52.87640833333333
France,1950,66.50853333333333
France,1951,82.88951666666667
France,1952,74.46656666666667
France,1953,49.870845
France,1954,66.03208333333333
France,1955,66.27872833333333
France,1956,64.59738333333333
France,1957,64.51711666666667
France,1958,78.79695833333334
France,1959,68.367625
France,1960,86.64475833333334
France,1961,64.56563083333333
France,1962,63.12186666666667
France,1963,72.96326666666667
France,1964,60.11426666666667
France,1965,82.42937500000001
France,1966,79.07668333333334
France,1967,60.45782499999999
France,1968,76.077225
France,1969,69.99920833333333
France,1970,68.06869166666667
France,1971,64.71489166666667
France,1972,70.70685
France,1973,58.94784166666667
France,1974,74.031825
France,1975,67.94170833333332
France,1976,62.276833333333336
France,1977,84.2782
France,1978,68.35005833333334
France,1979,82.1632
France,1980,69.80579999999999
France,1981,79.98821666666667
France,1982,75.870025
France,1983,68.83681666666666
France,1984,75.99998333333333
France,1985,59.441808333333334
France,1986,72.50506666666666
France,1987,74.40588333333334
France,1988,76.77731666666666
France,1989,55.45976666666667
France,1990,63.71246666666667
France,1991,59.129025000000006
France,1992,72.88495833333333
France,1993,74.29596666666667
France,1994,79.627775
France,1995,72.82951666666666
France,1996,70.70507500000001
France,1997,66.08849166666667
France,1998,67.68672500000001
France,1999,82.339075
France,2000,79.69064999999999
France,2001,74.825625
France,2002,78.31677499999999
France,2003,59.794075
France,2004,65.65230000000001
France,2005,56.166666666666664
France,2006,68.37119166666666
France,2007,69.71705833333333
France,2008,77.79785833333334
France,2009,66.50951666666667
France,2010,69.48429166666666
France,2011,59.784
France,2012,72.03486666666667
France,2013,78.36311666666667
France,2014,76.77444166666668
France,2015,58.44833333333333
France,2016,67.98076666666667
Gabon,1901,143.07631666666666
Gabon,1902,139.54754166666666
Gabon,1903,153.786025
Gabon,1904,137.09877
Gabon,1905,140.58624166666667
Gabon,1906,121.10433166666667
Gabon,1907,141.23582583333334
Gabon,1908,149.67042166666667
Gabon,1909,164.94938916666666
Gabon,1910,134.209525
Gabon,1911,134.58413166666665
Gabon,1912,154.8427
Gabon,1913,112.63828083333334
Gabon,1914,126.99541833333335
Gabon,1915,140.66885833333333
Gabon,1916,166.64741666666666
Gabon,1917,139.09138416666667
Gabon,1918,130.37039166666668
Gabon,1919,131.75656666666666
Gabon,1920,148.397975
Gabon,1921,148.431075
Gabon,1922,154.82172166666666
Gabon,1923,157.40635916666665
Gabon,1924,150.83096
Gabon,1925,151.63923250000002
Gabon,1926,166.78223333333332
Gabon,1927,159.59130000000002
Gabon,1928,162.22909416666667
Gabon,1929,156.65338333333332
Gabon,1930,141.159625
Gabon,1931,141.00858583333334
Gabon,1932,134.92149333333333
Gabon,1933,167.2920083333333
Gabon,1934,168.05209166666666
Gabon,1935,162.55125833333332
Gabon,1936,133.12858416666666
Gabon,1937,149.25900833333333
Gabon,1938,142.8704075
Gabon,1939,163.70374083333334
Gabon,1940,138.3985625
Gabon,1941,124.42981250000001
Gabon,1942,127.73035
Gabon,1943,137.82334666666665
Gabon,1944,174.69411166666666
Gabon,1945,156.86500833333335
Gabon,1946,148.97584500000002
Gabon,1947,179.0332341666667
Gabon,1948,157.94763916666668
Gabon,1949,160.39330833333335
Gabon,1950,164.1719525
Gabon,1951,163.5490333333333
Gabon,1952,175.65837833333333
Gabon,1953,146.19070833333333
Gabon,1954,158.09847166666665
Gabon,1955,170.31277833333334
Gabon,1956,147.45287499999998
Gabon,1957,159.07833333333335
Gabon,1958,122.12705833333332
Gabon,1959,169.5406416666667
Gabon,1960,173.532
Gabon,1961,171.8653375
Gabon,1962,168.06965916666667
Gabon,1963,165.103925
Gabon,1964,144.92583666666667
Gabon,1965,143.00615333333334
Gabon,1966,159.68939666666668
Gabon,1967,147.67286916666666
Gabon,1968,148.2149875
Gabon,1969,147.79438333333334
Gabon,1970,172.01399166666667
Gabon,1971,144.03627083333333
Gabon,1972,140.04370833333334
Gabon,1973,152.16032666666666
Gabon,1974,145.80284
Gabon,1975,155.8637441666667
Gabon,1976,161.56744666666665
Gabon,1977,162.84564666666668
Gabon,1978,127.77459916666668
Gabon,1979,145.840575
Gabon,1980,153.5081
Gabon,1981,145.47678583333334
Gabon,1982,144.464835
Gabon,1983,108.91821666666665
Gabon,1984,163.09993333333333
Gabon,1985,162.90426666666667
Gabon,1986,145.2452375
Gabon,1987,141.45694166666667
Gabon,1988,171.7320275
Gabon,1989,156.18134999999998
Gabon,1990,159.71980833333333
Gabon,1991,146.22196666666667
Gabon,1992,137.0217875
Gabon,1993,140.32522500000002
Gabon,1994,158.84293333333332
Gabon,1995,149.37636666666666
Gabon,1996,147.47176666666667
Gabon,1997,147.39935749999998
Gabon,1998,159.77677
Gabon,1999,170.99806666666666
Gabon,2000,156.70345833333332
Gabon,2001,142.68228
Gabon,2002,164.03453333333334
Gabon,2003,150.19611666666665
Gabon,2004,136.0589
Gabon,2005,129.08939999999998
Gabon,2006,142.86612666666667
Gabon,2007,187.28778333333332
Gabon,2008,159.20551666666668
Gabon,2009,155.71882583333334
Gabon,2010,151.91009166666666
Gabon,2011,151.98618333333334
Gabon,2012,165.22519083333333
Gabon,2013,157.47659166666668
Gabon,2014,152.502205
Gabon,2015,122.66192416666667
Gabon,2016,147.67313333333334
Gambia,1901,106.15439916666666
Gambia,1902,69.192555
Gambia,1903,87.36159583333334
Gambia,1904,87.50479333333334
Gambia,1905,102.54169999999999
Gambia,1906,126.1169775
Gambia,1907,73.25666333333335
Gambia,1908,94.40822916666667
Gambia,1909,98.27715916666666
Gambia,1910,92.13132083333333
Gambia,1911,74.45999583333334
Gambia,1912,75.808075
Gambia,1913,61.90561416666666
Gambia,1914,105.01865166666666
Gambia,1915,100.99676083333333
Gambia,1916,96.76107416666666
Gambia,1917,92.33652666666666
Gambia,1918,115.51027750000002
Gambia,1919,87.44086333333333
Gambia,1920,93.87065583333333
Gambia,1921,87.99344166666667
Gambia,1922,95.38096999999999
Gambia,1923,87.8208975
Gambia,1924,107.3050325
Gambia,1925,95.5609525
Gambia,1926,84.92437583333334
Gambia,1927,125.52392583333334
Gambia,1928,109.52312
Gambia,1929,106.79686
Gambia,1930,91.33214166666666
Gambia,1931,77.61379166666667
Gambia,1932,100.41046666666666
Gambia,1933,114.14643333333333
Gambia,1934,87.70918083333333
Gambia,1935,114.51058583333332
Gambia,1936,121.57795416666669
Gambia,1937,92.16294749999999
Gambia,1938,99.60633333333334
Gambia,1939,93.32269166666667
Gambia,1940,96.8208075
Gambia,1941,70.59798166666667
Gambia,1942,91.15336333333333
Gambia,1943,107.52828666666666
Gambia,1944,82.90943583333333
Gambia,1945,90.22102083333334
Gambia,1946,97.91143916666665
Gambia,1947,93.06493833333333
Gambia,1948,88.02971666666667
Gambia,1949,85.17371583333333
Gambia,1950,126.33088166666666
Gambia,1951,112.97900083333333
Gambia,1952,113.44667249999999
Gambia,1953,102.70945666666667
Gambia,1954,105.02176666666666
Gambia,1955,113.9026075
Gambia,1956,102.67281083333334
Gambia,1957,106.64994250000001
Gambia,1958,115.093585
Gambia,1959,85.946025
Gambia,1960,93.961485
Gambia,1961,98.51417166666666
Gambia,1962,87.84928083333334
Gambia,1963,90.11718583333334
Gambia,1964,101.01101833333333
Gambia,1965,102.17988416666667
Gambia,1966,101.38375833333333
Gambia,1967,108.44382
Gambia,1968,60.318675000000006
Gambia,1969,104.92946333333333
Gambia,1970,72.2320175
Gambia,1971,82.29392
Gambia,1972,59.52901833333333
Gambia,1973,69.49039416666666
Gambia,1974,77.34510083333333
Gambia,1975,98.85658583333333
Gambia,1976,82.773105
Gambia,1977,60.526174166666664
Gambia,1978,93.761745
Gambia,1979,79.86990916666666
Gambia,1980,59.327509166666665
Gambia,1981,77.73704083333332
Gambia,1982,68.14348916666667
Gambia,1983,52.65779333333333
Gambia,1984,68.712945
Gambia,1985,73.07456833333333
Gambia,1986,77.09700916666667
Gambia,1987,80.01016
Gambia,1988,89.64298666666667
Gambia,1989,85.37367
Gambia,1990,63.4470275
Gambia,1991,67.35947833333333
Gambia,1992,76.52945416666667
Gambia,1993,75.77763083333333
Gambia,1994,88.71628583333334
Gambia,1995,78.44584333333333
Gambia,1996,71.50086916666667
Gambia,1997,74.49509083333332
Gambia,1998,73.49779666666667
Gambia,1999,103.31917666666668
Gambia,2000,82.43684416666666
Gambia,2001,74.77541666666666
Gambia,2002,56.58548916666667
Gambia,2003,90.77308833333335
Gambia,2004,72.2310875
Gambia,2005,98.92999916666668
Gambia,2006,85.89930083333333
Gambia,2007,75.314025
Gambia,2008,97.38843750000001
Gambia,2009,90.3408925
Gambia,2010,98.95727
Gambia,2011,74.16249499999999
Gambia,2012,93.59818833333333
Gambia,2013,88.53074249999999
Gambia,2014,78.00280916666667
Gambia,2015,86.11946083333333
Gambia,2016,86.53682250000001
Georgia,1901,82.04366666666667
Georgia,1902,79.89415000000001
Georgia,1903,76.53545
Georgia,1904,79.230525
Georgia,1905,74.03225
Georgia,1906,78.39731666666667
Georgia,1907,71.72108333333334
Georgia,1908,68.88618333333334
Georgia,1909,65.97423333333333
Georgia,1910,65.13884166666666
Georgia,1911,64.49791666666667
Georgia,1912,79.34714166666667
Georgia,1913,66.53100833333333
Georgia,1914,82.27734166666666
Georgia,1915,92.318325
Georgia,1916,63.69818333333333
Georgia,1917,67.75820833333334
Georgia,1918,63.580758333333335
Georgia,1919,85.77781666666665
Georgia,1920,83.77555833333334
Georgia,1921,74.128075
Georgia,1922,87.56400833333333
Georgia,1923,72.028275
Georgia,1924,67.80489166666668
Georgia,1925,65.93316583333333
Georgia,1926,78.67284166666667
Georgia,1927,80.14729166666667
Georgia,1928,72.23895
Georgia,1929,62.595850000000006
Georgia,1930,72.55224166666666
Georgia,1931,87.17634166666666
Georgia,1932,74.42688333333334
Georgia,1933,81.11140833333333
Georgia,1934,67.45806666666667
Georgia,1935,62.65998333333334
Georgia,1936,96.91959166666668
Georgia,1937,75.09910833333333
Georgia,1938,72.20320833333334
Georgia,1939,94.32578333333333
Georgia,1940,85.37605
Georgia,1941,81.18604166666667
Georgia,1942,75.08639166666667
Georgia,1943,71.6144
Georgia,1944,76.88519166666667
Georgia,1945,75.578875
Georgia,1946,80.78678333333333
Georgia,1947,71.43595
Georgia,1948,78.448425
Georgia,1949,65.94136666666667
Georgia,1950,77.53040833333334
Georgia,1951,87.70595833333334
Georgia,1952,68.84835
Georgia,1953,83.78361666666667
Georgia,1954,67.18573333333333
Georgia,1955,83.00273333333332
Georgia,1956,85.18976666666667
Georgia,1957,63.34871666666667
Georgia,1958,82.29079166666666
Georgia,1959,87.5605
Georgia,1960,78.14149166666667
Georgia,1961,74.76485833333334
Georgia,1962,69.99163333333333
Georgia,1963,99.32224166666667
Georgia,1964,75.57885833333333
Georgia,1965,70.75004166666666
Georgia,1966,69.88671666666666
Georgia,1967,87.69491666666666
Georgia,1968,79.72355833333333
Georgia,1969,65.91594166666667
Georgia,1970,79.13003333333333
Georgia,1971,78.15659166666667
Georgia,1972,76.56714166666667
Georgia,1973,73.93920833333333
Georgia,1974,67.28867166666667
Georgia,1975,77.11909166666666
Georgia,1976,75.503975
Georgia,1977,78.84749166666667
Georgia,1978,83.75808333333333
Georgia,1979,73.26385833333333
Georgia,1980,75.016475
Georgia,1981,77.54589166666666
Georgia,1982,81.734425
Georgia,1983,83.359325
Georgia,1984,66.39701666666666
Georgia,1985,71.48920833333334
Georgia,1986,67.85905000000001
Georgia,1987,85.168625
Georgia,1988,93.96615000000001
Georgia,1989,76.97248333333333
Georgia,1990,71.63211666666666
Georgia,1991,67.6379
Georgia,1992,92.28341666666667
Georgia,1993,75.41858333333333
Georgia,1994,66.05135833333334
Georgia,1995,76.962925
Georgia,1996,71.737825
Georgia,1997,76.89578333333334
Georgia,1998,70.00461666666666
Georgia,1999,71.74743333333333
Georgia,2000,64.20235833333334
Georgia,2001,78.93765
Georgia,2002,92.63704166666666
Georgia,2003,83.76939166666666
Georgia,2004,87.84198333333332
Georgia,2005,88.508975
Georgia,2006,78.72253333333333
Georgia,2007,83.6831
Georgia,2008,69.06802499999999
Georgia,2009,93.89337499999999
Georgia,2010,80.75134166666668
Georgia,2011,86.83024999999999
Georgia,2012,69.916275
Georgia,2013,77.97875
Georgia,2014,74.3599
Georgia,2015,74.85288333333334
Georgia,2016,90.63504166666667
Germany,1901,55.73378333333333
Germany,1902,54.86551666666667
Germany,1903,58.22039166666667
Germany,1904,51.45668333333333
Germany,1905,59.453925
Germany,1906,58.53
Germany,1907,52.56405833333333
Germany,1908,51.34482333333333
Germany,1909,59.939416666666666
Germany,1910,65.2979
Germany,1911,45.44515833333333
Germany,1912,64.293625
Germany,1913,56.39029166666666
Germany,1914,62.471275
Germany,1915,60.10818333333333
Germany,1916,65.68101666666666
Germany,1917,55.074575
Germany,1918,57.746375
Germany,1919,58.33275833333334
Germany,1920,54.51853583333334
Germany,1921,43.92102500000001
Germany,1922,67.84274166666667
Germany,1923,60.05789166666667
Germany,1924,57.93794166666667
Germany,1925,59.605533333333334
Germany,1926,64.48921666666666
Germany,1927,65.51746666666666
Germany,1928,56.5462
Germany,1929,48.76741666666667
Germany,1930,66.27115833333333
Germany,1931,65.93929166666666
Germany,1932,54.10490000000001
Germany,1933,49.99239166666667
Germany,1934,50.39635833333333
Germany,1935,61.03673333333333
Germany,1936,61.027141666666665
Germany,1937,59.73310833333333
Germany,1938,55.08198333333333
Germany,1939,69.811425
Germany,1940,63.75539166666667
Germany,1941,62.668258333333334
Germany,1942,51.667775
Germany,1943,47.686475
Germany,1944,64.33156666666666
Germany,1945,59.6437
Germany,1946,57.81925833333333
Germany,1947,51.73173333333333
Germany,1948,56.199983333333336
Germany,1949,50.68594166666667
Germany,1950,65.02855
Germany,1951,58.644733333333335
Germany,1952,62.038941666666666
Germany,1953,46.532783333333334
Germany,1954,65.48265833333333
Germany,1955,58.488475
Germany,1956,61.869341666666664
Germany,1957,58.77420833333333
Germany,1958,66.53065
Germany,1959,43.64863166666667
Germany,1960,66.256325
Germany,1961,63.78345833333333
Germany,1962,53.910041666666665
Germany,1963,51.93225833333333
Germany,1964,50.040825000000005
Germany,1965,73.404175
Germany,1966,73.52860833333334
Germany,1967,62.67585
Germany,1968,63.26749166666667
Germany,1969,54.53005833333333
Germany,1970,66.825225
Germany,1971,46.15983333333333
Germany,1972,51.28205833333333
Germany,1973,53.203525000000006
Germany,1974,65.13908333333333
Germany,1975,51.949999999999996
Germany,1976,45.18666666666667
Germany,1977,62.42048333333333
Germany,1978,59.32568333333333
Germany,1979,62.673783333333326
Germany,1980,63.101391666666665
Germany,1981,73.80835833333333
Germany,1982,53.701150000000005
Germany,1983,59.599525
Germany,1984,61.105716666666666
Germany,1985,55.86844166666666
Germany,1986,63.39844166666666
Germany,1987,67.465875
Germany,1988,65.53795000000001
Germany,1989,52.07505833333334
Germany,1990,60.08323333333333
Germany,1991,49.83033333333333
Germany,1992,60.089625000000005
Germany,1993,64.6592
Germany,1994,65.15741666666666
Germany,1995,63.812324999999994
Germany,1996,50.419536666666666
Germany,1997,53.95753583333333
Germany,1998,66.25845
Germany,1999,62.98430833333333
Germany,2000,62.053200000000004
Germany,2001,66.875475
Germany,2002,74.047725
Germany,2003,46.61606666666666
Germany,2004,59.65555833333334
Germany,2005,58.170291666666664
Germany,2006,57.00718333333333
Germany,2007,72.53326416666667
Germany,2008,59.19665
Germany,2009,61.524875
Germany,2010,64.00686666666667
Germany,2011,55.11251083333334
Germany,2012,59.215275
Germany,2013,60.688433333333336
Germany,2014,58.25288333333333
Germany,2015,53.888650000000005
Germany,2016,57.91524166666667
Ghana,1901,103.4563
Ghana,1902,96.54910416666667
Ghana,1903,81.62825833333333
Ghana,1904,77.444635
Ghana,1905,89.94377333333334
Ghana,1906,102.206225
Ghana,1907,87.42639333333334
Ghana,1908,99.68603333333334
Ghana,1909,111.04761666666667
Ghana,1910,117.01588
Ghana,1911,102.83877666666666
Ghana,1912,84.91838583333333
Ghana,1913,95.862555
Ghana,1914,87.96336166666667
Ghana,1915,99.272735
Ghana,1916,110.30595416666667
Ghana,1917,127.11614166666668
Ghana,1918,102.8123
Ghana,1919,88.06303166666667
Ghana,1920,83.27857416666667
Ghana,1921,108.80199416666666
Ghana,1922,94.86111666666666
Ghana,1923,96.00321666666667
Ghana,1924,97.765425
Ghana,1925,109.51055583333334
Ghana,1926,95.3825725
Ghana,1927,98.14314583333334
Ghana,1928,100.14279416666666
Ghana,1929,113.650575
Ghana,1930,104.2892675
Ghana,1931,108.33644166666666
Ghana,1932,95.92764249999999
Ghana,1933,114.292125
Ghana,1934,108.59361333333334
Ghana,1935,108.08335833333332
Ghana,1936,95.30639666666667
Ghana,1937,92.63723083333333
Ghana,1938,99.34374583333334
Ghana,1939,102.27803333333333
Ghana,1940,98.64495
Ghana,1941,107.4643
Ghana,1942,96.5722
Ghana,1943,104.52756416666666
Ghana,1944,102.02836666666667
Ghana,1945,95.83645
Ghana,1946,86.10918333333332
Ghana,1947,112.51169916666667
Ghana,1948,90.55961416666666
Ghana,1949,107.81016749999999
Ghana,1950,82.62058666666667
Ghana,1951,113.600635
Ghana,1952,110.63321666666667
Ghana,1953,99.37944
Ghana,1954,103.84656666666666
Ghana,1955,114.19782500000001
Ghana,1956,95.22915416666666
Ghana,1957,119.36131083333333
Ghana,1958,83.38209166666667
Ghana,1959,104.094725
Ghana,1960,110.82187499999999
Ghana,1961,89.56726666666667
Ghana,1962,117.00149916666668
Ghana,1963,134.23375000000001
Ghana,1964,97.82980833333333
Ghana,1965,104.42258083333333
Ghana,1966,100.82199666666666
Ghana,1967,93.91872166666667
Ghana,1968,142.44640833333332
Ghana,1969,100.56947416666667
Ghana,1970,89.26770666666665
Ghana,1971,101.96580083333333
Ghana,1972,94.9228725
Ghana,1973,95.4448375
Ghana,1974,102.47697666666666
Ghana,1975,98.02929083333333
Ghana,1976,93.12552416666666
Ghana,1977,79.78280833333334
Ghana,1978,94.91027833333334
Ghana,1979,114.08792833333332
Ghana,1980,100.04386166666667
Ghana,1981,93.21062416666666
Ghana,1982,88.12449
Ghana,1983,68.86288333333333
Ghana,1984,101.60388083333333
Ghana,1985,99.80945416666667
Ghana,1986,89.26601333333333
Ghana,1987,99.02740916666666
Ghana,1988,95.62036416666666
Ghana,1989,108.52663583333333
Ghana,1990,84.90023416666666
Ghana,1991,107.09805416666666
Ghana,1992,77.9049775
Ghana,1993,90.01763916666665
Ghana,1994,92.96398916666668
Ghana,1995,97.41021333333333
Ghana,1996,99.33871416666666
Ghana,1997,99.37421666666665
Ghana,1998,82.481325
Ghana,1999,107.36049833333334
Ghana,2000,87.76941916666665
Ghana,2001,85.02771249999999
Ghana,2002,99.3386775
Ghana,2003,102.39202499999999
Ghana,2004,93.90345833333333
Ghana,2005,92.44719416666668
Ghana,2006,92.26788499999999
Ghana,2007,107.98864166666668
Ghana,2008,110.55422916666667
Ghana,2009,102.18545666666667
Ghana,2010,106.151525
Ghana,2011,94.17232416666667
Ghana,2012,100.40171666666667
Ghana,2013,89.19465000000001
Ghana,2014,98.9690125
Ghana,2015,82.53579416666666
Ghana,2016,98.18907333333334
Greece,1901,63.625233333333334
Greece,1902,49.2936075
Greece,1903,49.993599999999994
Greece,1904,56.55808833333333
Greece,1905,54.30275833333334
Greece,1906,63.348617499999996
Greece,1907,50.185035
Greece,1908,52.22255166666667
Greece,1909,60.203075000000005
Greece,1910,63.668866666666666
Greece,1911,55.213766666666665
Greece,1912,59.48426166666667
Greece,1913,50.54416666666666
Greece,1914,63.24
Greece,1915,66.59115
Greece,1916,54.31319166666666
Greece,1917,57.00186583333333
Greece,1918,64.55411583333333
Greece,1919,73.28291666666667
Greece,1920,65.96810666666667
Greece,1921,59.723839999999996
Greece,1922,53.59217666666667
Greece,1923,61.74175833333334
Greece,1924,57.71200166666667
Greece,1925,51.31158416666667
Greece,1926,48.10596666666667
Greece,1927,55.0001225
Greece,1928,64.56636333333333
Greece,1929,58.2869675
Greece,1930,67.67382500000001
Greece,1931,65.9768525
Greece,1932,41.719519999999996
Greece,1933,57.77710833333333
Greece,1934,54.0232825
Greece,1935,58.257090833333336
Greece,1936,69.98440833333333
Greece,1937,70.89701666666666
Greece,1938,60.75579583333333
Greece,1939,71.31643000000001
Greece,1940,71.33461666666666
Greece,1941,50.73358666666667
Greece,1942,57.66575583333333
Greece,1943,51.45433666666667
Greece,1944,64.49323333333332
Greece,1945,53.830018333333335
Greece,1946,55.673563333333334
Greece,1947,52.492916666666666
Greece,1948,45.592239166666666
Greece,1949,57.28856666666667
Greece,1950,56.06238999999999
Greece,1951,65.73664166666667
Greece,1952,58.59347666666667
Greece,1953,55.28209999999999
Greece,1954,68.53601833333333
Greece,1955,66.08024166666667
Greece,1956,61.650997499999995
Greece,1957,53.40320833333333
Greece,1958,52.217420000000004
Greece,1959,57.83215833333333
Greece,1960,63.1138675
Greece,1961,49.25557666666666
Greece,1962,72.38980166666666
Greece,1963,63.478633333333335
Greece,1964,50.472555
Greece,1965,52.54623083333333
Greece,1966,62.94649166666667
Greece,1967,50.53643333333333
Greece,1968,63.4716875
Greece,1969,56.37896
Greece,1970,49.62968333333333
Greece,1971,58.99719166666667
Greece,1972,59.606950000000005
Greece,1973,57.796150000000004
Greece,1974,56.239157500000005
Greece,1975,52.109541666666665
Greece,1976,60.580175
Greece,1977,38.565558333333335
Greece,1978,60.973554166666666
Greece,1979,65.76756666666667
Greece,1980,62.34429166666666
Greece,1981,57.76433333333333
Greece,1982,59.36610833333333
Greece,1983,52.820883333333335
Greece,1984,49.00853916666667
Greece,1985,47.44143833333334
Greece,1986,50.66659666666666
Greece,1987,58.00895833333333
Greece,1988,51.492642499999995
Greece,1989,36.33050583333333
Greece,1990,44.184045833333336
Greece,1991,51.913241666666664
Greece,1992,39.906890833333335
Greece,1993,42.9066125
Greece,1994,57.6526825
Greece,1995,54.06601666666666
Greece,1996,58.62519833333334
Greece,1997,48.58696916666667
Greece,1998,52.51025416666667
Greece,1999,53.44840833333333
Greece,2000,33.53567666666667
Greece,2001,46.0781775
Greece,2002,64.87773333333332
Greece,2003,57.27730833333334
Greece,2004,49.98770833333333
Greece,2005,56.622325
Greece,2006,56.39378333333334
Greece,2007,53.041378333333334
Greece,2008,44.67422416666667
Greece,2009,70.61851666666666
Greece,2010,57.0458275
Greece,2011,48.839846666666666
Greece,2012,56.914485000000006
Greece,2013,51.839872500000006
Greece,2014,72.14813333333333
Greece,2015,58.85198666666667
Greece,2016,53.8624675
Greenland,1901,45.90203333333333
Greenland,1902,40.37956666666667
Greenland,1903,37.77396666666667
Greenland,1904,37.4808
Greenland,1905,40.56534166666666
Greenland,1906,39.11613333333333
Greenland,1907,37.104791666666664
Greenland,1908,43.020174999999995
Greenland,1909,37.79835
Greenland,1910,36.25490833333333
Greenland,1911,40.21041666666667
Greenland,1912,40.1242
Greenland,1913,39.224399999999996
Greenland,1914,38.65285
Greenland,1915,40.916275
Greenland,1916,43.30446666666666
Greenland,1917,44.01119166666666
Greenland,1918,39.307
Greenland,1919,41.050958333333334
Greenland,1920,40.14084166666667
Greenland,1921,41.066858333333336
Greenland,1922,42.12598333333333
Greenland,1923,41.79515
Greenland,1924,37.30526666666667
Greenland,1925,41.34234166666666
Greenland,1926,38.11134166666667
Greenland,1927,36.66453333333333
Greenland,1928,37.087475000000005
Greenland,1929,37.779241666666664
Greenland,1930,37.585316666666664
Greenland,1931,37.281616666666665
Greenland,1932,42.733533333333334
Greenland,1933,38.48699166666667
Greenland,1934,35.30903333333333
Greenland,1935,34.69251666666667
Greenland,1936,40.423766666666666
Greenland,1937,35.467375
Greenland,1938,38.86604166666667
Greenland,1939,38.17138333333333
Greenland,1940,40.14155
Greenland,1941,38.43098333333334
Greenland,1942,42.911458333333336
Greenland,1943,36.94723333333334
Greenland,1944,43.47443333333334
Greenland,1945,44.38091666666667
Greenland,1946,39.800333333333334
Greenland,1947,37.82326666666667
Greenland,1948,44.218358333333335
Greenland,1949,41.69040833333333
Greenland,1950,35.45950833333333
Greenland,1951,33.08754166666667
Greenland,1952,37.9694
Greenland,1953,41.67265833333334
Greenland,1954,40.82568333333333
Greenland,1955,40.46791666666667
Greenland,1956,40.26775
Greenland,1957,39.74200833333334
Greenland,1958,40.53520833333334
Greenland,1959,42.64799166666666
Greenland,1960,37.908791666666666
Greenland,1961,38.79484166666666
Greenland,1962,36.09723333333333
Greenland,1963,37.89519166666667
Greenland,1964,44.17774166666666
Greenland,1965,36.52334166666667
Greenland,1966,36.54779166666666
Greenland,1967,41.89519166666667
Greenland,1968,40.378816666666665
Greenland,1969,43.34115
Greenland,1970,46.400241666666666
Greenland,1971,40.13701666666667
Greenland,1972,47.879825000000004
Greenland,1973,41.81698333333333
Greenland,1974,44.686225
Greenland,1975,44.25129999999999
Greenland,1976,48.54415
Greenland,1977,40.922075
Greenland,1978,41.3015
Greenland,1979,45.41758333333333
Greenland,1980,42.519825000000004
Greenland,1981,39.02769166666666
Greenland,1982,40.4311
Greenland,1983,43.73631666666666
Greenland,1984,45.4159
Greenland,1985,31.383866666666666
Greenland,1986,39.41623333333333
Greenland,1987,41.751958333333334
Greenland,1988,42.341341666666665
Greenland,1989,42.41210833333333
Greenland,1990,48.487975
Greenland,1991,45.35085
Greenland,1992,46.121633333333335
Greenland,1993,43.68995833333333
Greenland,1994,41.988591666666665
Greenland,1995,38.729441666666666
Greenland,1996,50.3046
Greenland,1997,47.99919166666667
Greenland,1998,43.453133333333334
Greenland,1999,48.06871666666667
Greenland,2000,42.302591666666665
Greenland,2001,42.26049166666667
Greenland,2002,42.32855
Greenland,2003,42.6434
Greenland,2004,44.723816666666664
Greenland,2005,47.066775
Greenland,2006,40.46844166666667
Greenland,2007,42.253225
Greenland,2008,45.83935833333334
Greenland,2009,40.5608
Greenland,2010,35.80709166666667
Greenland,2011,42.78590833333333
Greenland,2012,49.46023333333333
Greenland,2013,51.985391666666665
Greenland,2014,50.85896666666667
Greenland,2015,55.45464166666667
Greenland,2016,50.16973333333333
Grenada,1901,127.87691666666667
Grenada,1902,144.86715
Grenada,1903,135.95638333333332
Grenada,1904,112.43035833333333
Grenada,1905,117.0663
Grenada,1906,129.28163333333333
Grenada,1907,104.41000833333334
Grenada,1908,102.92705833333333
Grenada,1909,127.87691666666667
Grenada,1910,118.77385500000001
Grenada,1911,127.87691666666667
Grenada,1912,127.87691666666667
Grenada,1913,127.87691666666667
Grenada,1914,127.87691666666667
Grenada,1915,127.87691666666667
Grenada,1916,127.87691666666667
Grenada,1917,127.87691666666667
Grenada,1918,127.87691666666667
Grenada,1919,127.87691666666667
Grenada,1920,127.87691666666667
Grenada,1921,155.34378333333333
Grenada,1922,112.03039166666667
Grenada,1923,135.64343333333332
Grenada,1924,83.25118333333334
Grenada,1925,87.9990825
Grenada,1926,97.48890833333333
Grenada,1927,123.594675
Grenada,1928,105.2317
Grenada,1929,116.57010000000001
Grenada,1930,121.66717
Grenada,1931,116.40393333333333
Grenada,1932,120.66185833333333
Grenada,1933,153.01681666666667
Grenada,1934,96.60994166666667
Grenada,1935,128.52498333333332
Grenada,1936,129.98234166666666
Grenada,1937,96.893085
Grenada,1938,149.06505
Grenada,1939,99.45670833333332
Grenada,1940,93.75810833333334
Grenada,1941,115.90332749999999
Grenada,1942,135.30163333333334
Grenada,1943,124.84088333333334
Grenada,1944,139.73749166666667
Grenada,1945,119.13858333333333
Grenada,1946,128.16993333333332
Grenada,1947,100.057215
Grenada,1948,137.84408333333332
Grenada,1949,127.77193333333334
Grenada,1950,148.54590833333333
Grenada,1951,155.63775
Grenada,1952,114.97690833333333
Grenada,1953,124.79859166666667
Grenada,1954,144.17495833333334
Grenada,1955,147.82033333333334
Grenada,1956,146.52046666666666
Grenada,1957,108.48480916666666
Grenada,1958,138.93680333333333
Grenada,1959,97.29241666666667
Grenada,1960,108.48859166666666
Grenada,1961,125.15145833333334
Grenada,1962,116.89073333333334
Grenada,1963,124.71775000000001
Grenada,1964,118.6838
Grenada,1965,111.437725
Grenada,1966,165.346
Grenada,1967,126.59796666666666
Grenada,1968,114.92787499999999
Grenada,1969,141.65942666666666
Grenada,1970,157.81085833333333
Grenada,1971,127.93084166666667
Grenada,1972,122.79030833333333
Grenada,1973,105.80492500000001
Grenada,1974,114.546175
Grenada,1975,125.15372500000001
Grenada,1976,109.58070833333333
Grenada,1977,100.64424166666667
Grenada,1978,116.86512499999999
Grenada,1979,143.28579166666665
Grenada,1980,135.4347
Grenada,1981,161.35865833333335
Grenada,1982,135.529575
Grenada,1983,124.77463333333333
Grenada,1984,143.26535833333332
Grenada,1985,134.13988333333333
Grenada,1986,129.45918333333333
Grenada,1987,117.91445833333334
Grenada,1988,152.58539166666665
Grenada,1989,113.50059166666666
Grenada,1990,132.06158333333335
Grenada,1991,124.51884999999999
Grenada,1992,137.53581666666668
Grenada,1993,131.6936
Grenada,1994,122.81386666666667
Grenada,1995,128.35355833333332
Grenada,1996,140.20585
Grenada,1997,115.93651666666666
Grenada,1998,154.69305
Grenada,1999,143.31549166666667
Grenada,2000,135.92561666666666
Grenada,2001,98.66574166666668
Grenada,2002,118.99783333333333
Grenada,2003,107.52290833333335
Grenada,2004,155.68924166666667
Grenada,2005,151.94978333333333
Grenada,2006,133.11851666666666
Grenada,2007,119.191425
Grenada,2008,125.074575
Grenada,2009,107.49883333333332
Grenada,2010,151.87627
Grenada,2011,160.1779
Grenada,2012,115.23087500000001
Grenada,2013,122.57577500000001
Grenada,2014,118.427
Grenada,2015,87.67139166666668
Grenada,2016,141.12946666666667
Guatemala,1901,213.67704166666667
Guatemala,1902,207.01685
Guatemala,1903,199.12365833333334
Guatemala,1904,213.54699166666668
Guatemala,1905,209.334975
Guatemala,1906,213.55459166666665
Guatemala,1907,222.01546666666664
Guatemala,1908,209.02841666666666
Guatemala,1909,215.97445833333333
Guatemala,1910,225.91341666666668
Guatemala,1911,214.4696
Guatemala,1912,231.80754166666668
Guatemala,1913,243.483575
Guatemala,1914,231.75047499999997
Guatemala,1915,214.12152500000002
Guatemala,1916,232.48355833333335
Guatemala,1917,206.75369999999998
Guatemala,1918,236.76856666666666
Guatemala,1919,253.272575
Guatemala,1920,210.06250833333334
Guatemala,1921,242.27150833333334
Guatemala,1922,205.63725833333334
Guatemala,1923,136.23190833333334
Guatemala,1924,245.40892499999998
Guatemala,1925,199.1028
Guatemala,1926,204.37156666666667
Guatemala,1927,251.36675833333334
Guatemala,1928,246.310425
Guatemala,1929,238.94903416666668
Guatemala,1930,230.51005833333332
Guatemala,1931,257.0347758333333
Guatemala,1932,245.29514166666664
Guatemala,1933,250.248105
Guatemala,1934,192.278325
Guatemala,1935,208.586875
Guatemala,1936,265.42815
Guatemala,1937,272.54791666666665
Guatemala,1938,208.72088333333332
Guatemala,1939,188.898025
Guatemala,1940,220.44337916666666
Guatemala,1941,216.09529666666666
Guatemala,1942,235.01643333333334
Guatemala,1943,247.10914166666666
Guatemala,1944,213.45615999999998
Guatemala,1945,211.58680833333335
Guatemala,1946,163.10960833333334
Guatemala,1947,269.15180000000004
Guatemala,1948,245.51003333333333
Guatemala,1949,175.30671666666663
Guatemala,1950,186.3018
Guatemala,1951,214.3517416666667
Guatemala,1952,239.1359666666667
Guatemala,1953,203.01188333333334
Guatemala,1954,261.94579166666665
Guatemala,1955,255.22258333333332
Guatemala,1956,222.31413333333333
Guatemala,1957,203.87321666666665
Guatemala,1958,245.9480166666667
Guatemala,1959,210.2005
Guatemala,1960,253.61952499999998
Guatemala,1961,261.104125
Guatemala,1962,226.68436666666665
Guatemala,1963,213.70775833333335
Guatemala,1964,219.3589166666667
Guatemala,1965,203.76227500000002
Guatemala,1966,229.03979166666667
Guatemala,1967,196.32676666666666
Guatemala,1968,221.27244166666665
Guatemala,1969,266.7616666666667
Guatemala,1970,225.02380000000002
Guatemala,1971,186.08505833333334
Guatemala,1972,196.33626666666666
Guatemala,1973,232.2583
Guatemala,1974,193.53302499999998
Guatemala,1975,197.43478333333334
Guatemala,1976,199.48315833333334
Guatemala,1977,179.3244
Guatemala,1978,212.91878333333332
Guatemala,1979,242.74895833333332
Guatemala,1980,233.83305
Guatemala,1981,236.44513333333336
Guatemala,1982,229.38595833333332
Guatemala,1983,226.02406666666664
Guatemala,1984,244.94626666666667
Guatemala,1985,211.20119166666666
Guatemala,1986,180.32806666666667
Guatemala,1987,161.971825
Guatemala,1988,230.34259999999998
Guatemala,1989,222.82861666666668
Guatemala,1990,223.88045
Guatemala,1991,193.30245000000002
Guatemala,1992,205.40498333333335
Guatemala,1993,223.95994166666665
Guatemala,1994,182.0608
Guatemala,1995,255.07203333333334
Guatemala,1996,216.90265
Guatemala,1997,218.30048333333332
Guatemala,1998,238.92746666666667
Guatemala,1999,230.56498333333334
Guatemala,2000,211.9188333333333
Guatemala,2001,219.93735833333335
Guatemala,2002,210.272825
Guatemala,2003,182.205
Guatemala,2004,202.60718333333332
Guatemala,2005,242.41561249999998
Guatemala,2006,247.17875
Guatemala,2007,209.76048333333333
Guatemala,2008,229.96451666666667
Guatemala,2009,194.37655833333335
Guatemala,2010,257.97855833333335
Guatemala,2011,246.25323333333336
Guatemala,2012,195.51105833333335
Guatemala,2013,287.08213333333333
Guatemala,2014,218.58350833333336
Guatemala,2015,196.73504166666666
Guatemala,2016,207.36083333333332
Guinea,1901,156.88627666666667
Guinea,1902,131.40379333333334
Guinea,1903,145.93559583333334
Guinea,1904,175.32017333333332
Guinea,1905,169.44632083333332
Guinea,1906,194.24564999999998
Guinea,1907,140.59481166666666
Guinea,1908,159.63334583333332
Guinea,1909,164.71416166666668
Guinea,1910,145.54406583333335
Guinea,1911,153.393695
Guinea,1912,153.15955083333333
Guinea,1913,145.15108166666667
Guinea,1914,131.73663916666666
Guinea,1915,159.13090083333333
Guinea,1916,152.69988333333333
Guinea,1917,135.72364916666666
Guinea,1918,180.97420666666665
Guinea,1919,151.09341583333332
Guinea,1920,143.366745
Guinea,1921,144.45675083333333
Guinea,1922,156.61996
Guinea,1923,148.6275675
Guinea,1924,161.00748166666668
Guinea,1925,154.58811166666666
Guinea,1926,145.6057325
Guinea,1927,162.85525583333333
Guinea,1928,167.00842416666669
Guinea,1929,161.02994833333335
Guinea,1930,139.22611166666667
Guinea,1931,161.21332833333332
Guinea,1932,164.86318833333334
Guinea,1933,162.51039083333333
Guinea,1934,143.66796416666668
Guinea,1935,146.61757833333334
Guinea,1936,159.3328675
Guinea,1937,149.66845
Guinea,1938,158.3739275
Guinea,1939,148.8638308333333
Guinea,1940,141.83302416666666
Guinea,1941,139.81274083333332
Guinea,1942,140.73754916666667
Guinea,1943,153.80968583333333
Guinea,1944,142.46202833333334
Guinea,1945,153.06392166666666
Guinea,1946,156.44320833333333
Guinea,1947,144.09561333333332
Guinea,1948,149.5682625
Guinea,1949,143.71702000000002
Guinea,1950,153.61189
Guinea,1951,178.12064083333334
Guinea,1952,151.65741
Guinea,1953,162.30637583333333
Guinea,1954,181.96479666666667
Guinea,1955,170.867655
Guinea,1956,146.66135
Guinea,1957,171.53747583333333
Guinea,1958,161.35815
Guinea,1959,151.63049333333333
Guinea,1960,151.84260916666668
Guinea,1961,148.30654
Guinea,1962,166.16907
Guinea,1963,153.031825
Guinea,1964,156.718515
Guinea,1965,150.47714
Guinea,1966,161.04738749999999
Guinea,1967,155.6255
Guinea,1968,142.41921
Guinea,1969,163.4903158333333
Guinea,1970,135.48460916666667
Guinea,1971,139.09830416666668
Guinea,1972,133.08604166666666
Guinea,1973,132.63881083333334
Guinea,1974,142.61447416666667
Guinea,1975,143.52144083333334
Guinea,1976,153.69231166666665
Guinea,1977,122.55958249999999
Guinea,1978,145.66789083333333
Guinea,1979,134.47583583333332
Guinea,1980,124.527605
Guinea,1981,144.02294583333335
Guinea,1982,131.20039583333332
Guinea,1983,119.29062499999999
Guinea,1984,119.54713249999999
Guinea,1985,129.04525666666666
Guinea,1986,126.99682083333333
Guinea,1987,124.46507166666667
Guinea,1988,129.94826416666666
Guinea,1989,135.95245083333333
Guinea,1990,123.507475
Guinea,1991,127.8393
Guinea,1992,132.47374
Guinea,1993,128.47881833333335
Guinea,1994,160.00676416666667
Guinea,1995,140.01311833333332
Guinea,1996,140.30642166666667
Guinea,1997,136.569905
Guinea,1998,138.50800916666665
Guinea,1999,158.045595
Guinea,2000,141.30604416666668
Guinea,2001,123.4924325
Guinea,2002,114.43967250000001
Guinea,2003,152.94264916666665
Guinea,2004,143.73573583333334
Guinea,2005,136.40457666666666
Guinea,2006,136.7510825
Guinea,2007,126.57930416666666
Guinea,2008,154.7960875
Guinea,2009,133.18851416666666
Guinea,2010,175.6199175
Guinea,2011,136.56706416666665
Guinea,2012,142.46108583333333
Guinea,2013,148.79949000000002
Guinea,2014,138.28904
Guinea,2015,146.49063416666667
Guinea,2016,140.30649083333333
Guinea-Bissau,1901,163.56066916666666
Guinea-Bissau,1902,109.78002666666667
Guinea-Bissau,1903,133.2692425
Guinea-Bissau,1904,147.35763666666665
Guinea-Bissau,1905,145.0846975
Guinea-Bissau,1906,176.64526
Guinea-Bissau,1907,113.73509000000001
Guinea-Bissau,1908,144.85305916666667
Guinea-Bissau,1909,137.31214083333333
Guinea-Bissau,1910,134.24027166666667
Guinea-Bissau,1911,120.39393749999999
Guinea-Bissau,1912,128.09285916666667
Guinea-Bissau,1913,101.49886916666668
Guinea-Bissau,1914,157.43710666666666
Guinea-Bissau,1915,141.585545
Guinea-Bissau,1916,146.68319916666667
Guinea-Bissau,1917,136.91787666666667
Guinea-Bissau,1918,177.882845
Guinea-Bissau,1919,141.1027075
Guinea-Bissau,1920,147.95621916666667
Guinea-Bissau,1921,145.94025833333333
Guinea-Bissau,1922,152.41172333333333
Guinea-Bissau,1923,133.75264416666667
Guinea-Bissau,1924,152.29329083333332
Guinea-Bissau,1925,144.42781916666664
Guinea-Bissau,1926,132.175065
Guinea-Bissau,1927,170.25212
Guinea-Bissau,1928,153.14954500000002
Guinea-Bissau,1929,151.4202475
Guinea-Bissau,1930,127.22385666666668
Guinea-Bissau,1931,126.31072
Guinea-Bissau,1932,155.85912833333333
Guinea-Bissau,1933,167.8823858333333
Guinea-Bissau,1934,138.48698833333333
Guinea-Bissau,1935,162.61222833333332
Guinea-Bissau,1936,171.98602083333333
Guinea-Bissau,1937,137.66847833333335
Guinea-Bissau,1938,150.72083166666667
Guinea-Bissau,1939,141.82530666666668
Guinea-Bissau,1940,145.83966083333334
Guinea-Bissau,1941,115.62853166666667
Guinea-Bissau,1942,143.76871583333335
Guinea-Bissau,1943,154.63218583333332
Guinea-Bissau,1944,133.84649583333334
Guinea-Bissau,1945,130.22641166666668
Guinea-Bissau,1946,139.76812833333335
Guinea-Bissau,1947,134.23980333333333
Guinea-Bissau,1948,134.393945
Guinea-Bissau,1949,127.63983333333333
Guinea-Bissau,1950,189.52661833333335
Guinea-Bissau,1951,161.38088666666667
Guinea-Bissau,1952,154.771805
Guinea-Bissau,1953,148.63903166666665
Guinea-Bissau,1954,170.42019083333332
Guinea-Bissau,1955,162.88331333333335
Guinea-Bissau,1956,157.12114499999998
Guinea-Bissau,1957,158.53644416666666
Guinea-Bissau,1958,175.5904775
Guinea-Bissau,1959,136.26272833333334
Guinea-Bissau,1960,139.943945
Guinea-Bissau,1961,152.5194925
Guinea-Bissau,1962,148.05017916666665
Guinea-Bissau,1963,140.04239583333333
Guinea-Bissau,1964,155.07562166666665
Guinea-Bissau,1965,163.02100083333335
Guinea-Bissau,1966,138.60502916666667
Guinea-Bissau,1967,149.58127249999998
Guinea-Bissau,1968,102.82864416666666
Guinea-Bissau,1969,157.24872083333332
Guinea-Bissau,1970,132.77264833333334
Guinea-Bissau,1971,126.59333166666666
Guinea-Bissau,1972,102.0711025
Guinea-Bissau,1973,116.3285925
Guinea-Bissau,1974,122.49489833333332
Guinea-Bissau,1975,148.7392025
Guinea-Bissau,1976,149.73356333333334
Guinea-Bissau,1977,92.984055
Guinea-Bissau,1978,147.12151083333333
Guinea-Bissau,1979,111.62250166666666
Guinea-Bissau,1980,92.99602916666667
Guinea-Bissau,1981,131.22817666666666
Guinea-Bissau,1982,111.85153083333334
Guinea-Bissau,1983,95.59880583333334
Guinea-Bissau,1984,104.86790416666666
Guinea-Bissau,1985,105.16493833333332
Guinea-Bissau,1986,113.2650475
Guinea-Bissau,1987,120.63167583333335
Guinea-Bissau,1988,129.1240775
Guinea-Bissau,1989,128.99609999999998
Guinea-Bissau,1990,102.9649725
Guinea-Bissau,1991,116.33857083333334
Guinea-Bissau,1992,123.898735
Guinea-Bissau,1993,116.3798875
Guinea-Bissau,1994,146.0690125
Guinea-Bissau,1995,116.34293000000001
Guinea-Bissau,1996,115.18953916666668
Guinea-Bissau,1997,118.78797416666667
Guinea-Bissau,1998,118.51448333333333
Guinea-Bissau,1999,154.50394916666667
Guinea-Bissau,2000,133.592385
Guinea-Bissau,2001,120.35769666666666
Guinea-Bissau,2002,91.0572775
Guinea-Bissau,2003,139.93964166666666
Guinea-Bissau,2004,117.1398125
Guinea-Bissau,2005,140.60926416666666
Guinea-Bissau,2006,133.11341666666667
Guinea-Bissau,2007,119.3202
Guinea-Bissau,2008,149.65963
Guinea-Bissau,2009,135.25614
Guinea-Bissau,2010,147.5222125
Guinea-Bissau,2011,116.73937333333333
Guinea-Bissau,2012,137.11885166666667
Guinea-Bissau,2013,135.2466325
Guinea-Bissau,2014,119.927845
Guinea-Bissau,2015,138.25405416666666
Guinea-Bissau,2016,128.32514583333332
Guyana,1901,180.83295833333332
Guyana,1902,215.704875
Guyana,1903,224.22775833333333
Guyana,1904,188.91445
Guyana,1905,175.89082499999998
Guyana,1906,201.5789166666667
Guyana,1907,235.95558333333335
Guyana,1908,209.96168333333333
Guyana,1909,228.87655833333335
Guyana,1910,243.08495833333333
Guyana,1911,210.845
Guyana,1912,153.66498333333334
Guyana,1913,168.47536666666667
Guyana,1914,176.81900833333336
Guyana,1915,187.36180833333333
Guyana,1916,202.75258333333332
Guyana,1917,185.242375
Guyana,1918,195.66894166666668
Guyana,1919,182.320725
Guyana,1920,150.06653333333333
Guyana,1921,198.60035000000002
Guyana,1922,202.21349166666667
Guyana,1923,163.04476666666667
Guyana,1924,178.24250833333335
Guyana,1925,145.21508333333335
Guyana,1926,162.55930833333335
Guyana,1927,255.99013333333335
Guyana,1928,202.41725
Guyana,1929,180.41715833333333
Guyana,1930,183.02335833333333
Guyana,1931,189.76387499999998
Guyana,1932,199.8927
Guyana,1933,234.23822499999997
Guyana,1934,135.88894166666668
Guyana,1935,187.93654999999998
Guyana,1936,208.81978333333333
Guyana,1937,214.21686666666668
Guyana,1938,247.57984166666665
Guyana,1939,180.72465
Guyana,1940,136.87080833333334
Guyana,1941,182.71724166666664
Guyana,1942,205.17622500000002
Guyana,1943,258.24111666666664
Guyana,1944,216.3963
Guyana,1945,248.52564166666664
Guyana,1946,194.56501666666668
Guyana,1947,179.28468999999998
Guyana,1948,227.0533
Guyana,1949,265.00193333333334
Guyana,1950,210.01459166666666
Guyana,1951,247.89926666666668
Guyana,1952,191.48142499999997
Guyana,1953,243.33415
Guyana,1954,273.5984416666667
Guyana,1955,230.34658333333334
Guyana,1956,254.45100000000002
Guyana,1957,154.61503333333334
Guyana,1958,153.73810833333332
Guyana,1959,176.09169166666666
Guyana,1960,184.11306666666667
Guyana,1961,143.25652499999998
Guyana,1962,170.92535
Guyana,1963,200.15773333333334
Guyana,1964,165.07774166666667
Guyana,1965,151.54154166666666
Guyana,1966,188.88043333333334
Guyana,1967,215.47946666666667
Guyana,1968,221.76854166666666
Guyana,1969,176.729975
Guyana,1970,225.0671583333333
Guyana,1971,213.66589166666665
Guyana,1972,200.17207499999998
Guyana,1973,190.43213333333333
Guyana,1974,195.69275000000002
Guyana,1975,211.3348083333333
Guyana,1976,237.35313333333332
Guyana,1977,170.00637500000002
Guyana,1978,174.28145833333335
Guyana,1979,208.07205833333333
Guyana,1980,185.819975
Guyana,1981,210.2332
Guyana,1982,175.23445
Guyana,1983,150.676075
Guyana,1984,222.11513333333335
Guyana,1985,180.26013333333333
Guyana,1986,174.85673333333332
Guyana,1987,175.27575000000002
Guyana,1988,196.77404166666668
Guyana,1989,210.7671
Guyana,1990,269.33965
Guyana,1991,186.99351666666666
Guyana,1992,138.06146666666666
Guyana,1993,210.43418333333332
Guyana,1994,194.17
Guyana,1995,186.528825
Guyana,1996,210.62261666666666
Guyana,1997,181.70743333333334
Guyana,1998,205.122225
Guyana,1999,217.020975
Guyana,2000,255.15593333333334
Guyana,2001,138.74520833333335
Guyana,2002,189.32385833333333
Guyana,2003,170.50098333333332
Guyana,2004,195.68163333333334
Guyana,2005,234.18260833333332
Guyana,2006,227.06365833333334
Guyana,2007,245.54512499999998
Guyana,2008,252.15075000000002
Guyana,2009,174.56110833333332
Guyana,2010,221.81556666666665
Guyana,2011,223.9515583333333
Guyana,2012,193.21606666666665
Guyana,2013,205.97268333333332
Guyana,2014,131.67664166666665
Guyana,2015,157.47835833333335
Guyana,2016,181.513375
Haiti,1901,133.56944166666668
Haiti,1902,111.902925
Haiti,1903,116.31101666666666
Haiti,1904,128.04576666666665
Haiti,1905,140.77604166666666
Haiti,1906,143.86049166666666
Haiti,1907,104.81869166666667
Haiti,1908,110.83752500000001
Haiti,1909,132.48484166666665
Haiti,1910,131.22197500000001
Haiti,1911,103.19487500000001
Haiti,1912,96.72630833333334
Haiti,1913,107.2604
Haiti,1914,95.596925
Haiti,1915,166.97483333333332
Haiti,1916,146.89761666666666
Haiti,1917,124.2746
Haiti,1918,122.08421666666668
Haiti,1919,136.22976666666668
Haiti,1920,101.19130833333332
Haiti,1921,121.29449166666666
Haiti,1922,104.46915833333333
Haiti,1923,115.13315
Haiti,1924,122.52015
Haiti,1925,108.13088333333333
Haiti,1926,110.99901666666666
Haiti,1927,116.88954166666667
Haiti,1928,116.68395
Haiti,1929,99.27139999999999
Haiti,1930,104.95418333333333
Haiti,1931,134.89816666666667
Haiti,1932,119.89345833333334
Haiti,1933,146.09365833333334
Haiti,1934,124.43055833333334
Haiti,1935,119.01889999999999
Haiti,1936,142.32001666666667
Haiti,1937,131.09814166666666
Haiti,1938,120.41834999999999
Haiti,1939,116.25601666666667
Haiti,1940,112.965975
Haiti,1941,111.15491666666667
Haiti,1942,144.18025
Haiti,1943,118.62345833333332
Haiti,1944,134.86049166666666
Haiti,1945,129.20995833333333
Haiti,1946,107.03105833333335
Haiti,1947,112.23219999999999
Haiti,1948,136.65210833333333
Haiti,1949,104.80718333333334
Haiti,1950,108.2794225
Haiti,1951,143.09225166666667
Haiti,1952,111.82254999999999
Haiti,1953,120.25380000000001
Haiti,1954,146.528775
Haiti,1955,156.63836666666666
Haiti,1956,118.54899166666667
Haiti,1957,89.934025
Haiti,1958,135.09196666666665
Haiti,1959,92.18288333333334
Haiti,1960,143.57091666666665
Haiti,1961,126.95654166666667
Haiti,1962,96.85393333333333
Haiti,1963,128.35293333333334
Haiti,1964,104.54326666666667
Haiti,1965,116.86244749999999
Haiti,1966,137.902805
Haiti,1967,78.43458083333333
Haiti,1968,97.27586666666667
Haiti,1969,150.84881666666666
Haiti,1970,132.133425
Haiti,1971,122.78994999999999
Haiti,1972,138.06098333333333
Haiti,1973,98.245275
Haiti,1974,121.20448333333333
Haiti,1975,83.04790833333333
Haiti,1976,79.38023333333334
Haiti,1977,104.94770833333332
Haiti,1978,118.21313333333335
Haiti,1979,183.22171666666668
Haiti,1980,145.10184166666667
Haiti,1981,143.82997500000002
Haiti,1982,103.15838333333333
Haiti,1983,119.969625
Haiti,1984,114.17056666666667
Haiti,1985,123.55196666666667
Haiti,1986,112.38709999999999
Haiti,1987,143.16505833333335
Haiti,1988,127.18344166666667
Haiti,1989,93.87370833333334
Haiti,1990,110.91944166666667
Haiti,1991,73.0133725
Haiti,1992,81.756875
Haiti,1993,133.561225
Haiti,1994,88.890175
Haiti,1995,134.22875833333333
Haiti,1996,114.27424166666667
Haiti,1997,96.40305833333333
Haiti,1998,148.79081666666667
Haiti,1999,60.71653333333333
Haiti,2000,112.15771666666666
Haiti,2001,142.2516725
Haiti,2002,98.38853333333333
Haiti,2003,140.68870833333332
Haiti,2004,95.1222325
Haiti,2005,174.63026083333332
Haiti,2006,107.26324833333332
Haiti,2007,194.67325000000002
Haiti,2008,109.095625
Haiti,2009,96.632525
Haiti,2010,147.90469166666665
Haiti,2011,105.12654666666667
Haiti,2012,145.75765833333332
Haiti,2013,64.3402175
Haiti,2014,125.62201666666668
Haiti,2015,95.60226999999999
Haiti,2016,154.40113333333332
Honduras,1901,162.6607
Honduras,1902,160.94575833333332
Honduras,1903,162.29970833333334
Honduras,1904,161.788175
Honduras,1905,162.24974999999998
Honduras,1906,161.65465833333334
Honduras,1907,160.5198
Honduras,1908,162.0340666666667
Honduras,1909,162.47295833333334
Honduras,1910,161.33191666666667
Honduras,1911,161.31210833333333
Honduras,1912,161.48070833333335
Honduras,1913,162.47809166666667
Honduras,1914,160.35644166666665
Honduras,1915,162.2999333333333
Honduras,1916,162.64950833333333
Honduras,1917,162.62793333333335
Honduras,1918,160.8843916666667
Honduras,1919,161.85198333333332
Honduras,1920,160.972725
Honduras,1921,161.00354166666668
Honduras,1922,160.93295833333335
Honduras,1923,151.87700833333335
Honduras,1924,166.22800833333335
Honduras,1925,158.028725
Honduras,1926,161.88281666666668
Honduras,1927,164.69799166666667
Honduras,1928,166.11353333333332
Honduras,1929,164.97389166666667
Honduras,1930,161.50979166666667
Honduras,1931,183.22086666666667
Honduras,1932,171.3812333333333
Honduras,1933,171.42249166666667
Honduras,1934,147.39536666666666
Honduras,1935,137.02425833333334
Honduras,1936,203.07783333333336
Honduras,1937,193.31555833333334
Honduras,1938,148.07259916666666
Honduras,1939,135.1607
Honduras,1940,170.68390833333333
Honduras,1941,171.62556666666669
Honduras,1942,183.7634833333333
Honduras,1943,165.71583333333334
Honduras,1944,169.5789
Honduras,1945,179.9159
Honduras,1946,86.95584166666667
Honduras,1947,176.77906666666664
Honduras,1948,200.63388333333333
Honduras,1949,132.94500833333333
Honduras,1950,159.43065833333335
Honduras,1951,140.311305
Honduras,1952,176.4502666666667
Honduras,1953,154.14850833333335
Honduras,1954,194.763875
Honduras,1955,165.37253333333334
Honduras,1956,153.08858333333333
Honduras,1957,149.62800833333333
Honduras,1958,169.854535
Honduras,1959,149.36295916666668
Honduras,1960,184.99645
Honduras,1961,177.24365833333331
Honduras,1962,172.57554166666668
Honduras,1963,158.78536666666668
Honduras,1964,156.4244383333333
Honduras,1965,139.3837
Honduras,1966,200.4659
Honduras,1967,133.33960833333333
Honduras,1968,179.84267499999999
Honduras,1969,199.52535
Honduras,1970,178.50203333333332
Honduras,1971,129.42421666666667
Honduras,1972,122.73989166666667
Honduras,1973,150.42324166666666
Honduras,1974,145.75079166666666
Honduras,1975,135.48119416666665
Honduras,1976,140.46954833333334
Honduras,1977,136.16010833333334
Honduras,1978,182.64191666666667
Honduras,1979,211.56276666666668
Honduras,1980,196.94503333333333
Honduras,1981,208.41231666666667
Honduras,1982,177.43990833333336
Honduras,1983,158.265825
Honduras,1984,171.32021666666665
Honduras,1985,135.85335833333332
Honduras,1986,133.592525
Honduras,1987,136.38451999999998
Honduras,1988,191.79135
Honduras,1989,155.35971666666669
Honduras,1990,161.75085833333333
Honduras,1991,140.331175
Honduras,1992,158.51783333333333
Honduras,1993,191.87585
Honduras,1994,125.07293333333332
Honduras,1995,184.46453333333332
Honduras,1996,162.56503333333333
Honduras,1997,148.20286666666667
Honduras,1998,172.60263916666668
Honduras,1999,160.89606666666666
Honduras,2000,150.49640250000002
Honduras,2001,163.59039916666666
Honduras,2002,146.458725
Honduras,2003,148.59080833333334
Honduras,2004,171.83816666666667
Honduras,2005,161.33306666666667
Honduras,2006,211.20968333333334
Honduras,2007,142.94545
Honduras,2008,183.9451
Honduras,2009,148.4559475
Honduras,2010,183.421655
Honduras,2011,164.03173333333334
Honduras,2012,154.4949083333333
Honduras,2013,187.9793083333333
Honduras,2014,144.31016666666667
Honduras,2015,141.32580833333333
Honduras,2016,136.44151666666667
Hungary,1901,50.828475
Hungary,1902,56.4708675
Hungary,1903,55.0842
Hungary,1904,47.69271666666666
Hungary,1905,55.364650000000005
Hungary,1906,62.31029166666667
Hungary,1907,44.288608333333336
Hungary,1908,44.966315
Hungary,1909,53.706875000000004
Hungary,1910,61.38703833333333
Hungary,1911,45.109633333333335
Hungary,1912,61.514825
Hungary,1913,54.4341
Hungary,1914,57.006061666666675
Hungary,1915,71.79414166666668
Hungary,1916,57.66851666666667
Hungary,1917,42.32595
Hungary,1918,54.99965
Hungary,1919,59.09903333333333
Hungary,1920,53.7827
Hungary,1921,41.83177083333333
Hungary,1922,58.66861666666667
Hungary,1923,52.00380833333333
Hungary,1924,51.18411666666666
Hungary,1925,60.865519166666665
Hungary,1926,59.58094166666667
Hungary,1927,53.399575
Hungary,1928,44.42859166666667
Hungary,1929,49.702529166666665
Hungary,1930,58.756858333333334
Hungary,1931,51.58095
Hungary,1932,45.53445833333333
Hungary,1933,57.416425000000004
Hungary,1934,49.30231666666666
Hungary,1935,50.06194166666666
Hungary,1936,59.71838333333333
Hungary,1937,69.83090833333334
Hungary,1938,49.92834166666666
Hungary,1939,56.387925
Hungary,1940,65.92551666666667
Hungary,1941,59.29069166666667
Hungary,1942,45.321558333333336
Hungary,1943,45.480799999999995
Hungary,1944,60.22849166666666
Hungary,1945,45.77530833333333
Hungary,1946,44.3807075
Hungary,1947,41.810120000000005
Hungary,1948,51.05795833333334
Hungary,1949,47.04040666666666
Hungary,1950,52.01372416666666
Hungary,1951,55.584718333333335
Hungary,1952,56.373349999999995
Hungary,1953,45.24109000000001
Hungary,1954,54.084825
Hungary,1955,61.00834166666667
Hungary,1956,46.74012333333334
Hungary,1957,49.27426666666667
Hungary,1958,50.95971666666667
Hungary,1959,49.70332416666667
Hungary,1960,57.44299166666667
Hungary,1961,39.990428333333334
Hungary,1962,47.409333333333336
Hungary,1963,52.756075
Hungary,1964,55.17686
Hungary,1965,66.2049375
Hungary,1966,61.614758333333334
Hungary,1967,45.35306666666667
Hungary,1968,45.443691666666666
Hungary,1969,54.37538333333333
Hungary,1970,57.66305
Hungary,1971,38.91935
Hungary,1972,53.61557333333334
Hungary,1973,41.55351666666667
Hungary,1974,60.310991666666666
Hungary,1975,51.823969166666664
Hungary,1976,50.936726666666665
Hungary,1977,48.87274166666666
Hungary,1978,47.98704166666667
Hungary,1979,53.23038333333333
Hungary,1980,56.69315
Hungary,1981,50.03691666666666
Hungary,1982,46.266018333333335
Hungary,1983,39.787416666666665
Hungary,1984,51.354016666666666
Hungary,1985,51.42943333333333
Hungary,1986,41.51870666666667
Hungary,1987,53.30273333333333
Hungary,1988,47.93011666666666
Hungary,1989,48.7173175
Hungary,1990,43.83078333333333
Hungary,1991,53.5334
Hungary,1992,43.500085000000006
Hungary,1993,45.150958333333335
Hungary,1994,47.308699999999995
Hungary,1995,57.54528916666667
Hungary,1996,54.40205
Hungary,1997,43.96646666666667
Hungary,1998,58.1150625
Hungary,1999,61.58055833333333
Hungary,2000,37.927416666666666
Hungary,2001,50.99019166666667
Hungary,2002,50.63675166666667
Hungary,2003,39.51338166666667
Hungary,2004,57.65517499999999
Hungary,2005,59.91678166666666
Hungary,2006,50.43423333333333
Hungary,2007,54.03330583333334
Hungary,2008,52.12674833333333
Hungary,2009,54.06210000000001
Hungary,2010,74.85009166666667
Hungary,2011,36.712113333333335
Hungary,2012,44.238528333333335
Hungary,2013,52.42360666666667
Hungary,2014,63.0632
Hungary,2015,48.711825833333336
Hungary,2016,63.07420916666667
Iceland,1901,76.34325
Iceland,1902,67.72485833333333
Iceland,1903,73.447125
Iceland,1904,80.012225
Iceland,1905,72.376125
Iceland,1906,74.68604166666667
Iceland,1907,62.645625
Iceland,1908,76.67315
Iceland,1909,64.03789166666667
Iceland,1910,63.91620833333334
Iceland,1911,66.27440833333333
Iceland,1912,58.98566666666667
Iceland,1913,70.01185833333334
Iceland,1914,66.35285833333333
Iceland,1915,57.769175
Iceland,1916,55.544607500000005
Iceland,1917,56.296324999999996
Iceland,1918,79.77080833333333
Iceland,1919,67.54109166666667
Iceland,1920,75.115775
Iceland,1921,97.6487
Iceland,1922,85.99059999999999
Iceland,1923,77.7008
Iceland,1924,78.67945
Iceland,1925,76.29980833333333
Iceland,1926,87.289625
Iceland,1927,69.708725
Iceland,1928,67.18766666666666
Iceland,1929,78.53309166666666
Iceland,1930,92.21005833333334
Iceland,1931,72.89054166666666
Iceland,1932,76.66321666666666
Iceland,1933,89.724
Iceland,1934,89.17183333333332
Iceland,1935,78.46560833333334
Iceland,1936,77.15223333333334
Iceland,1937,85.77235
Iceland,1938,80.95739999999999
Iceland,1939,69.386675
Iceland,1940,82.84980833333334
Iceland,1941,64.740675
Iceland,1942,80.64269166666666
Iceland,1943,86.618375
Iceland,1944,73.34865833333333
Iceland,1945,82.46311666666666
Iceland,1946,80.09698333333334
Iceland,1947,79.39093333333334
Iceland,1948,74.71241666666667
Iceland,1949,75.70589166666666
Iceland,1950,85.18908333333333
Iceland,1951,76.44235833333333
Iceland,1952,74.10178333333333
Iceland,1953,104.37610833333333
Iceland,1954,80.0862
Iceland,1955,72.64729166666666
Iceland,1956,85.31566666666667
Iceland,1957,76.57468333333334
Iceland,1958,73.8192
Iceland,1959,97.05000833333334
Iceland,1960,72.06824999999999
Iceland,1961,95.84326666666668
Iceland,1962,78.78381666666667
Iceland,1963,74.81035833333333
Iceland,1964,81.183875
Iceland,1965,62.92786666666667
Iceland,1966,73.191725
Iceland,1967,82.332875
Iceland,1968,77.45986666666667
Iceland,1969,85.17545
Iceland,1970,86.377425
Iceland,1971,88.56255833333334
Iceland,1972,103.10570833333334
Iceland,1973,91.147025
Iceland,1974,98.73870833333332
Iceland,1975,86.74948333333333
Iceland,1976,88.300225
Iceland,1977,73.981625
Iceland,1978,79.400125
Iceland,1979,76.17679166666666
Iceland,1980,71.47404166666666
Iceland,1981,80.99785
Iceland,1982,87.22276666666666
Iceland,1983,96.26186666666666
Iceland,1984,89.4481
Iceland,1985,72.58175
Iceland,1986,85.26752499999999
Iceland,1987,76.218275
Iceland,1988,84.03075
Iceland,1989,98.30466666666666
Iceland,1990,91.74071666666667
Iceland,1991,97.80903333333333
Iceland,1992,103.90241666666667
Iceland,1993,87.57961666666667
Iceland,1994,90.12596666666667
Iceland,1995,82.09409166666667
Iceland,1996,81.278875
Iceland,1997,92.701475
Iceland,1998,85.99243333333334
Iceland,1999,89.36269166666666
Iceland,2000,80.89665000000001
Iceland,2001,84.72426666666667
Iceland,2002,99.712325
Iceland,2003,97.65166666666666
Iceland,2004,98.48463333333332
Iceland,2005,86.43577499999999
Iceland,2006,98.12049166666667
Iceland,2007,99.52885833333333
Iceland,2008,84.425375
Iceland,2009,98.40170833333333
Iceland,2010,76.18075833333333
Iceland,2011,104.46025833333333
Iceland,2012,88.4312
Iceland,2013,93.83654999999999
Iceland,2014,101.45498333333335
Iceland,2015,96.05740833333334
Iceland,2016,101.17087500000001
India,1901,78.03557916666666
India,1902,81.35331833333333
India,1903,91.4384475
India,1904,77.42615666666667
India,1905,75.56465833333333
India,1906,87.62570833333332
India,1907,78.5809
India,1908,88.13270666666666
India,1909,91.05392
India,1910,96.3122575
India,1911,80.95164
India,1912,82.814995
India,1913,86.73838833333333
India,1914,92.202455
India,1915,92.43959416666667
India,1916,101.2438825
India,1917,108.06713666666667
India,1918,68.3001625
India,1919,94.845325
India,1920,71.46130916666667
India,1921,86.8918875
India,1922,90.47316083333334
India,1923,82.80456916666667
India,1924,91.28494083333334
India,1925,88.98635999999999
India,1926,89.69055916666667
India,1927,88.76655416666667
India,1928,83.89865999999999
India,1929,85.06660000000001
India,1930,83.480075
India,1931,93.2845875
India,1932,87.42357249999999
India,1933,103.922015
India,1934,92.23096416666668
India,1935,84.3118425
India,1936,97.3169525
India,1937,87.790825
India,1938,92.21120166666667
India,1939,81.39721583333333
India,1940,91.33854833333334
India,1941,79.004375
India,1942,95.15725833333333
India,1943,89.39835833333332
India,1944,95.93165666666665
India,1945,91.93247166666667
India,1946,97.12966083333333
India,1947,94.76612333333333
India,1948,93.56727583333333
India,1949,94.16573916666665
India,1950,85.51594333333334
India,1951,82.54728
India,1952,78.33710833333333
India,1953,89.6709825
India,1954,91.02141416666666
India,1955,99.40015749999999
India,1956,105.0206225
India,1957,80.9909425
India,1958,92.28510083333333
India,1959,100.18842
India,1960,82.06292166666667
India,1961,99.80695166666668
India,1962,91.05129166666667
India,1963,90.82231166666666
India,1964,93.04037
India,1965,73.5897875
India,1966,80.26865583333334
India,1967,87.5083825
India,1968,78.95949416666666
India,1969,85.35691166666668
India,1970,99.48627416666666
India,1971,91.57667
India,1972,68.71551083333334
India,1973,95.793
India,1974,80.3091925
India,1975,100.26710416666667
India,1976,87.08669166666665
India,1977,96.51301083333334
India,1978,96.22760333333333
India,1979,82.76858333333332
India,1980,85.009415
India,1981,92.38905083333333
India,1982,79.77324666666667
India,1983,97.82166
India,1984,82.88369999999999
India,1985,84.05256583333333
India,1986,81.87065
India,1987,76.50459166666667
India,1988,97.64798416666667
India,1989,80.8233
India,1990,100.30155500000001
India,1991,84.803275
India,1992,76.37036833333333
India,1993,83.76697166666666
India,1994,94.728335
India,1995,89.78499000000001
India,1996,86.47467499999999
India,1997,87.57958083333334
India,1998,93.98181416666667
India,1999,83.4337925
India,2000,81.14236
India,2001,79.5375775
India,2002,71.86685250000001
India,2003,84.31582916666666
India,2004,80.83398
India,2005,84.422875
India,2006,93.86046416666666
India,2007,90.93361916666667
India,2008,90.17764249999999
India,2009,78.05367916666667
India,2010,98.27754083333333
India,2011,95.91693416666668
India,2012,85.26950833333333
India,2013,100.84871166666666
India,2014,80.60858583333332
India,2015,87.51899833333333
India,2016,88.0315475
Indonesia,1901,234.19625
Indonesia,1902,211.87958333333333
Indonesia,1903,240.35133333333332
Indonesia,1904,238.75341666666668
Indonesia,1905,227.34408333333332
Indonesia,1906,248.71241666666666
Indonesia,1907,236.65716666666665
Indonesia,1908,245.30741666666668
Indonesia,1909,265.89833333333337
Indonesia,1910,275.6435833333333
Indonesia,1911,211.10758333333334
Indonesia,1912,231.19325
Indonesia,1913,233.05916666666667
Indonesia,1914,193.52920833333334
Indonesia,1915,235.36325
Indonesia,1916,261.2895833333333
Indonesia,1917,266.7961666666667
Indonesia,1918,213.8321083333333
Indonesia,1919,214.58345
Indonesia,1920,232.85391666666666
Indonesia,1921,249.66125
Indonesia,1922,227.69691666666665
Indonesia,1923,216.0175
Indonesia,1924,258.72775
Indonesia,1925,227.74366666666666
Indonesia,1926,225.29858333333334
Indonesia,1927,232.92058333333333
Indonesia,1928,228.91958333333332
Indonesia,1929,223.40391666666667
Indonesia,1930,216.336275
Indonesia,1931,255.01333333333335
Indonesia,1932,254.5968333333333
Indonesia,1933,251.62625
Indonesia,1934,244.71574999999999
Indonesia,1935,232.94866666666667
Indonesia,1936,250.77525
Indonesia,1937,245.45883333333333
Indonesia,1938,243.14041666666665
Indonesia,1939,234.28866666666667
Indonesia,1940,213.97966666666665
Indonesia,1941,222.04891666666666
Indonesia,1942,245.66774999999998
Indonesia,1943,244.35775
Indonesia,1944,222.519
Indonesia,1945,241.03808333333333
Indonesia,1946,222.69833333333335
Indonesia,1947,250.06816666666668
Indonesia,1948,244.84266666666667
Indonesia,1949,242.28166666666667
Indonesia,1950,250.57341666666665
Indonesia,1951,224.62675
Indonesia,1952,258.37600000000003
Indonesia,1953,238.55225
Indonesia,1954,274.68816666666663
Indonesia,1955,278.5713333333333
Indonesia,1956,255.6330833333333
Indonesia,1957,224.23000000000002
Indonesia,1958,240.96116666666668
Indonesia,1959,238.50241666666668
Indonesia,1960,238.1738333333333
Indonesia,1961,210.52358333333333
Indonesia,1962,259.95366666666666
Indonesia,1963,203.48558333333332
Indonesia,1964,258.049
Indonesia,1965,201.61182499999998
Indonesia,1966,239.60283333333334
Indonesia,1967,213.17291666666665
Indonesia,1968,244.52025
Indonesia,1969,227.96124999999998
Indonesia,1970,262.4493333333333
Indonesia,1971,256.9295
Indonesia,1972,185.08028333333334
Indonesia,1973,272.92241666666666
Indonesia,1974,237.02308333333335
Indonesia,1975,268.96250000000003
Indonesia,1976,216.55191666666667
Indonesia,1977,236.85683333333336
Indonesia,1978,257.28225
Indonesia,1979,225.90191666666666
Indonesia,1980,233.21491666666668
Indonesia,1981,251.0793
Indonesia,1982,186.38655833333334
Indonesia,1983,235.19533333333334
Indonesia,1984,269.39958333333334
Indonesia,1985,249.7519166666667
Indonesia,1986,244.56283333333332
Indonesia,1987,209.17283333333333
Indonesia,1988,261.9721666666667
Indonesia,1989,253.13666666666668
Indonesia,1990,222.03191666666666
Indonesia,1991,204.42981666666665
Indonesia,1992,224.89641666666668
Indonesia,1993,215.33683333333332
Indonesia,1994,213.03190833333335
Indonesia,1995,256.05333333333334
Indonesia,1996,246.87525000000002
Indonesia,1997,180.24232500000002
Indonesia,1998,255.30708333333334
Indonesia,1999,258.66024999999996
Indonesia,2000,260.12925
Indonesia,2001,248.72591666666668
Indonesia,2002,220.5956666666667
Indonesia,2003,252.62250000000003
Indonesia,2004,224.61839999999998
Indonesia,2005,238.43566666666666
Indonesia,2006,220.28866666666667
Indonesia,2007,253.56125
Indonesia,2008,262.44191666666666
Indonesia,2009,243.3886666666667
Indonesia,2010,298.38983333333334
Indonesia,2011,255.94466666666668
Indonesia,2012,253.41324999999998
Indonesia,2013,255.35766666666666
Indonesia,2014,219.8610833333333
Indonesia,2015,204.55328333333333
Indonesia,2016,261.5266666666667
Iran,1901,15.219575
Iran,1902,19.87452083333333
Iran,1903,17.2013425
Iran,1904,19.894770833333332
Iran,1905,16.5810125
Iran,1906,23.35896
Iran,1907,19.836684166666668
Iran,1908,18.664394166666668
Iran,1909,19.581924166666667
Iran,1910,18.925371666666667
Iran,1911,20.8434175
Iran,1912,16.170705
Iran,1913,17.587590000000002
Iran,1914,21.725295000000003
Iran,1915,19.2507
Iran,1916,18.96334333333333
Iran,1917,11.4722225
Iran,1918,18.413313333333335
Iran,1919,16.168181666666666
Iran,1920,25.639471666666665
Iran,1921,19.09857583333333
Iran,1922,16.4774475
Iran,1923,21.845526666666668
Iran,1924,23.035565000000002
Iran,1925,12.55677
Iran,1926,21.215558333333334
Iran,1927,14.948442499999999
Iran,1928,17.017844999999998
Iran,1929,18.481088333333332
Iran,1930,20.657583333333335
Iran,1931,21.321276666666666
Iran,1932,16.998866666666668
Iran,1933,15.297735833333334
Iran,1934,20.739720833333333
Iran,1935,19.414672499999998
Iran,1936,16.5657125
Iran,1937,15.125242499999999
Iran,1938,19.300970833333334
Iran,1939,21.276029166666667
Iran,1940,17.234475
Iran,1941,20.0505925
Iran,1942,18.611061666666668
Iran,1943,23.25982
Iran,1944,13.680443333333335
Iran,1945,18.98754
Iran,1946,21.082247499999998
Iran,1947,17.608793333333335
Iran,1948,18.88183
Iran,1949,17.853444166666666
Iran,1950,15.364925833333333
Iran,1951,20.578105833333336
Iran,1952,19.069998333333334
Iran,1953,20.755748333333333
Iran,1954,22.993324166666667
Iran,1955,18.8398825
Iran,1956,19.594105833333334
Iran,1957,28.872131666666665
Iran,1958,14.422279166666668
Iran,1959,17.573433333333334
Iran,1960,15.391264166666666
Iran,1961,18.270994166666668
Iran,1962,15.9679925
Iran,1963,20.032142500000003
Iran,1964,16.326451666666667
Iran,1965,16.80556
Iran,1966,14.579913333333332
Iran,1967,16.986055
Iran,1968,22.58412583333333
Iran,1969,24.466351666666668
Iran,1970,14.652146666666667
Iran,1971,16.6827575
Iran,1972,26.125266666666665
Iran,1973,11.1085975
Iran,1974,23.198856666666668
Iran,1975,19.43838583333333
Iran,1976,25.228845833333335
Iran,1977,22.231865
Iran,1978,18.212714166666668
Iran,1979,21.739838333333335
Iran,1980,18.8479375
Iran,1981,19.14464166666667
Iran,1982,27.48593333333333
Iran,1983,17.324625
Iran,1984,18.774240833333334
Iran,1985,14.001691666666666
Iran,1986,23.346194166666667
Iran,1987,17.896821666666668
Iran,1988,19.576351666666664
Iran,1989,15.735039166666667
Iran,1990,14.103341666666665
Iran,1991,21.768803333333334
Iran,1992,22.980455000000003
Iran,1993,21.522624166666663
Iran,1994,18.654465833333333
Iran,1995,18.026547500000003
Iran,1996,22.637961666666666
Iran,1997,18.9902025
Iran,1998,18.020616666666665
Iran,1999,16.534145833333334
Iran,2000,15.10568
Iran,2001,13.304942500000001
Iran,2002,16.357281666666665
Iran,2003,18.415074999999998
Iran,2004,21.33492916666667
Iran,2005,16.910410000000002
Iran,2006,18.868460833333334
Iran,2007,16.921201666666665
Iran,2008,11.053908333333332
Iran,2009,19.442618333333332
Iran,2010,12.1353875
Iran,2011,17.480664166666667
Iran,2012,18.575145000000003
Iran,2013,15.992249166666667
Iran,2014,15.352290000000002
Iran,2015,17.267849166666668
Iran,2016,14.173396666666667
Iraq,1901,14.566815
Iraq,1902,16.951535833333335
Iraq,1903,15.196289166666666
Iraq,1904,18.560688333333335
Iraq,1905,16.32007
Iraq,1906,16.681338333333333
Iraq,1907,16.58621666666667
Iraq,1908,17.00616833333333
Iraq,1909,16.253191666666666
Iraq,1910,15.697594166666667
Iraq,1911,17.773615833333334
Iraq,1912,16.373255
Iraq,1913,17.29988
Iraq,1914,17.908005833333334
Iraq,1915,16.08574666666667
Iraq,1916,15.4942175
Iraq,1917,14.647633333333333
Iraq,1918,15.996559166666666
Iraq,1919,16.421330833333332
Iraq,1920,17.702543333333335
Iraq,1921,16.791518333333332
Iraq,1922,16.24848666666667
Iraq,1923,16.569055833333334
Iraq,1924,16.352613333333334
Iraq,1925,15.0405475
Iraq,1926,16.05837
Iraq,1927,16.296931666666666
Iraq,1928,16.720563333333335
Iraq,1929,14.719599166666667
Iraq,1930,14.325503333333332
Iraq,1931,16.67761666666667
Iraq,1932,16.325
Iraq,1933,13.625204166666668
Iraq,1934,15.665161666666668
Iraq,1935,17.319655
Iraq,1936,15.7107725
Iraq,1937,16.438054166666667
Iraq,1938,16.757749999999998
Iraq,1939,20.969003333333333
Iraq,1940,16.668836666666667
Iraq,1941,17.88087416666667
Iraq,1942,16.896735
Iraq,1943,17.1302975
Iraq,1944,16.962755833333333
Iraq,1945,17.435074166666666
Iraq,1946,20.716495833333333
Iraq,1947,17.3012075
Iraq,1948,16.898833333333332
Iraq,1949,18.345896666666665
Iraq,1950,15.73809
Iraq,1951,16.0432625
Iraq,1952,16.724978333333333
Iraq,1953,21.118193333333334
Iraq,1954,24.605315
Iraq,1955,14.533725833333333
Iraq,1956,13.075523333333331
Iraq,1957,20.413685
Iraq,1958,11.128605833333333
Iraq,1959,12.370038333333333
Iraq,1960,11.4249825
Iraq,1961,17.7704425
Iraq,1962,13.100978333333332
Iraq,1963,20.165585833333335
Iraq,1964,11.9149525
Iraq,1965,15.571345
Iraq,1966,13.893859999999998
Iraq,1967,20.127225833333334
Iraq,1968,20.525837499999998
Iraq,1969,23.214858333333336
Iraq,1970,12.003480833333333
Iraq,1971,17.968069166666666
Iraq,1972,21.056136666666667
Iraq,1973,9.3617725
Iraq,1974,21.28254
Iraq,1975,17.894724999999998
Iraq,1976,18.121501666666667
Iraq,1977,16.38978
Iraq,1978,13.290415000000001
Iraq,1979,15.3850325
Iraq,1980,17.411256666666667
Iraq,1981,17.597575833333334
Iraq,1982,21.286876666666668
Iraq,1983,13.843763333333333
Iraq,1984,15.132120833333333
Iraq,1985,14.691317499999998
Iraq,1986,17.142515
Iraq,1987,17.29755
Iraq,1988,20.2876225
Iraq,1989,11.385897499999999
Iraq,1990,11.592265833333334
Iraq,1991,16.8465925
Iraq,1992,17.66103083333333
Iraq,1993,19.142363333333332
Iraq,1994,19.6947775
Iraq,1995,10.9756725
Iraq,1996,19.548418333333334
Iraq,1997,16.08101
Iraq,1998,12.948950833333333
Iraq,1999,11.374518333333333
Iraq,2000,13.274487500000001
Iraq,2001,14.07382
Iraq,2002,16.63038583333333
Iraq,2003,16.83135083333333
Iraq,2004,15.884353333333332
Iraq,2005,13.917721666666665
Iraq,2006,17.8616725
Iraq,2007,12.632105833333334
Iraq,2008,9.016104166666667
Iraq,2009,13.171515
Iraq,2010,11.352593333333333
Iraq,2011,13.989669166666665
Iraq,2012,13.6849725
Iraq,2013,15.454215
Iraq,2014,12.89043
Iraq,2015,11.211963333333335
Iraq,2016,16.404503333333334
Ireland,1901,87.40076666666666
Ireland,1902,82.21560833333334
Ireland,1903,111.08330833333333
Ireland,1904,88.69280833333333
Ireland,1905,78.487625
Ireland,1906,84.57835
Ireland,1907,90.20223333333333
Ireland,1908,88.48349166666667
Ireland,1909,81.75969166666665
Ireland,1910,96.24889999999999
Ireland,1911,86.07985833333333
Ireland,1912,92.44917500000001
Ireland,1913,95.93605000000001
Ireland,1914,96.00435833333334
Ireland,1915,92.96461666666666
Ireland,1916,106.318325
Ireland,1917,86.070425
Ireland,1918,99.497225
Ireland,1919,79.297325
Ireland,1920,102.37206666666667
Ireland,1921,78.38825833333333
Ireland,1922,82.971775
Ireland,1923,101.75354166666666
Ireland,1924,112.14573333333334
Ireland,1925,89.58038333333333
Ireland,1926,87.907075
Ireland,1927,99.12861666666667
Ireland,1928,113.74604166666667
Ireland,1929,97.12980833333334
Ireland,1930,107.90463333333334
Ireland,1931,97.47160833333334
Ireland,1932,87.56402333333334
Ireland,1933,69.30255
Ireland,1934,93.88243833333333
Ireland,1935,87.75258333333333
Ireland,1936,91.94080833333334
Ireland,1937,92.1456
Ireland,1938,103.26116666666667
Ireland,1939,88.17681666666665
Ireland,1940,94.4572
Ireland,1941,81.73196666666666
Ireland,1942,89.66455833333333
Ireland,1943,90.389
Ireland,1944,92.20909999999999
Ireland,1945,86.8868
Ireland,1946,103.33466666666668
Ireland,1947,103.12550833333334
Ireland,1948,104.41624166666666
Ireland,1949,85.41103333333335
Ireland,1950,99.92515833333334
Ireland,1951,98.95856666666667
Ireland,1952,76.86441666666667
Ireland,1953,75.63471666666666
Ireland,1954,105.6758
Ireland,1955,82.94645
Ireland,1956,89.60697499999999
Ireland,1957,92.63339166666667
Ireland,1958,107.15956666666666
Ireland,1959,89.355775
Ireland,1960,113.34395
Ireland,1961,92.56134166666668
Ireland,1962,88.02895
Ireland,1963,86.629975
Ireland,1964,90.17331666666666
Ireland,1965,100.26658333333334
Ireland,1966,104.09165
Ireland,1967,94.67014999999999
Ireland,1968,95.206075
Ireland,1969,79.72221666666667
Ireland,1970,90.77820000000001
Ireland,1971,71.258425
Ireland,1972,89.29415833333333
Ireland,1973,84.6362
Ireland,1974,96.9283
Ireland,1975,76.38574166666666
Ireland,1976,85.73101666666666
Ireland,1977,96.244875
Ireland,1978,90.63576666666667
Ireland,1979,98.38240833333333
Ireland,1980,101.19589166666667
Ireland,1981,98.39637499999999
Ireland,1982,104.93187499999999
Ireland,1983,92.34702499999999
Ireland,1984,92.201825
Ireland,1985,96.31308333333334
Ireland,1986,104.33789583333333
Ireland,1987,84.53716666666666
Ireland,1988,101.39026666666666
Ireland,1989,87.18166666666667
Ireland,1990,98.84046666666666
Ireland,1991,88.24013166666667
Ireland,1992,93.96030833333333
Ireland,1993,99.91199166666667
Ireland,1994,107.09525833333333
Ireland,1995,95.123625
Ireland,1996,93.922375
Ireland,1997,95.133125
Ireland,1998,107.94271666666667
Ireland,1999,104.12075
Ireland,2000,105.07450833333333
Ireland,2001,78.902
Ireland,2002,118.34015
Ireland,2003,81.70233333333333
Ireland,2004,91.28913333333333
Ireland,2005,90.17346666666667
Ireland,2006,99.50307500000001
Ireland,2007,89.78438333333334
Ireland,2008,110.8791
Ireland,2009,113.05164166666667
Ireland,2010,85.67693333333334
Ireland,2011,97.08610833333334
Ireland,2012,99.22663333333333
Ireland,2013,90.69435833333334
Ireland,2014,111.38829166666666
Ireland,2015,108.08969166666667
Ireland,2016,92.41344166666666
Israel,1901,17.971824166666668
Israel,1902,26.164865833333334
Israel,1903,18.165243333333333
Israel,1904,34.416385
Israel,1905,30.01364583333334
Israel,1906,22.765353333333334
Israel,1907,29.2075
Israel,1908,29.17790583333333
Israel,1909,20.002231666666667
Israel,1910,20.259544166666668
Israel,1911,37.632394166666664
Israel,1912,27.00706
Israel,1913,24.02078416666667
Israel,1914,23.399715833333335
Israel,1915,13.498471666666667
Israel,1916,28.356915
Israel,1917,26.305479166666668
Israel,1918,30.918103333333335
Israel,1919,26.070565000000002
Israel,1920,30.8999275
Israel,1921,27.732182499999997
Israel,1922,22.622070833333336
Israel,1923,19.135246666666667
Israel,1924,24.958392500000002
Israel,1925,15.373462500000002
Israel,1926,21.602339999999998
Israel,1927,22.09689333333333
Israel,1928,20.433066666666665
Israel,1929,23.7588425
Israel,1930,19.0727725
Israel,1931,24.325595833333335
Israel,1932,13.2009525
Israel,1933,13.883785000000001
Israel,1934,24.6319775
Israel,1935,21.17645
Israel,1936,22.898830833333335
Israel,1937,21.301765
Israel,1938,31.372404166666666
Israel,1939,26.135985
Israel,1940,23.46580916666667
Israel,1941,23.4197325
Israel,1942,22.583613333333332
Israel,1943,24.242080833333333
Israel,1944,37.04143916666667
Israel,1945,24.867554166666665
Israel,1946,14.940231666666667
Israel,1947,16.54005
Israel,1948,24.64582916666667
Israel,1949,30.488968333333332
Israel,1950,18.764055833333334
Israel,1951,24.048429166666665
Israel,1952,16.254619166666668
Israel,1953,30.578324166666665
Israel,1954,25.6315025
Israel,1955,17.994499166666667
Israel,1956,18.569557500000002
Israel,1957,25.76133
Israel,1958,10.688410833333334
Israel,1959,16.78285
Israel,1960,12.714395000000001
Israel,1961,25.32991
Israel,1962,12.728226666666666
Israel,1963,22.129703333333335
Israel,1964,26.547066666666666
Israel,1965,24.3824575
Israel,1966,22.672428333333333
Israel,1967,26.257711666666665
Israel,1968,23.904008333333334
Israel,1969,21.687605833333333
Israel,1970,19.180737500000003
Israel,1971,28.611903333333334
Israel,1972,19.395748333333334
Israel,1973,16.19523583333333
Israel,1974,33.621566666666666
Israel,1975,19.821651666666668
Israel,1976,17.876579166666666
Israel,1977,25.15418083333333
Israel,1978,16.324925
Israel,1979,25.20387666666667
Israel,1980,26.664730000000002
Israel,1981,17.30901666666667
Israel,1982,24.11218083333333
Israel,1983,24.2345475
Israel,1984,18.35435
Israel,1985,20.536063333333335
Israel,1986,27.027449166666667
Israel,1987,19.6934275
Israel,1988,28.183705
Israel,1989,16.5791325
Israel,1990,16.782549166666666
Israel,1991,33.0168375
Israel,1992,31.87245333333333
Israel,1993,16.97267666666667
Israel,1994,32.788112500000004
Israel,1995,12.887234999999999
Israel,1996,18.784155000000002
Israel,1997,24.466843333333333
Israel,1998,15.931498333333332
Israel,1999,10.506998333333334
Israel,2000,21.99887166666667
Israel,2001,18.884002499999998
Israel,2002,24.209481666666665
Israel,2003,26.708230833333335
Israel,2004,17.2470675
Israel,2005,17.5340025
Israel,2006,17.703415
Israel,2007,16.563360833333334
Israel,2008,14.52584
Israel,2009,16.3495575
Israel,2010,17.181459166666667
Israel,2011,18.43070833333333
Israel,2012,23.786453333333338
Israel,2013,22.7380275
Israel,2014,19.350205833333334
Israel,2015,21.721340833333333
Israel,2016,16.619488333333333
Italy,1901,93.88945
Italy,1902,78.004975
Italy,1903,79.44290833333334
Italy,1904,77.19955
Italy,1905,91.12884166666667
Italy,1906,75.07715
Italy,1907,76.97191666666667
Italy,1908,67.69246666666668
Italy,1909,78.39302500000001
Italy,1910,93.23865833333333
Italy,1911,81.164225
Italy,1912,76.06816666666667
Italy,1913,71.89419166666666
Italy,1914,85.51265000000001
Italy,1915,94.29525000000001
Italy,1916,94.18668333333333
Italy,1917,80.06523333333334
Italy,1918,75.569825
Italy,1919,75.53756666666666
Italy,1920,80.84826666666667
Italy,1921,58.72556666666666
Italy,1922,73.30838333333334
Italy,1923,72.68405833333334
Italy,1924,74.48984166666666
Italy,1925,71.17534166666667
Italy,1926,82.288325
Italy,1927,77.36778333333334
Italy,1928,83.57516666666668
Italy,1929,68.18749166666667
Italy,1930,79.72225833333333
Italy,1931,77.13754166666666
Italy,1932,74.25406666666667
Italy,1933,80.8661
Italy,1934,85.92989999999999
Italy,1935,81.913325
Italy,1936,81.16616666666667
Italy,1937,97.82941666666666
Italy,1938,68.18229166666667
Italy,1939,85.80885833333333
Italy,1940,81.66169166666667
Italy,1941,83.11704166666667
Italy,1942,70.37921666666666
Italy,1943,68.83568333333334
Italy,1944,69.84235833333334
Italy,1945,57.493599999999994
Italy,1946,71.864325
Italy,1947,72.84150833333334
Italy,1948,73.01309166666667
Italy,1949,67.30138333333333
Italy,1950,71.36406666666666
Italy,1951,90.17396666666667
Italy,1952,69.48450833333334
Italy,1953,72.8685
Italy,1954,78.71445833333333
Italy,1955,74.68795833333333
Italy,1956,74.23428333333334
Italy,1957,77.27243333333332
Italy,1958,80.946625
Italy,1959,86.82459166666666
Italy,1960,97.09125833333333
Italy,1961,70.88621666666667
Italy,1962,71.45750833333334
Italy,1963,87.56784166666667
Italy,1964,80.10506666666667
Italy,1965,77.83460000000001
Italy,1966,86.72595833333334
Italy,1967,65.183525
Italy,1968,78.76485000000001
Italy,1969,77.40578333333333
Italy,1970,68.70699166666667
Italy,1971,68.68066666666667
Italy,1972,86.08575833333333
Italy,1973,73.658625
Italy,1974,72.58446666666667
Italy,1975,82.30209166666667
Italy,1976,92.57654166666667
Italy,1977,80.93810833333333
Italy,1978,86.22545000000001
Italy,1979,95.14608333333332
Italy,1980,80.84903333333334
Italy,1981,76.22976666666666
Italy,1982,78.155125
Italy,1983,68.42105833333333
Italy,1984,89.63713333333334
Italy,1985,71.51735000000001
Italy,1986,78.90486666666668
Italy,1987,81.46605833333334
Italy,1988,71.62635
Italy,1989,68.46380833333333
Italy,1990,75.04676666666667
Italy,1991,73.78044166666666
Italy,1992,78.31683333333334
Italy,1993,73.374875
Italy,1994,74.48470833333333
Italy,1995,77.69601666666667
Italy,1996,94.46924166666668
Italy,1997,70.657575
Italy,1998,70.9373
Italy,1999,77.538
Italy,2000,76.23831666666666
Italy,2001,72.48274166666667
Italy,2002,89.83036666666668
Italy,2003,66.57331666666667
Italy,2004,79.02631666666667
Italy,2005,76.38695833333334
Italy,2006,67.62465833333333
Italy,2007,67.98789166666667
Italy,2008,84.40084166666666
Italy,2009,80.75468333333333
Italy,2010,87.58640833333334
Italy,2011,66.559025
Italy,2012,71.4676
Italy,2013,81.23386666666667
Italy,2014,85.84833333333334
Italy,2015,66.05301666666666
Italy,2016,73.92037499999999
Jamaica,1901,217.21048
Jamaica,1902,135.468425
Jamaica,1903,151.15399666666667
Jamaica,1904,194.82621666666668
Jamaica,1905,263.92355833333335
Jamaica,1906,257.225675
Jamaica,1907,103.71506666666666
Jamaica,1908,159.87915833333332
Jamaica,1909,221.70687750000002
Jamaica,1910,233.47664166666667
Jamaica,1911,116.21734166666666
Jamaica,1912,102.68039166666667
Jamaica,1913,117.66770833333334
Jamaica,1914,80.80896666666666
Jamaica,1915,354.1745583333333
Jamaica,1916,271.2400108333333
Jamaica,1917,180.73276666666666
Jamaica,1918,165.68668333333332
Jamaica,1919,241.59226666666666
Jamaica,1920,94.54498166666667
Jamaica,1921,176.19295
Jamaica,1922,117.80871666666667
Jamaica,1923,157.71475
Jamaica,1924,210.93387499999997
Jamaica,1925,130.782625
Jamaica,1926,139.54461666666666
Jamaica,1927,160.5135575
Jamaica,1928,145.45140833333332
Jamaica,1929,101.52026666666667
Jamaica,1930,127.92619166666667
Jamaica,1931,233.51151666666667
Jamaica,1932,164.64955833333332
Jamaica,1933,279.41253333333333
Jamaica,1934,204.01165
Jamaica,1935,170.24345
Jamaica,1936,243.725925
Jamaica,1937,235.03915000000003
Jamaica,1938,175.27975833333335
Jamaica,1939,177.2509
Jamaica,1940,178.48304166666665
Jamaica,1941,153.42339166666667
Jamaica,1942,244.73415250000002
Jamaica,1943,168.211425
Jamaica,1944,198.41971416666664
Jamaica,1945,211.09195833333334
Jamaica,1946,137.40976666666666
Jamaica,1947,158.834575
Jamaica,1948,212.26930833333333
Jamaica,1949,168.77835000000002
Jamaica,1950,183.53731666666667
Jamaica,1951,164.33883833333334
Jamaica,1952,166.66169166666666
Jamaica,1953,173.58043333333333
Jamaica,1954,188.696475
Jamaica,1955,174.09239166666669
Jamaica,1956,165.29723333333334
Jamaica,1957,137.58577499999998
Jamaica,1958,228.31543333333332
Jamaica,1959,140.571375
Jamaica,1960,228.95885833333332
Jamaica,1961,185.59012500000003
Jamaica,1962,136.505675
Jamaica,1963,270.89003333333335
Jamaica,1964,157.50698333333332
Jamaica,1965,145.21770833333332
Jamaica,1966,201.48785833333332
Jamaica,1967,98.18296666666667
Jamaica,1968,142.75965
Jamaica,1969,212.91573333333335
Jamaica,1970,217.08769166666664
Jamaica,1971,159.821875
Jamaica,1972,176.11028333333334
Jamaica,1973,193.60840833333336
Jamaica,1974,192.23727499999998
Jamaica,1975,153.31166
Jamaica,1976,104.58737500000001
Jamaica,1977,148.7326125
Jamaica,1978,178.67139166666666
Jamaica,1979,246.33429166666667
Jamaica,1980,195.76971666666668
Jamaica,1981,192.236475
Jamaica,1982,118.07454166666668
Jamaica,1983,128.1472916666667
Jamaica,1984,170.382475
Jamaica,1985,135.628825
Jamaica,1986,176.71121666666667
Jamaica,1987,219.423075
Jamaica,1988,192.80641666666668
Jamaica,1989,143.969475
Jamaica,1990,147.36211666666665
Jamaica,1991,135.60050833333335
Jamaica,1992,125.78771666666667
Jamaica,1993,225.6168
Jamaica,1994,142.910325
Jamaica,1995,196.53208333333336
Jamaica,1996,207.291925
Jamaica,1997,125.97515
Jamaica,1998,196.17821666666669
Jamaica,1999,190.05096666666668
Jamaica,2000,144.446875
Jamaica,2001,184.84621166666668
Jamaica,2002,152.75469999999999
Jamaica,2003,213.15485
Jamaica,2004,138.79440833333334
Jamaica,2005,261.78413166666667
Jamaica,2006,134.65079416666666
Jamaica,2007,286.2545333333333
Jamaica,2008,163.59893333333335
Jamaica,2009,115.2342025
Jamaica,2010,307.3733666666667
Jamaica,2011,211.35597499999997
Jamaica,2012,190.13014583333333
Jamaica,2013,149.59961666666666
Jamaica,2014,144.588025
Jamaica,2015,93.94404166666668
Jamaica,2016,143.90204166666666
Japan,1901,137.2933
Japan,1902,146.03655833333332
Japan,1903,153.09304166666666
Japan,1904,131.86955
Japan,1905,159.8335
Japan,1906,133.55323333333334
Japan,1907,138.494075
Japan,1908,132.88679166666665
Japan,1909,139.21676666666667
Japan,1910,141.25405
Japan,1911,162.2864
Japan,1912,137.50553333333332
Japan,1913,123.52284166666668
Japan,1914,137.48470833333332
Japan,1915,145.80811666666668
Japan,1916,145.984675
Japan,1917,133.44003333333333
Japan,1918,139.10045833333334
Japan,1919,137.28080833333334
Japan,1920,147.11145833333333
Japan,1921,147.70012499999999
Japan,1922,135.41575833333334
Japan,1923,164.51635000000002
Japan,1924,114.16314166666666
Japan,1925,130.04716666666667
Japan,1926,120.7876
Japan,1927,127.42135
Japan,1928,133.56115
Japan,1929,126.106725
Japan,1930,123.66329166666667
Japan,1931,139.5015
Japan,1932,137.62580833333334
Japan,1933,121.54739166666667
Japan,1934,118.79295833333333
Japan,1935,153.64755
Japan,1936,134.59879166666667
Japan,1937,131.351525
Japan,1938,136.05963333333332
Japan,1939,117.45654166666667
Japan,1940,114.20496666666668
Japan,1941,151.34945833333333
Japan,1942,123.93759999999999
Japan,1943,125.84713333333333
Japan,1944,116.91356666666667
Japan,1945,148.26447499999998
Japan,1946,131.48611666666667
Japan,1947,131.037425
Japan,1948,133.64590833333332
Japan,1949,146.83498333333333
Japan,1950,145.87380833333333
Japan,1951,135.59918333333334
Japan,1952,143.12861666666666
Japan,1953,149.88365
Japan,1954,154.65345833333333
Japan,1955,144.054425
Japan,1956,145.108375
Japan,1957,144.19960833333332
Japan,1958,147.89085
Japan,1959,149.14445
Japan,1960,126.80525833333333
Japan,1961,137.4372
Japan,1962,132.092125
Japan,1963,143.46023333333332
Japan,1964,135.11029166666665
Japan,1965,143.69703333333334
Japan,1966,153.96175
Japan,1967,124.30321666666667
Japan,1968,130.65038333333334
Japan,1969,128.14190833333333
Japan,1970,128.88446666666667
Japan,1971,133.44110833333335
Japan,1972,161.3007
Japan,1973,116.33051666666667
Japan,1974,134.939225
Japan,1975,137.64530833333333
Japan,1976,141.09605833333333
Japan,1977,122.06045833333333
Japan,1978,103.96755
Japan,1979,142.47705833333333
Japan,1980,160.46461666666667
Japan,1981,137.55747499999998
Japan,1982,130.4737
Japan,1983,135.10329166666665
Japan,1984,99.27137499999999
Japan,1985,137.49134166666667
Japan,1986,118.72134166666666
Japan,1987,124.15886666666667
Japan,1988,132.23817499999998
Japan,1989,151.89284166666667
Japan,1990,143.54286666666667
Japan,1991,148.54379166666666
Japan,1992,125.45964166666666
Japan,1993,160.9766
Japan,1994,99.95890833333334
Japan,1995,125.58745
Japan,1996,114.23712499999999
Japan,1997,133.48071666666667
Japan,1998,158.4575
Japan,1999,143.42644166666665
Japan,2000,127.57362499999999
Japan,2001,128.3186
Japan,2002,129.27368333333334
Japan,2003,142.47640833333335
Japan,2004,139.70644166666668
Japan,2005,115.83561666666667
Japan,2006,149.71338333333333
Japan,2007,121.86255
Japan,2008,123.80634166666665
Japan,2009,136.824575
Japan,2010,146.5164
Japan,2011,145.12125
Japan,2012,142.17775833333334
Japan,2013,141.805125
Japan,2014,142.49424166666668
Japan,2015,146.50005000000002
Japan,2016,151.20018333333334
Jordan,1901,8.030040833333333
Jordan,1902,10.693653333333332
Jordan,1903,7.5383375
Jordan,1904,13.569361666666666
Jordan,1905,12.870215833333333
Jordan,1906,11.827459166666666
Jordan,1907,11.6476025
Jordan,1908,11.548192499999999
Jordan,1909,10.378839166666667
Jordan,1910,9.26438
Jordan,1911,16.815080833333333
Jordan,1912,11.494918333333333
Jordan,1913,10.934363333333332
Jordan,1914,10.271725
Jordan,1915,6.337684166666667
Jordan,1916,11.639309166666665
Jordan,1917,9.736604166666666
Jordan,1918,13.81312
Jordan,1919,11.273518333333334
Jordan,1920,12.43251
Jordan,1921,11.274596666666667
Jordan,1922,9.2030575
Jordan,1923,8.579136666666667
Jordan,1924,10.9309425
Jordan,1925,7.115266666666667
Jordan,1926,9.349658333333332
Jordan,1927,10.2200325
Jordan,1928,8.117894166666666
Jordan,1929,10.121308333333333
Jordan,1930,7.492473333333333
Jordan,1931,9.764553333333334
Jordan,1932,5.490024166666667
Jordan,1933,5.780645
Jordan,1934,8.814803333333332
Jordan,1935,9.383394166666667
Jordan,1936,9.246385
Jordan,1937,9.06906
Jordan,1938,13.802177499999999
Jordan,1939,11.305349999999999
Jordan,1940,9.453760833333334
Jordan,1941,9.7865725
Jordan,1942,10.484943333333334
Jordan,1943,10.93661
Jordan,1944,15.536035
Jordan,1945,11.1325725
Jordan,1946,6.984171666666666
Jordan,1947,6.727451666666667
Jordan,1948,10.464575
Jordan,1949,12.992608333333331
Jordan,1950,8.8870675
Jordan,1951,9.262185
Jordan,1952,7.765011666666666
Jordan,1953,13.346181666666666
Jordan,1954,11.267339999999999
Jordan,1955,6.821821666666668
Jordan,1956,7.243755833333334
Jordan,1957,11.759545000000001
Jordan,1958,4.230990833333333
Jordan,1959,7.2136458333333335
Jordan,1960,4.8748875
Jordan,1961,10.835897500000002
Jordan,1962,4.592538333333334
Jordan,1963,10.044849166666667
Jordan,1964,9.7372125
Jordan,1965,10.293335
Jordan,1966,9.999159166666667
Jordan,1967,11.210243333333333
Jordan,1968,10.247823333333333
Jordan,1969,9.5190125
Jordan,1970,7.174315833333334
Jordan,1971,12.8294625
Jordan,1972,9.044696666666667
Jordan,1973,6.144258333333333
Jordan,1974,13.89608
Jordan,1975,8.764696666666667
Jordan,1976,7.781729166666666
Jordan,1977,10.2035475
Jordan,1978,6.120778333333334
Jordan,1979,10.824194166666667
Jordan,1980,12.582745833333334
Jordan,1981,6.497416666666666
Jordan,1982,11.481495
Jordan,1983,10.112575
Jordan,1984,7.714575833333334
Jordan,1985,9.644246666666668
Jordan,1986,10.48399
Jordan,1987,8.297525833333333
Jordan,1988,14.367983333333333
Jordan,1989,6.5532216666666665
Jordan,1990,8.1195275
Jordan,1991,12.706268333333332
Jordan,1992,11.498435
Jordan,1993,8.08075
Jordan,1994,12.672071666666668
Jordan,1995,5.5952141666666675
Jordan,1996,8.459222500000001
Jordan,1997,10.3950125
Jordan,1998,7.264359166666666
Jordan,1999,4.801068333333333
Jordan,2000,7.6201516666666675
Jordan,2001,8.301541666666667
Jordan,2002,10.035958333333333
Jordan,2003,10.813247500000001
Jordan,2004,6.895853333333332
Jordan,2005,7.19705
Jordan,2006,7.400708333333333
Jordan,2007,7.754385
Jordan,2008,5.669030833333333
Jordan,2009,6.22685
Jordan,2010,8.273983333333332
Jordan,2011,7.297124166666666
Jordan,2012,8.484859166666666
Jordan,2013,9.621965833333332
Jordan,2014,9.3727375
Jordan,2015,8.752265833333334
Jordan,2016,6.710584166666667
Kazakhstan,1901,22.792144166666663
Kazakhstan,1902,23.734905833333332
Kazakhstan,1903,23.020989999999998
Kazakhstan,1904,19.782946666666664
Kazakhstan,1905,23.091873333333336
Kazakhstan,1906,21.987017499999997
Kazakhstan,1907,23.8753525
Kazakhstan,1908,23.164716666666667
Kazakhstan,1909,16.452974166666667
Kazakhstan,1910,18.47045
Kazakhstan,1911,20.9986
Kazakhstan,1912,20.071158333333333
Kazakhstan,1913,21.66525
Kazakhstan,1914,24.914075
Kazakhstan,1915,24.726958333333332
Kazakhstan,1916,17.871660000000002
Kazakhstan,1917,16.7758225
Kazakhstan,1918,17.170774166666668
Kazakhstan,1919,22.2694
Kazakhstan,1920,20.449658333333335
Kazakhstan,1921,20.977525
Kazakhstan,1922,21.799085
Kazakhstan,1923,19.92680916666667
Kazakhstan,1924,18.887491666666666
Kazakhstan,1925,20.627266666666667
Kazakhstan,1926,23.037875
Kazakhstan,1927,19.731191666666668
Kazakhstan,1928,24.848133333333333
Kazakhstan,1929,16.2158875
Kazakhstan,1930,19.7501
Kazakhstan,1931,19.178320833333334
Kazakhstan,1932,18.570525
Kazakhstan,1933,18.528513333333333
Kazakhstan,1934,21.489808333333333
Kazakhstan,1935,17.012184166666668
Kazakhstan,1936,17.724683333333335
Kazakhstan,1937,17.244119166666668
Kazakhstan,1938,19.880858333333332
Kazakhstan,1939,18.398233333333334
Kazakhstan,1940,20.00133333333333
Kazakhstan,1941,23.727783333333335
Kazakhstan,1942,20.934930833333333
Kazakhstan,1943,17.456841666666666
Kazakhstan,1944,15.1650175
Kazakhstan,1945,20.13221
Kazakhstan,1946,24.513158333333333
Kazakhstan,1947,23.488155000000003
Kazakhstan,1948,18.773915
Kazakhstan,1949,20.53934166666667
Kazakhstan,1950,18.740755
Kazakhstan,1951,15.951595833333334
Kazakhstan,1952,19.637574166666667
Kazakhstan,1953,23.660708333333332
Kazakhstan,1954,21.468055833333334
Kazakhstan,1955,16.363968333333332
Kazakhstan,1956,21.16235
Kazakhstan,1957,20.45017
Kazakhstan,1958,27.241225
Kazakhstan,1959,21.7089375
Kazakhstan,1960,24.818175
Kazakhstan,1961,21.231916666666667
Kazakhstan,1962,19.429683333333333
Kazakhstan,1963,22.9017
Kazakhstan,1964,23.338851666666667
Kazakhstan,1965,20.097718333333333
Kazakhstan,1966,22.59757833333333
Kazakhstan,1967,20.051311666666667
Kazakhstan,1968,19.835720833333333
Kazakhstan,1969,25.395733333333336
Kazakhstan,1970,20.416291666666666
Kazakhstan,1971,20.5553625
Kazakhstan,1972,21.0498425
Kazakhstan,1973,22.42973333333333
Kazakhstan,1974,16.151053333333333
Kazakhstan,1975,15.337008333333335
Kazakhstan,1976,19.5377275
Kazakhstan,1977,19.756783333333335
Kazakhstan,1978,21.9181725
Kazakhstan,1979,23.059091666666664
Kazakhstan,1980,21.134233333333334
Kazakhstan,1981,22.695758333333334
Kazakhstan,1982,20.570125
Kazakhstan,1983,21.443408333333334
Kazakhstan,1984,17.815773333333333
Kazakhstan,1985,21.25808333333333
Kazakhstan,1986,19.403791666666667
Kazakhstan,1987,25.328433333333333
Kazakhstan,1988,22.198558333333335
Kazakhstan,1989,20.737624999999998
Kazakhstan,1990,24.662375833333332
Kazakhstan,1991,17.283022499999998
Kazakhstan,1992,22.310284166666666
Kazakhstan,1993,25.76024166666667
Kazakhstan,1994,21.89439
Kazakhstan,1995,17.387216666666664
Kazakhstan,1996,17.882652500000003
Kazakhstan,1997,19.234561666666668
Kazakhstan,1998,19.4595
Kazakhstan,1999,21.413908333333335
Kazakhstan,2000,22.680775
Kazakhstan,2001,22.63208333333333
Kazakhstan,2002,24.854101666666665
Kazakhstan,2003,24.384874999999997
Kazakhstan,2004,22.870275000000003
Kazakhstan,2005,19.116984166666665
Kazakhstan,2006,22.04085333333333
Kazakhstan,2007,20.869521666666667
Kazakhstan,2008,18.589683333333333
Kazakhstan,2009,22.925133333333335
Kazakhstan,2010,19.806428333333333
Kazakhstan,2011,22.251125
Kazakhstan,2012,19.399810833333333
Kazakhstan,2013,25.608774999999998
Kazakhstan,2014,20.990875
Kazakhstan,2015,25.602641666666667
Kazakhstan,2016,28.836658333333332
Kenya,1901,53.95894666666667
Kenya,1902,60.51093583333333
Kenya,1903,53.438408333333335
Kenya,1904,55.28832500000001
Kenya,1905,62.307903333333336
Kenya,1906,68.3804825
Kenya,1907,53.54483
Kenya,1908,54.429775
Kenya,1909,56.337088333333334
Kenya,1910,46.169220833333334
Kenya,1911,53.216118333333334
Kenya,1912,66.70869166666667
Kenya,1913,55.072270833333334
Kenya,1914,57.822583333333334
Kenya,1915,57.51604583333333
Kenya,1916,64.410625
Kenya,1917,64.7202675
Kenya,1918,40.69947083333333
Kenya,1919,50.70060583333333
Kenya,1920,55.38676666666667
Kenya,1921,38.393966666666664
Kenya,1922,50.2174
Kenya,1923,67.07060833333334
Kenya,1924,48.3972575
Kenya,1925,53.08175833333333
Kenya,1926,63.00561666666667
Kenya,1927,48.256475
Kenya,1928,47.57447083333333
Kenya,1929,50.578444999999995
Kenya,1930,69.49878333333334
Kenya,1931,52.61065
Kenya,1932,56.8245
Kenya,1933,44.732625000000006
Kenya,1934,45.415169999999996
Kenya,1935,56.698142499999996
Kenya,1936,64.90622499999999
Kenya,1937,67.742225
Kenya,1938,51.383916666666664
Kenya,1939,41.91011666666667
Kenya,1940,59.54544166666667
Kenya,1941,64.33549166666667
Kenya,1942,53.34765833333333
Kenya,1943,44.113850000000006
Kenya,1944,54.78248083333333
Kenya,1945,45.0908
Kenya,1946,47.46667166666666
Kenya,1947,61.48875833333333
Kenya,1948,52.38484333333333
Kenya,1949,37.66344
Kenya,1950,46.3631925
Kenya,1951,80.18205833333333
Kenya,1952,45.57255333333333
Kenya,1953,53.702357500000005
Kenya,1954,50.907408333333336
Kenya,1955,49.092000000000006
Kenya,1956,52.63325833333334
Kenya,1957,65.84531666666668
Kenya,1958,55.28243333333333
Kenya,1959,53.07056666666667
Kenya,1960,52.62365
Kenya,1961,86.1345
Kenya,1962,58.35081666666667
Kenya,1963,74.56805833333334
Kenya,1964,59.42363333333333
Kenya,1965,48.982274999999994
Kenya,1966,57.900650000000006
Kenya,1967,72.9097825
Kenya,1968,83.1843375
Kenya,1969,53.63491666666667
Kenya,1970,56.358983333333335
Kenya,1971,51.9716625
Kenya,1972,56.98074166666667
Kenya,1973,42.2148575
Kenya,1974,48.88014166666667
Kenya,1975,48.2627175
Kenya,1976,42.572475000000004
Kenya,1977,72.498525
Kenya,1978,70.84636666666667
Kenya,1979,66.67146666666666
Kenya,1980,41.42307916666667
Kenya,1981,60.18539833333333
Kenya,1982,71.03364166666667
Kenya,1983,47.86991666666666
Kenya,1984,43.291295
Kenya,1985,54.57065
Kenya,1986,55.448410833333334
Kenya,1987,48.46864166666666
Kenya,1988,64.9811
Kenya,1989,62.402741666666664
Kenya,1990,62.07781666666667
Kenya,1991,49.67348333333334
Kenya,1992,51.139716666666665
Kenya,1993,50.571558333333336
Kenya,1994,57.3549725
Kenya,1995,54.34535833333334
Kenya,1996,44.209421666666664
Kenya,1997,80.20928333333333
Kenya,1998,60.36004166666667
Kenya,1999,49.757575833333334
Kenya,2000,37.376255
Kenya,2001,51.87663
Kenya,2002,65.07107500000001
Kenya,2003,51.40202083333333
Kenya,2004,46.04891666666666
Kenya,2005,36.217225
Kenya,2006,69.67845
Kenya,2007,54.484550000000006
Kenya,2008,53.72519166666667
Kenya,2009,52.941849999999995
Kenya,2010,52.966125
Kenya,2011,53.097825
Kenya,2012,63.01775
Kenya,2013,64.14094999999999
Kenya,2014,51.22320833333333
Kenya,2015,64.33130833333333
Kenya,2016,59.60018333333333
Kiribati,1901,96.95818333333334
Kiribati,1902,96.95818333333334
Kiribati,1903,96.95818333333334
Kiribati,1904,96.95818333333334
Kiribati,1905,96.95818333333334
Kiribati,1906,96.95818333333334
Kiribati,1907,48.96196666666666
Kiribati,1908,96.95818333333334
Kiribati,1909,89.77881666666667
Kiribati,1910,74.05036666666666
Kiribati,1911,111.33474166666667
Kiribati,1912,152.73153333333332
Kiribati,1913,107.677225
Kiribati,1914,184.52068333333332
Kiribati,1915,142.99895
Kiribati,1916,77.35221666666666
Kiribati,1917,61.114383333333336
Kiribati,1918,132.326325
Kiribati,1919,131.09079833333334
Kiribati,1920,95.01035
Kiribati,1921,70.33046666666667
Kiribati,1922,107.15230000000001
Kiribati,1923,99.85530833333333
Kiribati,1924,115.160625
Kiribati,1925,68.829525
Kiribati,1926,68.55154166666667
Kiribati,1927,85.1587
Kiribati,1928,81.55305
Kiribati,1929,61.63249166666666
Kiribati,1930,81.38303333333333
Kiribati,1931,115.925875
Kiribati,1932,90.86238333333334
Kiribati,1933,94.51124166666666
Kiribati,1934,110.06165833333334
Kiribati,1935,116.47596666666668
Kiribati,1936,87.76344999999999
Kiribati,1937,76.70700000000001
Kiribati,1938,97.33135
Kiribati,1939,105.709775
Kiribati,1940,68.51994166666667
Kiribati,1941,77.316625
Kiribati,1942,93.57295833333335
Kiribati,1943,74.72349166666667
Kiribati,1944,81.313625
Kiribati,1945,74.46781666666666
Kiribati,1946,68.86315
Kiribati,1947,98.827425
Kiribati,1948,86.92795000000001
Kiribati,1949,95.74685833333332
Kiribati,1950,94.53243333333334
Kiribati,1951,98.5052
Kiribati,1952,81.11853333333333
Kiribati,1953,108.65021666666667
Kiribati,1954,33.474
Kiribati,1955,55.351125833333334
Kiribati,1956,87.645125
Kiribati,1957,145.19620833333332
Kiribati,1958,188.0852
Kiribati,1959,71.92840833333334
Kiribati,1960,63.38158333333333
Kiribati,1961,82.58375833333334
Kiribati,1962,78.24455
Kiribati,1963,86.649025
Kiribati,1964,93.20273333333334
Kiribati,1965,164.21945833333334
Kiribati,1966,98.23039166666666
Kiribati,1967,44.89175
Kiribati,1968,35.040308333333336
Kiribati,1969,86.70485000000001
Kiribati,1970,55.15975
Kiribati,1971,50.1744075
Kiribati,1972,169.8414
Kiribati,1973,133.36396249999999
Kiribati,1974,47.30911666666666
Kiribati,1975,58.321149999999996
Kiribati,1976,172.01144166666666
Kiribati,1977,130.80818333333335
Kiribati,1978,67.83709166666667
Kiribati,1979,83.85598333333333
Kiribati,1980,95.50553333333333
Kiribati,1981,82.93672500000001
Kiribati,1982,145.49496666666667
Kiribati,1983,146.92199166666668
Kiribati,1984,65.31613083333333
Kiribati,1985,39.881499999999996
Kiribati,1986,91.29606666666666
Kiribati,1987,273.7303416666667
Kiribati,1988,80.52908333333333
Kiribati,1989,57.50481666666667
Kiribati,1990,108.032
Kiribati,1991,128.247675
Kiribati,1992,133.64366666666666
Kiribati,1993,93.22285833333332
Kiribati,1994,70.62268333333333
Kiribati,1995,77.78975
Kiribati,1996,54.17706666666666
Kiribati,1997,84.04520000000001
Kiribati,1998,106.44745
Kiribati,1999,96.95818333333334
Kiribati,2000,100.24385833333334
Kiribati,2001,96.95818333333334
Kiribati,2002,96.95818333333334
Kiribati,2003,96.95818333333334
Kiribati,2004,96.95818333333334
Kiribati,2005,96.95818333333334
Kiribati,2006,96.95818333333334
Kiribati,2007,96.95818333333334
Kiribati,2008,96.95818333333334
Kiribati,2009,96.95818333333334
Kiribati,2010,96.95818333333334
Kiribati,2011,96.95818333333334
Kiribati,2012,96.95818333333334
Kiribati,2013,96.95818333333334
Kiribati,2014,96.95818333333334
Kiribati,2015,96.95818333333334
Kiribati,2016,96.95818333333334
Kuwait,1901,5.186316666666667
Kuwait,1902,11.124816666666666
Kuwait,1903,5.9310625
Kuwait,1904,7.216904166666667
Kuwait,1905,7.418153333333333
Kuwait,1906,10.483525833333333
Kuwait,1907,9.036788333333334
Kuwait,1908,7.184576666666666
Kuwait,1909,14.8793825
Kuwait,1910,9.648140833333334
Kuwait,1911,15.104082499999999
Kuwait,1912,6.870023333333333
Kuwait,1913,9.873409166666667
Kuwait,1914,11.8707075
Kuwait,1915,12.7016025
Kuwait,1916,7.902683333333333
Kuwait,1917,6.744260833333333
Kuwait,1918,9.2591175
Kuwait,1919,10.096055833333333
Kuwait,1920,11.812003333333331
Kuwait,1921,6.9615225
Kuwait,1922,2.0256133333333333
Kuwait,1923,15.6976175
Kuwait,1924,10.284981666666667
Kuwait,1925,7.685859166666667
Kuwait,1926,9.457663333333334
Kuwait,1927,5.563656666666667
Kuwait,1928,7.476073333333333
Kuwait,1929,12.788405833333334
Kuwait,1930,7.98745
Kuwait,1931,7.692814166666667
Kuwait,1932,5.556845833333334
Kuwait,1933,6.520209166666667
Kuwait,1934,11.868629166666665
Kuwait,1935,13.239601666666667
Kuwait,1936,10.460402499999999
Kuwait,1937,7.9542399999999995
Kuwait,1938,10.55844
Kuwait,1939,14.679137500000001
Kuwait,1940,8.86373
Kuwait,1941,11.967881666666669
Kuwait,1942,7.090580833333334
Kuwait,1943,12.394514166666667
Kuwait,1944,6.272701666666666
Kuwait,1945,12.272338333333332
Kuwait,1946,14.924901666666665
Kuwait,1947,8.663690833333334
Kuwait,1948,8.446795833333333
Kuwait,1949,10.2847025
Kuwait,1950,6.971566666666667
Kuwait,1951,8.175888333333333
Kuwait,1952,8.668450833333333
Kuwait,1953,9.373941666666667
Kuwait,1954,16.960170833333333
Kuwait,1955,7.9903525
Kuwait,1956,7.0348733333333335
Kuwait,1957,9.933568333333334
Kuwait,1958,8.25667
Kuwait,1959,8.849176666666667
Kuwait,1960,4.596899166666666
Kuwait,1961,16.279195833333336
Kuwait,1962,7.612023333333333
Kuwait,1963,7.0147458333333335
Kuwait,1964,3.5248500000000003
Kuwait,1965,7.3005941666666665
Kuwait,1966,6.063625833333333
Kuwait,1967,10.910499166666668
Kuwait,1968,8.464550833333332
Kuwait,1969,11.635748333333334
Kuwait,1970,7.631166666666666
Kuwait,1971,9.792041666666668
Kuwait,1972,18.240310833333336
Kuwait,1973,3.6975141666666667
Kuwait,1974,13.870794166666668
Kuwait,1975,13.262943333333334
Kuwait,1976,16.444493333333334
Kuwait,1977,9.430504166666667
Kuwait,1978,9.024096666666667
Kuwait,1979,10.158884166666667
Kuwait,1980,11.921450833333333
Kuwait,1981,7.451444166666666
Kuwait,1982,12.448915833333333
Kuwait,1983,6.9718275
Kuwait,1984,8.558620833333334
Kuwait,1985,7.128955833333333
Kuwait,1986,13.399224166666668
Kuwait,1987,7.581930833333334
Kuwait,1988,7.382931666666667
Kuwait,1989,7.016054166666667
Kuwait,1990,6.4607841666666666
Kuwait,1991,12.464934999999999
Kuwait,1992,10.066153333333334
Kuwait,1993,12.900985
Kuwait,1994,10.996377500000001
Kuwait,1995,11.359607500000001
Kuwait,1996,13.150599999999999
Kuwait,1997,13.238574999999999
Kuwait,1998,8.588434166666667
Kuwait,1999,13.311875
Kuwait,2000,8.173170833333334
Kuwait,2001,10.190249166666668
Kuwait,2002,11.206108333333333
Kuwait,2003,10.682577499999999
Kuwait,2004,13.203395833333333
Kuwait,2005,12.885930833333333
Kuwait,2006,11.207838333333333
Kuwait,2007,8.427208333333333
Kuwait,2008,4.430550833333334
Kuwait,2009,7.664022500000001
Kuwait,2010,4.231159166666667
Kuwait,2011,6.938776666666667
Kuwait,2012,8.647331666666666
Kuwait,2013,6.2343975
Kuwait,2014,7.742439999999999
Kuwait,2015,7.486699166666667
Kuwait,2016,9.997615833333333
Kyrgyzstan,1901,40.02524333333333
Kyrgyzstan,1902,45.85210916666667
Kyrgyzstan,1903,31.727108333333334
Kyrgyzstan,1904,31.285147500000004
Kyrgyzstan,1905,31.769198333333332
Kyrgyzstan,1906,29.104294999999997
Kyrgyzstan,1907,39.653848333333336
Kyrgyzstan,1908,33.5533375
Kyrgyzstan,1909,25.34743333333333
Kyrgyzstan,1910,31.169722499999995
Kyrgyzstan,1911,30.891165833333332
Kyrgyzstan,1912,27.222287500000004
Kyrgyzstan,1913,26.918599999999998
Kyrgyzstan,1914,29.835315833333336
Kyrgyzstan,1915,26.925431666666668
Kyrgyzstan,1916,22.29912416666667
Kyrgyzstan,1917,12.418615833333334
Kyrgyzstan,1918,26.03777666666667
Kyrgyzstan,1919,21.6936125
Kyrgyzstan,1920,35.86898333333333
Kyrgyzstan,1921,37.3524175
Kyrgyzstan,1922,29.663076666666665
Kyrgyzstan,1923,32.04830333333333
Kyrgyzstan,1924,31.120484166666667
Kyrgyzstan,1925,22.81540083333333
Kyrgyzstan,1926,25.190781666666666
Kyrgyzstan,1927,22.870105
Kyrgyzstan,1928,37.827866666666665
Kyrgyzstan,1929,27.678016666666668
Kyrgyzstan,1930,26.20098916666667
Kyrgyzstan,1931,32.26767666666667
Kyrgyzstan,1932,29.812789166666665
Kyrgyzstan,1933,29.387759166666665
Kyrgyzstan,1934,34.95185
Kyrgyzstan,1935,33.45384
Kyrgyzstan,1936,26.135724999999997
Kyrgyzstan,1937,31.987979999999997
Kyrgyzstan,1938,24.67905083333333
Kyrgyzstan,1939,23.38005
Kyrgyzstan,1940,30.441291666666668
Kyrgyzstan,1941,32.767807499999996
Kyrgyzstan,1942,34.22777166666666
Kyrgyzstan,1943,29.776331666666668
Kyrgyzstan,1944,25.680188333333334
Kyrgyzstan,1945,33.32929166666667
Kyrgyzstan,1946,28.928124166666667
Kyrgyzstan,1947,31.407055
Kyrgyzstan,1948,26.830906666666667
Kyrgyzstan,1949,34.9184
Kyrgyzstan,1950,27.529006666666664
Kyrgyzstan,1951,36.891531666666666
Kyrgyzstan,1952,32.400088333333336
Kyrgyzstan,1953,40.989020833333335
Kyrgyzstan,1954,32.93891416666667
Kyrgyzstan,1955,29.72715666666667
Kyrgyzstan,1956,29.91853083333333
Kyrgyzstan,1957,29.632320833333335
Kyrgyzstan,1958,39.513325
Kyrgyzstan,1959,34.55204583333333
Kyrgyzstan,1960,32.52243
Kyrgyzstan,1961,22.638483333333337
Kyrgyzstan,1962,29.526016666666667
Kyrgyzstan,1963,33.80305083333334
Kyrgyzstan,1964,30.799398333333333
Kyrgyzstan,1965,30.4252225
Kyrgyzstan,1966,38.25984166666667
Kyrgyzstan,1967,30.00148333333333
Kyrgyzstan,1968,31.538361666666663
Kyrgyzstan,1969,48.93848333333333
Kyrgyzstan,1970,31.87792833333333
Kyrgyzstan,1971,24.388789166666665
Kyrgyzstan,1972,34.68909166666666
Kyrgyzstan,1973,26.337236666666666
Kyrgyzstan,1974,28.820475000000002
Kyrgyzstan,1975,23.9963
Kyrgyzstan,1976,30.900101666666668
Kyrgyzstan,1977,32.912974166666665
Kyrgyzstan,1978,30.537351666666666
Kyrgyzstan,1979,31.02316666666667
Kyrgyzstan,1980,32.153418333333335
Kyrgyzstan,1981,37.98466666666667
Kyrgyzstan,1982,25.395341666666667
Kyrgyzstan,1983,27.6476625
Kyrgyzstan,1984,30.295553333333334
Kyrgyzstan,1985,29.367403333333332
Kyrgyzstan,1986,30.704586666666668
Kyrgyzstan,1987,45.575015
Kyrgyzstan,1988,34.603925
Kyrgyzstan,1989,27.16969
Kyrgyzstan,1990,31.121240833333335
Kyrgyzstan,1991,31.8096525
Kyrgyzstan,1992,31.618515
Kyrgyzstan,1993,43.08864666666667
Kyrgyzstan,1994,30.807875
Kyrgyzstan,1995,22.184714166666666
Kyrgyzstan,1996,31.033524166666666
Kyrgyzstan,1997,24.908108333333335
Kyrgyzstan,1998,42.501675
Kyrgyzstan,1999,35.93080833333333
Kyrgyzstan,2000,30.622125
Kyrgyzstan,2001,27.683305833333332
Kyrgyzstan,2002,42.02596666666667
Kyrgyzstan,2003,46.72822166666666
Kyrgyzstan,2004,37.74789583333333
Kyrgyzstan,2005,34.28210583333333
Kyrgyzstan,2006,30.810872500000002
Kyrgyzstan,2007,29.94991333333333
Kyrgyzstan,2008,28.388742500000003
Kyrgyzstan,2009,34.44968333333333
Kyrgyzstan,2010,38.5413
Kyrgyzstan,2011,35.91529333333333
Kyrgyzstan,2012,27.72156166666667
Kyrgyzstan,2013,31.903780833333332
Kyrgyzstan,2014,29.155666666666665
Kyrgyzstan,2015,34.60028166666667
Kyrgyzstan,2016,45.925806666666666
Laos,1901,142.41025
Laos,1902,138.5404166666667
Laos,1903,141.17180833333333
Laos,1904,169.66185416666667
Laos,1905,126.522375
Laos,1906,130.54366416666667
Laos,1907,137.22030833333335
Laos,1908,156.07428333333334
Laos,1909,170.06648333333334
Laos,1910,155.131
Laos,1911,122.94885916666668
Laos,1912,131.40711833333333
Laos,1913,137.79495916666667
Laos,1914,136.25672749999998
Laos,1915,151.37138416666667
Laos,1916,135.23168333333334
Laos,1917,133.44079166666666
Laos,1918,140.19100833333331
Laos,1919,120.59895999999999
Laos,1920,146.29234166666666
Laos,1921,128.666525
Laos,1922,114.62032833333332
Laos,1923,131.49801416666665
Laos,1924,134.16283166666668
Laos,1925,122.2780125
Laos,1926,131.7671366666667
Laos,1927,151.05608833333335
Laos,1928,134.86354583333335
Laos,1929,138.8262825
Laos,1930,122.31888833333333
Laos,1931,117.03539666666667
Laos,1932,137.06232833333334
Laos,1933,144.690015
Laos,1934,159.01002333333332
Laos,1935,144.63227666666668
Laos,1936,117.69858750000002
Laos,1937,130.04542
Laos,1938,141.46933583333333
Laos,1939,136.58447416666667
Laos,1940,125.62335416666667
Laos,1941,144.54244083333333
Laos,1942,148.54295249999998
Laos,1943,134.79350416666668
Laos,1944,130.73552833333335
Laos,1945,158.48293333333334
Laos,1946,125.57279833333332
Laos,1947,129.14536166666667
Laos,1948,147.1623425
Laos,1949,174.15705
Laos,1950,142.71420083333334
Laos,1951,156.77646416666667
Laos,1952,157.40111583333334
Laos,1953,145.34601666666666
Laos,1954,128.61468666666667
Laos,1955,131.32815083333332
Laos,1956,140.37296166666667
Laos,1957,118.13038083333333
Laos,1958,123.16660999999999
Laos,1959,127.41537833333332
Laos,1960,143.64464166666667
Laos,1961,166.46919833333334
Laos,1962,139.978185
Laos,1963,157.63269666666667
Laos,1964,161.29334333333335
Laos,1965,136.7863625
Laos,1966,155.79673333333332
Laos,1967,129.2455075
Laos,1968,131.88175333333334
Laos,1969,135.28241583333332
Laos,1970,156.185955
Laos,1971,156.33868833333335
Laos,1972,154.67891749999998
Laos,1973,130.08589750000002
Laos,1974,160.40934416666667
Laos,1975,156.69688333333332
Laos,1976,138.7996475
Laos,1977,130.36885583333333
Laos,1978,165.56485583333333
Laos,1979,124.86553083333332
Laos,1980,151.7285825
Laos,1981,153.47409833333333
Laos,1982,143.726925
Laos,1983,142.64704166666667
Laos,1984,156.32275333333334
Laos,1985,143.0684875
Laos,1986,164.64624916666668
Laos,1987,129.42901666666668
Laos,1988,135.771285
Laos,1989,134.23540916666667
Laos,1990,162.36752083333334
Laos,1991,135.6167725
Laos,1992,136.98957083333332
Laos,1993,116.44789916666667
Laos,1994,158.07257
Laos,1995,144.22720916666665
Laos,1996,164.9962875
Laos,1997,141.87860833333335
Laos,1998,131.99151666666668
Laos,1999,169.53732833333333
Laos,2000,151.84244583333336
Laos,2001,170.69862166666667
Laos,2002,177.54904166666665
Laos,2003,127.39999416666666
Laos,2004,140.00691750000001
Laos,2005,155.96438833333335
Laos,2006,155.84696333333335
Laos,2007,150.58699416666667
Laos,2008,173.43051666666668
Laos,2009,133.43937666666667
Laos,2010,143.6313683333333
Laos,2011,182.54849833333333
Laos,2012,160.54322583333334
Laos,2013,179.40867500000002
Laos,2014,120.78442166666667
Laos,2015,124.92181666666666
Laos,2016,163.389275
Latvia,1901,43.990649999999995
Latvia,1902,55.86969166666666
Latvia,1903,60.258633333333336
Latvia,1904,54.47
Latvia,1905,53.42720833333334
Latvia,1906,57.59095833333333
Latvia,1907,47.96285
Latvia,1908,52.4866
Latvia,1909,45.33075
Latvia,1910,51.578583333333334
Latvia,1911,48.64747500000001
Latvia,1912,56.794275
Latvia,1913,54.444433333333336
Latvia,1914,46.97370833333333
Latvia,1915,51.763025
Latvia,1916,59.53970833333333
Latvia,1917,52.90459166666667
Latvia,1918,44.009015833333336
Latvia,1919,47.39599166666667
Latvia,1920,42.33444166666667
Latvia,1921,50.603075
Latvia,1922,53.431891666666665
Latvia,1923,60.84289666666667
Latvia,1924,52.02245833333333
Latvia,1925,61.60541666666666
Latvia,1926,56.3176
Latvia,1927,58.665400000000005
Latvia,1928,63.28196833333334
Latvia,1929,50.544675000000005
Latvia,1930,60.213975
Latvia,1931,53.38499166666667
Latvia,1932,53.496491666666664
Latvia,1933,49.43954166666666
Latvia,1934,50.49381666666667
Latvia,1935,59.647124999999996
Latvia,1936,53.48834166666666
Latvia,1937,54.61070833333333
Latvia,1938,48.67905833333333
Latvia,1939,43.405766666666665
Latvia,1940,53.81325833333333
Latvia,1941,43.244425
Latvia,1942,46.78288666666666
Latvia,1943,53.94340833333333
Latvia,1944,50.245308333333334
Latvia,1945,59.350750000000005
Latvia,1946,48.41698333333333
Latvia,1947,46.026041666666664
Latvia,1948,55.152908333333336
Latvia,1949,54.67210333333333
Latvia,1950,62.610375
Latvia,1951,42.80061666666666
Latvia,1952,62.539625
Latvia,1953,45.61329166666667
Latvia,1954,56.82488333333333
Latvia,1955,49.560091666666665
Latvia,1956,56.0011
Latvia,1957,59.46369166666667
Latvia,1958,50.27930833333334
Latvia,1959,45.540258333333334
Latvia,1960,56.26233333333334
Latvia,1961,50.236108333333334
Latvia,1962,59.48656666666667
Latvia,1963,44.331700000000005
Latvia,1964,41.48405833333333
Latvia,1965,47.204483333333336
Latvia,1966,56.67585
Latvia,1967,53.54095833333333
Latvia,1968,46.94164166666667
Latvia,1969,43.81070833333334
Latvia,1970,53.547441666666664
Latvia,1971,44.603275
Latvia,1972,52.48138583333333
Latvia,1973,49.659258333333334
Latvia,1974,55.881058333333335
Latvia,1975,42.567550000000004
Latvia,1976,41.879400000000004
Latvia,1977,55.405116666666665
Latvia,1978,62.402633333333334
Latvia,1979,53.52585833333333
Latvia,1980,62.660650000000004
Latvia,1981,65.873875
Latvia,1982,46.46561666666667
Latvia,1983,56.882666666666665
Latvia,1984,51.166583333333335
Latvia,1985,61.06534166666666
Latvia,1986,58.61660833333334
Latvia,1987,55.762975000000004
Latvia,1988,55.50403333333333
Latvia,1989,54.940583333333336
Latvia,1990,69.2525075
Latvia,1991,55.264975
Latvia,1992,51.54056666666667
Latvia,1993,55.765748333333335
Latvia,1994,55.759975
Latvia,1995,55.91605833333333
Latvia,1996,47.12553333333333
Latvia,1997,59.48974166666667
Latvia,1998,61.923991666666666
Latvia,1999,50.78545833333333
Latvia,2000,53.47919166666666
Latvia,2001,64.62586666666667
Latvia,2002,47.252445
Latvia,2003,52.2237
Latvia,2004,57.331625
Latvia,2005,52.512008333333334
Latvia,2006,48.5206
Latvia,2007,58.33355
Latvia,2008,57.89159166666667
Latvia,2009,60.6179175
Latvia,2010,67.39115833333334
Latvia,2011,52.90808333333333
Latvia,2012,66.43775833333333
Latvia,2013,53.2931
Latvia,2014,55.384683333333335
Latvia,2015,46.841971666666666
Latvia,2016,59.4811
Lebanon,1901,33.93499
Lebanon,1902,59.40045916666667
Lebanon,1903,43.6225675
Lebanon,1904,61.66421583333334
Lebanon,1905,56.20834083333333
Lebanon,1906,57.3875075
Lebanon,1907,60.75443250000001
Lebanon,1908,58.659465000000004
Lebanon,1909,52.45611916666667
Lebanon,1910,48.92518666666667
Lebanon,1911,80.2820825
Lebanon,1912,57.17273583333333
Lebanon,1913,59.77806833333333
Lebanon,1914,57.044437499999994
Lebanon,1915,36.06765
Lebanon,1916,54.86951166666666
Lebanon,1917,51.135915000000004
Lebanon,1918,68.29714833333334
Lebanon,1919,53.90749333333334
Lebanon,1920,49.610735000000005
Lebanon,1921,52.176402499999995
Lebanon,1922,49.12599
Lebanon,1923,46.43157333333334
Lebanon,1924,57.09582583333333
Lebanon,1925,34.30503083333333
Lebanon,1926,57.88802416666667
Lebanon,1927,46.201697499999995
Lebanon,1928,48.2713175
Lebanon,1929,52.359784166666664
Lebanon,1930,38.769305833333334
Lebanon,1931,50.42613083333333
Lebanon,1932,31.579515833333332
Lebanon,1933,28.8583525
Lebanon,1934,48.43228916666666
Lebanon,1935,57.990545
Lebanon,1936,50.216477499999996
Lebanon,1937,41.712314166666665
Lebanon,1938,64.98144666666666
Lebanon,1939,52.13232666666667
Lebanon,1940,61.52514083333333
Lebanon,1941,46.636940833333334
Lebanon,1942,55.83256333333333
Lebanon,1943,52.196374999999996
Lebanon,1944,74.56832
Lebanon,1945,48.296458333333334
Lebanon,1946,38.37580583333334
Lebanon,1947,42.13938916666667
Lebanon,1948,60.7370875
Lebanon,1949,60.18552916666667
Lebanon,1950,47.88334583333333
Lebanon,1951,49.35290333333334
Lebanon,1952,44.87870916666666
Lebanon,1953,69.58706916666667
Lebanon,1954,57.715780833333326
Lebanon,1955,38.9968675
Lebanon,1956,41.02723666666667
Lebanon,1957,44.97689833333334
Lebanon,1958,28.13777
Lebanon,1959,35.1918625
Lebanon,1960,29.379829166666667
Lebanon,1961,48.98032833333334
Lebanon,1962,37.6858675
Lebanon,1963,52.94630833333334
Lebanon,1964,51.69386166666667
Lebanon,1965,52.54185666666666
Lebanon,1966,44.99276166666667
Lebanon,1967,66.40033583333333
Lebanon,1968,60.32281416666667
Lebanon,1969,64.9249175
Lebanon,1970,46.5780925
Lebanon,1971,58.629016666666665
Lebanon,1972,34.444045
Lebanon,1973,35.923208333333335
Lebanon,1974,52.515004166666664
Lebanon,1975,45.362703333333336
Lebanon,1976,50.03714416666667
Lebanon,1977,55.551763333333334
Lebanon,1978,47.8866425
Lebanon,1979,48.22915166666667
Lebanon,1980,56.47074333333333
Lebanon,1981,52.60189416666666
Lebanon,1982,44.840249166666666
Lebanon,1983,49.15781916666666
Lebanon,1984,46.84708416666666
Lebanon,1985,36.97264
Lebanon,1986,48.19721833333333
Lebanon,1987,51.5955175
Lebanon,1988,59.5988025
Lebanon,1989,27.02966166666667
Lebanon,1990,28.08498
Lebanon,1991,62.57261916666666
Lebanon,1992,59.989785833333336
Lebanon,1993,34.27449
Lebanon,1994,59.37115416666666
Lebanon,1995,29.18226083333333
Lebanon,1996,44.77066583333333
Lebanon,1997,44.344788333333334
Lebanon,1998,39.326879999999996
Lebanon,1999,23.774294166666667
Lebanon,2000,45.800086666666665
Lebanon,2001,46.8940475
Lebanon,2002,52.45149416666667
Lebanon,2003,67.8667575
Lebanon,2004,47.06936833333333
Lebanon,2005,43.010931666666664
Lebanon,2006,40.4211625
Lebanon,2007,39.3142825
Lebanon,2008,29.444605
Lebanon,2009,45.38713583333333
Lebanon,2010,34.15266666666667
Lebanon,2011,51.49037833333333
Lebanon,2012,62.4338675
Lebanon,2013,46.8726225
Lebanon,2014,36.997191666666666
Lebanon,2015,44.64037166666666
Lebanon,2016,37.54886333333334
Lesotho,1901,67.98586083333333
Lesotho,1902,62.696025
Lesotho,1903,45.652749166666666
Lesotho,1904,51.30576166666666
Lesotho,1905,64.66583666666666
Lesotho,1906,66.52212833333333
Lesotho,1907,83.80348833333333
Lesotho,1908,64.94641916666667
Lesotho,1909,89.72306416666667
Lesotho,1910,71.73407833333333
Lesotho,1911,70.82846
Lesotho,1912,57.53785083333333
Lesotho,1913,54.0243725
Lesotho,1914,62.79309916666667
Lesotho,1915,65.5786625
Lesotho,1916,53.61829583333334
Lesotho,1917,74.97665833333333
Lesotho,1918,65.44557583333334
Lesotho,1919,46.63124416666667
Lesotho,1920,63.77771416666667
Lesotho,1921,70.58609916666667
Lesotho,1922,58.05369833333333
Lesotho,1923,57.81756333333333
Lesotho,1924,73.4164175
Lesotho,1925,73.4037525
Lesotho,1926,62.46087166666666
Lesotho,1927,61.97495333333333
Lesotho,1928,60.8160575
Lesotho,1929,75.85904166666667
Lesotho,1930,54.57550333333333
Lesotho,1931,63.2722525
Lesotho,1932,50.36011
Lesotho,1933,57.070510000000006
Lesotho,1934,87.72730083333333
Lesotho,1935,56.047333333333334
Lesotho,1936,67.13276
Lesotho,1937,57.706741666666666
Lesotho,1938,69.49926666666666
Lesotho,1939,71.90262166666666
Lesotho,1940,63.87030583333333
Lesotho,1941,53.3886625
Lesotho,1942,81.87255333333333
Lesotho,1943,90.21385250000002
Lesotho,1944,56.10865916666666
Lesotho,1945,46.771498333333334
Lesotho,1946,62.18843916666666
Lesotho,1947,68.0604575
Lesotho,1948,55.93913333333333
Lesotho,1949,57.92596583333333
Lesotho,1950,76.254125
Lesotho,1951,54.16326916666667
Lesotho,1952,60.70068333333333
Lesotho,1953,61.85576416666667
Lesotho,1954,55.43157416666667
Lesotho,1955,74.47421916666667
Lesotho,1956,76.82849750000001
Lesotho,1957,84.385675
Lesotho,1958,69.446095
Lesotho,1959,67.963485
Lesotho,1960,69.902925
Lesotho,1961,66.81555583333333
Lesotho,1962,58.30983
Lesotho,1963,75.70258333333334
Lesotho,1964,66.2955425
Lesotho,1965,46.23426750000001
Lesotho,1966,54.59662583333333
Lesotho,1967,70.99563166666667
Lesotho,1968,46.86165916666667
Lesotho,1969,58.631875
Lesotho,1970,52.08485833333333
Lesotho,1971,57.13161666666667
Lesotho,1972,62.409819999999996
Lesotho,1973,56.49133583333333
Lesotho,1974,76.49092916666667
Lesotho,1975,75.18886333333333
Lesotho,1976,89.4885125
Lesotho,1977,67.95916083333333
Lesotho,1978,69.75193166666666
Lesotho,1979,60.094120833333335
Lesotho,1980,48.23929833333333
Lesotho,1981,68.3264325
Lesotho,1982,53.360745
Lesotho,1983,54.618719999999996
Lesotho,1984,49.44634833333333
Lesotho,1985,61.290574166666666
Lesotho,1986,62.077236666666664
Lesotho,1987,67.85404333333334
Lesotho,1988,84.09117083333332
Lesotho,1989,65.07213666666667
Lesotho,1990,51.57883416666667
Lesotho,1991,73.08703583333333
Lesotho,1992,40.21157083333333
Lesotho,1993,60.3491225
Lesotho,1994,48.61750416666666
Lesotho,1995,59.82615166666667
Lesotho,1996,75.86423083333334
Lesotho,1997,67.0284
Lesotho,1998,74.56046666666667
Lesotho,1999,59.950154999999995
Lesotho,2000,71.8282
Lesotho,2001,76.24951166666666
Lesotho,2002,59.29790833333333
Lesotho,2003,47.0891875
Lesotho,2004,58.05891333333333
Lesotho,2005,49.491096666666664
Lesotho,2006,81.8203125
Lesotho,2007,58.58731583333333
Lesotho,2008,60.56083166666667
Lesotho,2009,66.61444999999999
Lesotho,2010,74.90342083333333
Lesotho,2011,75.81536666666666
Lesotho,2012,54.350715
Lesotho,2013,46.21508166666666
Lesotho,2014,55.73265083333333
Lesotho,2015,35.31542666666667
Lesotho,2016,47.1975875
Liberia,1901,200.75596666666664
Liberia,1902,200.75596666666664
Liberia,1903,217.98729166666666
Liberia,1904,207.330525
Liberia,1905,221.780875
Liberia,1906,263.388025
Liberia,1907,202.123875
Liberia,1908,246.8356
Liberia,1909,212.385075
Liberia,1910,205.67619166666668
Liberia,1911,226.85595
Liberia,1912,212.51793333333333
Liberia,1913,200.7897
Liberia,1914,187.94948666666664
Liberia,1915,233.64172833333336
Liberia,1916,223.616305
Liberia,1917,200.45023333333333
Liberia,1918,192.8193666666667
Liberia,1919,156.72865833333333
Liberia,1920,165.07313333333335
Liberia,1921,218.28925
Liberia,1922,198.9002833333333
Liberia,1923,193.924525
Liberia,1924,221.39175
Liberia,1925,203.32019333333335
Liberia,1926,214.562775
Liberia,1927,239.89340833333335
Liberia,1928,264.09699166666667
Liberia,1929,224.335325
Liberia,1930,208.5092666666667
Liberia,1931,256.36170833333335
Liberia,1932,228.8518333333333
Liberia,1933,237.61440000000002
Liberia,1934,195.706425
Liberia,1935,218.78599999999997
Liberia,1936,209.46051666666668
Liberia,1937,206.62227083333335
Liberia,1938,216.18921916666667
Liberia,1939,217.93312500000002
Liberia,1940,205.12851666666666
Liberia,1941,213.09563333333335
Liberia,1942,191.07109166666666
Liberia,1943,224.14856666666665
Liberia,1944,217.25011666666668
Liberia,1945,198.11725
Liberia,1946,193.881475
Liberia,1947,253.83843333333334
Liberia,1948,183.1165225
Liberia,1949,203.347975
Liberia,1950,176.00345833333333
Liberia,1951,240.12143333333333
Liberia,1952,231.21755499999998
Liberia,1953,232.01461666666668
Liberia,1954,222.41842499999998
Liberia,1955,247.36838333333333
Liberia,1956,186.93800833333333
Liberia,1957,252.01121666666666
Liberia,1958,177.22355833333333
Liberia,1959,222.49555833333332
Liberia,1960,209.18553333333332
Liberia,1961,201.4600375
Liberia,1962,233.6463666666667
Liberia,1963,259.86221666666665
Liberia,1964,204.4853916666667
Liberia,1965,215.36023666666665
Liberia,1966,258.89310416666666
Liberia,1967,184.973075
Liberia,1968,266.4483333333333
Liberia,1969,219.03795
Liberia,1970,191.09220000000002
Liberia,1971,194.12524166666665
Liberia,1972,206.78945833333333
Liberia,1973,200.0492375
Liberia,1974,190.41915833333334
Liberia,1975,184.10848666666666
Liberia,1976,198.22396666666668
Liberia,1977,196.42204166666667
Liberia,1978,195.28119166666667
Liberia,1979,214.04644166666665
Liberia,1980,187.433225
Liberia,1981,185.28301333333332
Liberia,1982,182.589065
Liberia,1983,160.95002083333333
Liberia,1984,186.31355
Liberia,1985,190.03015000000002
Liberia,1986,163.8290075
Liberia,1987,184.75698333333332
Liberia,1988,184.66586916666665
Liberia,1989,197.4978725
Liberia,1990,173.54265
Liberia,1991,192.188325
Liberia,1992,188.46235833333333
Liberia,1993,183.21378583333333
Liberia,1994,202.42695833333335
Liberia,1995,203.70480083333334
Liberia,1996,219.65925833333333
Liberia,1997,176.77994999999999
Liberia,1998,201.86725833333333
Liberia,1999,223.25706666666667
Liberia,2000,199.3395416666667
Liberia,2001,227.40513333333334
Liberia,2002,207.30746083333335
Liberia,2003,219.89143333333334
Liberia,2004,219.7205416666667
Liberia,2005,196.43894999999998
Liberia,2006,233.80298333333334
Liberia,2007,199.90959999999998
Liberia,2008,201.61670833333332
Liberia,2009,203.95264166666666
Liberia,2010,253.61194166666667
Liberia,2011,233.20246666666665
Liberia,2012,161.62011666666666
Liberia,2013,194.3682666666667
Liberia,2014,240.72101666666666
Liberia,2015,178.95197499999998
Liberia,2016,224.23262499999998
Libya,1901,3.94276
Libya,1902,4.0570475
Libya,1903,3.645024166666667
Libya,1904,4.591056666666667
Libya,1905,4.036178333333333
Libya,1906,4.5555658333333335
Libya,1907,3.656864166666667
Libya,1908,4.254170833333333
Libya,1909,4.563380833333333
Libya,1910,3.2107050000000004
Libya,1911,4.983436666666667
Libya,1912,4.239809999999999
Libya,1913,5.0163325
Libya,1914,3.308644166666667
Libya,1915,2.6989750000000003
Libya,1916,3.78092
Libya,1917,3.5996675000000002
Libya,1918,4.224811666666667
Libya,1919,4.0292275
Libya,1920,4.424780833333333
Libya,1921,5.364438333333333
Libya,1922,3.486234166666667
Libya,1923,3.632685
Libya,1924,4.519941666666667
Libya,1925,5.098975
Libya,1926,3.204009166666667
Libya,1927,3.1406766666666663
Libya,1928,4.2591624999999995
Libya,1929,5.089126666666666
Libya,1930,3.2495275000000006
Libya,1931,3.4707058333333336
Libya,1932,5.528235
Libya,1933,3.4501033333333333
Libya,1934,5.190446666666666
Libya,1935,2.5801425
Libya,1936,3.89749
Libya,1937,3.0316375
Libya,1938,4.149910833333333
Libya,1939,3.806338333333333
Libya,1940,3.1430416666666665
Libya,1941,2.739685
Libya,1942,3.4239383333333335
Libya,1943,4.381583333333333
Libya,1944,4.195063333333334
Libya,1945,4.807204166666667
Libya,1946,3.3849741666666664
Libya,1947,2.443156666666667
Libya,1948,3.443004166666667
Libya,1949,3.3889224999999996
Libya,1950,3.9434925
Libya,1951,3.3363608333333334
Libya,1952,3.377776666666667
Libya,1953,3.6132858333333338
Libya,1954,3.9789133333333333
Libya,1955,2.7479858333333333
Libya,1956,4.006381666666667
Libya,1957,6.2395675
Libya,1958,2.564076666666667
Libya,1959,3.168510833333333
Libya,1960,3.5899758333333334
Libya,1961,4.458356666666667
Libya,1962,4.9998775
Libya,1963,4.0093925
Libya,1964,3.159143333333333
Libya,1965,3.1063008333333335
Libya,1966,3.5429158333333333
Libya,1967,3.3848116666666663
Libya,1968,2.822388333333333
Libya,1969,4.132895833333333
Libya,1970,1.9928633333333334
Libya,1971,3.0437724999999998
Libya,1972,4.4345475
Libya,1973,2.479159166666667
Libya,1974,3.9039541666666664
Libya,1975,4.3794575
Libya,1976,5.778289166666666
Libya,1977,3.32645
Libya,1978,5.0991975
Libya,1979,3.7696850000000004
Libya,1980,3.9946824999999997
Libya,1981,3.424095
Libya,1982,5.079562500000001
Libya,1983,4.3535441666666665
Libya,1984,3.6426374999999998
Libya,1985,3.4918591666666665
Libya,1986,4.527681666666667
Libya,1987,2.818941666666667
Libya,1988,5.5555224999999995
Libya,1989,3.1483225000000004
Libya,1990,3.6908558333333334
Libya,1991,4.6448141666666665
Libya,1992,3.242885
Libya,1993,2.9515841666666667
Libya,1994,4.432265833333333
Libya,1995,4.8588075
Libya,1996,3.777954166666667
Libya,1997,3.937101666666667
Libya,1998,3.5350216666666667
Libya,1999,3.0075341666666664
Libya,2000,3.3209433333333336
Libya,2001,3.0826783333333334
Libya,2002,3.094368333333333
Libya,2003,3.486395
Libya,2004,2.6958491666666666
Libya,2005,3.223944166666667
Libya,2006,4.593376666666667
Libya,2007,3.211883333333333
Libya,2008,3.9089574999999996
Libya,2009,2.642209166666667
Libya,2010,2.6842
Libya,2011,3.2965716666666665
Libya,2012,3.813145
Libya,2013,3.162428333333333
Libya,2014,2.9167316666666667
Libya,2015,3.2798325
Libya,2016,1.8403775
Liechtenstein,1901,158.06909166666665
Liechtenstein,1902,139.42465
Liechtenstein,1903,137.41345833333335
Liechtenstein,1904,140.25733333333332
Liechtenstein,1905,151.92580833333332
Liechtenstein,1906,137.61253333333335
Liechtenstein,1907,132.81368333333333
Liechtenstein,1908,131.64755
Liechtenstein,1909,138.59246666666667
Liechtenstein,1910,181.58301666666668
Liechtenstein,1911,125.997775
Liechtenstein,1912,160.401325
Liechtenstein,1913,153.66738333333333
Liechtenstein,1914,158.282475
Liechtenstein,1915,150.03539166666667
Liechtenstein,1916,184.59316666666666
Liechtenstein,1917,138.72048333333333
Liechtenstein,1918,137.67154166666668
Liechtenstein,1919,155.1627
Liechtenstein,1920,137.88754166666666
Liechtenstein,1921,104.42689166666668
Liechtenstein,1922,185.86455
Liechtenstein,1923,143.498875
Liechtenstein,1924,136.74148333333332
Liechtenstein,1925,128.368675
Liechtenstein,1926,155.57530833333334
Liechtenstein,1927,156.490125
Liechtenstein,1928,149.46649166666666
Liechtenstein,1929,116.33563333333332
Liechtenstein,1930,145.08610833333333
Liechtenstein,1931,149.8101166666667
Liechtenstein,1932,127.353675
Liechtenstein,1933,136.76349166666668
Liechtenstein,1934,138.27339166666667
Liechtenstein,1935,165.02934166666668
Liechtenstein,1936,146.399425
Liechtenstein,1937,156.40533333333335
Liechtenstein,1938,122.19369999999999
Liechtenstein,1939,168.1194
Liechtenstein,1940,159.95226666666667
Liechtenstein,1941,137.66118333333333
Liechtenstein,1942,125.34163333333333
Liechtenstein,1943,112.70134166666666
Liechtenstein,1944,160.15406666666667
Liechtenstein,1945,139.53579166666665
Liechtenstein,1946,129.68111666666667
Liechtenstein,1947,131.21403333333333
Liechtenstein,1948,136.61439166666668
Liechtenstein,1949,113.96703333333333
Liechtenstein,1950,142.64405
Liechtenstein,1951,148.23534166666667
Liechtenstein,1952,157.71255
Liechtenstein,1953,108.90615833333334
Liechtenstein,1954,164.418575
Liechtenstein,1955,143.16645833333334
Liechtenstein,1956,144.95488333333333
Liechtenstein,1957,143.14501666666666
Liechtenstein,1958,161.416325
Liechtenstein,1959,121.05733333333335
Liechtenstein,1960,172.39658333333333
Liechtenstein,1961,129.172625
Liechtenstein,1962,137.099325
Liechtenstein,1963,140.17026666666666
Liechtenstein,1964,137.31885
Liechtenstein,1965,174.37283666666667
Liechtenstein,1966,175.77283333333332
Liechtenstein,1967,141.42578333333333
Liechtenstein,1968,153.798225
Liechtenstein,1969,125.33049999999999
Liechtenstein,1970,174.61430833333335
Liechtenstein,1971,114.85811666666666
Liechtenstein,1972,121.08733333333333
Liechtenstein,1973,143.20745833333334
Liechtenstein,1974,156.91569166666667
Liechtenstein,1975,141.31413333333333
Liechtenstein,1976,130.73043333333334
Liechtenstein,1977,162.90671666666665
Liechtenstein,1978,147.93213333333333
Liechtenstein,1979,183.091
Liechtenstein,1980,141.40924166666667
Liechtenstein,1981,181.41795833333333
Liechtenstein,1982,145.10090833333334
Liechtenstein,1983,147.9494
Liechtenstein,1984,138.7321
Liechtenstein,1985,137.709125
Liechtenstein,1986,154.03868333333332
Liechtenstein,1987,158.64891666666668
Liechtenstein,1988,161.43321666666665
Liechtenstein,1989,128.39785833333335
Liechtenstein,1990,147.69413333333333
Liechtenstein,1991,129.78545
Liechtenstein,1992,153.764975
Liechtenstein,1993,150.35309166666667
Liechtenstein,1994,150.742275
Liechtenstein,1995,160.99940833333332
Liechtenstein,1996,146.45120833333334
Liechtenstein,1997,134.88458333333332
Liechtenstein,1998,144.63625
Liechtenstein,1999,187.86808333333332
Liechtenstein,2000,169.80567499999998
Liechtenstein,2001,173.66088333333335
Liechtenstein,2002,169.917725
Liechtenstein,2003,115.07760833333333
Liechtenstein,2004,129.08326666666667
Liechtenstein,2005,128.908925
Liechtenstein,2006,134.354
Liechtenstein,2007,149.33411666666666
Liechtenstein,2008,159.097925
Liechtenstein,2009,145.13071666666667
Liechtenstein,2010,146.94446666666667
Liechtenstein,2011,136.6235
Liechtenstein,2012,158.014225
Liechtenstein,2013,152.0723
Liechtenstein,2014,148.92952499999998
Liechtenstein,2015,131.217425
Liechtenstein,2016,163.9428525
Lithuania,1901,52.845925
Lithuania,1902,54.104125
Lithuania,1903,61.82510833333333
Lithuania,1904,54.59278333333333
Lithuania,1905,55.422216666666664
Lithuania,1906,58.5274
Lithuania,1907,50.362991666666666
Lithuania,1908,52.68683333333333
Lithuania,1909,45.70944166666666
Lithuania,1910,54.57255
Lithuania,1911,44.15215833333334
Lithuania,1912,59.315175
Lithuania,1913,57.521383333333326
Lithuania,1914,50.617558333333335
Lithuania,1915,51.85169166666666
Lithuania,1916,62.758183333333335
Lithuania,1917,54.47933333333333
Lithuania,1918,43.340428333333335
Lithuania,1919,50.089133333333336
Lithuania,1920,44.77748333333333
Lithuania,1921,51.92583333333334
Lithuania,1922,55.817508333333336
Lithuania,1923,60.5343
Lithuania,1924,55.10189166666667
Lithuania,1925,60.77728333333334
Lithuania,1926,59.524908333333336
Lithuania,1927,57.837375
Lithuania,1928,59.15580166666667
Lithuania,1929,49.78050833333333
Lithuania,1930,61.44336666666666
Lithuania,1931,52.96933333333333
Lithuania,1932,56.267208333333336
Lithuania,1933,56.86215833333333
Lithuania,1934,49.2287875
Lithuania,1935,60.219225
Lithuania,1936,55.519666666666666
Lithuania,1937,53.11535833333334
Lithuania,1938,49.411
Lithuania,1939,50.34545
Lithuania,1940,58.03471666666667
Lithuania,1941,46.14480833333334
Lithuania,1942,45.10994416666667
Lithuania,1943,56.5882
Lithuania,1944,50.2731
Lithuania,1945,63.1834
Lithuania,1946,51.107975
Lithuania,1947,51.457658333333335
Lithuania,1948,57.56625
Lithuania,1949,54.669925
Lithuania,1950,69.86069166666667
Lithuania,1951,42.07696833333333
Lithuania,1952,62.629850000000005
Lithuania,1953,42.293083333333335
Lithuania,1954,61.114466666666665
Lithuania,1955,49.31984166666666
Lithuania,1956,57.79461666666666
Lithuania,1957,59.3756
Lithuania,1958,56.41405
Lithuania,1959,47.27464166666667
Lithuania,1960,62.36054166666667
Lithuania,1961,49.873583333333336
Lithuania,1962,57.688408333333335
Lithuania,1963,49.697849999999995
Lithuania,1964,43.2549
Lithuania,1965,50.4626
Lithuania,1966,57.36771666666667
Lithuania,1967,55.89669166666667
Lithuania,1968,47.94665833333334
Lithuania,1969,46.29982833333333
Lithuania,1970,58.021150000000006
Lithuania,1971,42.83663333333333
Lithuania,1972,57.9895875
Lithuania,1973,50.324825000000004
Lithuania,1974,63.272645833333335
Lithuania,1975,42.00933333333334
Lithuania,1976,41.2157275
Lithuania,1977,55.931525
Lithuania,1978,60.059783333333336
Lithuania,1979,55.47870583333333
Lithuania,1980,66.65466666666667
Lithuania,1981,63.619949999999996
Lithuania,1982,44.88959166666667
Lithuania,1983,56.716575
Lithuania,1984,51.01948333333333
Lithuania,1985,59.04226666666667
Lithuania,1986,57.651475000000005
Lithuania,1987,55.752525
Lithuania,1988,52.028933333333335
Lithuania,1989,55.64291666666667
Lithuania,1990,64.47244166666667
Lithuania,1991,49.781200000000005
Lithuania,1992,51.799216666666666
Lithuania,1993,57.99624166666667
Lithuania,1994,56.937112500000005
Lithuania,1995,56.154500000000006
Lithuania,1996,44.678075
Lithuania,1997,55.885175000000004
Lithuania,1998,62.01266666666667
Lithuania,1999,51.12444166666666
Lithuania,2000,50.79024999999999
Lithuania,2001,61.112625
Lithuania,2002,49.824475
Lithuania,2003,50.789208333333335
Lithuania,2004,56.28568333333334
Lithuania,2005,52.378975
Lithuania,2006,49.45853333333333
Lithuania,2007,61.32460833333334
Lithuania,2008,55.38743333333333
Lithuania,2009,59.5055825
Lithuania,2010,68.74300833333334
Lithuania,2011,54.135799999999996
Lithuania,2012,63.714975
Lithuania,2013,55.918416666666666
Lithuania,2014,52.65164166666667
Lithuania,2015,46.349941666666666
Lithuania,2016,62.140591666666666
Luxembourg,1901,68.78405833333333
Luxembourg,1902,68.85731666666668
Luxembourg,1903,82.46751666666667
Luxembourg,1904,65.12666666666667
Luxembourg,1905,74.75199166666667
Luxembourg,1906,75.37579166666667
Luxembourg,1907,64.02253333333333
Luxembourg,1908,66.08525583333333
Luxembourg,1909,75.54746666666666
Luxembourg,1910,92.20190000000001
Luxembourg,1911,62.21200833333333
Luxembourg,1912,75.45789166666667
Luxembourg,1913,73.9719
Luxembourg,1914,84.98736666666666
Luxembourg,1915,84.464475
Luxembourg,1916,90.99875833333333
Luxembourg,1917,74.82661666666667
Luxembourg,1918,80.89874166666667
Luxembourg,1919,82.90481666666666
Luxembourg,1920,67.73394166666667
Luxembourg,1921,40.73376666666667
Luxembourg,1922,90.17755833333332
Luxembourg,1923,86.07000833333332
Luxembourg,1924,80.91548333333334
Luxembourg,1925,93.24495
Luxembourg,1926,80.66085833333334
Luxembourg,1927,79.90143333333333
Luxembourg,1928,78.65067499999999
Luxembourg,1929,65.48015916666667
Luxembourg,1930,95.054175
Luxembourg,1931,81.14329166666667
Luxembourg,1932,78.36649166666668
Luxembourg,1933,55.99928333333333
Luxembourg,1934,64.83915
Luxembourg,1935,83.11779166666666
Luxembourg,1936,80.59539166666667
Luxembourg,1937,83.82271666666666
Luxembourg,1938,71.68577499999999
Luxembourg,1939,91.144925
Luxembourg,1940,85.20608333333332
Luxembourg,1941,74.639025
Luxembourg,1942,71.589025
Luxembourg,1943,74.977975
Luxembourg,1944,87.80393333333332
Luxembourg,1945,72.57535
Luxembourg,1946,76.40138333333333
Luxembourg,1947,72.01957499999999
Luxembourg,1948,84.57158333333334
Luxembourg,1949,63.95843333333334
Luxembourg,1950,91.096325
Luxembourg,1951,86.49955
Luxembourg,1952,98.71263333333333
Luxembourg,1953,54.03913333333333
Luxembourg,1954,83.351625
Luxembourg,1955,69.85678333333333
Luxembourg,1956,79.906925
Luxembourg,1957,79.302075
Luxembourg,1958,91.59058333333333
Luxembourg,1959,56.711749999999995
Luxembourg,1960,87.51139166666667
Luxembourg,1961,89.43508333333334
Luxembourg,1962,75.6958125
Luxembourg,1963,65.818675
Luxembourg,1964,63.08981666666667
Luxembourg,1965,103.422625
Luxembourg,1966,101.467375
Luxembourg,1967,77.898275
Luxembourg,1968,75.1564
Luxembourg,1969,70.19720583333333
Luxembourg,1970,84.37181666666667
Luxembourg,1971,56.943508333333334
Luxembourg,1972,67.753775
Luxembourg,1973,66.261425
Luxembourg,1974,90.31780833333333
Luxembourg,1975,62.54591666666667
Luxembourg,1976,52.10315833333333
Luxembourg,1977,82.47194166666667
Luxembourg,1978,72.23749166666667
Luxembourg,1979,86.48495833333334
Luxembourg,1980,86.85410833333333
Luxembourg,1981,100.84551666666668
Luxembourg,1982,83.16685
Luxembourg,1983,83.04943333333334
Luxembourg,1984,90.45168333333334
Luxembourg,1985,69.00789999999999
Luxembourg,1986,86.95712250000001
Luxembourg,1987,90.84649999999999
Luxembourg,1988,94.97695833333334
Luxembourg,1989,74.522125
Luxembourg,1990,76.95961666666666
Luxembourg,1991,63.582366666666665
Luxembourg,1992,76.99226666666667
Luxembourg,1993,84.77818333333333
Luxembourg,1994,77.72427499999999
Luxembourg,1995,82.31101666666667
Luxembourg,1996,57.970075
Luxembourg,1997,75.46130833333333
Luxembourg,1998,86.67055833333335
Luxembourg,1999,85.69049166666667
Luxembourg,2000,93.40814166666667
Luxembourg,2001,97.78311666666667
Luxembourg,2002,91.16778333333333
Luxembourg,2003,63.689366666666665
Luxembourg,2004,75.32325
Luxembourg,2005,68.22818333333333
Luxembourg,2006,77.87298333333332
Luxembourg,2007,88.7643225
Luxembourg,2008,83.126025
Luxembourg,2009,79.63444166666666
Luxembourg,2010,81.40714166666667
Luxembourg,2011,66.61635416666667
Luxembourg,2012,83.834775
Luxembourg,2013,79.95925833333332
Luxembourg,2014,77.15124166666666
Luxembourg,2015,67.73508333333334
Luxembourg,2016,79.330975
Macedonia,1901,69.30229166666668
Macedonia,1902,57.34100833333334
Macedonia,1903,50.76081666666666
Macedonia,1904,52.039775
Macedonia,1905,55.60798333333333
Macedonia,1906,63.27863333333334
Macedonia,1907,46.44533333333334
Macedonia,1908,43.7317
Macedonia,1909,66.45928333333333
Macedonia,1910,60.30840833333334
Macedonia,1911,54.421325
Macedonia,1912,61.607850000000006
Macedonia,1913,55.44990833333333
Macedonia,1914,64.06034166666667
Macedonia,1915,83.87191666666666
Macedonia,1916,57.462733333333325
Macedonia,1917,49.769533333333335
Macedonia,1918,55.96688333333333
Macedonia,1919,70.54829166666667
Macedonia,1920,55.70285833333333
Macedonia,1921,48.721325
Macedonia,1922,52.56375
Macedonia,1923,61.537933333333335
Macedonia,1924,56.64666666666667
Macedonia,1925,59.06721666666667
Macedonia,1926,52.79355833333333
Macedonia,1927,58.56545
Macedonia,1928,54.368159999999996
Macedonia,1929,62.553898333333336
Macedonia,1930,60.51255
Macedonia,1931,60.20378916666667
Macedonia,1932,41.625083333333336
Macedonia,1933,55.64896666666667
Macedonia,1934,53.6385
Macedonia,1935,52.50178333333333
Macedonia,1936,67.37369166666667
Macedonia,1937,78.12661666666666
Macedonia,1938,53.734716666666664
Macedonia,1939,66.53314999999999
Macedonia,1940,72.924425
Macedonia,1941,55.33456666666667
Macedonia,1942,53.926649999999995
Macedonia,1943,49.61905833333333
Macedonia,1944,66.57438333333333
Macedonia,1945,47.72864833333333
Macedonia,1946,49.45156666666667
Macedonia,1947,46.097675
Macedonia,1948,42.923275
Macedonia,1949,57.239358333333335
Macedonia,1950,51.543425000000006
Macedonia,1951,60.09385833333334
Macedonia,1952,53.75979666666667
Macedonia,1953,48.97969166666667
Macedonia,1954,60.42926666666667
Macedonia,1955,68.76519166666667
Macedonia,1956,61.551325
Macedonia,1957,58.5557
Macedonia,1958,51.689908333333335
Macedonia,1959,63.973974999999996
Macedonia,1960,64.115025
Macedonia,1961,49.51783333333333
Macedonia,1962,65.15953333333333
Macedonia,1963,66.62849166666666
Macedonia,1964,58.951175
Macedonia,1965,46.93456833333334
Macedonia,1966,58.8088
Macedonia,1967,56.1138
Macedonia,1968,57.828624999999995
Macedonia,1969,59.5137925
Macedonia,1970,56.14790833333333
Macedonia,1971,57.22445833333333
Macedonia,1972,63.48359583333333
Macedonia,1973,63.01018333333334
Macedonia,1974,59.8062
Macedonia,1975,48.37130833333333
Macedonia,1976,66.4447
Macedonia,1977,41.818999999999996
Macedonia,1978,56.562041666666666
Macedonia,1979,67.35698333333333
Macedonia,1980,62.55428333333333
Macedonia,1981,59.401983333333334
Macedonia,1982,54.26598333333333
Macedonia,1983,56.46091666666666
Macedonia,1984,46.30804166666667
Macedonia,1985,46.210883333333335
Macedonia,1986,51.809733333333334
Macedonia,1987,58.320883333333335
Macedonia,1988,44.17695
Macedonia,1989,46.7944175
Macedonia,1990,44.246158333333334
Macedonia,1991,56.19003333333333
Macedonia,1992,47.78816666666666
Macedonia,1993,40.289384166666665
Macedonia,1994,54.075675
Macedonia,1995,62.18125166666667
Macedonia,1996,55.787625
Macedonia,1997,47.06568333333333
Macedonia,1998,54.92433333333333
Macedonia,1999,57.82859166666666
Macedonia,2000,35.147938333333336
Macedonia,2001,44.16131083333334
Macedonia,2002,63.497233333333334
Macedonia,2003,56.04439166666666
Macedonia,2004,54.88825833333333
Macedonia,2005,60.46471666666667
Macedonia,2006,58.923791666666666
Macedonia,2007,61.45155333333333
Macedonia,2008,49.613325
Macedonia,2009,66.53507499999999
Macedonia,2010,66.86908333333334
Macedonia,2011,39.513349999999996
Macedonia,2012,53.285875000000004
Macedonia,2013,49.999516666666665
Macedonia,2014,76.51455833333334
Macedonia,2015,61.134125000000004
Macedonia,2016,65.12081500000001
Madagascar,1901,118.91635833333333
Madagascar,1902,105.750825
Madagascar,1903,126.61814166666666
Madagascar,1904,133.0333
Madagascar,1905,136.29466666666667
Madagascar,1906,134.03995833333332
Madagascar,1907,113.26425
Madagascar,1908,111.77874166666668
Madagascar,1909,75.11308333333334
Madagascar,1910,92.27768333333334
Madagascar,1911,102.20093333333334
Madagascar,1912,96.67011666666667
Madagascar,1913,125.03815833333333
Madagascar,1914,127.13083333333333
Madagascar,1915,115.99175000000001
Madagascar,1916,135.44155833333335
Madagascar,1917,126.36094166666668
Madagascar,1918,97.558725
Madagascar,1919,121.25266666666666
Madagascar,1920,110.20101666666666
Madagascar,1921,111.16660833333333
Madagascar,1922,101.09756666666665
Madagascar,1923,112.12318333333333
Madagascar,1924,110.00006666666667
Madagascar,1925,111.09297500000001
Madagascar,1926,106.34273333333333
Madagascar,1927,116.62073333333335
Madagascar,1928,122.011975
Madagascar,1929,119.46849999999999
Madagascar,1930,85.88130000000001
Madagascar,1931,123.65426666666667
Madagascar,1932,133.30005
Madagascar,1933,128.37656666666666
Madagascar,1934,114.55268333333333
Madagascar,1935,136.43262916666666
Madagascar,1936,115.282825
Madagascar,1937,113.100325
Madagascar,1938,121.03375
Madagascar,1939,132.220225
Madagascar,1940,123.59623333333333
Madagascar,1941,115.9474
Madagascar,1942,102.878025
Madagascar,1943,97.54239166666666
Madagascar,1944,105.02868333333333
Madagascar,1945,109.00959166666667
Madagascar,1946,134.41983333333334
Madagascar,1947,105.65918333333333
Madagascar,1948,117.81550833333334
Madagascar,1949,112.37183333333333
Madagascar,1950,105.17283333333334
Madagascar,1951,126.95901666666667
Madagascar,1952,134.96315833333333
Madagascar,1953,117.38030833333333
Madagascar,1954,103.81071666666666
Madagascar,1955,101.03335
Madagascar,1956,119.94353333333333
Madagascar,1957,100.62811666666666
Madagascar,1958,132.33423333333334
Madagascar,1959,121.65499166666666
Madagascar,1960,101.615425
Madagascar,1961,136.522725
Madagascar,1962,95.96765
Madagascar,1963,114.27121666666666
Madagascar,1964,118.24365833333333
Madagascar,1965,140.061975
Madagascar,1966,125.19293333333333
Madagascar,1967,131.05538333333334
Madagascar,1968,123.81339166666667
Madagascar,1969,118.139775
Madagascar,1970,103.52799166666667
Madagascar,1971,135.84418333333335
Madagascar,1972,141.35791666666668
Madagascar,1973,148.51991666666666
Madagascar,1974,140.04625000000001
Madagascar,1975,127.97666666666665
Madagascar,1976,121.12240833333334
Madagascar,1977,110.31144166666667
Madagascar,1978,109.83335833333332
Madagascar,1979,119.47581666666666
Madagascar,1980,109.75520833333333
Madagascar,1981,125.41157500000001
Madagascar,1982,167.05133333333333
Madagascar,1983,114.57914166666666
Madagascar,1984,146.53775
Madagascar,1985,118.182975
Madagascar,1986,120.985475
Madagascar,1987,124.26296666666667
Madagascar,1988,113.820475
Madagascar,1989,148.3112583333333
Madagascar,1990,97.0197
Madagascar,1991,117.0686
Madagascar,1992,116.431825
Madagascar,1993,122.33429416666667
Madagascar,1994,112.012625
Madagascar,1995,123.76391666666666
Madagascar,1996,123.28244166666667
Madagascar,1997,125.61874166666666
Madagascar,1998,140.54765833333332
Madagascar,1999,112.339525
Madagascar,2000,109.70735
Madagascar,2001,118.45072499999999
Madagascar,2002,124.5856
Madagascar,2003,119.81884166666667
Madagascar,2004,126.20025
Madagascar,2005,116.79889166666665
Madagascar,2006,114.22359166666666
Madagascar,2007,113.13416666666667
Madagascar,2008,124.47430000000001
Madagascar,2009,118.71913333333333
Madagascar,2010,108.56691666666667
Madagascar,2011,106.20404166666667
Madagascar,2012,111.70175
Madagascar,2013,127.96819166666667
Madagascar,2014,134.42260000000002
Madagascar,2015,107.89493333333333
Madagascar,2016,89.73577333333333
Malawi,1901,94.05462666666666
Malawi,1902,97.08432749999999
Malawi,1903,83.81688666666666
Malawi,1904,118.95488499999999
Malawi,1905,93.86024166666668
Malawi,1906,89.61382833333334
Malawi,1907,99.02866333333333
Malawi,1908,98.80740916666666
Malawi,1909,75.39963916666666
Malawi,1910,91.15913416666668
Malawi,1911,81.54032833333333
Malawi,1912,75.23986666666667
Malawi,1913,91.389305
Malawi,1914,81.55605833333333
Malawi,1915,79.82351416666667
Malawi,1916,95.82962249999999
Malawi,1917,88.219695
Malawi,1918,76.63102916666666
Malawi,1919,81.38741916666667
Malawi,1920,94.37471666666666
Malawi,1921,90.95216749999999
Malawi,1922,76.41302916666666
Malawi,1923,98.02069083333333
Malawi,1924,71.07364916666667
Malawi,1925,109.66397916666666
Malawi,1926,100.26369
Malawi,1927,92.65626083333332
Malawi,1928,83.02549499999999
Malawi,1929,90.99871250000001
Malawi,1930,76.83358249999999
Malawi,1931,101.85749249999999
Malawi,1932,80.4865525
Malawi,1933,79.5823425
Malawi,1934,105.42403999999999
Malawi,1935,80.16816083333333
Malawi,1936,100.519995
Malawi,1937,85.03836833333334
Malawi,1938,86.22158666666667
Malawi,1939,93.69122083333333
Malawi,1940,91.43664083333333
Malawi,1941,84.3767375
Malawi,1942,80.00498666666667
Malawi,1943,77.576545
Malawi,1944,93.55614333333334
Malawi,1945,98.78708416666666
Malawi,1946,100.51495833333333
Malawi,1947,100.27501833333334
Malawi,1948,95.91631166666667
Malawi,1949,64.5335925
Malawi,1950,110.20096416666667
Malawi,1951,96.95457
Malawi,1952,104.3363425
Malawi,1953,84.70856
Malawi,1954,74.862185
Malawi,1955,95.4893725
Malawi,1956,117.56958250000001
Malawi,1957,94.28787666666666
Malawi,1958,76.322905
Malawi,1959,83.567475
Malawi,1960,83.91250083333334
Malawi,1961,108.58150083333334
Malawi,1962,105.26711333333333
Malawi,1963,110.74383583333334
Malawi,1964,75.37646666666667
Malawi,1965,92.94355333333334
Malawi,1966,80.02978416666667
Malawi,1967,94.56120916666667
Malawi,1968,90.8638025
Malawi,1969,92.63304416666665
Malawi,1970,93.54579583333333
Malawi,1971,89.05989749999999
Malawi,1972,86.61286916666666
Malawi,1973,76.27056166666667
Malawi,1974,112.31427000000001
Malawi,1975,81.29247916666667
Malawi,1976,105.58161333333334
Malawi,1977,87.78329166666667
Malawi,1978,113.74893583333333
Malawi,1979,97.71416666666666
Malawi,1980,98.74629833333334
Malawi,1981,79.76921916666667
Malawi,1982,98.33971333333334
Malawi,1983,76.47325666666667
Malawi,1984,95.32100500000001
Malawi,1985,101.10477250000001
Malawi,1986,100.837425
Malawi,1987,70.3073525
Malawi,1988,93.00568
Malawi,1989,114.73426333333333
Malawi,1990,68.795615
Malawi,1991,88.32028000000001
Malawi,1992,60.627845
Malawi,1993,79.85986416666667
Malawi,1994,67.9412125
Malawi,1995,76.81599999999999
Malawi,1996,92.25496666666668
Malawi,1997,98.53364749999999
Malawi,1998,68.15245916666667
Malawi,1999,99.46369333333332
Malawi,2000,91.4778525
Malawi,2001,93.17572416666667
Malawi,2002,79.103145
Malawi,2003,86.3832875
Malawi,2004,95.29819416666668
Malawi,2005,61.799536666666675
Malawi,2006,79.15575916666667
Malawi,2007,89.26553833333332
Malawi,2008,87.51705833333334
Malawi,2009,91.123765
Malawi,2010,72.91620083333333
Malawi,2011,95.45541666666668
Malawi,2012,82.98996166666667
Malawi,2013,88.93352333333333
Malawi,2014,89.3383875
Malawi,2015,68.47173666666667
Malawi,2016,76.16255
Malaysia,1901,230.29575
Malaysia,1902,276.517
Malaysia,1903,217.3758333333333
Malaysia,1904,228.98341666666667
Malaysia,1905,218.49866666666665
Malaysia,1906,232.32875
Malaysia,1907,243.08016666666666
Malaysia,1908,254.77224999999999
Malaysia,1909,249.40125
Malaysia,1910,292.5955
Malaysia,1911,236.60350000000003
Malaysia,1912,228.99658333333332
Malaysia,1913,269.40524999999997
Malaysia,1914,207.75766666666667
Malaysia,1915,244.64635833333332
Malaysia,1916,265.3685
Malaysia,1917,286.9279166666667
Malaysia,1918,275.4941666666667
Malaysia,1919,228.85891666666666
Malaysia,1920,233.75858333333335
Malaysia,1921,260.76033333333334
Malaysia,1922,268.69891666666666
Malaysia,1923,253.38808333333336
Malaysia,1924,288.61575
Malaysia,1925,305.72175
Malaysia,1926,259.8775
Malaysia,1927,276.91775
Malaysia,1928,261.92241666666666
Malaysia,1929,252.79208333333335
Malaysia,1930,234.722625
Malaysia,1931,258.73125
Malaysia,1932,286.5779166666667
Malaysia,1933,280.6479166666667
Malaysia,1934,293.7873333333333
Malaysia,1935,275.27916666666664
Malaysia,1936,285.11
Malaysia,1937,277.70666666666665
Malaysia,1938,269.09458333333333
Malaysia,1939,259.5615
Malaysia,1940,230.2915833333333
Malaysia,1941,231.55274999999997
Malaysia,1942,268.57508333333334
Malaysia,1943,239.94831666666667
Malaysia,1944,229.61799999999997
Malaysia,1945,301.18958333333336
Malaysia,1946,243.4437
Malaysia,1947,271.9164166666667
Malaysia,1948,242.50608333333332
Malaysia,1949,276.07275
Malaysia,1950,254.00716666666668
Malaysia,1951,256.925
Malaysia,1952,267.7278333333333
Malaysia,1953,256.19666666666666
Malaysia,1954,282.229
Malaysia,1955,262.95258333333334
Malaysia,1956,275.041
Malaysia,1957,240.57091666666668
Malaysia,1958,227.81389166666668
Malaysia,1959,261.4390833333333
Malaysia,1960,249.36108333333334
Malaysia,1961,235.84400000000002
Malaysia,1962,264.663
Malaysia,1963,237.42134166666668
Malaysia,1964,242.19983333333334
Malaysia,1965,252.68983333333335
Malaysia,1966,279.12325
Malaysia,1967,256.24833333333333
Malaysia,1968,238.34448333333333
Malaysia,1969,250.64791666666667
Malaysia,1970,260.08750000000003
Malaysia,1971,257.2176666666667
Malaysia,1972,211.2073333333333
Malaysia,1973,272.917
Malaysia,1974,240.08133333333333
Malaysia,1975,261.6286666666667
Malaysia,1976,227.03566666666666
Malaysia,1977,242.21775
Malaysia,1978,221.39108333333334
Malaysia,1979,241.49516666666668
Malaysia,1980,263.1913333333334
Malaysia,1981,249.90560000000002
Malaysia,1982,218.6555
Malaysia,1983,234.20031666666668
Malaysia,1984,286.4244166666667
Malaysia,1985,245.76268333333334
Malaysia,1986,240.7938333333333
Malaysia,1987,228.92506666666668
Malaysia,1988,286.4904166666667
Malaysia,1989,233.2703333333333
Malaysia,1990,208.18858333333333
Malaysia,1991,227.71025
Malaysia,1992,209.17958333333334
Malaysia,1993,245.16158333333337
Malaysia,1994,258.94233333333335
Malaysia,1995,280.79325
Malaysia,1996,277.13733333333334
Malaysia,1997,214.46991666666668
Malaysia,1998,234.98643333333334
Malaysia,1999,296.86133333333333
Malaysia,2000,281.8685
Malaysia,2001,258.15574999999995
Malaysia,2002,228.35991666666666
Malaysia,2003,267.21750000000003
Malaysia,2004,240.57266666666666
Malaysia,2005,241.17258333333334
Malaysia,2006,268.51075
Malaysia,2007,280.8781666666667
Malaysia,2008,311.04225
Malaysia,2009,290.70208333333335
Malaysia,2010,270.79400000000004
Malaysia,2011,292.9723333333333
Malaysia,2012,275.358
Malaysia,2013,265.75641666666667
Malaysia,2014,243.54041666666663
Malaysia,2015,229.01566666666668
Malaysia,2016,244.87016666666668
Maldives,1901,197.08333333333334
Maldives,1902,197.08333333333334
Maldives,1903,197.08333333333334
Maldives,1904,197.08333333333334
Maldives,1905,197.08333333333334
Maldives,1906,197.08333333333334
Maldives,1907,197.08333333333334
Maldives,1908,197.08333333333334
Maldives,1909,197.08333333333334
Maldives,1910,197.08333333333334
Maldives,1911,197.08333333333334
Maldives,1912,197.08333333333334
Maldives,1913,197.08333333333334
Maldives,1914,197.08333333333334
Maldives,1915,197.08333333333334
Maldives,1916,197.08333333333334
Maldives,1917,197.08333333333334
Maldives,1918,197.08333333333334
Maldives,1919,197.08333333333334
Maldives,1920,197.08333333333334
Maldives,1921,197.08333333333334
Maldives,1922,197.08333333333334
Maldives,1923,197.08333333333334
Maldives,1924,197.08333333333334
Maldives,1925,197.08333333333334
Maldives,1926,197.08333333333334
Maldives,1927,197.08333333333334
Maldives,1928,197.08333333333334
Maldives,1929,197.08333333333334
Maldives,1930,197.08333333333334
Maldives,1931,197.08333333333334
Maldives,1932,197.08333333333334
Maldives,1933,197.08333333333334
Maldives,1934,197.08333333333334
Maldives,1935,197.08333333333334
Maldives,1936,197.08333333333334
Maldives,1937,197.08333333333334
Maldives,1938,197.08333333333334
Maldives,1939,197.08333333333334
Maldives,1940,197.08333333333334
Maldives,1941,197.08333333333334
Maldives,1942,197.08333333333334
Maldives,1943,197.08333333333334
Maldives,1944,197.08333333333334
Maldives,1945,197.08333333333334
Maldives,1946,197.08333333333334
Maldives,1947,197.08333333333334
Maldives,1948,197.08333333333334
Maldives,1949,197.08333333333334
Maldives,1950,197.08333333333334
Maldives,1951,197.08333333333334
Maldives,1952,197.08333333333334
Maldives,1953,197.08333333333334
Maldives,1954,197.08333333333334
Maldives,1955,197.08333333333334
Maldives,1956,197.08333333333334
Maldives,1957,197.08333333333334
Maldives,1958,197.08333333333334
Maldives,1959,197.08333333333334
Maldives,1960,197.08333333333334
Maldives,1961,197.08333333333334
Maldives,1962,197.08333333333334
Maldives,1963,197.08333333333334
Maldives,1964,197.08333333333334
Maldives,1965,197.08333333333334
Maldives,1966,197.08333333333334
Maldives,1967,197.08333333333334
Maldives,1968,197.08333333333334
Maldives,1969,197.08333333333334
Maldives,1970,197.08333333333334
Maldives,1971,197.08333333333334
Maldives,1972,197.08333333333334
Maldives,1973,197.08333333333334
Maldives,1974,197.08333333333334
Maldives,1975,197.08333333333334
Maldives,1976,197.08333333333334
Maldives,1977,197.08333333333334
Maldives,1978,197.08333333333334
Maldives,1979,197.08333333333334
Maldives,1980,197.08333333333334
Maldives,1981,197.08333333333334
Maldives,1982,197.08333333333334
Maldives,1983,197.08333333333334
Maldives,1984,197.08333333333334
Maldives,1985,197.08333333333334
Maldives,1986,197.08333333333334
Maldives,1987,197.08333333333334
Maldives,1988,197.08333333333334
Maldives,1989,197.08333333333334
Maldives,1990,197.08333333333334
Maldives,1991,197.08333333333334
Maldives,1992,197.08333333333334
Maldives,1993,197.08333333333334
Maldives,1994,197.08333333333334
Maldives,1995,197.08333333333334
Maldives,1996,197.08333333333334
Maldives,1997,197.08333333333334
Maldives,1998,197.08333333333334
Maldives,1999,197.08333333333334
Maldives,2000,197.08333333333334
Maldives,2001,197.08333333333334
Maldives,2002,197.08333333333334
Maldives,2003,197.08333333333334
Maldives,2004,197.08333333333334
Maldives,2005,197.08333333333334
Maldives,2006,197.08333333333334
Maldives,2007,197.08333333333334
Maldives,2008,197.08333333333334
Maldives,2009,197.08333333333334
Maldives,2010,197.08333333333334
Maldives,2011,197.08333333333334
Maldives,2012,197.08333333333334
Maldives,2013,197.08333333333334
Maldives,2014,197.08333333333334
Maldives,2015,197.08333333333334
Maldives,2016,197.08333333333334
Mali,1901,27.948813333333334
Mali,1902,24.365421666666666
Mali,1903,28.10452583333333
Mali,1904,27.823598333333333
Mali,1905,33.92265166666667
Mali,1906,36.652683333333336
Mali,1907,26.295490833333332
Mali,1908,29.0689375
Mali,1909,34.59595
Mali,1910,25.012191666666666
Mali,1911,26.507072500000003
Mali,1912,23.497648333333334
Mali,1913,25.016963333333337
Mali,1914,26.05953083333333
Mali,1915,30.066978333333335
Mali,1916,29.56065
Mali,1917,28.38898
Mali,1918,32.25635833333333
Mali,1919,26.551186666666666
Mali,1920,29.655575
Mali,1921,25.887664166666667
Mali,1922,30.394605833333333
Mali,1923,27.709545000000002
Mali,1924,31.90249833333333
Mali,1925,27.293656666666667
Mali,1926,24.931211666666666
Mali,1927,32.209895833333334
Mali,1928,30.893609166666664
Mali,1929,29.416228333333333
Mali,1930,29.015249166666667
Mali,1931,28.77146666666667
Mali,1932,30.445588333333333
Mali,1933,32.20136166666666
Mali,1934,28.468370000000004
Mali,1935,31.996561666666665
Mali,1936,34.73096666666667
Mali,1937,25.94835
Mali,1938,28.163476666666668
Mali,1939,30.103259166666664
Mali,1940,25.9542975
Mali,1941,25.326811666666668
Mali,1942,26.198165833333334
Mali,1943,32.80514333333333
Mali,1944,25.749439999999996
Mali,1945,31.7918775
Mali,1946,30.46317
Mali,1947,25.295114166666664
Mali,1948,27.462283333333332
Mali,1949,25.183493333333335
Mali,1950,36.760255
Mali,1951,31.86019416666667
Mali,1952,33.23941083333333
Mali,1953,32.39147916666666
Mali,1954,34.27063166666667
Mali,1955,31.688858333333332
Mali,1956,30.258685
Mali,1957,33.535846666666664
Mali,1958,33.367695
Mali,1959,29.653680833333336
Mali,1960,28.572776666666666
Mali,1961,29.29241
Mali,1962,30.342112500000002
Mali,1963,28.670733333333335
Mali,1964,32.2857475
Mali,1965,30.251379166666666
Mali,1966,28.594610833333334
Mali,1967,30.05749583333333
Mali,1968,25.7065625
Mali,1969,27.985587499999998
Mali,1970,25.23944333333333
Mali,1971,25.724265833333334
Mali,1972,21.43286666666667
Mali,1973,21.2078825
Mali,1974,27.12492083333333
Mali,1975,27.021159166666664
Mali,1976,26.846003333333332
Mali,1977,23.409323333333333
Mali,1978,27.0004175
Mali,1979,24.68784666666667
Mali,1980,24.839623333333332
Mali,1981,24.661998333333333
Mali,1982,21.7573225
Mali,1983,18.6649475
Mali,1984,19.490456666666667
Mali,1985,22.214070000000003
Mali,1986,22.934940833333332
Mali,1987,19.412305833333335
Mali,1988,27.2384375
Mali,1989,25.5133475
Mali,1990,21.139365833333333
Mali,1991,25.28031083333333
Mali,1992,23.566864166666665
Mali,1993,23.38342
Mali,1994,31.116106666666667
Mali,1995,24.9436025
Mali,1996,23.5796225
Mali,1997,23.60523166666667
Mali,1998,26.999039166666666
Mali,1999,32.084286666666664
Mali,2000,24.296601666666664
Mali,2001,24.195318333333333
Mali,2002,20.9158525
Mali,2003,31.212025833333332
Mali,2004,25.11021583333333
Mali,2005,27.479254166666664
Mali,2006,25.26765416666667
Mali,2007,25.9638975
Mali,2008,28.68083
Mali,2009,27.14807
Mali,2010,32.640325833333335
Mali,2011,23.825354166666667
Mali,2012,30.956550000000004
Mali,2013,27.3374
Mali,2014,27.11818
Mali,2015,26.92629666666667
Mali,2016,27.73260833333333
Malta,1901,40.0566475
Malta,1902,40.39466
Malta,1903,24.42546
Malta,1904,38.92245833333333
Malta,1905,35.17175583333333
Malta,1906,43.72514416666667
Malta,1907,34.63337083333334
Malta,1908,37.64375416666667
Malta,1909,36.620845
Malta,1910,31.587756666666667
Malta,1911,45.52911333333333
Malta,1912,34.87758916666667
Malta,1913,28.976945833333332
Malta,1914,31.018905
Malta,1915,33.24194833333333
Malta,1916,35.01259916666667
Malta,1917,34.75192166666667
Malta,1918,34.72079083333333
Malta,1919,31.643360833333332
Malta,1920,40.21033333333333
Malta,1921,37.9415725
Malta,1922,19.546200833333334
Malta,1923,29.172250000000002
Malta,1924,38.2402375
Malta,1925,36.024748333333335
Malta,1926,26.420165
Malta,1927,30.895252499999998
Malta,1928,54.23385916666667
Malta,1929,35.36839583333333
Malta,1930,38.480645
Malta,1931,50.70236083333333
Malta,1932,41.4625125
Malta,1933,33.96510166666667
Malta,1934,48.3152275
Malta,1935,30.53331916666667
Malta,1936,31.368260000000003
Malta,1937,26.112245833333333
Malta,1938,45.356944166666665
Malta,1939,35.975294999999996
Malta,1940,34.229054166666664
Malta,1941,33.81744416666667
Malta,1942,46.47911666666667
Malta,1943,36.03404416666667
Malta,1944,42.1038725
Malta,1945,28.063265
Malta,1946,36.845655
Malta,1947,15.199698333333336
Malta,1948,38.29618833333333
Malta,1949,36.41110750000001
Malta,1950,44.13803583333333
Malta,1951,40.40349166666667
Malta,1952,27.457620833333333
Malta,1953,52.97985166666666
Malta,1954,49.347385833333334
Malta,1955,38.064840833333335
Malta,1956,38.451525833333335
Malta,1957,45.302819166666666
Malta,1958,33.13073333333333
Malta,1959,37.47812
Malta,1960,22.084533333333336
Malta,1961,19.672327499999998
Malta,1962,39.33257
Malta,1963,25.801698333333334
Malta,1964,41.39347416666667
Malta,1965,41.636048333333335
Malta,1966,38.42189916666667
Malta,1967,28.19485583333333
Malta,1968,25.522919166666668
Malta,1969,44.2996075
Malta,1970,26.83677833333333
Malta,1971,38.73822583333333
Malta,1972,41.07686916666666
Malta,1973,42.70939833333333
Malta,1974,18.266178333333333
Malta,1975,40.476780833333336
Malta,1976,58.3146425
Malta,1977,22.058059999999998
Malta,1978,30.338615
Malta,1979,44.86506666666667
Malta,1980,31.101354166666667
Malta,1981,18.40145
Malta,1982,50.52547916666666
Malta,1983,38.790623333333336
Malta,1984,39.05500083333333
Malta,1985,35.16905833333333
Malta,1986,48.583555
Malta,1987,24.373027500000003
Malta,1988,46.73334333333333
Malta,1989,33.30717083333334
Malta,1990,37.00971666666667
Malta,1991,39.097858333333335
Malta,1992,33.01981083333333
Malta,1993,31.971135833333335
Malta,1994,34.65410833333333
Malta,1995,42.324797499999995
Malta,1996,45.727245
Malta,1997,44.03422
Malta,1998,26.559933333333333
Malta,1999,27.819035833333334
Malta,2000,29.717191666666665
Malta,2001,25.72142583333333
Malta,2002,33.554563333333334
Malta,2003,47.288469166666665
Malta,2004,32.48115166666667
Malta,2005,33.589869166666666
Malta,2006,34.88870166666667
Malta,2007,36.86035333333333
Malta,2008,31.07604333333333
Malta,2009,45.5971375
Malta,2010,35.22452583333333
Malta,2011,38.877520833333335
Malta,2012,33.705463333333334
Malta,2013,33.00775166666667
Malta,2014,34.18483583333333
Malta,2015,37.765998333333336
Malta,2016,25.383334166666668
Marshall Islands,1901,246.37466666666668
Marshall Islands,1902,246.37466666666668
Marshall Islands,1903,246.37466666666668
Marshall Islands,1904,246.37466666666668
Marshall Islands,1905,246.37466666666668
Marshall Islands,1906,246.37466666666668
Marshall Islands,1907,246.37466666666668
Marshall Islands,1908,246.37466666666668
Marshall Islands,1909,246.37466666666668
Marshall Islands,1910,246.37466666666668
Marshall Islands,1911,246.37466666666668
Marshall Islands,1912,246.37466666666668
Marshall Islands,1913,246.37466666666668
Marshall Islands,1914,246.37466666666668
Marshall Islands,1915,246.37466666666668
Marshall Islands,1916,246.37466666666668
Marshall Islands,1917,246.37466666666668
Marshall Islands,1918,246.37466666666668
Marshall Islands,1919,246.37466666666668
Marshall Islands,1920,246.37466666666668
Marshall Islands,1921,246.37466666666668
Marshall Islands,1922,246.37466666666668
Marshall Islands,1923,246.37466666666668
Marshall Islands,1924,246.37466666666668
Marshall Islands,1925,246.37466666666668
Marshall Islands,1926,246.37466666666668
Marshall Islands,1927,246.37466666666668
Marshall Islands,1928,246.37466666666668
Marshall Islands,1929,246.37466666666668
Marshall Islands,1930,246.37466666666668
Marshall Islands,1931,241.4555
Marshall Islands,1932,240.36950000000002
Marshall Islands,1933,248.12133333333335
Marshall Islands,1934,242.02883333333332
Marshall Islands,1935,243.46941666666666
Marshall Islands,1936,247.86950000000002
Marshall Islands,1937,235.38966666666667
Marshall Islands,1938,237.72941666666668
Marshall Islands,1939,246.37466666666668
Marshall Islands,1940,246.37466666666668
Marshall Islands,1941,246.37466666666668
Marshall Islands,1942,246.37466666666668
Marshall Islands,1943,246.37466666666668
Marshall Islands,1944,246.37466666666668
Marshall Islands,1945,192.05958333333334
Marshall Islands,1946,192.01133333333334
Marshall Islands,1947,243.76991666666666
Marshall Islands,1948,243.77975
Marshall Islands,1949,211.94708333333332
Marshall Islands,1950,340.45133333333337
Marshall Islands,1951,285.24708333333336
Marshall Islands,1952,234.3197416666667
Marshall Islands,1953,209.19890833333332
Marshall Islands,1954,298.613075
Marshall Islands,1955,297.23633333333333
Marshall Islands,1956,319.6931666666667
Marshall Islands,1957,237.71649166666666
Marshall Islands,1958,226.44633333333334
Marshall Islands,1959,244.78408333333334
Marshall Islands,1960,283.7914083333333
Marshall Islands,1961,258.9481666666667
Marshall Islands,1962,281.5765833333333
Marshall Islands,1963,247.83708333333334
Marshall Islands,1964,301.79133333333334
Marshall Islands,1965,217.16233333333332
Marshall Islands,1966,242.39049166666666
Marshall Islands,1967,236.18616666666665
Marshall Islands,1968,254.54049999999998
Marshall Islands,1969,249.94233333333332
Marshall Islands,1970,167.76941666666667
Marshall Islands,1971,300.54633333333334
Marshall Islands,1972,295.67966666666666
Marshall Islands,1973,229.70649166666666
Marshall Islands,1974,277.253
Marshall Islands,1975,281.872
Marshall Islands,1976,270.41115833333333
Marshall Islands,1977,229.59241666666665
Marshall Islands,1978,266.4139166666667
Marshall Islands,1979,207.52149166666666
Marshall Islands,1980,207.20816666666667
Marshall Islands,1981,222.3855
Marshall Islands,1982,269.31374999999997
Marshall Islands,1983,163.899
Marshall Islands,1984,215.57133333333334
Marshall Islands,1985,278.20275
Marshall Islands,1986,279.978825
Marshall Islands,1987,231.39983333333336
Marshall Islands,1988,228.17399999999998
Marshall Islands,1989,251.44216666666668
Marshall Islands,1990,225.23141666666666
Marshall Islands,1991,324.45716666666664
Marshall Islands,1992,164.64475000000002
Marshall Islands,1993,284.107
Marshall Islands,1994,239.28650000000002
Marshall Islands,1995,240.67808333333335
Marshall Islands,1996,266.89283333333333
Marshall Islands,1997,234.99225
Marshall Islands,1998,189.7106666666667
Marshall Islands,1999,223.20041666666668
Marshall Islands,2000,220.83966666666666
Marshall Islands,2001,224.58640833333334
Marshall Islands,2002,267.78625
Marshall Islands,2003,242.06816666666668
Marshall Islands,2004,227.31733333333332
Marshall Islands,2005,241.43491666666668
Marshall Islands,2006,193.51358333333334
Marshall Islands,2007,215.48041666666666
Marshall Islands,2008,216.5805
Marshall Islands,2009,198.148825
Marshall Islands,2010,252.45374166666667
Marshall Islands,2011,271.0511666666667
Marshall Islands,2012,173.61791666666667
Marshall Islands,2013,185.68533333333335
Marshall Islands,2014,271.51375
Marshall Islands,2015,262.47658333333334
Marshall Islands,2016,194.27149999999997
Mauritania,1901,9.254256666666667
Mauritania,1902,6.9214075
Mauritania,1903,8.623560833333334
Mauritania,1904,7.957402500000001
Mauritania,1905,11.607620833333334
Mauritania,1906,11.991384166666668
Mauritania,1907,8.947211666666666
Mauritania,1908,7.570503333333334
Mauritania,1909,9.309128333333334
Mauritania,1910,9.824787500000001
Mauritania,1911,7.664361666666665
Mauritania,1912,8.0382
Mauritania,1913,7.335629166666667
Mauritania,1914,7.181549166666667
Mauritania,1915,8.934699166666666
Mauritania,1916,10.546386666666667
Mauritania,1917,9.055929999999998
Mauritania,1918,11.069490833333333
Mauritania,1919,8.220293333333332
Mauritania,1920,9.182711666666666
Mauritania,1921,5.926553333333334
Mauritania,1922,8.689016666666667
Mauritania,1923,8.8513125
Mauritania,1924,9.392693333333334
Mauritania,1925,8.824094166666667
Mauritania,1926,6.817640833333333
Mauritania,1927,10.895819166666667
Mauritania,1928,8.887114166666667
Mauritania,1929,9.994523333333333
Mauritania,1930,9.588508333333333
Mauritania,1931,6.9356116666666665
Mauritania,1932,9.307563333333333
Mauritania,1933,10.631915
Mauritania,1934,8.690575
Mauritania,1935,9.832776666666666
Mauritania,1936,10.376378333333333
Mauritania,1937,8.894156666666666
Mauritania,1938,8.846674166666666
Mauritania,1939,8.540096666666667
Mauritania,1940,9.914526666666665
Mauritania,1941,6.193649999999999
Mauritania,1942,6.2338825
Mauritania,1943,11.729129166666667
Mauritania,1944,9.290460000000001
Mauritania,1945,9.433554166666667
Mauritania,1946,8.899334999999999
Mauritania,1947,9.737015
Mauritania,1948,8.2839125
Mauritania,1949,7.456423333333333
Mauritania,1950,12.781036666666667
Mauritania,1951,10.695845833333331
Mauritania,1952,12.194308333333334
Mauritania,1953,11.68074
Mauritania,1954,12.293255
Mauritania,1955,11.720112499999999
Mauritania,1956,9.8018725
Mauritania,1957,11.311934166666667
Mauritania,1958,11.710230833333334
Mauritania,1959,8.546994166666666
Mauritania,1960,8.780063333333333
Mauritania,1961,8.989231666666667
Mauritania,1962,9.850514166666667
Mauritania,1963,9.13289
Mauritania,1964,10.418697499999999
Mauritania,1965,11.903841666666667
Mauritania,1966,9.8700525
Mauritania,1967,11.358265833333334
Mauritania,1968,7.046150000000001
Mauritania,1969,12.113490833333332
Mauritania,1970,8.227035
Mauritania,1971,6.704531666666667
Mauritania,1972,5.501586666666667
Mauritania,1973,6.261776666666666
Mauritania,1974,8.2812325
Mauritania,1975,8.609119166666666
Mauritania,1976,8.616423333333334
Mauritania,1977,4.8904475
Mauritania,1978,8.540283333333333
Mauritania,1979,7.01727
Mauritania,1980,6.351757500000001
Mauritania,1981,7.552999166666666
Mauritania,1982,5.28144
Mauritania,1983,3.9908133333333335
Mauritania,1984,5.122445833333333
Mauritania,1985,6.838186666666668
Mauritania,1986,7.059148333333333
Mauritania,1987,6.452645
Mauritania,1988,7.89958
Mauritania,1989,8.748910833333333
Mauritania,1990,5.502384166666666
Mauritania,1991,5.868170833333334
Mauritania,1992,6.5053825
Mauritania,1993,7.565284999999999
Mauritania,1994,8.130485
Mauritania,1995,8.7266775
Mauritania,1996,6.2560625
Mauritania,1997,7.1064791666666665
Mauritania,1998,7.588018333333333
Mauritania,1999,10.279298333333333
Mauritania,2000,7.982778333333333
Mauritania,2001,6.899545833333334
Mauritania,2002,6.512400833333333
Mauritania,2003,10.254590833333333
Mauritania,2004,8.5178025
Mauritania,2005,9.107625
Mauritania,2006,7.081174166666667
Mauritania,2007,7.841694166666667
Mauritania,2008,9.571490833333334
Mauritania,2009,9.109166666666667
Mauritania,2010,11.586913333333333
Mauritania,2011,7.1091175
Mauritania,2012,9.719421666666667
Mauritania,2013,9.203664166666668
Mauritania,2014,7.781665833333332
Mauritania,2015,9.748579166666667
Mauritania,2016,8.082334166666667
Mauritius,1901,163.56306666666666
Mauritius,1902,163.56306666666666
Mauritius,1903,163.56306666666666
Mauritius,1904,163.56306666666666
Mauritius,1905,163.56306666666666
Mauritius,1906,163.56306666666666
Mauritius,1907,163.56306666666666
Mauritius,1908,163.56306666666666
Mauritius,1909,163.56306666666666
Mauritius,1910,163.56306666666666
Mauritius,1911,163.56306666666666
Mauritius,1912,163.56306666666666
Mauritius,1913,163.56306666666666
Mauritius,1914,163.56306666666666
Mauritius,1915,163.56306666666666
Mauritius,1916,163.56306666666666
Mauritius,1917,163.56306666666666
Mauritius,1918,163.56306666666666
Mauritius,1919,163.56306666666666
Mauritius,1920,163.56306666666666
Mauritius,1921,163.56306666666666
Mauritius,1922,163.56306666666666
Mauritius,1923,163.56306666666666
Mauritius,1924,163.56306666666666
Mauritius,1925,163.56306666666666
Mauritius,1926,163.56306666666666
Mauritius,1927,163.56306666666666
Mauritius,1928,163.56306666666666
Mauritius,1929,163.56306666666666
Mauritius,1930,163.56306666666666
Mauritius,1931,163.56306666666666
Mauritius,1932,163.56306666666666
Mauritius,1933,163.56306666666666
Mauritius,1934,163.56306666666666
Mauritius,1935,163.56306666666666
Mauritius,1936,163.56306666666666
Mauritius,1937,163.56306666666666
Mauritius,1938,163.56306666666666
Mauritius,1939,163.56306666666666
Mauritius,1940,163.56306666666666
Mauritius,1941,163.56306666666666
Mauritius,1942,163.56306666666666
Mauritius,1943,163.56306666666666
Mauritius,1944,163.56306666666666
Mauritius,1945,163.56306666666666
Mauritius,1946,163.56306666666666
Mauritius,1947,163.56306666666666
Mauritius,1948,163.56306666666666
Mauritius,1949,163.56306666666666
Mauritius,1950,163.56306666666666
Mauritius,1951,147.19815833333334
Mauritius,1952,217.10554166666668
Mauritius,1953,219.46116666666668
Mauritius,1954,152.17550833333334
Mauritius,1955,223.207775
Mauritius,1956,140.70273333333333
Mauritius,1957,141.057725
Mauritius,1958,143.96655833333332
Mauritius,1959,160.97919166666668
Mauritius,1960,179.85349166666666
Mauritius,1961,189.09497499999998
Mauritius,1962,166.86855833333334
Mauritius,1963,126.71923333333332
Mauritius,1964,133.846025
Mauritius,1965,198.63910833333333
Mauritius,1966,125.31631666666665
Mauritius,1967,161.47808333333333
Mauritius,1968,158.309475
Mauritius,1969,138.03866666666667
Mauritius,1970,160.8468083333333
Mauritius,1971,120.59817500000001
Mauritius,1972,245.14430000000002
Mauritius,1973,162.10616666666667
Mauritius,1974,144.36819166666666
Mauritius,1975,140.81850833333334
Mauritius,1976,167.93474166666667
Mauritius,1977,189.11526666666668
Mauritius,1978,133.12593333333334
Mauritius,1979,200.6441583333333
Mauritius,1980,225.01675
Mauritius,1981,148.7216
Mauritius,1982,269.03540833333335
Mauritius,1983,116.18829999999998
Mauritius,1984,129.10916666666665
Mauritius,1985,213.077975
Mauritius,1986,144.72871666666666
Mauritius,1987,228.160575
Mauritius,1988,124.27210000000001
Mauritius,1989,191.263325
Mauritius,1990,111.32546666666667
Mauritius,1991,137.654325
Mauritius,1992,119.36730833333333
Mauritius,1993,203.65436666666668
Mauritius,1994,142.01217499999998
Mauritius,1995,162.465325
Mauritius,1996,110.12845833333334
Mauritius,1997,140.09740833333333
Mauritius,1998,146.86871666666667
Mauritius,1999,84.4267
Mauritius,2000,137.037225
Mauritius,2001,139.91625
Mauritius,2002,151.8529
Mauritius,2003,150.21219166666666
Mauritius,2004,156.26493333333335
Mauritius,2005,180.59931666666668
Mauritius,2006,163.53644166666666
Mauritius,2007,143.939675
Mauritius,2008,168.43395833333332
Mauritius,2009,159.5485
Mauritius,2010,154.6476
Mauritius,2011,151.509625
Mauritius,2012,108.581725
Mauritius,2013,157.47688333333335
Mauritius,2014,144.11173333333332
Mauritius,2015,161.1781
Mauritius,2016,126.71383333333334
Mexico,1901,54.67368
Mexico,1902,51.291828333333335
Mexico,1903,55.376825833333335
Mexico,1904,60.25593083333333
Mexico,1905,65.066625
Mexico,1906,62.103649999999995
Mexico,1907,57.32945833333333
Mexico,1908,54.320305
Mexico,1909,49.85236166666667
Mexico,1910,52.98154666666667
Mexico,1911,54.47823333333333
Mexico,1912,56.204285
Mexico,1913,65.51155000000001
Mexico,1914,60.44572083333333
Mexico,1915,51.82034166666667
Mexico,1916,60.20498333333333
Mexico,1917,40.98913833333333
Mexico,1918,54.62562500000001
Mexico,1919,72.609475
Mexico,1920,47.608338333333336
Mexico,1921,56.434198333333335
Mexico,1922,57.610458333333334
Mexico,1923,58.40573416666666
Mexico,1924,55.53146833333333
Mexico,1925,67.820745
Mexico,1926,63.275191666666665
Mexico,1927,61.33707583333333
Mexico,1928,57.61510916666666
Mexico,1929,55.103829166666664
Mexico,1930,62.718333333333334
Mexico,1931,67.182325
Mexico,1932,65.1203
Mexico,1933,65.71784333333333
Mexico,1934,55.5598
Mexico,1935,64.423275
Mexico,1936,63.493248333333334
Mexico,1937,63.0346825
Mexico,1938,56.88141666666667
Mexico,1939,54.822875833333335
Mexico,1940,52.38384083333333
Mexico,1941,68.91029999999999
Mexico,1942,59.82001333333333
Mexico,1943,62.15374166666667
Mexico,1944,60.421099999999996
Mexico,1945,49.98476416666667
Mexico,1946,61.35507583333333
Mexico,1947,61.44669166666667
Mexico,1948,59.44165833333333
Mexico,1949,55.08888666666667
Mexico,1950,53.4702125
Mexico,1951,56.29309916666667
Mexico,1952,61.53448083333333
Mexico,1953,51.19463916666667
Mexico,1954,61.25169499999999
Mexico,1955,66.66610166666666
Mexico,1956,54.001488333333334
Mexico,1957,52.505583333333334
Mexico,1958,81.14318333333334
Mexico,1959,62.69791
Mexico,1960,58.558218333333336
Mexico,1961,61.488823333333336
Mexico,1962,54.264582499999996
Mexico,1963,59.354899999999994
Mexico,1964,55.92155666666667
Mexico,1965,59.539566666666666
Mexico,1966,65.98491666666668
Mexico,1967,66.25386666666667
Mexico,1968,65.04493333333333
Mexico,1969,63.39441666666667
Mexico,1970,60.88999583333334
Mexico,1971,63.561013333333335
Mexico,1972,63.1323825
Mexico,1973,68.7743675
Mexico,1974,59.00159666666667
Mexico,1975,58.29651166666667
Mexico,1976,68.51363916666666
Mexico,1977,53.69604833333333
Mexico,1978,68.54413083333333
Mexico,1979,55.9574
Mexico,1980,58.28535083333333
Mexico,1981,71.322525
Mexico,1982,53.044516666666674
Mexico,1983,66.04054166666667
Mexico,1984,72.05133666666667
Mexico,1985,63.75031666666667
Mexico,1986,60.32276833333333
Mexico,1987,53.02755833333333
Mexico,1988,62.40027083333334
Mexico,1989,58.265365833333334
Mexico,1990,66.9579
Mexico,1991,61.76309749999999
Mexico,1992,63.180949999999996
Mexico,1993,62.4607875
Mexico,1994,52.60669166666667
Mexico,1995,60.49438333333333
Mexico,1996,57.88569583333333
Mexico,1997,59.129041666666666
Mexico,1998,63.0539925
Mexico,1999,63.516754999999996
Mexico,2000,58.9052825
Mexico,2001,55.848749999999995
Mexico,2002,59.11423333333334
Mexico,2003,63.594674999999995
Mexico,2004,69.01195833333334
Mexico,2005,59.19836166666667
Mexico,2006,66.511765
Mexico,2007,64.34753500000001
Mexico,2008,64.6635825
Mexico,2009,55.36412083333334
Mexico,2010,67.59545083333333
Mexico,2011,55.95657666666667
Mexico,2012,57.525058333333334
Mexico,2013,76.65799750000001
Mexico,2014,71.14165416666667
Mexico,2015,62.503099999999996
Mexico,2016,65.56010666666667
Moldova,1901,50.99409083333333
Moldova,1902,35.17037083333333
Moldova,1903,32.0125175
Moldova,1904,35.046057499999996
Moldova,1905,37.0237275
Moldova,1906,44.94555
Moldova,1907,38.02829833333333
Moldova,1908,39.402625
Moldova,1909,40.200183333333335
Moldova,1910,46.34574916666667
Moldova,1911,44.690416666666664
Moldova,1912,60.96645
Moldova,1913,38.7356225
Moldova,1914,55.17277583333333
Moldova,1915,48.50360833333334
Moldova,1916,41.68318333333333
Moldova,1917,38.70511666666667
Moldova,1918,41.00355416666667
Moldova,1919,51.91930833333333
Moldova,1920,34.612658333333336
Moldova,1921,34.05757333333333
Moldova,1922,51.91676666666667
Moldova,1923,41.554875
Moldova,1924,33.20787083333333
Moldova,1925,38.98750833333333
Moldova,1926,43.400178333333336
Moldova,1927,37.81699166666667
Moldova,1928,38.87929166666667
Moldova,1929,33.90399166666666
Moldova,1930,40.84318666666667
Moldova,1931,41.74265
Moldova,1932,46.75385
Moldova,1933,53.89468333333334
Moldova,1934,32.832746666666665
Moldova,1935,32.160866666666664
Moldova,1936,40.81994166666667
Moldova,1937,46.82213333333334
Moldova,1938,37.459066666666665
Moldova,1939,37.199975
Moldova,1940,53.60115
Moldova,1941,57.6608
Moldova,1942,35.816005
Moldova,1943,44.20306416666667
Moldova,1944,40.42118333333334
Moldova,1945,32.401725
Moldova,1946,34.3737
Moldova,1947,45.898383333333335
Moldova,1948,40.62145833333333
Moldova,1949,45.86850916666666
Moldova,1950,36.47680166666667
Moldova,1951,32.49535
Moldova,1952,45.45024166666667
Moldova,1953,33.5009325
Moldova,1954,40.57286333333333
Moldova,1955,54.332683333333335
Moldova,1956,41.19713333333333
Moldova,1957,36.80490833333334
Moldova,1958,46.327866666666665
Moldova,1959,37.208329166666665
Moldova,1960,45.87612166666667
Moldova,1961,39.519484166666665
Moldova,1962,44.23918333333333
Moldova,1963,40.218259999999994
Moldova,1964,41.809194166666664
Moldova,1965,43.87207083333333
Moldova,1966,55.93374166666667
Moldova,1967,38.754075
Moldova,1968,46.91607333333334
Moldova,1969,50.75154750000001
Moldova,1970,54.34784166666666
Moldova,1971,51.7596
Moldova,1972,50.74075
Moldova,1973,36.362375
Moldova,1974,50.098216666666666
Moldova,1975,40.02184916666666
Moldova,1976,47.32263333333333
Moldova,1977,42.25892
Moldova,1978,50.13475
Moldova,1979,46.99023333333333
Moldova,1980,56.161233333333335
Moldova,1981,51.246408333333335
Moldova,1982,35.01121666666667
Moldova,1983,38.116791666666664
Moldova,1984,50.66061666666667
Moldova,1985,46.273565
Moldova,1986,33.2068825
Moldova,1987,41.192283333333336
Moldova,1988,50.262116666666664
Moldova,1989,41.63876
Moldova,1990,33.91306
Moldova,1991,48.85006166666667
Moldova,1992,37.884658333333334
Moldova,1993,43.85385
Moldova,1994,31.9186175
Moldova,1995,50.58431083333334
Moldova,1996,50.01059166666667
Moldova,1997,52.16771666666667
Moldova,1998,45.40578333333334
Moldova,1999,41.256925
Moldova,2000,36.391635
Moldova,2001,47.716175
Moldova,2002,44.07075833333334
Moldova,2003,36.359874999999995
Moldova,2004,47.335058333333336
Moldova,2005,49.089483333333334
Moldova,2006,42.39918333333333
Moldova,2007,39.559725
Moldova,2008,42.1198925
Moldova,2009,37.73175
Moldova,2010,55.10101666666666
Moldova,2011,33.135670833333336
Moldova,2012,43.955616666666664
Moldova,2013,45.38709666666667
Moldova,2014,47.6412
Moldova,2015,36.013105833333334
Moldova,2016,46.03208333333333
Monaco,1901,118.81050833333335
Monaco,1902,79.93564166666667
Monaco,1903,91.72997500000001
Monaco,1904,66.50033333333333
Monaco,1905,92.94191666666667
Monaco,1906,72.457475
Monaco,1907,109.05291666666666
Monaco,1908,65.27255833333334
Monaco,1909,89.23285833333334
Monaco,1910,105.092775
Monaco,1911,92.52008333333333
Monaco,1912,86.018175
Monaco,1913,88.87368333333332
Monaco,1914,110.77886666666666
Monaco,1915,96.35449999999999
Monaco,1916,109.14011333333333
Monaco,1917,93.176675
Monaco,1918,78.93653333333333
Monaco,1919,74.3685
Monaco,1920,114.93868333333334
Monaco,1921,40.13578833333333
Monaco,1922,80.55055
Monaco,1923,80.233475
Monaco,1924,85.26975
Monaco,1925,79.48759166666666
Monaco,1926,116.51970833333333
Monaco,1927,84.077675
Monaco,1928,82.30936666666666
Monaco,1929,65.9019275
Monaco,1930,100.74275
Monaco,1931,87.9765
Monaco,1932,99.10994166666667
Monaco,1933,93.3403275
Monaco,1934,100.076275
Monaco,1935,102.99703333333333
Monaco,1936,105.596625
Monaco,1937,103.15479166666667
Monaco,1938,82.929285
Monaco,1939,96.311375
Monaco,1940,86.21213333333333
Monaco,1941,112.72581666666667
Monaco,1942,72.38896666666666
Monaco,1943,87.614625
Monaco,1944,71.42424166666667
Monaco,1945,67.59716916666666
Monaco,1946,83.4636
Monaco,1947,87.103725
Monaco,1948,94.96859166666667
Monaco,1949,77.344105
Monaco,1950,73.058025
Monaco,1951,123.79956666666668
Monaco,1952,86.26506666666667
Monaco,1953,82.45283583333334
Monaco,1954,94.8624
Monaco,1955,84.96956333333334
Monaco,1956,92.12013333333333
Monaco,1957,96.88373333333334
Monaco,1958,93.29214999999999
Monaco,1959,111.4701
Monaco,1960,126.20015833333333
Monaco,1961,86.25175250000001
Monaco,1962,74.26091333333333
Monaco,1963,114.91383333333333
Monaco,1964,79.91721666666666
Monaco,1965,81.97784666666666
Monaco,1966,97.082675
Monaco,1967,50.87810833333333
Monaco,1968,107.614125
Monaco,1969,90.78011666666667
Monaco,1970,74.075625
Monaco,1971,96.79064166666666
Monaco,1972,123.06519166666668
Monaco,1973,87.48253333333334
Monaco,1974,89.2959
Monaco,1975,104.914475
Monaco,1976,116.90634166666666
Monaco,1977,125.56118333333332
Monaco,1978,91.606
Monaco,1979,113.30830833333333
Monaco,1980,75.12643833333333
Monaco,1981,83.88940833333334
Monaco,1982,70.57776666666668
Monaco,1983,80.67008
Monaco,1984,102.04014166666667
Monaco,1985,69.89103
Monaco,1986,79.97815833333333
Monaco,1987,102.61653333333334
Monaco,1988,77.627875
Monaco,1989,56.979552500000004
Monaco,1990,71.78265833333333
Monaco,1991,81.27989166666667
Monaco,1992,91.91885833333333
Monaco,1993,84.65944416666666
Monaco,1994,98.70867499999999
Monaco,1995,91.11175833333334
Monaco,1996,103.49840833333333
Monaco,1997,76.22636916666666
Monaco,1998,71.60614416666667
Monaco,1999,87.57905833333332
Monaco,2000,100.79776083333333
Monaco,2001,58.68177166666666
Monaco,2002,113.93845
Monaco,2003,63.575275
Monaco,2004,65.16619166666668
Monaco,2005,67.261875
Monaco,2006,67.12615833333334
Monaco,2007,48.075925000000005
Monaco,2008,102.63484999999999
Monaco,2009,85.343325
Monaco,2010,90.703625
Monaco,2011,79.79136666666666
Monaco,2012,82.13983583333334
Monaco,2013,98.69749999999999
Monaco,2014,97.343975
Monaco,2015,70.10311666666666
Monaco,2016,69.40205
Mongolia,1901,17.847908333333333
Mongolia,1902,17.631088333333334
Mongolia,1903,16.767665833333336
Mongolia,1904,17.756852499999997
Mongolia,1905,17.558151666666667
Mongolia,1906,20.469636666666666
Mongolia,1907,19.2695775
Mongolia,1908,19.025071666666665
Mongolia,1909,17.379305833333333
Mongolia,1910,18.10362
Mongolia,1911,19.369981666666668
Mongolia,1912,19.246090833333334
Mongolia,1913,18.4430375
Mongolia,1914,19.81801
Mongolia,1915,20.20553166666667
Mongolia,1916,18.831369166666665
Mongolia,1917,18.574550833333333
Mongolia,1918,17.073703333333334
Mongolia,1919,19.827253333333335
Mongolia,1920,18.181684166666667
Mongolia,1921,18.080592499999998
Mongolia,1922,19.0468875
Mongolia,1923,16.40693333333333
Mongolia,1924,18.732312500000003
Mongolia,1925,19.955233333333336
Mongolia,1926,18.7404975
Mongolia,1927,19.425175833333334
Mongolia,1928,17.958145
Mongolia,1929,19.85771
Mongolia,1930,20.773210833333334
Mongolia,1931,19.685239166666666
Mongolia,1932,23.111045
Mongolia,1933,19.332896666666667
Mongolia,1934,18.6632925
Mongolia,1935,17.981750833333333
Mongolia,1936,19.203823333333332
Mongolia,1937,20.287612499999998
Mongolia,1938,19.90034
Mongolia,1939,18.330839166666667
Mongolia,1940,21.778661666666665
Mongolia,1941,17.291946666666664
Mongolia,1942,16.825595833333335
Mongolia,1943,21.206983333333334
Mongolia,1944,13.486405833333334
Mongolia,1945,19.236975833333336
Mongolia,1946,17.6354575
Mongolia,1947,18.254071666666665
Mongolia,1948,19.517543333333332
Mongolia,1949,17.55304
Mongolia,1950,19.618176666666667
Mongolia,1951,16.484348333333333
Mongolia,1952,19.73086
Mongolia,1953,19.810598333333335
Mongolia,1954,19.40718166666667
Mongolia,1955,21.46278583333333
Mongolia,1956,18.983874166666666
Mongolia,1957,17.453251666666667
Mongolia,1958,20.73581
Mongolia,1959,23.857506666666666
Mongolia,1960,19.901768333333333
Mongolia,1961,20.518776666666668
Mongolia,1962,19.26899
Mongolia,1963,18.529718333333335
Mongolia,1964,24.760044166666663
Mongolia,1965,16.504034166666667
Mongolia,1966,19.971989999999998
Mongolia,1967,21.438125
Mongolia,1968,18.202065833333332
Mongolia,1969,19.46387
Mongolia,1970,18.15406833333333
Mongolia,1971,19.315383333333333
Mongolia,1972,15.950403333333334
Mongolia,1973,22.957251666666668
Mongolia,1974,18.266870833333332
Mongolia,1975,19.296415833333334
Mongolia,1976,21.23757833333333
Mongolia,1977,18.9220025
Mongolia,1978,15.436317500000001
Mongolia,1979,18.7022375
Mongolia,1980,15.516865000000001
Mongolia,1981,18.04214166666667
Mongolia,1982,17.18466666666667
Mongolia,1983,19.420403333333333
Mongolia,1984,21.424801666666667
Mongolia,1985,18.431729166666667
Mongolia,1986,19.986185833333334
Mongolia,1987,19.826648333333335
Mongolia,1988,18.864485833333333
Mongolia,1989,17.8812225
Mongolia,1990,24.1344225
Mongolia,1991,20.702251666666665
Mongolia,1992,18.692043333333334
Mongolia,1993,23.79429
Mongolia,1994,24.084779166666664
Mongolia,1995,17.988353333333333
Mongolia,1996,17.682143333333332
Mongolia,1997,18.351133333333333
Mongolia,1998,23.117730833333336
Mongolia,1999,17.729049166666666
Mongolia,2000,17.19536666666667
Mongolia,2001,16.299893333333333
Mongolia,2002,15.100566666666667
Mongolia,2003,21.707339166666667
Mongolia,2004,14.562524166666668
Mongolia,2005,16.31925083333333
Mongolia,2006,16.18728833333333
Mongolia,2007,15.7851075
Mongolia,2008,17.6339775
Mongolia,2009,16.388718333333333
Mongolia,2010,18.909383333333334
Mongolia,2011,17.087304166666666
Mongolia,2012,20.02380833333333
Mongolia,2013,21.966304166666664
Mongolia,2014,17.291006666666664
Mongolia,2015,15.814655
Mongolia,2016,22.374492500000002
Morocco,1901,38.780213333333336
Morocco,1902,31.98691583333333
Morocco,1903,23.550007500000003
Morocco,1904,38.05985583333334
Morocco,1905,28.355765
Morocco,1906,26.921395833333335
Morocco,1907,30.381061666666668
Morocco,1908,26.039086666666666
Morocco,1909,30.487225
Morocco,1910,23.009003333333336
Morocco,1911,29.561988333333332
Morocco,1912,35.842845833333335
Morocco,1913,19.019963333333333
Morocco,1914,35.9032475
Morocco,1915,26.231185
Morocco,1916,28.48132166666667
Morocco,1917,28.5021325
Morocco,1918,26.944218333333335
Morocco,1919,25.408194166666664
Morocco,1920,25.842639166666668
Morocco,1921,28.097753333333333
Morocco,1922,25.7141725
Morocco,1923,27.167260833333334
Morocco,1924,25.462838333333334
Morocco,1925,23.766483333333337
Morocco,1926,25.023818333333335
Morocco,1927,29.08986833333333
Morocco,1928,27.116266666666665
Morocco,1929,20.690458333333332
Morocco,1930,25.309974166666667
Morocco,1931,19.327131666666666
Morocco,1932,25.484179166666667
Morocco,1933,32.07115583333333
Morocco,1934,23.74502083333333
Morocco,1935,19.192624166666665
Morocco,1936,31.17737166666667
Morocco,1937,24.3797325
Morocco,1938,25.863478333333333
Morocco,1939,27.262015
Morocco,1940,28.6546525
Morocco,1941,29.706356666666665
Morocco,1942,32.84019416666667
Morocco,1943,29.5224125
Morocco,1944,20.340590000000002
Morocco,1945,16.869089166666665
Morocco,1946,25.535505
Morocco,1947,23.303724166666665
Morocco,1948,25.18172
Morocco,1949,30.223227500000004
Morocco,1950,22.43017
Morocco,1951,29.064516666666666
Morocco,1952,22.69663
Morocco,1953,29.196641666666665
Morocco,1954,25.863313333333334
Morocco,1955,32.102715833333335
Morocco,1956,33.52724583333333
Morocco,1957,30.906478333333336
Morocco,1958,23.721365833333333
Morocco,1959,24.277935
Morocco,1960,31.857612500000002
Morocco,1961,19.654683333333335
Morocco,1962,31.461815
Morocco,1963,41.401003333333335
Morocco,1964,24.57906
Morocco,1965,33.40013416666667
Morocco,1966,18.830091666666664
Morocco,1967,31.869222499999996
Morocco,1968,29.448157500000004
Morocco,1969,35.58973916666667
Morocco,1970,26.5868325
Morocco,1971,34.384278333333334
Morocco,1972,30.69491583333333
Morocco,1973,24.388944166666665
Morocco,1974,23.266053333333332
Morocco,1975,25.02293583333333
Morocco,1976,36.27124833333334
Morocco,1977,27.3052225
Morocco,1978,24.048895833333333
Morocco,1979,27.630054166666667
Morocco,1980,26.227795
Morocco,1981,14.391065833333334
Morocco,1982,26.361990833333333
Morocco,1983,15.839613333333332
Morocco,1984,14.727619166666665
Morocco,1985,26.034960833333333
Morocco,1986,21.183328333333332
Morocco,1987,28.626360000000002
Morocco,1988,29.727373333333333
Morocco,1989,31.8074325
Morocco,1990,21.9284775
Morocco,1991,27.294925000000003
Morocco,1992,22.02431916666667
Morocco,1993,22.25390416666667
Morocco,1994,17.86650416666667
Morocco,1995,21.66067666666667
Morocco,1996,43.45981666666666
Morocco,1997,27.262355
Morocco,1998,18.036945833333334
Morocco,1999,23.363005833333332
Morocco,2000,18.8486475
Morocco,2001,17.501618333333333
Morocco,2002,28.34163
Morocco,2003,28.929680833333332
Morocco,2004,23.7994125
Morocco,2005,18.514760833333334
Morocco,2006,27.76482083333333
Morocco,2007,19.353615
Morocco,2008,29.040856666666667
Morocco,2009,29.373525
Morocco,2010,37.25467166666667
Morocco,2011,29.7017725
Morocco,2012,26.32908833333333
Morocco,2013,21.258385
Morocco,2014,25.09672333333333
Morocco,2015,17.995385000000002
Morocco,2016,23.73915666666667
Mozambique,1901,95.19629166666668
Mozambique,1902,76.01310333333333
Mozambique,1903,67.89903666666667
Mozambique,1904,103.85013666666667
Mozambique,1905,73.16439916666667
Mozambique,1906,79.70855416666667
Mozambique,1907,102.99930833333333
Mozambique,1908,82.59983083333333
Mozambique,1909,76.04914000000001
Mozambique,1910,84.70175166666667
Mozambique,1911,88.78377499999999
Mozambique,1912,68.00309083333333
Mozambique,1913,82.11902666666667
Mozambique,1914,83.53890833333334
Mozambique,1915,75.18784166666667
Mozambique,1916,88.13112916666667
Mozambique,1917,82.64673833333333
Mozambique,1918,92.56730083333333
Mozambique,1919,73.29605666666667
Mozambique,1920,92.3239425
Mozambique,1921,87.16349083333334
Mozambique,1922,65.1118925
Mozambique,1923,94.4075625
Mozambique,1924,68.85455083333333
Mozambique,1925,106.988075
Mozambique,1926,89.309195
Mozambique,1927,83.04830249999999
Mozambique,1928,79.179425
Mozambique,1929,90.58216750000001
Mozambique,1930,72.8724025
Mozambique,1931,84.80414833333333
Mozambique,1932,77.1867975
Mozambique,1933,71.66189166666668
Mozambique,1934,92.9092275
Mozambique,1935,74.14813083333333
Mozambique,1936,92.941075
Mozambique,1937,77.32215416666666
Mozambique,1938,74.70315333333333
Mozambique,1939,99.17900000000002
Mozambique,1940,84.0316325
Mozambique,1941,66.423195
Mozambique,1942,79.98776666666667
Mozambique,1943,76.81325583333333
Mozambique,1944,80.11544583333334
Mozambique,1945,82.29126916666667
Mozambique,1946,92.6556
Mozambique,1947,84.9205075
Mozambique,1948,81.95883333333333
Mozambique,1949,70.670085
Mozambique,1950,92.30546583333334
Mozambique,1951,76.442125
Mozambique,1952,95.60012833333333
Mozambique,1953,88.07549999999999
Mozambique,1954,79.2446675
Mozambique,1955,91.20500666666668
Mozambique,1956,100.71406083333333
Mozambique,1957,80.26122083333333
Mozambique,1958,87.24418333333334
Mozambique,1959,79.02439166666666
Mozambique,1960,77.88386083333334
Mozambique,1961,88.92604999999999
Mozambique,1962,99.14889333333333
Mozambique,1963,92.72295833333334
Mozambique,1964,70.21035833333333
Mozambique,1965,83.05520416666667
Mozambique,1966,76.31538833333333
Mozambique,1967,91.97157833333334
Mozambique,1968,77.68648583333334
Mozambique,1969,89.14743750000001
Mozambique,1970,71.23935416666667
Mozambique,1971,83.93628583333333
Mozambique,1972,83.890605
Mozambique,1973,77.93793166666667
Mozambique,1974,102.10332833333332
Mozambique,1975,77.24853833333333
Mozambique,1976,94.54848249999999
Mozambique,1977,83.969965
Mozambique,1978,106.27079416666668
Mozambique,1979,79.7141125
Mozambique,1980,80.91206666666666
Mozambique,1981,84.00810833333334
Mozambique,1982,83.37207416666666
Mozambique,1983,70.7111475
Mozambique,1984,88.78944166666668
Mozambique,1985,94.52845
Mozambique,1986,88.8331025
Mozambique,1987,65.6204925
Mozambique,1988,81.86074416666666
Mozambique,1989,96.94988083333334
Mozambique,1990,66.94840916666666
Mozambique,1991,80.32535166666666
Mozambique,1992,57.197195
Mozambique,1993,80.818595
Mozambique,1994,66.86713583333334
Mozambique,1995,69.84537583333334
Mozambique,1996,86.088685
Mozambique,1997,96.18116833333333
Mozambique,1998,78.4522775
Mozambique,1999,95.18107583333334
Mozambique,2000,102.0032175
Mozambique,2001,95.8281075
Mozambique,2002,70.16347499999999
Mozambique,2003,79.44166416666667
Mozambique,2004,94.94213416666666
Mozambique,2005,56.286257500000005
Mozambique,2006,72.95434
Mozambique,2007,79.84814
Mozambique,2008,79.061075
Mozambique,2009,74.78392166666667
Mozambique,2010,75.79492333333333
Mozambique,2011,85.42622833333333
Mozambique,2012,79.16598916666668
Mozambique,2013,81.5328075
Mozambique,2014,84.41773416666666
Mozambique,2015,65.97587416666666
Mozambique,2016,67.54018666666667
Myanmar (Burma),1901,155.98080416666667
Myanmar (Burma),1902,172.5858425
Myanmar (Burma),1903,152.63426
Myanmar (Burma),1904,200.60551416666667
Myanmar (Burma),1905,168.87188416666666
Myanmar (Burma),1906,158.64920833333335
Myanmar (Burma),1907,146.25121
Myanmar (Burma),1908,166.35334666666665
Myanmar (Burma),1909,179.97949333333335
Myanmar (Burma),1910,206.66262333333336
Myanmar (Burma),1911,169.64220916666667
Myanmar (Burma),1912,169.98966833333333
Myanmar (Burma),1913,184.9278383333333
Myanmar (Burma),1914,171.91428499999998
Myanmar (Burma),1915,194.86037833333333
Myanmar (Burma),1916,169.29172916666667
Myanmar (Burma),1917,180.30256583333335
Myanmar (Burma),1918,171.29508416666667
Myanmar (Burma),1919,177.4766125
Myanmar (Burma),1920,152.75975833333334
Myanmar (Burma),1921,181.84719833333335
Myanmar (Burma),1922,176.13461833333335
Myanmar (Burma),1923,164.24447416666666
Myanmar (Burma),1924,170.55300666666668
Myanmar (Burma),1925,166.40263916666666
Myanmar (Burma),1926,159.1259575
Myanmar (Burma),1927,177.71113749999998
Myanmar (Burma),1928,185.92697583333336
Myanmar (Burma),1929,171.69019583333332
Myanmar (Burma),1930,164.44530083333333
Myanmar (Burma),1931,136.34970833333333
Myanmar (Burma),1932,186.86636166666665
Myanmar (Burma),1933,156.32117250000002
Myanmar (Burma),1934,168.44757416666667
Myanmar (Burma),1935,170.22981166666668
Myanmar (Burma),1936,149.87620333333334
Myanmar (Burma),1937,181.40969166666665
Myanmar (Burma),1938,204.09171416666666
Myanmar (Burma),1939,212.09768250000002
Myanmar (Burma),1940,169.7912975
Myanmar (Burma),1941,173.18038916666669
Myanmar (Burma),1942,182.41776333333334
Myanmar (Burma),1943,168.8185225
Myanmar (Burma),1944,169.14715416666667
Myanmar (Burma),1945,160.295075
Myanmar (Burma),1946,158.69991833333333
Myanmar (Burma),1947,179.88672916666667
Myanmar (Burma),1948,171.59177833333334
Myanmar (Burma),1949,153.22715
Myanmar (Burma),1950,164.9451
Myanmar (Burma),1951,172.04884333333334
Myanmar (Burma),1952,173.14161000000001
Myanmar (Burma),1953,172.95532916666664
Myanmar (Burma),1954,149.66489166666665
Myanmar (Burma),1955,182.77346666666668
Myanmar (Burma),1956,165.84182916666666
Myanmar (Burma),1957,150.46225583333333
Myanmar (Burma),1958,157.53639916666665
Myanmar (Burma),1959,193.43372083333335
Myanmar (Burma),1960,151.326695
Myanmar (Burma),1961,193.31633833333333
Myanmar (Burma),1962,143.87129
Myanmar (Burma),1963,174.06007666666667
Myanmar (Burma),1964,170.1502475
Myanmar (Burma),1965,179.93349583333335
Myanmar (Burma),1966,167.15902333333335
Myanmar (Burma),1967,167.57415083333333
Myanmar (Burma),1968,185.38729083333337
Myanmar (Burma),1969,163.3181525
Myanmar (Burma),1970,182.57214166666665
Myanmar (Burma),1971,176.1479658333333
Myanmar (Burma),1972,153.1899475
Myanmar (Burma),1973,194.41955
Myanmar (Burma),1974,187.79796583333334
Myanmar (Burma),1975,171.8530708333333
Myanmar (Burma),1976,163.27246583333334
Myanmar (Burma),1977,160.89078333333333
Myanmar (Burma),1978,165.66905
Myanmar (Burma),1979,144.58346083333333
Myanmar (Burma),1980,171.82488
Myanmar (Burma),1981,165.19483083333333
Myanmar (Burma),1982,140.65867416666666
Myanmar (Burma),1983,168.82592416666668
Myanmar (Burma),1984,139.89075333333332
Myanmar (Burma),1985,153.35753250000002
Myanmar (Burma),1986,127.26673583333333
Myanmar (Burma),1987,152.48093916666667
Myanmar (Burma),1988,182.66228333333333
Myanmar (Burma),1989,148.40033250000002
Myanmar (Burma),1990,155.65508083333333
Myanmar (Burma),1991,166.12874833333333
Myanmar (Burma),1992,160.6313175
Myanmar (Burma),1993,143.7731375
Myanmar (Burma),1994,172.098695
Myanmar (Burma),1995,164.06000583333335
Myanmar (Burma),1996,177.34647583333333
Myanmar (Burma),1997,163.52996583333334
Myanmar (Burma),1998,155.943915
Myanmar (Burma),1999,174.96311916666664
Myanmar (Burma),2000,165.66274
Myanmar (Burma),2001,165.919165
Myanmar (Burma),2002,189.64483916666666
Myanmar (Burma),2003,156.79363166666667
Myanmar (Burma),2004,159.85424833333335
Myanmar (Burma),2005,151.86426916666667
Myanmar (Burma),2006,187.48282333333336
Myanmar (Burma),2007,182.50259000000003
Myanmar (Burma),2008,165.3720825
Myanmar (Burma),2009,148.14840333333333
Myanmar (Burma),2010,173.28089416666668
Myanmar (Burma),2011,206.88846666666666
Myanmar (Burma),2012,139.21713083333333
Myanmar (Burma),2013,174.37488916666666
Myanmar (Burma),2014,130.46860833333332
Myanmar (Burma),2015,149.54985416666668
Myanmar (Burma),2016,190.15714
Namibia,1901,22.38161
Namibia,1902,21.965587499999998
Namibia,1903,17.676031666666667
Namibia,1904,24.54577
Namibia,1905,20.961335833333333
Namibia,1906,23.6344975
Namibia,1907,28.71265
Namibia,1908,17.764511666666667
Namibia,1909,38.97709916666667
Namibia,1910,23.741461666666666
Namibia,1911,15.692904166666667
Namibia,1912,28.578901666666667
Namibia,1913,19.793100833333334
Namibia,1914,20.241653333333335
Namibia,1915,21.700910833333335
Namibia,1916,22.870140833333334
Namibia,1917,29.822239166666666
Namibia,1918,28.01841333333333
Namibia,1919,18.138020833333332
Namibia,1920,19.756778333333333
Namibia,1921,27.433745000000002
Namibia,1922,12.304933333333333
Namibia,1923,32.89344416666666
Namibia,1924,16.806244166666666
Namibia,1925,31.948515
Namibia,1926,18.7784675
Namibia,1927,17.708669166666667
Namibia,1928,18.5908575
Namibia,1929,16.073323333333335
Namibia,1930,13.290308333333334
Namibia,1931,20.973509166666666
Namibia,1932,14.34664
Namibia,1933,14.0634225
Namibia,1934,46.9363725
Namibia,1935,18.6213
Namibia,1936,21.183774166666666
Namibia,1937,27.55426
Namibia,1938,26.931330833333334
Namibia,1939,25.21691583333333
Namibia,1940,23.481956666666665
Namibia,1941,13.1771175
Namibia,1942,29.005928333333333
Namibia,1943,21.056234166666666
Namibia,1944,25.90312833333333
Namibia,1945,21.543075833333333
Namibia,1946,11.9616975
Namibia,1947,24.669545833333334
Namibia,1948,19.500425
Namibia,1949,21.247821666666667
Namibia,1950,41.9389075
Namibia,1951,24.074725
Namibia,1952,18.368251666666666
Namibia,1953,27.92918416666667
Namibia,1954,32.73918583333333
Namibia,1955,25.897134166666664
Namibia,1956,30.246814999999998
Namibia,1957,29.336179166666668
Namibia,1958,21.271981666666665
Namibia,1959,16.70805
Namibia,1960,20.903148333333334
Namibia,1961,21.7919575
Namibia,1962,15.233761666666666
Namibia,1963,35.02342
Namibia,1964,11.302448333333333
Namibia,1965,18.755515
Namibia,1966,25.76208
Namibia,1967,31.845672500000003
Namibia,1968,23.966123333333332
Namibia,1969,22.181276666666665
Namibia,1970,17.470304166666665
Namibia,1971,25.568321666666666
Namibia,1972,24.00093166666667
Namibia,1973,19.736595
Namibia,1974,45.173519166666665
Namibia,1975,22.3589375
Namibia,1976,38.573478333333334
Namibia,1977,29.922148333333336
Namibia,1978,31.271876666666667
Namibia,1979,26.004642500000003
Namibia,1980,21.47012583333333
Namibia,1981,13.970700833333334
Namibia,1982,21.254070833333333
Namibia,1983,19.4973525
Namibia,1984,18.100095
Namibia,1985,21.220804166666667
Namibia,1986,21.15818583333333
Namibia,1987,17.886390833333333
Namibia,1988,23.978530833333334
Namibia,1989,19.736729999999998
Namibia,1990,21.824606666666668
Namibia,1991,25.605408333333333
Namibia,1992,10.710214166666667
Namibia,1993,23.486576666666668
Namibia,1994,18.776431666666667
Namibia,1995,12.945650833333332
Namibia,1996,16.495888333333333
Namibia,1997,26.447927500000002
Namibia,1998,13.769376666666666
Namibia,1999,22.1695375
Namibia,2000,26.29722083333333
Namibia,2001,23.555073333333336
Namibia,2002,24.117885
Namibia,2003,22.288493333333335
Namibia,2004,24.181363333333334
Namibia,2005,21.264945833333332
Namibia,2006,38.61542333333333
Namibia,2007,22.475685
Namibia,2008,22.111828333333335
Namibia,2009,29.330429999999996
Namibia,2010,22.5664025
Namibia,2011,33.22113916666667
Namibia,2012,26.03792083333333
Namibia,2013,17.818830833333333
Namibia,2014,28.224684999999997
Namibia,2015,17.127328333333335
Namibia,2016,20.60186416666667
Nepal,1901,100.28007333333333
Nepal,1902,116.61582333333332
Nepal,1903,86.47760916666665
Nepal,1904,126.66735416666667
Nepal,1905,131.52605
Nepal,1906,116.60368416666667
Nepal,1907,105.29380833333333
Nepal,1908,82.92900250000001
Nepal,1909,143.55443333333332
Nepal,1910,128.2859925
Nepal,1911,127.72416916666667
Nepal,1912,100.9350975
Nepal,1913,141.757035
Nepal,1914,142.83703416666665
Nepal,1915,150.42768416666667
Nepal,1916,134.24632333333332
Nepal,1917,141.56713083333332
Nepal,1918,119.43903416666666
Nepal,1919,103.836685
Nepal,1920,92.49922833333333
Nepal,1921,107.13014166666666
Nepal,1922,140.31112333333334
Nepal,1923,100.57061750000001
Nepal,1924,125.80423416666667
Nepal,1925,138.99398499999998
Nepal,1926,112.63022916666667
Nepal,1927,107.84935166666666
Nepal,1928,100.2356075
Nepal,1929,120.85368166666666
Nepal,1930,96.11039166666667
Nepal,1931,111.70931166666666
Nepal,1932,88.18827333333333
Nepal,1933,141.09246916666666
Nepal,1934,100.89531166666667
Nepal,1935,94.12755083333333
Nepal,1936,154.39054916666666
Nepal,1937,125.2967475
Nepal,1938,139.47331583333332
Nepal,1939,108.23334166666666
Nepal,1940,119.06845499999999
Nepal,1941,104.2736475
Nepal,1942,131.96938583333335
Nepal,1943,122.36711333333334
Nepal,1944,120.56820333333333
Nepal,1945,132.48882833333332
Nepal,1946,134.4268375
Nepal,1947,112.37941166666667
Nepal,1948,122.24785000000001
Nepal,1949,133.01776083333334
Nepal,1950,122.3231275
Nepal,1951,102.06390583333332
Nepal,1952,109.87882416666667
Nepal,1953,110.60567916666668
Nepal,1954,115.19169083333333
Nepal,1955,115.73017333333333
Nepal,1956,119.96708000000001
Nepal,1957,91.57529
Nepal,1958,97.82154583333333
Nepal,1959,103.08476833333333
Nepal,1960,97.33292666666667
Nepal,1961,118.29590916666666
Nepal,1962,131.32635916666666
Nepal,1963,121.36942749999999
Nepal,1964,106.87338416666667
Nepal,1965,103.47542083333333
Nepal,1966,93.83982583333334
Nepal,1967,98.45213166666667
Nepal,1968,112.1915575
Nepal,1969,98.21444333333334
Nepal,1970,113.98867166666666
Nepal,1971,132.95545083333334
Nepal,1972,99.15576333333333
Nepal,1973,128.64852083333332
Nepal,1974,113.58624583333334
Nepal,1975,123.84219
Nepal,1976,105.07266333333332
Nepal,1977,100.46
Nepal,1978,121.25973583333335
Nepal,1979,106.13445833333333
Nepal,1980,111.12975416666667
Nepal,1981,112.35467916666666
Nepal,1982,99.519475
Nepal,1983,122.23432083333334
Nepal,1984,114.78550083333333
Nepal,1985,126.51496083333332
Nepal,1986,110.35862666666667
Nepal,1987,116.18670583333333
Nepal,1988,117.31168583333334
Nepal,1989,106.35441416666667
Nepal,1990,118.898885
Nepal,1991,96.46669083333332
Nepal,1992,83.47361583333333
Nepal,1993,93.29880666666666
Nepal,1994,98.34894916666667
Nepal,1995,102.72408333333334
Nepal,1996,102.2966
Nepal,1997,119.881785
Nepal,1998,125.70952916666666
Nepal,1999,128.26001416666665
Nepal,2000,122.88533916666667
Nepal,2001,114.22531250000002
Nepal,2002,110.69954666666666
Nepal,2003,112.22547083333332
Nepal,2004,108.23113583333333
Nepal,2005,84.47262166666667
Nepal,2006,97.77137333333333
Nepal,2007,99.51988166666666
Nepal,2008,111.2764075
Nepal,2009,86.28824250000001
Nepal,2010,101.10473999999999
Nepal,2011,141.63166833333335
Nepal,2012,111.46079916666667
Nepal,2013,114.4060675
Nepal,2014,44.1323825
Nepal,2015,111.06864666666667
Nepal,2016,115.35625499999999
Netherlands,1901,58.68593333333333
Netherlands,1902,53.933550000000004
Netherlands,1903,70.67934166666667
Netherlands,1904,50.57259166666666
Netherlands,1905,61.973275
Netherlands,1906,62.68505833333333
Netherlands,1907,51.26871666666667
Netherlands,1908,52.819224999999996
Netherlands,1909,64.27399166666667
Netherlands,1910,66.27399166666667
Netherlands,1911,50.26388333333333
Netherlands,1912,70.83975833333334
Netherlands,1913,59.090599999999995
Netherlands,1914,66.62654166666667
Netherlands,1915,72.53123333333333
Netherlands,1916,68.32435833333334
Netherlands,1917,61.83154166666666
Netherlands,1918,65.75596666666667
Netherlands,1919,63.776691666666665
Netherlands,1920,53.94694166666667
Netherlands,1921,36.168816666666665
Netherlands,1922,61.68985833333334
Netherlands,1923,67.57078333333334
Netherlands,1924,61.687083333333334
Netherlands,1925,76.22316666666667
Netherlands,1926,64.38456666666666
Netherlands,1927,66.79690833333333
Netherlands,1928,63.988733333333336
Netherlands,1929,50.03444166666666
Netherlands,1930,73.32694166666667
Netherlands,1931,65.226175
Netherlands,1932,62.0968
Netherlands,1933,47.0428975
Netherlands,1934,53.466766666666665
Netherlands,1935,68.65758333333333
Netherlands,1936,61.635616666666664
Netherlands,1937,65.42334166666667
Netherlands,1938,60.100091666666664
Netherlands,1939,70.12558333333334
Netherlands,1940,67.54091666666666
Netherlands,1941,59.57539166666667
Netherlands,1942,63.12340833333334
Netherlands,1943,55.808924999999995
Netherlands,1944,69.755825
Netherlands,1945,62.165150000000004
Netherlands,1946,63.280775
Netherlands,1947,54.47778333333333
Netherlands,1948,60.99635
Netherlands,1949,51.75349166666667
Netherlands,1950,73.14291666666666
Netherlands,1951,67.947175
Netherlands,1952,69.932075
Netherlands,1953,47.982016666666674
Netherlands,1954,66.24288333333334
Netherlands,1955,55.6549
Netherlands,1956,66.074125
Netherlands,1957,69.662975
Netherlands,1958,69.45156666666666
Netherlands,1959,44.87360416666667
Netherlands,1960,75.5129
Netherlands,1961,76.14635833333334
Netherlands,1962,62.61570833333334
Netherlands,1963,57.80144166666667
Netherlands,1964,58.172158333333336
Netherlands,1965,81.47340000000001
Netherlands,1966,84.48174999999999
Netherlands,1967,66.03821666666667
Netherlands,1968,66.55540833333333
Netherlands,1969,59.82449166666667
Netherlands,1970,68.14791666666666
Netherlands,1971,47.621975
Netherlands,1972,55.82748333333333
Netherlands,1973,59.254250000000006
Netherlands,1974,75.43249166666666
Netherlands,1975,55.28111666666666
Netherlands,1976,45.19735
Netherlands,1977,63.244875
Netherlands,1978,56.04528333333334
Netherlands,1979,69.91895833333334
Netherlands,1980,69.524975
Netherlands,1981,76.59282499999999
Netherlands,1982,59.616733333333336
Netherlands,1983,65.96159166666666
Netherlands,1984,70.93795833333333
Netherlands,1985,62.69435333333333
Netherlands,1986,66.42302833333333
Netherlands,1987,70.86717499999999
Netherlands,1988,74.8078
Netherlands,1989,55.13735
Netherlands,1990,60.737075000000004
Netherlands,1991,54.61581666666667
Netherlands,1992,67.56869166666667
Netherlands,1993,72.02996666666667
Netherlands,1994,73.78115833333334
Netherlands,1995,63.021874999999994
Netherlands,1996,48.2094775
Netherlands,1997,56.05669333333333
Netherlands,1998,85.50538333333333
Netherlands,1999,74.68419166666666
Netherlands,2000,74.02484166666666
Netherlands,2001,77.77568333333333
Netherlands,2002,75.55214166666666
Netherlands,2003,52.63195833333334
Netherlands,2004,70.37195
Netherlands,2005,67.164025
Netherlands,2006,62.81835833333333
Netherlands,2007,75.57967833333333
Netherlands,2008,70.33093333333333
Netherlands,2009,62.688775
Netherlands,2010,65.95251666666667
Netherlands,2011,63.60752
Netherlands,2012,69.82844166666666
Netherlands,2013,59.96896666666667
Netherlands,2014,63.60849166666666
Netherlands,2015,67.663075
Netherlands,2016,61.40607500000001
New Caledonia,1901,91.14424166666667
New Caledonia,1902,85.13815833333334
New Caledonia,1903,71.91963333333334
New Caledonia,1904,155.05873333333332
New Caledonia,1905,60.563335
New Caledonia,1906,70.98634166666666
New Caledonia,1907,76.968975
New Caledonia,1908,133.08768583333332
New Caledonia,1909,128.71054999999998
New Caledonia,1910,233.56916666666666
New Caledonia,1911,95.22295083333334
New Caledonia,1912,134.27081666666666
New Caledonia,1913,118.378875
New Caledonia,1914,127.502775
New Caledonia,1915,130.48759166666665
New Caledonia,1916,132.90965833333334
New Caledonia,1917,158.11286666666666
New Caledonia,1918,112.87263333333334
New Caledonia,1919,94.70428333333335
New Caledonia,1920,123.53654166666666
New Caledonia,1921,94.70763333333333
New Caledonia,1922,164.65859666666665
New Caledonia,1923,119.82150833333334
New Caledonia,1924,95.72890833333332
New Caledonia,1925,89.504975
New Caledonia,1926,92.00847499999999
New Caledonia,1927,69.43936416666666
New Caledonia,1928,108.25947500000001
New Caledonia,1929,118.22362833333334
New Caledonia,1930,102.96072500000001
New Caledonia,1931,70.33008583333334
New Caledonia,1932,130.90026666666668
New Caledonia,1933,164.39358333333334
New Caledonia,1934,102.06503333333332
New Caledonia,1935,134.34615
New Caledonia,1936,82.59205
New Caledonia,1937,157.551925
New Caledonia,1938,162.50694166666668
New Caledonia,1939,92.22030000000001
New Caledonia,1940,98.98989999999999
New Caledonia,1941,75.7274
New Caledonia,1942,80.16798333333334
New Caledonia,1943,134.805575
New Caledonia,1944,101.76509166666666
New Caledonia,1945,131.13515
New Caledonia,1946,130.5286675
New Caledonia,1947,132.99024166666666
New Caledonia,1948,161.07031333333333
New Caledonia,1949,133.0884075
New Caledonia,1950,162.70445833333335
New Caledonia,1951,142.35950916666667
New Caledonia,1952,117.463375
New Caledonia,1953,70.771125
New Caledonia,1954,145.901375
New Caledonia,1955,137.7748
New Caledonia,1956,167.52745833333333
New Caledonia,1957,83.97218
New Caledonia,1958,124.20425
New Caledonia,1959,114.39416666666666
New Caledonia,1960,107.54423333333334
New Caledonia,1961,167.13881666666666
New Caledonia,1962,148.11363333333333
New Caledonia,1963,129.33429166666667
New Caledonia,1964,118.41378333333334
New Caledonia,1965,90.93614166666667
New Caledonia,1966,91.16160666666667
New Caledonia,1967,212.16186666666667
New Caledonia,1968,89.78763333333335
New Caledonia,1969,99.45936666666667
New Caledonia,1970,113.54261666666667
New Caledonia,1971,138.85228333333333
New Caledonia,1972,125.20225
New Caledonia,1973,84.83951666666667
New Caledonia,1974,139.63546666666667
New Caledonia,1975,164.39395833333333
New Caledonia,1976,157.00340833333334
New Caledonia,1977,87.49721
New Caledonia,1978,109.83574166666666
New Caledonia,1979,91.02544999999999
New Caledonia,1980,93.90568083333334
New Caledonia,1981,124.64751666666666
New Caledonia,1982,105.110475
New Caledonia,1983,87.92289166666667
New Caledonia,1984,120.48921666666666
New Caledonia,1985,132.3034
New Caledonia,1986,122.4455375
New Caledonia,1987,75.44958333333334
New Caledonia,1988,153.294355
New Caledonia,1989,170.18609999999998
New Caledonia,1990,146.96204166666666
New Caledonia,1991,100.53180000000002
New Caledonia,1992,120.74141666666667
New Caledonia,1993,58.580983333333336
New Caledonia,1994,68.52289083333334
New Caledonia,1995,110.841275
New Caledonia,1996,153.89795
New Caledonia,1997,98.02254166666667
New Caledonia,1998,119.200575
New Caledonia,1999,167.39018333333334
New Caledonia,2000,117.52256666666666
New Caledonia,2001,107.92426666666665
New Caledonia,2002,113.34703666666667
New Caledonia,2003,124.00491666666666
New Caledonia,2004,98.26556666666666
New Caledonia,2005,115.22574166666668
New Caledonia,2006,102.66120833333333
New Caledonia,2007,98.20806666666665
New Caledonia,2008,161.23179166666668
New Caledonia,2009,153.38213333333334
New Caledonia,2010,109.4402725
New Caledonia,2011,170.66166666666666
New Caledonia,2012,138.31759166666666
New Caledonia,2013,111.05059166666666
New Caledonia,2014,97.43725833333333
New Caledonia,2015,104.511975
New Caledonia,2016,115.24461333333333
New Zealand,1901,142.11441666666667
New Zealand,1902,125.9637
New Zealand,1903,136.780225
New Zealand,1904,169.060375
New Zealand,1905,142.393925
New Zealand,1906,141.4976
New Zealand,1907,138.99238333333332
New Zealand,1908,137.54911666666666
New Zealand,1909,155.8581
New Zealand,1910,159.24466666666666
New Zealand,1911,138.39988333333332
New Zealand,1912,148.73805833333333
New Zealand,1913,142.38418333333334
New Zealand,1914,117.46386666666666
New Zealand,1915,137.00175
New Zealand,1916,151.52648333333335
New Zealand,1917,169.02979166666668
New Zealand,1918,161.26658333333333
New Zealand,1919,117.77085833333332
New Zealand,1920,165.53416666666666
New Zealand,1921,145.27510833333335
New Zealand,1922,136.23442500000002
New Zealand,1923,139.74576666666667
New Zealand,1924,163.54675
New Zealand,1925,157.76741666666666
New Zealand,1926,150.9193
New Zealand,1927,142.82760833333333
New Zealand,1928,154.12900833333333
New Zealand,1929,146.561125
New Zealand,1930,125.84345
New Zealand,1931,132.02514166666666
New Zealand,1932,130.97370833333335
New Zealand,1933,136.7507916666667
New Zealand,1934,128.964475
New Zealand,1935,147.93908333333334
New Zealand,1936,158.81020833333335
New Zealand,1937,131.83144166666668
New Zealand,1938,170.86682499999998
New Zealand,1939,131.86053333333334
New Zealand,1940,137.28291666666667
New Zealand,1941,160.18200833333333
New Zealand,1942,143.42126666666667
New Zealand,1943,143.947125
New Zealand,1944,167.73030833333334
New Zealand,1945,154.99125
New Zealand,1946,179.50734166666666
New Zealand,1947,145.84320833333334
New Zealand,1948,142.05819166666666
New Zealand,1949,138.91736666666665
New Zealand,1950,139.61151666666666
New Zealand,1951,152.54395
New Zealand,1952,144.39035833333335
New Zealand,1953,143.52925000000002
New Zealand,1954,138.4208
New Zealand,1955,148.52601666666666
New Zealand,1956,158.49775
New Zealand,1957,150.59913333333333
New Zealand,1958,141.34511666666666
New Zealand,1959,128.008375
New Zealand,1960,142.44379166666667
New Zealand,1961,140.88075833333332
New Zealand,1962,160.88005833333332
New Zealand,1963,129.79164166666666
New Zealand,1964,137.81326666666666
New Zealand,1965,153.08975
New Zealand,1966,139.92708333333334
New Zealand,1967,142.56589166666666
New Zealand,1968,151.464
New Zealand,1969,128.17760833333332
New Zealand,1970,148.98185833333332
New Zealand,1971,150.87479166666665
New Zealand,1972,147.31724166666666
New Zealand,1973,126.743925
New Zealand,1974,144.4769
New Zealand,1975,153.68041666666667
New Zealand,1976,150.28565833333332
New Zealand,1977,149.766375
New Zealand,1978,145.72548333333333
New Zealand,1979,161.41658333333334
New Zealand,1980,148.15833333333333
New Zealand,1981,144.98911666666666
New Zealand,1982,130.6103916666667
New Zealand,1983,147.29905833333333
New Zealand,1984,146.10844166666666
New Zealand,1985,133.19088333333335
New Zealand,1986,143.93583333333333
New Zealand,1987,144.61378333333332
New Zealand,1988,143.54308333333333
New Zealand,1989,147.499575
New Zealand,1990,141.22653333333332
New Zealand,1991,145.62943333333334
New Zealand,1992,144.98271666666668
New Zealand,1993,129.08866666666668
New Zealand,1994,151.22209999999998
New Zealand,1995,171.98141666666666
New Zealand,1996,150.19766666666666
New Zealand,1997,133.32963333333333
New Zealand,1998,157.99183333333335
New Zealand,1999,142.909275
New Zealand,2000,142.3879
New Zealand,2001,138.85176666666666
New Zealand,2002,150.46438333333333
New Zealand,2003,130.30905833333333
New Zealand,2004,154.78275
New Zealand,2005,124.30982499999999
New Zealand,2006,140.98456666666667
New Zealand,2007,122.199325
New Zealand,2008,150.871925
New Zealand,2009,137.32078333333334
New Zealand,2010,144.87880833333332
New Zealand,2011,157.38508333333334
New Zealand,2012,137.96053333333333
New Zealand,2013,138.79533333333333
New Zealand,2014,129.27298333333334
New Zealand,2015,151.03021666666666
New Zealand,2016,137.92458333333335
Nicaragua,1901,225.77478333333332
Nicaragua,1902,163.457675
Nicaragua,1903,220.81842500000002
Nicaragua,1904,214.60198333333335
Nicaragua,1905,214.18955833333334
Nicaragua,1906,185.006475
Nicaragua,1907,146.601925
Nicaragua,1908,195.40701666666666
Nicaragua,1909,229.2480875
Nicaragua,1910,184.18185833333334
Nicaragua,1911,168.1936125
Nicaragua,1912,165.8171125
Nicaragua,1913,197.6712
Nicaragua,1914,136.60404166666666
Nicaragua,1915,220.24275
Nicaragua,1916,241.04952500000002
Nicaragua,1917,223.107175
Nicaragua,1918,152.71866666666668
Nicaragua,1919,176.37459583333336
Nicaragua,1920,166.585
Nicaragua,1921,161.634125
Nicaragua,1922,164.09794583333334
Nicaragua,1923,143.43438749999999
Nicaragua,1924,223.79800833333334
Nicaragua,1925,166.62663333333333
Nicaragua,1926,183.350675
Nicaragua,1927,185.7474083333333
Nicaragua,1928,181.05331666666666
Nicaragua,1929,146.67634166666667
Nicaragua,1930,125.7106
Nicaragua,1931,179.5610333333333
Nicaragua,1932,192.071675
Nicaragua,1933,219.63
Nicaragua,1934,187.1726666666667
Nicaragua,1935,209.50819166666668
Nicaragua,1936,196.0151
Nicaragua,1937,252.166475
Nicaragua,1938,221.94888333333333
Nicaragua,1939,165.86080833333332
Nicaragua,1940,165.63646666666668
Nicaragua,1941,200.74456666666666
Nicaragua,1942,224.66141666666667
Nicaragua,1943,233.37334166666665
Nicaragua,1944,240.36559166666666
Nicaragua,1945,184.79082916666667
Nicaragua,1946,155.00689416666668
Nicaragua,1947,199.31939166666666
Nicaragua,1948,219.89123333333336
Nicaragua,1949,211.29805916666666
Nicaragua,1950,226.73399166666664
Nicaragua,1951,177.22064166666667
Nicaragua,1952,204.20723333333333
Nicaragua,1953,196.1333
Nicaragua,1954,241.4186
Nicaragua,1955,229.81439166666667
Nicaragua,1956,205.01295000000002
Nicaragua,1957,177.49803333333332
Nicaragua,1958,187.8212
Nicaragua,1959,159.85216666666668
Nicaragua,1960,225.53088333333335
Nicaragua,1961,187.23231666666666
Nicaragua,1962,212.39600833333336
Nicaragua,1963,208.35298333333333
Nicaragua,1964,201.34768333333332
Nicaragua,1965,171.5695875
Nicaragua,1966,246.5007916666667
Nicaragua,1967,188.90889166666668
Nicaragua,1968,224.80000833333335
Nicaragua,1969,227.094425
Nicaragua,1970,229.416725
Nicaragua,1971,184.87528333333333
Nicaragua,1972,171.81271666666666
Nicaragua,1973,200.9120333333333
Nicaragua,1974,186.76255
Nicaragua,1975,188.83105833333332
Nicaragua,1976,166.4726
Nicaragua,1977,167.13631666666666
Nicaragua,1978,211.77633333333333
Nicaragua,1979,234.76907500000002
Nicaragua,1980,228.07500833333333
Nicaragua,1981,253.77295
Nicaragua,1982,207.8498
Nicaragua,1983,185.73736666666665
Nicaragua,1984,202.63298333333333
Nicaragua,1985,160.5292
Nicaragua,1986,177.16885000000002
Nicaragua,1987,172.26705833333335
Nicaragua,1988,215.50164166666664
Nicaragua,1989,181.02754166666668
Nicaragua,1990,180.38203333333334
Nicaragua,1991,175.73863333333335
Nicaragua,1992,167.0037
Nicaragua,1993,215.0567
Nicaragua,1994,151.68595
Nicaragua,1995,222.13185833333333
Nicaragua,1996,231.97524166666665
Nicaragua,1997,161.29915833333334
Nicaragua,1998,211.1458
Nicaragua,1999,210.190875
Nicaragua,2000,165.068625
Nicaragua,2001,172.32958333333332
Nicaragua,2002,172.186075
Nicaragua,2003,207.18039166666665
Nicaragua,2004,223.59248333333335
Nicaragua,2005,207.38861666666665
Nicaragua,2006,207.60655
Nicaragua,2007,184.91779166666666
Nicaragua,2008,235.74552500000001
Nicaragua,2009,179.01345333333333
Nicaragua,2010,238.19040833333335
Nicaragua,2011,188.96557500000003
Nicaragua,2012,169.28937499999998
Nicaragua,2013,176.41003333333333
Nicaragua,2014,165.56455
Nicaragua,2015,149.84139166666668
Nicaragua,2016,138.7419
Niger,1901,13.904858333333332
Niger,1902,13.694496666666666
Niger,1903,13.561868333333335
Niger,1904,13.7402825
Niger,1905,14.040048333333333
Niger,1906,15.383492500000001
Niger,1907,15.4920525
Niger,1908,13.255897500000001
Niger,1909,17.210326666666667
Niger,1910,12.4309625
Niger,1911,14.133433333333334
Niger,1912,10.262605833333334
Niger,1913,8.914345
Niger,1914,12.3233775
Niger,1915,12.33222
Niger,1916,15.507728333333334
Niger,1917,10.962995
Niger,1918,17.3154775
Niger,1919,14.376485833333332
Niger,1920,15.60629166666667
Niger,1921,14.255204999999998
Niger,1922,17.052286666666667
Niger,1923,15.609206666666667
Niger,1924,16.731294166666668
Niger,1925,15.449496666666667
Niger,1926,10.982325000000001
Niger,1927,19.517285
Niger,1928,15.704950833333333
Niger,1929,15.810249999999998
Niger,1930,17.740872500000002
Niger,1931,16.113692500000003
Niger,1932,19.030395
Niger,1933,16.419025833333333
Niger,1934,13.893483333333334
Niger,1935,17.384895
Niger,1936,20.357155833333334
Niger,1937,17.24839
Niger,1938,16.14305
Niger,1939,18.373259166666667
Niger,1940,13.542680833333334
Niger,1941,13.306780833333333
Niger,1942,11.608144166666667
Niger,1943,18.830281666666668
Niger,1944,12.848175833333334
Niger,1945,18.454092499999998
Niger,1946,19.903914166666667
Niger,1947,16.197503333333334
Niger,1948,14.046884166666667
Niger,1949,10.948648333333333
Niger,1950,21.372432500000002
Niger,1951,14.3510725
Niger,1952,24.048460000000002
Niger,1953,20.938550833333334
Niger,1954,21.161065833333332
Niger,1955,15.688220833333334
Niger,1956,18.04324
Niger,1957,16.78484
Niger,1958,19.066155833333333
Niger,1959,19.861094166666668
Niger,1960,15.792669166666668
Niger,1961,19.611785
Niger,1962,17.21144083333333
Niger,1963,14.875279999999998
Niger,1964,20.288248333333332
Niger,1965,16.3480625
Niger,1966,15.639354166666665
Niger,1967,16.902629166666667
Niger,1968,13.880476666666667
Niger,1969,13.944400833333333
Niger,1970,12.535641666666665
Niger,1971,11.962380833333334
Niger,1972,10.433460833333333
Niger,1973,8.657934166666667
Niger,1974,15.195885000000002
Niger,1975,13.450159166666666
Niger,1976,13.178910833333333
Niger,1977,13.852486666666666
Niger,1978,17.766451666666665
Niger,1979,14.047379999999999
Niger,1980,14.799059166666666
Niger,1981,12.069003333333335
Niger,1982,11.6766875
Niger,1983,10.192345000000001
Niger,1984,6.75923
Niger,1985,11.302072500000001
Niger,1986,12.635246666666667
Niger,1987,8.923911666666667
Niger,1988,16.230474166666667
Niger,1989,13.448821666666667
Niger,1990,10.516755
Niger,1991,14.549981666666667
Niger,1992,13.361424999999999
Niger,1993,11.480096666666666
Niger,1994,18.598764166666665
Niger,1995,12.032301666666667
Niger,1996,11.357346666666666
Niger,1997,12.685073333333333
Niger,1998,16.19462833333333
Niger,1999,18.782845000000002
Niger,2000,12.728335000000001
Niger,2001,13.300875
Niger,2002,12.1005925
Niger,2003,17.413510833333333
Niger,2004,14.050298333333332
Niger,2005,16.846461666666666
Niger,2006,14.470464166666666
Niger,2007,17.379679166666666
Niger,2008,15.2981725
Niger,2009,13.322508333333333
Niger,2010,15.622500833333334
Niger,2011,12.655711666666667
Niger,2012,17.76183083333333
Niger,2013,15.5815275
Niger,2014,13.480485
Niger,2015,15.271393333333334
Niger,2016,16.758439166666665
Nigeria,1901,115.05231833333333
Nigeria,1902,94.0397225
Nigeria,1903,102.30395750000001
Nigeria,1904,91.5287275
Nigeria,1905,105.953795
Nigeria,1906,103.16578666666668
Nigeria,1907,82.26191250000001
Nigeria,1908,99.5079175
Nigeria,1909,113.94283
Nigeria,1910,91.32587333333333
Nigeria,1911,105.25999
Nigeria,1912,83.91301583333333
Nigeria,1913,84.29681916666667
Nigeria,1914,78.12142
Nigeria,1915,94.29668249999999
Nigeria,1916,107.19559249999999
Nigeria,1917,103.8090075
Nigeria,1918,101.98685833333333
Nigeria,1919,89.13793666666668
Nigeria,1920,101.13237916666667
Nigeria,1921,101.27776583333333
Nigeria,1922,95.00361666666667
Nigeria,1923,98.33445916666666
Nigeria,1924,105.09499
Nigeria,1925,101.09148666666668
Nigeria,1926,94.035015
Nigeria,1927,103.7611875
Nigeria,1928,102.64225833333334
Nigeria,1929,103.75548583333334
Nigeria,1930,106.20918833333333
Nigeria,1931,103.63499583333333
Nigeria,1932,92.44638250000001
Nigeria,1933,107.33833333333332
Nigeria,1934,102.12406166666666
Nigeria,1935,100.26341416666666
Nigeria,1936,100.93960083333333
Nigeria,1937,93.65460583333333
Nigeria,1938,95.77925666666668
Nigeria,1939,109.26984083333333
Nigeria,1940,99.92370916666665
Nigeria,1941,99.01111000000002
Nigeria,1942,89.79440833333332
Nigeria,1943,98.67757333333333
Nigeria,1944,90.0503
Nigeria,1945,92.43775833333332
Nigeria,1946,96.00332416666667
Nigeria,1947,101.16703833333332
Nigeria,1948,96.58080666666666
Nigeria,1949,94.646255
Nigeria,1950,91.53568583333333
Nigeria,1951,102.11814333333332
Nigeria,1952,103.84467916666667
Nigeria,1953,101.81677083333334
Nigeria,1954,115.05355333333334
Nigeria,1955,110.47948583333333
Nigeria,1956,91.41133500000001
Nigeria,1957,116.152305
Nigeria,1958,90.28158666666667
Nigeria,1959,100.41296666666666
Nigeria,1960,105.66761333333334
Nigeria,1961,91.6061325
Nigeria,1962,109.81770083333333
Nigeria,1963,110.33958333333334
Nigeria,1964,100.21106250000001
Nigeria,1965,96.51730583333334
Nigeria,1966,101.51882583333332
Nigeria,1967,94.979495
Nigeria,1968,106.18858083333333
Nigeria,1969,104.770085
Nigeria,1970,92.30165416666667
Nigeria,1971,91.81532750000001
Nigeria,1972,88.2928275
Nigeria,1973,80.70840333333334
Nigeria,1974,95.99668750000001
Nigeria,1975,97.54986166666667
Nigeria,1976,96.06697083333334
Nigeria,1977,84.04969916666667
Nigeria,1978,106.28037499999999
Nigeria,1979,98.43799666666666
Nigeria,1980,101.15171833333333
Nigeria,1981,92.37375083333335
Nigeria,1982,85.57168666666666
Nigeria,1983,72.06772083333333
Nigeria,1984,86.71315916666667
Nigeria,1985,90.40035416666666
Nigeria,1986,86.92725
Nigeria,1987,83.48826666666666
Nigeria,1988,96.75615583333332
Nigeria,1989,92.51217000000001
Nigeria,1990,89.42662416666667
Nigeria,1991,101.75546916666667
Nigeria,1992,90.62703166666667
Nigeria,1993,89.34473583333333
Nigeria,1994,99.93076666666667
Nigeria,1995,97.18588166666666
Nigeria,1996,102.386325
Nigeria,1997,99.85213499999999
Nigeria,1998,95.21171416666665
Nigeria,1999,102.96926166666667
Nigeria,2000,93.27034833333333
Nigeria,2001,91.52867166666665
Nigeria,2002,90.48163583333333
Nigeria,2003,112.24704833333334
Nigeria,2004,93.56953666666668
Nigeria,2005,94.609085
Nigeria,2006,97.90262
Nigeria,2007,97.0904325
Nigeria,2008,101.58979666666666
Nigeria,2009,94.40054083333332
Nigeria,2010,101.72265
Nigeria,2011,80.45388916666667
Nigeria,2012,100.75682083333334
Nigeria,2013,79.92370833333334
Nigeria,2014,92.173105
Nigeria,2015,81.17707583333333
Nigeria,2016,103.03523416666667
Northern Mariana Islands,1901,581.9404166666667
Northern Mariana Islands,1902,581.9404166666667
Northern Mariana Islands,1903,581.9404166666667
Northern Mariana Islands,1904,581.9404166666667
Northern Mariana Islands,1905,618.8864166666666
Northern Mariana Islands,1906,385.9227633333333
Northern Mariana Islands,1907,509.35409166666665
Northern Mariana Islands,1908,489.53497500000003
Northern Mariana Islands,1909,600.7838333333333
Northern Mariana Islands,1910,498.6525833333333
Northern Mariana Islands,1911,687.52745
Northern Mariana Islands,1912,535.5872250000001
Northern Mariana Islands,1913,539.1405916666666
Northern Mariana Islands,1914,554.2317083333334
Northern Mariana Islands,1915,552.20765
Northern Mariana Islands,1916,755.9223333333333
Northern Mariana Islands,1917,635.558
Northern Mariana Islands,1918,517.13275
Northern Mariana Islands,1919,549.3442075
Northern Mariana Islands,1920,614.849
Northern Mariana Islands,1921,542.8367916666667
Northern Mariana Islands,1922,555.0864583333333
Northern Mariana Islands,1923,587.3550833333334
Northern Mariana Islands,1924,583.0292833333334
Northern Mariana Islands,1925,574.7598083333334
Northern Mariana Islands,1926,390.7842333333333
Northern Mariana Islands,1927,571.3979166666667
Northern Mariana Islands,1928,696.1767333333333
Northern Mariana Islands,1929,581.651025
Northern Mariana Islands,1930,520.1774583333333
Northern Mariana Islands,1931,564.2526833333333
Northern Mariana Islands,1932,410.0136583333333
Northern Mariana Islands,1933,618.70295
Northern Mariana Islands,1934,646.2613083333334
Northern Mariana Islands,1935,697.0124999999999
Northern Mariana Islands,1936,385.7703333333333
Northern Mariana Islands,1937,433.5468416666667
Northern Mariana Islands,1938,664.6988916666667
Northern Mariana Islands,1939,538.274625
Northern Mariana Islands,1940,455.75558333333333
Northern Mariana Islands,1941,581.9404166666667
Northern Mariana Islands,1942,581.9404166666667
Northern Mariana Islands,1943,581.9404166666667
Northern Mariana Islands,1944,581.9404166666667
Northern Mariana Islands,1945,550.4813333333333
Northern Mariana Islands,1946,562.9398
Northern Mariana Islands,1947,557.3900833333333
Northern Mariana Islands,1948,549.0038666666666
Northern Mariana Islands,1949,399.4879166666667
Northern Mariana Islands,1950,584.9202416666666
Northern Mariana Islands,1951,504.44735833333334
Northern Mariana Islands,1952,482.627925
Northern Mariana Islands,1953,642.9785416666667
Northern Mariana Islands,1954,484.48425
Northern Mariana Islands,1955,470.55674999999997
Northern Mariana Islands,1956,452.50724999999994
Northern Mariana Islands,1957,471.51641666666666
Northern Mariana Islands,1958,483.433475
Northern Mariana Islands,1959,429.97352500000005
Northern Mariana Islands,1960,479.71566666666666
Northern Mariana Islands,1961,570.4960833333333
Northern Mariana Islands,1962,718.7598416666666
Northern Mariana Islands,1963,782.3733333333333
Northern Mariana Islands,1964,600.0120000000001
Northern Mariana Islands,1965,441.2004166666666
Northern Mariana Islands,1966,437.4967833333333
Northern Mariana Islands,1967,717.4464166666667
Northern Mariana Islands,1968,556.4166666666666
Northern Mariana Islands,1969,492.5541083333333
Northern Mariana Islands,1970,459.2108666666666
Northern Mariana Islands,1971,689.8564166666666
Northern Mariana Islands,1972,558.8846666666667
Northern Mariana Islands,1973,408.9412
Northern Mariana Islands,1974,700.7601666666666
Northern Mariana Islands,1975,529.8767
Northern Mariana Islands,1976,754.5070000000001
Northern Mariana Islands,1977,472.81391666666667
Northern Mariana Islands,1978,551.4605166666666
Northern Mariana Islands,1979,543.8948333333334
Northern Mariana Islands,1980,682.3048833333334
Northern Mariana Islands,1981,641.9005833333333
Northern Mariana Islands,1982,614.608175
Northern Mariana Islands,1983,377.26534999999996
Northern Mariana Islands,1984,568.572
Northern Mariana Islands,1985,685.5401666666667
Northern Mariana Islands,1986,717.8067333333333
Northern Mariana Islands,1987,446.30556666666666
Northern Mariana Islands,1988,480.03455
Northern Mariana Islands,1989,617.099775
Northern Mariana Islands,1990,665.07925
Northern Mariana Islands,1991,586.2886666666667
Northern Mariana Islands,1992,591.5653249999999
Northern Mariana Islands,1993,414.732725
Northern Mariana Islands,1994,501.53875
Northern Mariana Islands,1995,514.0374333333333
Northern Mariana Islands,1996,624.5305
Northern Mariana Islands,1997,676.4142083333334
Northern Mariana Islands,1998,334.4325083333333
Northern Mariana Islands,1999,474.1205
Northern Mariana Islands,2000,484.24139999999994
Northern Mariana Islands,2001,602.8647500000001
Northern Mariana Islands,2002,542.5504999999999
Northern Mariana Islands,2003,675.5468333333333
Northern Mariana Islands,2004,524.8004166666666
Northern Mariana Islands,2005,564.853725
Northern Mariana Islands,2006,581.9404166666667
Northern Mariana Islands,2007,547.1514416666666
Northern Mariana Islands,2008,445.07050000000004
Northern Mariana Islands,2009,583.598
Northern Mariana Islands,2010,491.7793166666667
Northern Mariana Islands,2011,729.6861666666667
Northern Mariana Islands,2012,635.1513333333334
Northern Mariana Islands,2013,582.1384083333334
Northern Mariana Islands,2014,669.773
Northern Mariana Islands,2015,736.4781750000001
Northern Mariana Islands,2016,611.0074166666667
Norway,1901,70.72748333333332
Norway,1902,72.82192500000001
Norway,1903,82.34433333333332
Norway,1904,65.2665
Norway,1905,81.46511666666667
Norway,1906,80.42214166666666
Norway,1907,79.06147499999999
Norway,1908,74.730625
Norway,1909,83.37498333333333
Norway,1910,72.57545833333333
Norway,1911,76.01675833333333
Norway,1912,73.22514166666666
Norway,1913,76.13459166666667
Norway,1914,78.267675
Norway,1915,66.71428333333334
Norway,1916,78.077575
Norway,1917,80.27994166666667
Norway,1918,75.38697499999999
Norway,1919,67.45415
Norway,1920,84.99779166666667
Norway,1921,97.42174166666666
Norway,1922,76.05179166666666
Norway,1923,77.61011666666666
Norway,1924,82.60819166666667
Norway,1925,85.88701666666667
Norway,1926,81.55319166666666
Norway,1927,79.266775
Norway,1928,76.63459999999999
Norway,1929,83.49948333333333
Norway,1930,77.48038333333334
Norway,1931,77.466725
Norway,1932,89.19375000000001
Norway,1933,69.31459166666666
Norway,1934,89.69977499999999
Norway,1935,83.65803333333334
Norway,1936,79.60475833333334
Norway,1937,68.278725
Norway,1938,96.39619166666667
Norway,1939,78.47553333333333
Norway,1940,74.26086666666667
Norway,1941,69.0576
Norway,1942,82.1356
Norway,1943,87.75958333333334
Norway,1944,82.13080000000001
Norway,1945,77.80463333333334
Norway,1946,80.2077
Norway,1947,68.94466666666666
Norway,1948,90.84100833333333
Norway,1949,92.029
Norway,1950,78.82884166666666
Norway,1951,76.97696666666667
Norway,1952,73.97810833333334
Norway,1953,93.03673333333334
Norway,1954,80.31510833333333
Norway,1955,77.17334166666667
Norway,1956,74.93419166666666
Norway,1957,89.33195833333333
Norway,1958,76.51839166666666
Norway,1959,78.13010833333333
Norway,1960,69.023325
Norway,1961,92.42953333333332
Norway,1962,84.72451666666667
Norway,1963,79.13943333333334
Norway,1964,97.28091666666667
Norway,1965,77.26077500000001
Norway,1966,80.14675833333332
Norway,1967,97.79454166666666
Norway,1968,75.83148333333334
Norway,1969,71.36829999999999
Norway,1970,73.70855
Norway,1971,96.19945833333334
Norway,1972,78.53788333333334
Norway,1973,97.64624166666665
Norway,1974,76.7417
Norway,1975,101.58940833333334
Norway,1976,70.628125
Norway,1977,76.91864166666666
Norway,1978,81.07173333333333
Norway,1979,82.27489166666668
Norway,1980,73.71078333333332
Norway,1981,83.13123333333333
Norway,1982,88.84509166666668
Norway,1983,105.022275
Norway,1984,77.01241666666667
Norway,1985,89.616
Norway,1986,81.3519
Norway,1987,81.382275
Norway,1988,93.10669166666666
Norway,1989,102.50950833333333
Norway,1990,97.89399166666668
Norway,1991,86.03931666666666
Norway,1992,100.01069166666667
Norway,1993,83.01309166666667
Norway,1994,82.61947500000001
Norway,1995,93.1718
Norway,1996,74.6761
Norway,1997,86.37594999999999
Norway,1998,94.25194166666667
Norway,1999,99.69753333333334
Norway,2000,101.51975833333334
Norway,2001,91.86242499999999
Norway,2002,80.944075
Norway,2003,87.30151666666666
Norway,2004,90.40818333333334
Norway,2005,95.76473333333333
Norway,2006,93.89044166666667
Norway,2007,97.87341666666667
Norway,2008,92.13525833333334
Norway,2009,86.60888333333332
Norway,2010,78.205875
Norway,2011,98.85348333333333
Norway,2012,93.82839166666668
Norway,2013,87.70777500000001
Norway,2014,83.6794
Norway,2015,102.19133333333333
Norway,2016,86.11242499999999
Oman,1901,7.450395
Oman,1902,5.878125
Oman,1903,8.86026
Oman,1904,6.275576666666667
Oman,1905,11.3871275
Oman,1906,11.582443333333332
Oman,1907,9.646071666666666
Oman,1908,5.815034166666667
Oman,1909,9.040299166666667
Oman,1910,7.185488333333333
Oman,1911,8.238364166666667
Oman,1912,13.613970833333333
Oman,1913,10.507549166666665
Oman,1914,10.5843375
Oman,1915,7.120783333333333
Oman,1916,14.559764166666668
Oman,1917,7.67931
Oman,1918,7.1438475
Oman,1919,7.639753333333334
Oman,1920,5.7038
Oman,1921,6.98145
Oman,1922,5.041824166666666
Oman,1923,9.839920000000001
Oman,1924,5.5837475
Oman,1925,5.432264166666666
Oman,1926,7.215001666666667
Oman,1927,8.964532499999999
Oman,1928,8.766045833333333
Oman,1929,7.674611666666666
Oman,1930,5.568358333333333
Oman,1931,9.869435833333334
Oman,1932,9.869435000000001
Oman,1933,9.869424166666667
Oman,1934,9.86942
Oman,1935,9.869428333333333
Oman,1936,8.082213333333334
Oman,1937,7.97073
Oman,1938,5.4301925
Oman,1939,8.363552499999999
Oman,1940,7.594166666666666
Oman,1941,6.917479166666666
Oman,1942,5.650899166666666
Oman,1943,6.219695000000001
Oman,1944,2.9699983333333333
Oman,1945,8.132578333333333
Oman,1946,7.047946666666667
Oman,1947,5.147239166666666
Oman,1948,5.062023333333333
Oman,1949,2.50065
Oman,1950,2.874159166666667
Oman,1951,8.499487499999999
Oman,1952,3.8789925000000003
Oman,1953,7.461456666666667
Oman,1954,5.347506666666667
Oman,1955,15.466304166666667
Oman,1956,4.005649166666667
Oman,1957,10.801974999999999
Oman,1958,5.67618
Oman,1959,4.4442675
Oman,1960,14.323474166666665
Oman,1961,6.746322500000001
Oman,1962,5.1960991666666665
Oman,1963,17.03940083333333
Oman,1964,4.086286666666667
Oman,1965,4.803790833333333
Oman,1966,4.184490833333333
Oman,1967,6.895469166666667
Oman,1968,4.573027499999999
Oman,1969,4.1438975000000005
Oman,1970,19.224266666666665
Oman,1971,4.9459341666666665
Oman,1972,15.6035575
Oman,1973,5.126698333333334
Oman,1974,1.5302691666666668
Oman,1975,5.187765833333333
Oman,1976,11.910172500000002
Oman,1977,8.059005
Oman,1978,9.417463333333332
Oman,1979,8.7562125
Oman,1980,3.6121725000000002
Oman,1981,8.322878333333334
Oman,1982,13.338550833333334
Oman,1983,15.884589166666666
Oman,1984,3.7171733333333337
Oman,1985,1.8584666666666667
Oman,1986,5.184969166666667
Oman,1987,12.810241666666668
Oman,1988,9.468343333333333
Oman,1989,10.190520833333332
Oman,1990,8.645658333333332
Oman,1991,4.6374216666666666
Oman,1992,12.113258333333334
Oman,1993,3.545480833333333
Oman,1994,3.8285191666666663
Oman,1995,12.467065833333335
Oman,1996,11.828088333333332
Oman,1997,14.01782
Oman,1998,5.458241666666667
Oman,1999,4.0887625000000005
Oman,2000,2.4115458333333333
Oman,2001,2.789275
Oman,2002,6.203959166666667
Oman,2003,5.517390833333334
Oman,2004,7.28798
Oman,2005,4.2209125
Oman,2006,6.592089166666667
Oman,2007,19.603103333333333
Oman,2008,4.600495833333333
Oman,2009,4.888365
Oman,2010,4.45632
Oman,2011,5.594401666666666
Oman,2012,4.0769383333333336
Oman,2013,10.0611825
Oman,2014,9.8890525
Oman,2015,5.8239616666666665
Oman,2016,3.5665666666666667
Pakistan,1901,20.694420833333336
Pakistan,1902,14.635435833333334
Pakistan,1903,23.015416666666667
Pakistan,1904,21.827630833333334
Pakistan,1905,21.601424166666664
Pakistan,1906,23.352663333333336
Pakistan,1907,21.532768333333333
Pakistan,1908,33.23017
Pakistan,1909,31.117383333333333
Pakistan,1910,26.077556666666666
Pakistan,1911,19.218843333333332
Pakistan,1912,21.9251
Pakistan,1913,23.971080833333332
Pakistan,1914,32.838880833333334
Pakistan,1915,18.534401666666668
Pakistan,1916,31.574298333333335
Pakistan,1917,28.948911666666664
Pakistan,1918,16.945073333333333
Pakistan,1919,26.535989999999998
Pakistan,1920,17.075131666666667
Pakistan,1921,24.213125
Pakistan,1922,20.137225833333336
Pakistan,1923,24.437755
Pakistan,1924,28.606627500000002
Pakistan,1925,18.621583333333334
Pakistan,1926,27.761755000000004
Pakistan,1927,23.139264166666667
Pakistan,1928,19.573638333333335
Pakistan,1929,30.710373333333333
Pakistan,1930,23.655514999999998
Pakistan,1931,25.461848333333336
Pakistan,1932,26.35002
Pakistan,1933,31.219238333333333
Pakistan,1934,22.737670833333336
Pakistan,1935,27.461272500000003
Pakistan,1936,23.338111666666666
Pakistan,1937,26.271401666666666
Pakistan,1938,22.540576666666666
Pakistan,1939,22.486294166666667
Pakistan,1940,21.31396666666667
Pakistan,1941,17.808399166666668
Pakistan,1942,34.55861
Pakistan,1943,21.645635
Pakistan,1944,41.19752916666667
Pakistan,1945,28.177173333333332
Pakistan,1946,17.654280833333335
Pakistan,1947,18.811650833333335
Pakistan,1948,26.825254166666667
Pakistan,1949,20.687925
Pakistan,1950,25.755278333333333
Pakistan,1951,20.521343333333334
Pakistan,1952,17.961139166666666
Pakistan,1953,25.342465833333335
Pakistan,1954,24.125538333333335
Pakistan,1955,24.732899166666666
Pakistan,1956,35.999496666666666
Pakistan,1957,29.773214166666666
Pakistan,1958,22.217275833333332
Pakistan,1959,33.68416916666667
Pakistan,1960,22.968764166666663
Pakistan,1961,30.017449166666665
Pakistan,1962,22.300155
Pakistan,1963,18.846561666666666
Pakistan,1964,25.169663333333332
Pakistan,1965,24.451257499999997
Pakistan,1966,22.548259166666668
Pakistan,1967,31.156435833333333
Pakistan,1968,18.00598666666667
Pakistan,1969,18.716056666666667
Pakistan,1970,25.773366666666664
Pakistan,1971,17.028849166666667
Pakistan,1972,22.923496666666665
Pakistan,1973,26.464568333333332
Pakistan,1974,17.7767225
Pakistan,1975,30.501122499999997
Pakistan,1976,33.653085833333336
Pakistan,1977,24.605184166666664
Pakistan,1978,31.130028333333332
Pakistan,1979,27.368945
Pakistan,1980,24.89661666666667
Pakistan,1981,27.628438333333335
Pakistan,1982,30.51863833333333
Pakistan,1983,31.638480833333332
Pakistan,1984,23.49638333333333
Pakistan,1985,20.7937675
Pakistan,1986,29.1173075
Pakistan,1987,19.935799166666666
Pakistan,1988,26.936088333333334
Pakistan,1989,26.215841666666666
Pakistan,1990,32.24276166666667
Pakistan,1991,24.050540833333333
Pakistan,1992,31.548378333333336
Pakistan,1993,20.733389166666665
Pakistan,1994,35.272982500000005
Pakistan,1995,29.38667
Pakistan,1996,28.55422916666667
Pakistan,1997,30.677395833333335
Pakistan,1998,25.0761675
Pakistan,1999,21.1350625
Pakistan,2000,15.983080000000001
Pakistan,2001,19.488181666666666
Pakistan,2002,17.455713333333332
Pakistan,2003,32.173924166666666
Pakistan,2004,21.4776975
Pakistan,2005,26.974239999999998
Pakistan,2006,30.47072916666667
Pakistan,2007,26.539995833333332
Pakistan,2008,28.102989166666664
Pakistan,2009,23.55043333333333
Pakistan,2010,32.0799
Pakistan,2011,26.79003
Pakistan,2012,22.835234166666666
Pakistan,2013,29.1535375
Pakistan,2014,22.957235
Pakistan,2015,33.140839166666666
Pakistan,2016,23.913655000000002
Palau,1901,312.98766666666666
Palau,1902,287.5486666666667
Palau,1903,279.90314166666667
Palau,1904,294.681
Palau,1905,254.54891666666666
Palau,1906,263.6720833333333
Palau,1907,294.4338166666667
Palau,1908,278.4719166666667
Palau,1909,268.87441666666666
Palau,1910,244.11925
Palau,1911,250.4245
Palau,1912,233.50224166666666
Palau,1913,217.10688333333334
Palau,1914,190.22058333333334
Palau,1915,248.38600833333336
Palau,1916,341.0230833333333
Palau,1917,261.6451666666667
Palau,1918,268.1139166666667
Palau,1919,239.29975000000002
Palau,1920,301.72025
Palau,1921,255.95601666666667
Palau,1922,255.99433333333334
Palau,1923,311.96750000000003
Palau,1924,284.10675
Palau,1925,254.6974
Palau,1926,280.1702916666666
Palau,1927,312.99858333333333
Palau,1928,289.34633333333335
Palau,1929,351.96566666666666
Palau,1930,250.21625000000003
Palau,1931,254.76386666666667
Palau,1932,351.63975
Palau,1933,253.388025
Palau,1934,300.8536666666667
Palau,1935,254.51823333333334
Palau,1936,285.4245833333333
Palau,1937,243.91236666666666
Palau,1938,244.802025
Palau,1939,293.7935
Palau,1940,261.03275
Palau,1941,214.42450833333336
Palau,1942,227.09586666666667
Palau,1943,288.2989166666667
Palau,1944,271.49783333333335
Palau,1945,271.49783333333335
Palau,1946,271.49783333333335
Palau,1947,271.49783333333335
Palau,1948,269.30980833333336
Palau,1949,279.39225
Palau,1950,274.42491666666666
Palau,1951,209.54708333333335
Palau,1952,295.84041666666667
Palau,1953,293.60408333333334
Palau,1954,247.5529
Palau,1955,253.995225
Palau,1956,336.2385
Palau,1957,251.2435
Palau,1958,273.55630833333333
Palau,1959,279.04787500000003
Palau,1960,283.6834083333333
Palau,1961,301.2465
Palau,1962,319.40608333333336
Palau,1963,255.89729166666666
Palau,1964,243.64548333333335
Palau,1965,286.0155833333333
Palau,1966,255.92429166666668
Palau,1967,260.694225
Palau,1968,243.90641666666667
Palau,1969,238.73363333333336
Palau,1970,211.92163333333335
Palau,1971,296.5511666666667
Palau,1972,276.0175
Palau,1973,221.29165833333332
Palau,1974,351.55216666666666
Palau,1975,286.764575
Palau,1976,236.5815
Palau,1977,216.2924833333333
Palau,1978,303.93266666666665
Palau,1979,290.9538333333333
Palau,1980,310.71075
Palau,1981,277.14237499999996
Palau,1982,248.96223333333333
Palau,1983,212.89264166666666
Palau,1984,280.86475
Palau,1985,300.33633333333336
Palau,1986,295.860275
Palau,1987,278.85926666666666
Palau,1988,292.30966666666666
Palau,1989,277.4211666666667
Palau,1990,272.1236166666667
Palau,1991,297.38708333333335
Palau,1992,223.33496666666667
Palau,1993,238.82516666666666
Palau,1994,212.9793
Palau,1995,257.9613166666667
Palau,1996,245.17783333333333
Palau,1997,209.68375
Palau,1998,211.48934666666665
Palau,1999,314.79966666666667
Palau,2000,289.06938333333335
Palau,2001,312.6655
Palau,2002,243.27133333333333
Palau,2003,327.6730833333333
Palau,2004,217.39037499999998
Palau,2005,302.28115833333334
Palau,2006,307.9936666666667
Palau,2007,254.65658333333332
Palau,2008,286.8365833333333
Palau,2009,292.42691666666667
Palau,2010,211.17385000000002
Palau,2011,363.2691666666667
Palau,2012,245.66448333333332
Palau,2013,212.43994999999998
Palau,2014,275.8731666666667
Palau,2015,178.743425
Palau,2016,218.25264166666668
Panama,1901,229.36641666666665
Panama,1902,201.957325
Panama,1903,228.15911666666668
Panama,1904,219.31809166666667
Panama,1905,218.29054166666666
Panama,1906,202.51225833333334
Panama,1907,175.68818333333334
Panama,1908,214.91570833333333
Panama,1909,232.08451666666667
Panama,1910,198.41736666666668
Panama,1911,203.5558583333333
Panama,1912,196.51204166666665
Panama,1913,215.28775
Panama,1914,182.54055833333334
Panama,1915,237.27127499999997
Panama,1916,249.2334
Panama,1917,230.23109166666666
Panama,1918,187.90520833333335
Panama,1919,207.91839166666668
Panama,1920,197.42143333333334
Panama,1921,193.33218333333332
Panama,1922,190.02015833333334
Panama,1923,175.6389
Panama,1924,226.51989166666667
Panama,1925,198.02853333333334
Panama,1926,189.9478333333333
Panama,1927,198.26492500000003
Panama,1928,182.99265
Panama,1929,158.1032
Panama,1930,155.20111666666668
Panama,1931,177.561025
Panama,1932,189.23237500000002
Panama,1933,215.29365833333335
Panama,1934,214.20579166666667
Panama,1935,219.0775
Panama,1936,201.570575
Panama,1937,234.27622499999998
Panama,1938,239.62140833333333
Panama,1939,209.37070833333334
Panama,1940,189.36684166666666
Panama,1941,169.62902499999998
Panama,1942,213.79620833333334
Panama,1943,207.921325
Panama,1944,182.64095833333332
Panama,1945,191.38195
Panama,1946,186.18193333333332
Panama,1947,204.08971666666665
Panama,1948,183.01594166666666
Panama,1949,227.25350833333334
Panama,1950,238.01924999999997
Panama,1951,204.79140833333335
Panama,1952,195.27326666666667
Panama,1953,174.823975
Panama,1954,202.8819083333333
Panama,1955,234.02845833333333
Panama,1956,227.511875
Panama,1957,173.72554166666666
Panama,1958,171.951875
Panama,1959,188.4367
Panama,1960,223.9384083333333
Panama,1961,208.80434166666666
Panama,1962,216.1591
Panama,1963,193.7711416666667
Panama,1964,202.34603333333334
Panama,1965,186.02964166666666
Panama,1966,215.63520000000003
Panama,1967,216.64114166666664
Panama,1968,206.85434166666667
Panama,1969,212.400675
Panama,1970,254.72070833333336
Panama,1971,220.5232
Panama,1972,210.11446666666666
Panama,1973,259.11216666666667
Panama,1974,224.36081666666666
Panama,1975,259.7046666666667
Panama,1976,185.96491666666668
Panama,1977,181.37300000000002
Panama,1978,203.68148333333332
Panama,1979,223.47428333333335
Panama,1980,207.08564166666667
Panama,1981,250.03487499999997
Panama,1982,196.29026666666667
Panama,1983,194.41525833333333
Panama,1984,230.71609166666667
Panama,1985,195.78802499999998
Panama,1986,208.65651666666668
Panama,1987,246.408125
Panama,1988,243.89784166666666
Panama,1989,205.9766083333333
Panama,1990,215.39497500000002
Panama,1991,202.8015333333333
Panama,1992,180.38291666666666
Panama,1993,216.53802499999998
Panama,1994,203.77889166666668
Panama,1995,212.6925666666667
Panama,1996,216.439925
Panama,1997,199.619675
Panama,1998,204.04531666666665
Panama,1999,233.00938333333332
Panama,2000,206.61236666666665
Panama,2001,226.93035833333332
Panama,2002,196.73414166666666
Panama,2003,245.80705
Panama,2004,246.83905833333336
Panama,2005,205.58344166666666
Panama,2006,202.781625
Panama,2007,246.0032
Panama,2008,252.21358333333333
Panama,2009,205.9765
Panama,2010,258.92103333333336
Panama,2011,243.2396083333333
Panama,2012,181.42319999999998
Panama,2013,163.46194166666666
Panama,2014,205.89668333333336
Panama,2015,155.32373333333334
Panama,2016,168.73685
Papua New Guinea,1901,328.781
Papua New Guinea,1902,236.25024999999997
Papua New Guinea,1903,230.34283333333335
Papua New Guinea,1904,242.42233333333334
Papua New Guinea,1905,215.04257500000003
Papua New Guinea,1906,279.8723333333333
Papua New Guinea,1907,275.97166666666664
Papua New Guinea,1908,318.58433333333335
Papua New Guinea,1909,300.38666666666666
Papua New Guinea,1910,257.86383333333333
Papua New Guinea,1911,198.44510833333334
Papua New Guinea,1912,219.24166666666667
Papua New Guinea,1913,227.483775
Papua New Guinea,1914,191.491325
Papua New Guinea,1915,263.07325
Papua New Guinea,1916,270.6288333333333
Papua New Guinea,1917,279.4121666666667
Papua New Guinea,1918,202.63666666666666
Papua New Guinea,1919,247.98725
Papua New Guinea,1920,291.34458333333333
Papua New Guinea,1921,278.26516666666663
Papua New Guinea,1922,249.20183333333333
Papua New Guinea,1923,221.341625
Papua New Guinea,1924,254.66516666666666
Papua New Guinea,1925,225.72781666666666
Papua New Guinea,1926,246.87091666666666
Papua New Guinea,1927,252.65650000000002
Papua New Guinea,1928,263.779
Papua New Guinea,1929,248.7085833333333
Papua New Guinea,1930,242.56293333333335
Papua New Guinea,1931,209.36599999999999
Papua New Guinea,1932,215.31175
Papua New Guinea,1933,279.48466666666667
Papua New Guinea,1934,248.4995
Papua New Guinea,1935,247.3015
Papua New Guinea,1936,296.00825000000003
Papua New Guinea,1937,255.25883333333334
Papua New Guinea,1938,254.0198333333333
Papua New Guinea,1939,280.9044166666667
Papua New Guinea,1940,261.4363333333333
Papua New Guinea,1941,197.18213333333333
Papua New Guinea,1942,224.90324999999999
Papua New Guinea,1943,332.8815
Papua New Guinea,1944,240.03108333333333
Papua New Guinea,1945,256.3885833333333
Papua New Guinea,1946,247.05083333333334
Papua New Guinea,1947,248.40374999999997
Papua New Guinea,1948,276.9001666666667
Papua New Guinea,1949,266.786
Papua New Guinea,1950,269.95858333333337
Papua New Guinea,1951,229.63816666666665
Papua New Guinea,1952,291.47391666666664
Papua New Guinea,1953,254.11758333333333
Papua New Guinea,1954,255.87616666666668
Papua New Guinea,1955,235.6771666666667
Papua New Guinea,1956,245.06116666666665
Papua New Guinea,1957,256.42400000000004
Papua New Guinea,1958,243.08358333333334
Papua New Guinea,1959,234.32066666666665
Papua New Guinea,1960,271.03208333333333
Papua New Guinea,1961,272.19708333333335
Papua New Guinea,1962,268.4873333333333
Papua New Guinea,1963,235.05875
Papua New Guinea,1964,273.33958333333334
Papua New Guinea,1965,219.26810833333332
Papua New Guinea,1966,268.5245
Papua New Guinea,1967,264.48833333333334
Papua New Guinea,1968,232.70858333333334
Papua New Guinea,1969,262.8455
Papua New Guinea,1970,293.396
Papua New Guinea,1971,280.66991666666667
Papua New Guinea,1972,212.778175
Papua New Guinea,1973,297.41091666666665
Papua New Guinea,1974,243.76983333333337
Papua New Guinea,1975,284.50691666666665
Papua New Guinea,1976,243.54075
Papua New Guinea,1977,271.639
Papua New Guinea,1978,253.10308333333333
Papua New Guinea,1979,221.79866666666666
Papua New Guinea,1980,240.94158333333334
Papua New Guinea,1981,268.22766666666666
Papua New Guinea,1982,201.8945666666667
Papua New Guinea,1983,273.89141666666666
Papua New Guinea,1984,253.62041666666667
Papua New Guinea,1985,278.9525
Papua New Guinea,1986,248.1745
Papua New Guinea,1987,223.631
Papua New Guinea,1988,266.14191666666665
Papua New Guinea,1989,265.7609166666667
Papua New Guinea,1990,266.067
Papua New Guinea,1991,240.2290833333333
Papua New Guinea,1992,227.8323333333333
Papua New Guinea,1993,203.56304166666666
Papua New Guinea,1994,202.30775833333334
Papua New Guinea,1995,255.87183333333334
Papua New Guinea,1996,278.824
Papua New Guinea,1997,252.24266666666668
Papua New Guinea,1998,268.5709166666667
Papua New Guinea,1999,274.87991666666665
Papua New Guinea,2000,250.16549999999998
Papua New Guinea,2001,258.8739166666667
Papua New Guinea,2002,263.42400000000004
Papua New Guinea,2003,251.49616666666668
Papua New Guinea,2004,256.18491666666665
Papua New Guinea,2005,255.32416666666666
Papua New Guinea,2006,251.98058333333333
Papua New Guinea,2007,265.4936666666667
Papua New Guinea,2008,265.048
Papua New Guinea,2009,275.55625000000003
Papua New Guinea,2010,297.75775
Papua New Guinea,2011,263.4745
Papua New Guinea,2012,274.62966666666665
Papua New Guinea,2013,259.63391666666666
Papua New Guinea,2014,267.23983333333337
Papua New Guinea,2015,245.64183333333335
Papua New Guinea,2016,260.45208333333335
Paraguay,1901,76.56569166666667
Paraguay,1902,92.67674166666666
Paraguay,1903,103.34665
Paraguay,1904,88.90310833333335
Paraguay,1905,109.27359166666668
Paraguay,1906,53.658641666666675
Paraguay,1907,95.23868333333333
Paraguay,1908,99.66988333333335
Paraguay,1909,69.49115833333333
Paraguay,1910,74.91338333333333
Paraguay,1911,97.85954166666666
Paraguay,1912,78.29195
Paraguay,1913,79.42345
Paraguay,1914,106.17164166666667
Paraguay,1915,83.27121666666666
Paraguay,1916,82.15124166666666
Paraguay,1917,64.78396083333332
Paraguay,1918,102.56429666666666
Paraguay,1919,112.97685833333333
Paraguay,1920,89.02088333333334
Paraguay,1921,90.19645000000001
Paraguay,1922,86.06308333333334
Paraguay,1923,85.19800833333333
Paraguay,1924,61.76455000000001
Paraguay,1925,92.64409666666667
Paraguay,1926,79.879975
Paraguay,1927,79.19649833333334
Paraguay,1928,98.28625
Paraguay,1929,80.50265833333333
Paraguay,1930,91.05735
Paraguay,1931,85.37195000000001
Paraguay,1932,99.11886666666668
Paraguay,1933,67.06125166666668
Paraguay,1934,60.856024999999995
Paraguay,1935,84.29320833333334
Paraguay,1936,76.339925
Paraguay,1937,64.82635833333333
Paraguay,1938,79.68782833333334
Paraguay,1939,117.69359166666668
Paraguay,1940,112.67048333333332
Paraguay,1941,97.59129166666666
Paraguay,1942,87.22934166666666
Paraguay,1943,87.75431666666667
Paraguay,1944,59.34741666666667
Paraguay,1945,81.12458333333333
Paraguay,1946,107.52848416666666
Paraguay,1947,88.63204166666667
Paraguay,1948,77.81220583333334
Paraguay,1949,81.27940416666667
Paraguay,1950,101.03134833333333
Paraguay,1951,89.57868666666667
Paraguay,1952,95.0689
Paraguay,1953,90.95258749999999
Paraguay,1954,101.34496666666666
Paraguay,1955,78.7344
Paraguay,1956,102.29116666666665
Paraguay,1957,100.09184166666667
Paraguay,1958,101.69006666666667
Paraguay,1959,96.21029166666666
Paraguay,1960,90.31669166666666
Paraguay,1961,101.07230833333334
Paraguay,1962,73.37925833333334
Paraguay,1963,84.75226666666667
Paraguay,1964,84.045475
Paraguay,1965,112.27412500000001
Paraguay,1966,86.04919166666667
Paraguay,1967,75.28928333333333
Paraguay,1968,82.0159
Paraguay,1969,96.58075833333334
Paraguay,1970,80.209275
Paraguay,1971,96.07595833333333
Paraguay,1972,91.927975
Paraguay,1973,96.59745833333334
Paraguay,1974,89.830625
Paraguay,1975,93.12086666666666
Paraguay,1976,81.99684166666667
Paraguay,1977,84.72611666666667
Paraguay,1978,69.45490833333334
Paraguay,1979,101.722225
Paraguay,1980,85.82279166666666
Paraguay,1981,81.54942
Paraguay,1982,108.51335833333333
Paraguay,1983,118.3362525
Paraguay,1984,102.77448333333332
Paraguay,1985,83.15810833333333
Paraguay,1986,105.902125
Paraguay,1987,104.08570833333333
Paraguay,1988,76.43335083333334
Paraguay,1989,91.86821666666667
Paraguay,1990,101.83458333333333
Paraguay,1991,93.09050333333334
Paraguay,1992,118.28535833333332
Paraguay,1993,78.09406666666668
Paraguay,1994,96.24764166666667
Paraguay,1995,83.49396333333333
Paraguay,1996,106.12699166666668
Paraguay,1997,109.44255
Paraguay,1998,115.15682500000001
Paraguay,1999,78.02119833333333
Paraguay,2000,96.36238333333334
Paraguay,2001,85.62722500000001
Paraguay,2002,98.60385833333333
Paraguay,2003,98.04969166666667
Paraguay,2004,86.50139083333333
Paraguay,2005,85.59660833333334
Paraguay,2006,97.99334166666667
Paraguay,2007,88.95349916666667
Paraguay,2008,83.8454
Paraguay,2009,93.76899166666668
Paraguay,2010,94.11554916666667
Paraguay,2011,91.133225
Paraguay,2012,93.14885833333334
Paraguay,2013,88.714625
Paraguay,2014,116.02297499999999
Paraguay,2015,119.55894166666667
Paraguay,2016,102.77520833333334
Peru,1901,129.65310833333334
Peru,1902,130.50716666666668
Peru,1903,129.44225
Peru,1904,126.19426666666668
Peru,1905,119.58004166666667
Peru,1906,125.97260833333333
Peru,1907,138.5752
Peru,1908,128.9606
Peru,1909,123.16538333333334
Peru,1910,121.727725
Peru,1911,128.41569166666667
Peru,1912,126.743825
Peru,1913,126.93245833333333
Peru,1914,122.48633333333333
Peru,1915,129.46019166666667
Peru,1916,129.51474166666665
Peru,1917,138.32536666666667
Peru,1918,135.100675
Peru,1919,137.22859166666666
Peru,1920,135.39139166666666
Peru,1921,134.11411666666666
Peru,1922,132.78809166666667
Peru,1923,129.98990833333332
Peru,1924,131.09379166666668
Peru,1925,143.12506666666667
Peru,1926,118.29554166666667
Peru,1927,129.16037500000002
Peru,1928,133.74755000000002
Peru,1929,132.52743333333333
Peru,1930,135.28135833333332
Peru,1931,116.85273333333333
Peru,1932,137.92064166666668
Peru,1933,125.9649
Peru,1934,136.35735
Peru,1935,123.27618333333334
Peru,1936,113.1257
Peru,1937,106.83860833333334
Peru,1938,111.14296666666667
Peru,1939,130.56911666666667
Peru,1940,127.23851666666667
Peru,1941,137.09197500000002
Peru,1942,110.265175
Peru,1943,128.95631666666665
Peru,1944,112.63226666666667
Peru,1945,131.33744166666665
Peru,1946,143.75924166666667
Peru,1947,126.0366
Peru,1948,134.37255833333333
Peru,1949,134.10293333333334
Peru,1950,124.665
Peru,1951,128.07095833333332
Peru,1952,123.59233333333333
Peru,1953,145.23850000000002
Peru,1954,126.751275
Peru,1955,126.05619166666668
Peru,1956,122.35629999999999
Peru,1957,125.03193333333333
Peru,1958,140.12509166666666
Peru,1959,140.82339166666665
Peru,1960,124.562025
Peru,1961,131.24423333333334
Peru,1962,126.35980833333333
Peru,1963,121.50411666666666
Peru,1964,124.87428333333332
Peru,1965,131.92904166666668
Peru,1966,121.41293333333333
Peru,1967,131.26522500000002
Peru,1968,125.997275
Peru,1969,120.29255833333333
Peru,1970,141.08324166666668
Peru,1971,132.229925
Peru,1972,145.74855
Peru,1973,154.50700833333335
Peru,1974,131.9823
Peru,1975,150.66090833333334
Peru,1976,135.57660833333333
Peru,1977,137.83580833333335
Peru,1978,121.93039166666667
Peru,1979,106.96344166666665
Peru,1980,122.64369166666667
Peru,1981,147.64981666666668
Peru,1982,139.98114166666667
Peru,1983,122.03289166666667
Peru,1984,130.96454166666666
Peru,1985,96.51986666666666
Peru,1986,126.07209999999999
Peru,1987,119.65025833333334
Peru,1988,115.9726
Peru,1989,117.82656666666666
Peru,1990,123.71233333333333
Peru,1991,107.09048333333334
Peru,1992,110.34986666666667
Peru,1993,137.41617499999998
Peru,1994,140.41964166666668
Peru,1995,112.54535
Peru,1996,126.63498333333332
Peru,1997,129.17138333333332
Peru,1998,122.91203333333334
Peru,1999,145.175625
Peru,2000,139.44995
Peru,2001,139.16311666666667
Peru,2002,138.23553333333334
Peru,2003,153.00241666666668
Peru,2004,143.40281666666667
Peru,2005,121.92246666666666
Peru,2006,148.60204166666668
Peru,2007,137.09699166666667
Peru,2008,136.555175
Peru,2009,135.11044166666667
Peru,2010,110.972325
Peru,2011,134.743725
Peru,2012,114.40041666666667
Peru,2013,127.014875
Peru,2014,124.4626
Peru,2015,123.95073333333333
Peru,2016,122.96505833333333
Philippines,1901,215.94015833333333
Philippines,1902,195.84080833333334
Philippines,1903,178.8708
Philippines,1904,221.32781666666665
Philippines,1905,181.48230833333332
Philippines,1906,218.16813333333334
Philippines,1907,194.265075
Philippines,1908,247.421275
Philippines,1909,225.01696666666666
Philippines,1910,240.28508333333335
Philippines,1911,205.4353583333333
Philippines,1912,184.3899583333333
Philippines,1913,196.88804166666668
Philippines,1914,174.96320833333334
Philippines,1915,197.8624333333333
Philippines,1916,244.06491666666668
Philippines,1917,229.40625
Philippines,1918,209.37525000000002
Philippines,1919,203.45438333333334
Philippines,1920,190.814625
Philippines,1921,235.58291666666665
Philippines,1922,225.78404166666667
Philippines,1923,234.72553333333335
Philippines,1924,240.086675
Philippines,1925,218.21491666666668
Philippines,1926,216.7805
Philippines,1927,194.43188333333333
Philippines,1928,207.65408333333335
Philippines,1929,208.99726666666666
Philippines,1930,184.34853333333334
Philippines,1931,201.7958583333333
Philippines,1932,216.89073333333332
Philippines,1933,205.9430583333333
Philippines,1934,277.04925
Philippines,1935,204.52994166666667
Philippines,1936,216.34759999999997
Philippines,1937,220.18330833333334
Philippines,1938,211.75549999999998
Philippines,1939,231.10341666666667
Philippines,1940,184.31768333333332
Philippines,1941,198.42430833333333
Philippines,1942,198.35944166666664
Philippines,1943,198.53660833333333
Philippines,1944,199.04220833333332
Philippines,1945,199.90695833333334
Philippines,1946,194.85620000000003
Philippines,1947,229.76918333333333
Philippines,1948,185.74104166666666
Philippines,1949,194.4650333333333
Philippines,1950,203.5333916666667
Philippines,1951,196.91996666666668
Philippines,1952,217.567275
Philippines,1953,209.09859166666664
Philippines,1954,195.43889166666668
Philippines,1955,193.426875
Philippines,1956,247.19291666666666
Philippines,1957,172.53652499999998
Philippines,1958,175.02123333333336
Philippines,1959,185.14413333333334
Philippines,1960,205.81130833333336
Philippines,1961,199.81493333333333
Philippines,1962,215.45663333333334
Philippines,1963,179.84629166666664
Philippines,1964,221.39196666666666
Philippines,1965,196.83991666666668
Philippines,1966,208.24715833333335
Philippines,1967,192.12425
Philippines,1968,168.14843333333334
Philippines,1969,164.57111666666665
Philippines,1970,208.234025
Philippines,1971,241.03201666666666
Philippines,1972,207.51869166666665
Philippines,1973,197.50269166666666
Philippines,1974,212.10372500000003
Philippines,1975,198.06591666666668
Philippines,1976,187.81230833333333
Philippines,1977,186.77857500000002
Philippines,1978,187.7342
Philippines,1979,174.29229166666667
Philippines,1980,204.32871666666668
Philippines,1981,184.7407916666667
Philippines,1982,172.37915
Philippines,1983,168.629225
Philippines,1984,213.53775
Philippines,1985,214.12289166666667
Philippines,1986,227.69269166666666
Philippines,1987,157.69345
Philippines,1988,207.28672500000002
Philippines,1989,215.4774
Philippines,1990,201.65144999999998
Philippines,1991,168.82419166666668
Philippines,1992,163.45090833333333
Philippines,1993,189.06638333333333
Philippines,1994,183.21005833333334
Philippines,1995,214.43415833333333
Philippines,1996,202.92029166666666
Philippines,1997,162.65167499999998
Philippines,1998,178.976
Philippines,1999,271.52125
Philippines,2000,251.15125
Philippines,2001,247.01225
Philippines,2002,195.99836666666667
Philippines,2003,223.21721666666667
Philippines,2004,192.63121666666666
Philippines,2005,203.04261666666665
Philippines,2006,201.10615833333335
Philippines,2007,216.18536666666668
Philippines,2008,259.3688333333333
Philippines,2009,231.4763
Philippines,2010,202.53730833333336
Philippines,2011,267.803475
Philippines,2012,249.53616666666667
Philippines,2013,216.01716666666667
Philippines,2014,197.84079999999997
Philippines,2015,190.10595833333332
Philippines,2016,202.727475
Poland,1901,49.30650833333333
Poland,1902,50.22356666666667
Poland,1903,54.6199
Poland,1904,44.0942
Poland,1905,54.49701666666667
Poland,1906,53.145925000000005
Poland,1907,50.56679166666667
Poland,1908,50.470441666666666
Poland,1909,50.616058333333335
Poland,1910,53.21156666666667
Poland,1911,44.462741666666666
Poland,1912,56.955758333333335
Poland,1913,54.42099166666667
Poland,1914,49.733775
Poland,1915,53.7911
Poland,1916,55.996383333333334
Poland,1917,46.253025
Poland,1918,50.433683333333335
Poland,1919,54.41020833333334
Poland,1920,48.42069166666667
Poland,1921,42.94915
Poland,1922,51.229375
Poland,1923,50.46029166666667
Poland,1924,49.75525
Poland,1925,57.17565833333333
Poland,1926,57.96666666666667
Poland,1927,57.39243333333334
Poland,1928,47.20851666666667
Poland,1929,45.3065
Poland,1930,55.95898333333333
Poland,1931,55.43403333333333
Poland,1932,45.63834166666667
Poland,1933,49.08379166666666
Poland,1934,49.06500833333333
Poland,1935,52.916975
Poland,1936,53.33416666666667
Poland,1937,53.77560833333333
Poland,1938,53.390966666666664
Poland,1939,56.83198333333333
Poland,1940,54.19975
Poland,1941,58.13941666666667
Poland,1942,43.96841666666666
Poland,1943,43.57068916666666
Poland,1944,49.157016666666664
Poland,1945,57.00953333333334
Poland,1946,51.184866666666665
Poland,1947,48.237291666666664
Poland,1948,53.771350000000005
Poland,1949,50.3144
Poland,1950,52.49385833333333
Poland,1951,41.5453925
Poland,1952,54.880824999999994
Poland,1953,41.208774999999996
Poland,1954,47.250274999999995
Poland,1955,49.124941666666665
Poland,1956,51.179566666666666
Poland,1957,50.09044166666666
Poland,1958,56.02920833333334
Poland,1959,41.77878333333333
Poland,1960,59.58998333333333
Poland,1961,49.75038333333333
Poland,1962,52.61915833333333
Poland,1963,45.944275
Poland,1964,46.21040833333333
Poland,1965,53.6081
Poland,1966,61.17576666666667
Poland,1967,57.789658333333335
Poland,1968,53.53423333333333
Poland,1969,42.20248333333333
Poland,1970,62.51125
Poland,1971,44.73350833333333
Poland,1972,51.456385833333336
Poland,1973,46.92978333333334
Poland,1974,62.941689999999994
Poland,1975,46.07201666666666
Poland,1976,45.12302833333334
Poland,1977,55.14203333333333
Poland,1978,53.042608333333334
Poland,1979,49.81505833333333
Poland,1980,56.69408333333333
Poland,1981,57.90436666666667
Poland,1982,37.271125
Poland,1983,45.48373333333333
Poland,1984,45.28380833333333
Poland,1985,53.45590833333333
Poland,1986,48.227824999999996
Poland,1987,51.749125
Poland,1988,49.697925
Poland,1989,42.621833333333335
Poland,1990,46.92521666666667
Poland,1991,43.981224999999995
Poland,1992,44.40235833333333
Poland,1993,48.448141666666665
Poland,1994,50.356075
Poland,1995,47.653708333333334
Poland,1996,46.145783333333334
Poland,1997,51.686190833333335
Poland,1998,56.777375
Poland,1999,50.85433333333333
Poland,2000,51.349975
Poland,2001,58.34110833333333
Poland,2002,52.12730833333333
Poland,2003,40.697008333333336
Poland,2004,50.221325
Poland,2005,47.430141666666664
Poland,2006,46.333175000000004
Poland,2007,55.791275000000006
Poland,2008,49.870358333333336
Poland,2009,56.631145833333335
Poland,2010,66.33135833333334
Poland,2011,45.24917083333333
Poland,2012,50.48388333333333
Poland,2013,54.130941666666665
Poland,2014,52.52795833333334
Poland,2015,42.0036
Poland,2016,56.317341666666664
Portugal,1901,68.97257333333333
Portugal,1902,78.53164166666666
Portugal,1903,69.17138666666666
Portugal,1904,63.02809083333333
Portugal,1905,57.424015
Portugal,1906,57.857177500000006
Portugal,1907,80.18944833333333
Portugal,1908,54.299103333333335
Portugal,1909,70.8634625
Portugal,1910,77.7330925
Portugal,1911,75.15745833333334
Portugal,1912,68.12170833333333
Portugal,1913,72.37120750000001
Portugal,1914,72.44407166666667
Portugal,1915,76.98113916666667
Portugal,1916,76.31487416666666
Portugal,1917,53.7513425
Portugal,1918,59.99443
Portugal,1919,72.9926375
Portugal,1920,59.11022666666667
Portugal,1921,46.783365
Portugal,1922,60.51027166666666
Portugal,1923,57.054519166666665
Portugal,1924,69.63771000000001
Portugal,1925,65.8052
Portugal,1926,66.05253083333334
Portugal,1927,68.76783333333333
Portugal,1928,66.752665
Portugal,1929,52.26684083333333
Portugal,1930,58.97239666666667
Portugal,1931,55.47349583333334
Portugal,1932,65.8221125
Portugal,1933,55.54850583333334
Portugal,1934,55.96819833333333
Portugal,1935,56.67830083333334
Portugal,1936,87.13821833333334
Portugal,1937,93.9711975
Portugal,1938,47.3453575
Portugal,1939,75.374095
Portugal,1940,76.72809833333334
Portugal,1941,84.14152666666666
Portugal,1942,76.43313666666667
Portugal,1943,63.94392416666667
Portugal,1944,43.77654166666667
Portugal,1945,52.757755
Portugal,1946,64.19712583333333
Portugal,1947,85.14017833333334
Portugal,1948,68.71036500000001
Portugal,1949,51.155766666666665
Portugal,1950,52.3240125
Portugal,1951,78.40675833333333
Portugal,1952,70.01093333333334
Portugal,1953,57.137575
Portugal,1954,44.24363416666667
Portugal,1955,92.79487583333332
Portugal,1956,69.94542416666667
Portugal,1957,51.911120833333335
Portugal,1958,69.74574166666666
Portugal,1959,80.749475
Portugal,1960,98.99404666666668
Portugal,1961,73.73487416666667
Portugal,1962,62.611940000000004
Portugal,1963,104.50734916666666
Portugal,1964,57.38419
Portugal,1965,76.89728916666667
Portugal,1966,82.329685
Portugal,1967,53.42060416666667
Portugal,1968,71.75948916666667
Portugal,1969,87.90463749999999
Portugal,1970,62.94453083333334
Portugal,1971,64.1881225
Portugal,1972,80.69887
Portugal,1973,50.607364999999994
Portugal,1974,54.62327083333333
Portugal,1975,57.979038333333335
Portugal,1976,74.27366666666667
Portugal,1977,88.10236666666667
Portugal,1978,84.771
Portugal,1979,86.48877
Portugal,1980,49.92496666666667
Portugal,1981,58.05821583333333
Portugal,1982,52.761158333333334
Portugal,1983,65.33070666666667
Portugal,1984,71.7718625
Portugal,1985,70.899655
Portugal,1986,57.11744083333334
Portugal,1987,78.39549166666667
Portugal,1988,66.1824475
Portugal,1989,88.55482666666667
Portugal,1990,54.790930833333334
Portugal,1991,53.90986833333333
Portugal,1992,48.97880083333333
Portugal,1993,65.686875
Portugal,1994,57.577975
Portugal,1995,68.33985166666666
Portugal,1996,95.89169583333334
Portugal,1997,87.56629166666666
Portugal,1998,52.61069750000001
Portugal,1999,65.77647499999999
Portugal,2000,76.90902083333333
Portugal,2001,73.63355916666667
Portugal,2002,77.10029916666666
Portugal,2003,78.838925
Portugal,2004,54.03520416666667
Portugal,2005,45.18501
Portugal,2006,80.67946666666667
Portugal,2007,53.39677916666667
Portugal,2008,67.08090666666666
Portugal,2009,73.25211166666666
Portugal,2010,108.59407166666666
Portugal,2011,68.27067916666667
Portugal,2012,60.55667833333333
Portugal,2013,77.827885
Portugal,2014,81.035505
Portugal,2015,45.447865
Portugal,2016,77.37229666666667
Puerto Rico,1901,222.36055833333333
Puerto Rico,1902,197.013725
Puerto Rico,1903,176.02694166666666
Puerto Rico,1904,184.83941666666666
Puerto Rico,1905,179.94713333333334
Puerto Rico,1906,163.13629166666666
Puerto Rico,1907,160.38400833333333
Puerto Rico,1908,170.49441666666667
Puerto Rico,1909,177.62228333333334
Puerto Rico,1910,179.82410833333333
Puerto Rico,1911,191.423525
Puerto Rico,1912,158.772425
Puerto Rico,1913,162.63434166666667
Puerto Rico,1914,182.31505833333335
Puerto Rico,1915,168.53640833333333
Puerto Rico,1916,186.27351666666667
Puerto Rico,1917,155.17071666666666
Puerto Rico,1918,159.75311666666667
Puerto Rico,1919,166.07335
Puerto Rico,1920,160.48404166666666
Puerto Rico,1921,167.95531666666668
Puerto Rico,1922,170.2944
Puerto Rico,1923,147.08103333333335
Puerto Rico,1924,169.86189166666665
Puerto Rico,1925,153.62996666666666
Puerto Rico,1926,162.63410833333333
Puerto Rico,1927,179.6962
Puerto Rico,1928,222.239825
Puerto Rico,1929,157.33000833333332
Puerto Rico,1930,143.64900833333334
Puerto Rico,1931,229.788375
Puerto Rico,1932,220.22511666666665
Puerto Rico,1933,198.66148333333334
Puerto Rico,1934,184.4944416666667
Puerto Rico,1935,176.6249
Puerto Rico,1936,201.983475
Puerto Rico,1937,151.00045833333334
Puerto Rico,1938,183.00538333333336
Puerto Rico,1939,168.95181666666667
Puerto Rico,1940,188.296925
Puerto Rico,1941,189.18675833333336
Puerto Rico,1942,203.95759999999999
Puerto Rico,1943,191.43075833333333
Puerto Rico,1944,184.15118333333336
Puerto Rico,1945,171.14962500000001
Puerto Rico,1946,165.39991666666666
Puerto Rico,1947,145.53143333333333
Puerto Rico,1948,188.213825
Puerto Rico,1949,182.92056666666667
Puerto Rico,1950,180.44807500000002
Puerto Rico,1951,188.3074
Puerto Rico,1952,190.5116416666667
Puerto Rico,1953,160.90910833333334
Puerto Rico,1954,174.43385
Puerto Rico,1955,144.40725833333332
Puerto Rico,1956,186.34265000000002
Puerto Rico,1957,140.06793333333334
Puerto Rico,1958,196.65795
Puerto Rico,1959,169.12617500000002
Puerto Rico,1960,212.24024999999997
Puerto Rico,1961,192.462175
Puerto Rico,1962,167.29841666666667
Puerto Rico,1963,176.42051666666666
Puerto Rico,1964,138.043
Puerto Rico,1965,184.43805
Puerto Rico,1966,169.48050833333335
Puerto Rico,1967,120.00591666666666
Puerto Rico,1968,158.70801666666668
Puerto Rico,1969,202.35593333333335
Puerto Rico,1970,205.70070833333332
Puerto Rico,1971,155.61301666666665
Puerto Rico,1972,146.95885
Puerto Rico,1973,137.32704166666667
Puerto Rico,1974,168.71985833333335
Puerto Rico,1975,172.97294166666666
Puerto Rico,1976,138.99186666666665
Puerto Rico,1977,163.30298333333334
Puerto Rico,1978,165.45796666666666
Puerto Rico,1979,226.61963333333333
Puerto Rico,1980,140.1798
Puerto Rico,1981,211.57925833333334
Puerto Rico,1982,171.89469999999997
Puerto Rico,1983,160.64395
Puerto Rico,1984,184.5977333333333
Puerto Rico,1985,172.4302583333333
Puerto Rico,1986,173.67738333333332
Puerto Rico,1987,178.23481666666666
Puerto Rico,1988,174.32119166666666
Puerto Rico,1989,159.50568333333334
Puerto Rico,1990,158.955325
Puerto Rico,1991,133.58093333333332
Puerto Rico,1992,185.61502500000003
Puerto Rico,1993,151.70276666666666
Puerto Rico,1994,134.71765833333333
Puerto Rico,1995,158.452325
Puerto Rico,1996,137.08632500000002
Puerto Rico,1997,121.26265833333333
Puerto Rico,1998,230.45633333333333
Puerto Rico,1999,188.30794166666666
Puerto Rico,2000,127.16269166666666
Puerto Rico,2001,152.14874999999998
Puerto Rico,2002,139.61200833333334
Puerto Rico,2003,192.83550833333334
Puerto Rico,2004,209.63399166666667
Puerto Rico,2005,227.4568825
Puerto Rico,2006,211.61848333333333
Puerto Rico,2007,176.8877
Puerto Rico,2008,188.46396666666666
Puerto Rico,2009,206.95600000000002
Puerto Rico,2010,262.32734999999997
Puerto Rico,2011,248.24149166666666
Puerto Rico,2012,157.31563083333333
Puerto Rico,2013,243.710025
Puerto Rico,2014,187.03898333333333
Puerto Rico,2015,133.71847499999998
Puerto Rico,2016,219.70105
Qatar,1901,4.109755
Qatar,1902,1.4909191666666668
Qatar,1903,4.863345
Qatar,1904,3.9573208333333327
Qatar,1905,3.7905750000000005
Qatar,1906,6.106460833333333
Qatar,1907,4.648700833333334
Qatar,1908,2.4489549999999998
Qatar,1909,5.493935833333334
Qatar,1910,4.552339166666667
Qatar,1911,8.369625
Qatar,1912,10.017775833333333
Qatar,1913,6.6163075000000005
Qatar,1914,6.422913333333334
Qatar,1915,8.511775
Qatar,1916,5.4489075
Qatar,1917,4.7481625
Qatar,1918,5.957985
Qatar,1919,6.042724166666667
Qatar,1920,7.182249166666666
Qatar,1921,3.9317108333333337
Qatar,1922,2.5800341666666666
Qatar,1923,7.7224225
Qatar,1924,5.937548333333333
Qatar,1925,3.8012658333333333
Qatar,1926,5.744129166666667
Qatar,1927,3.8923875000000003
Qatar,1928,3.0263991666666663
Qatar,1929,5.018343333333333
Qatar,1930,4.408259999999999
Qatar,1931,8.967247500000001
Qatar,1932,8.113689166666667
Qatar,1933,4.026513333333333
Qatar,1934,7.543053333333333
Qatar,1935,6.594704166666666
Qatar,1936,4.835965833333333
Qatar,1937,4.5899725
Qatar,1938,4.72546
Qatar,1939,6.644355833333333
Qatar,1940,2.6181608333333335
Qatar,1941,3.7059400000000005
Qatar,1942,5.0150049999999995
Qatar,1943,4.677599166666666
Qatar,1944,6.178968333333333
Qatar,1945,4.228723333333333
Qatar,1946,0.29103666666666667
Qatar,1947,8.1319875
Qatar,1948,8.442014166666667
Qatar,1949,8.129238333333333
Qatar,1950,1.9892649999999998
Qatar,1951,5.590699166666667
Qatar,1952,2.9344974999999995
Qatar,1953,3.274953333333334
Qatar,1954,8.377575833333333
Qatar,1955,13.193955
Qatar,1956,2.8734691666666667
Qatar,1957,8.804181666666667
Qatar,1958,6.864861666666666
Qatar,1959,4.770129166666667
Qatar,1960,1.136005
Qatar,1961,6.495472500000001
Qatar,1962,1.1082066666666668
Qatar,1963,2.8293425000000005
Qatar,1964,12.711523333333334
Qatar,1965,5.040655
Qatar,1966,3.3005475
Qatar,1967,2.5359908333333334
Qatar,1968,6.5565825
Qatar,1969,11.572335
Qatar,1970,0.9095866666666667
Qatar,1971,2.955128333333333
Qatar,1972,7.443316666666667
Qatar,1973,1.4980308333333332
Qatar,1974,4.9100675
Qatar,1975,5.4544500000000005
Qatar,1976,16.692526666666666
Qatar,1977,6.668550833333334
Qatar,1978,2.2130491666666665
Qatar,1979,6.218418333333333
Qatar,1980,6.026694166666666
Qatar,1981,3.155864166666667
Qatar,1982,14.067630833333332
Qatar,1983,6.946643333333333
Qatar,1984,4.3023991666666666
Qatar,1985,3.4002233333333334
Qatar,1986,6.861934166666667
Qatar,1987,3.7306825
Qatar,1988,9.023534166666668
Qatar,1989,6.8177925
Qatar,1990,2.649814166666667
Qatar,1991,5.590739166666666
Qatar,1992,6.270592499999999
Qatar,1993,8.689745833333333
Qatar,1994,3.0687208333333333
Qatar,1995,9.009995833333333
Qatar,1996,8.3984825
Qatar,1997,8.565713333333335
Qatar,1998,5.797127499999999
Qatar,1999,5.699586666666666
Qatar,2000,5.1053758333333334
Qatar,2001,1.3919675
Qatar,2002,4.8416041666666665
Qatar,2003,5.251285833333333
Qatar,2004,5.632045833333334
Qatar,2005,4.981583333333333
Qatar,2006,5.879249166666667
Qatar,2007,3.287811666666667
Qatar,2008,2.8449233333333335
Qatar,2009,7.5436875
Qatar,2010,2.637890833333333
Qatar,2011,3.7502066666666667
Qatar,2012,3.2955675
Qatar,2013,2.7472675
Qatar,2014,6.2380775
Qatar,2015,3.5534233333333334
Qatar,2016,1.5330066666666669
Republic Of Korea,1901,82.87888333333333
Republic Of Korea,1902,101.87320666666666
Republic Of Korea,1903,123.02820000000001
Republic Of Korea,1904,83.31458916666666
Republic Of Korea,1905,140.52111666666667
Republic Of Korea,1906,89.78846916666667
Republic Of Korea,1907,74.76253416666667
Republic Of Korea,1908,99.24831666666667
Republic Of Korea,1909,89.54538333333333
Republic Of Korea,1910,111.997615
Republic Of Korea,1911,124.233325
Republic Of Korea,1912,93.72408416666667
Republic Of Korea,1913,76.83133416666666
Republic Of Korea,1914,109.13881666666667
Republic Of Korea,1915,113.87457083333334
Republic Of Korea,1916,146.144
Republic Of Korea,1917,77.558875
Republic Of Korea,1918,111.64505000000001
Republic Of Korea,1919,100.29808333333334
Republic Of Korea,1920,111.56104166666667
Republic Of Korea,1921,103.9185
Republic Of Korea,1922,106.72860833333334
Republic Of Korea,1923,111.35655833333334
Republic Of Korea,1924,85.619175
Republic Of Korea,1925,133.83490833333335
Republic Of Korea,1926,118.90769999999999
Republic Of Korea,1927,100.29620833333335
Republic Of Korea,1928,94.04784166666667
Republic Of Korea,1929,77.30765
Republic Of Korea,1930,132.96840833333331
Republic Of Korea,1931,116.490875
Republic Of Korea,1932,77.72199166666667
Republic Of Korea,1933,131.842475
Republic Of Korea,1934,128.59292
Republic Of Korea,1935,95.51955
Republic Of Korea,1936,137.19359166666666
Republic Of Korea,1937,92.904025
Republic Of Korea,1938,91.12373333333333
Republic Of Korea,1939,66.270185
Republic Of Korea,1940,96.00389166666668
Republic Of Korea,1941,116.52600833333334
Republic Of Korea,1942,89.87033333333333
Republic Of Korea,1943,76.20393916666667
Republic Of Korea,1944,82.0548075
Republic Of Korea,1945,120.23577916666666
Republic Of Korea,1946,109.93273333333333
Republic Of Korea,1947,106.29963
Republic Of Korea,1948,134.09576666666666
Republic Of Korea,1949,84.32540833333333
Republic Of Korea,1950,93.23620833333332
Republic Of Korea,1951,81.415875
Republic Of Korea,1952,95.39117583333332
Republic Of Korea,1953,115.387975
Republic Of Korea,1954,131.43726666666666
Republic Of Korea,1955,93.46859166666667
Republic Of Korea,1956,136.8032575
Republic Of Korea,1957,114.561325
Republic Of Korea,1958,127.034375
Republic Of Korea,1959,114.219875
Republic Of Korea,1960,99.097975
Republic Of Korea,1961,133.03841666666668
Republic Of Korea,1962,101.89056666666666
Republic Of Korea,1963,128.94928583333333
Republic Of Korea,1964,121.32916999999999
Republic Of Korea,1965,102.58957500000001
Republic Of Korea,1966,116.73827166666666
Republic Of Korea,1967,91.27169666666667
Republic Of Korea,1968,89.69234166666666
Republic Of Korea,1969,133.65040833333333
Republic Of Korea,1970,132.2092625
Republic Of Korea,1971,103.27973333333334
Republic Of Korea,1972,138.10465833333333
Republic Of Korea,1973,86.29630833333333
Republic Of Korea,1974,115.53293333333333
Republic Of Korea,1975,112.78948333333334
Republic Of Korea,1976,94.1660275
Republic Of Korea,1977,86.18780916666667
Republic Of Korea,1978,110.07928333333332
Republic Of Korea,1979,119.338375
Republic Of Korea,1980,127.94839999999999
Republic Of Korea,1981,109.08009166666666
Republic Of Korea,1982,83.43885833333333
Republic Of Korea,1983,106.72857499999999
Republic Of Korea,1984,110.08453833333333
Republic Of Korea,1985,143.1862416666667
Republic Of Korea,1986,106.32613333333335
Republic Of Korea,1987,131.02701333333331
Republic Of Korea,1988,78.89051666666667
Republic Of Korea,1989,124.20956666666666
Republic Of Korea,1990,140.06996666666666
Republic Of Korea,1991,117.38645833333332
Republic Of Korea,1992,97.99447500000001
Republic Of Korea,1993,125.296575
Republic Of Korea,1994,77.32339166666667
Republic Of Korea,1995,91.62871666666666
Republic Of Korea,1996,100.27234166666666
Republic Of Korea,1997,113.76976666666667
Republic Of Korea,1998,149.302535
Republic Of Korea,1999,146.27638833333333
Republic Of Korea,2000,109.99747833333333
Republic Of Korea,2001,98.083975
Republic Of Korea,2002,117.51983583333333
Republic Of Korea,2003,173.11838333333333
Republic Of Korea,2004,130.45154166666666
Republic Of Korea,2005,111.92970833333334
Republic Of Korea,2006,125.10476666666666
Republic Of Korea,2007,117.99273333333333
Republic Of Korea,2008,102.30086666666666
Republic Of Korea,2009,112.209225
Republic Of Korea,2010,129.25265
Republic Of Korea,2011,126.25384166666667
Republic Of Korea,2012,136.01309999999998
Republic Of Korea,2013,103.03694166666666
Republic Of Korea,2014,104.88373333333334
Republic Of Korea,2015,89.93895833333333
Republic Of Korea,2016,112.23480833333333
Republic Of Montenegro,1901,106.02079166666665
Republic Of Montenegro,1902,107.88735000000001
Republic Of Montenegro,1903,87.96379999999999
Republic Of Montenegro,1904,81.48694166666667
Republic Of Montenegro,1905,95.501425
Republic Of Montenegro,1906,96.41816666666666
Republic Of Montenegro,1907,86.14897500000001
Republic Of Montenegro,1908,84.48124166666666
Republic Of Montenegro,1909,105.22855833333334
Republic Of Montenegro,1910,121.93308333333334
Republic Of Montenegro,1911,85.06675
Republic Of Montenegro,1912,100.871775
Republic Of Montenegro,1913,96.09435
Republic Of Montenegro,1914,100.60103333333332
Republic Of Montenegro,1915,143.65106666666665
Republic Of Montenegro,1916,103.92655
Republic Of Montenegro,1917,86.170275
Republic Of Montenegro,1918,77.79288333333334
Republic Of Montenegro,1919,109.00474166666667
Republic Of Montenegro,1920,78.6987
Republic Of Montenegro,1921,79.201275
Republic Of Montenegro,1922,104.23873333333331
Republic Of Montenegro,1923,104.90788333333334
Republic Of Montenegro,1924,97.88050833333334
Republic Of Montenegro,1925,113.18149166666667
Republic Of Montenegro,1926,105.41844166666665
Republic Of Montenegro,1927,99.75519166666668
Republic Of Montenegro,1928,83.27126666666668
Republic Of Montenegro,1929,95.64079166666666
Republic Of Montenegro,1930,94.56691666666666
Republic Of Montenegro,1931,96.29535833333334
Republic Of Montenegro,1932,90.57270833333332
Republic Of Montenegro,1933,100.52825
Republic Of Montenegro,1934,94.41736666666667
Republic Of Montenegro,1935,84.60239166666666
Republic Of Montenegro,1936,97.28474166666666
Republic Of Montenegro,1937,130.30096666666668
Republic Of Montenegro,1938,79.58329166666667
Republic Of Montenegro,1939,104.208275
Republic Of Montenegro,1940,113.49506666666667
Republic Of Montenegro,1941,110.56827499999999
Republic Of Montenegro,1942,90.42154166666667
Republic Of Montenegro,1943,91.54013333333334
Republic Of Montenegro,1944,107.42813333333334
Republic Of Montenegro,1945,73.94664166666666
Republic Of Montenegro,1946,74.90214999999999
Republic Of Montenegro,1947,78.12111666666667
Republic Of Montenegro,1948,80.94221666666667
Republic Of Montenegro,1949,88.52684666666666
Republic Of Montenegro,1950,81.63738333333333
Republic Of Montenegro,1951,91.17506666666667
Republic Of Montenegro,1952,95.69645833333334
Republic Of Montenegro,1953,70.50539166666667
Republic Of Montenegro,1954,93.411975
Republic Of Montenegro,1955,112.20400000000001
Republic Of Montenegro,1956,83.38273333333333
Republic Of Montenegro,1957,90.06549166666667
Republic Of Montenegro,1958,100.62284166666666
Republic Of Montenegro,1959,105.40324166666666
Republic Of Montenegro,1960,101.658525
Republic Of Montenegro,1961,81.94470833333334
Republic Of Montenegro,1962,97.09511666666667
Republic Of Montenegro,1963,105.9563
Republic Of Montenegro,1964,100.48700166666667
Republic Of Montenegro,1965,88.380375
Republic Of Montenegro,1966,107.96135833333334
Republic Of Montenegro,1967,90.13248333333333
Republic Of Montenegro,1968,102.86894166666667
Republic Of Montenegro,1969,109.84072333333334
Republic Of Montenegro,1970,106.05701666666666
Republic Of Montenegro,1971,84.85130833333334
Republic Of Montenegro,1972,94.542875
Republic Of Montenegro,1973,88.00135833333333
Republic Of Montenegro,1974,103.99521666666665
Republic Of Montenegro,1975,75.49514166666667
Republic Of Montenegro,1976,110.224575
Republic Of Montenegro,1977,90.98543333333333
Republic Of Montenegro,1978,109.17565
Republic Of Montenegro,1979,115.487525
Republic Of Montenegro,1980,105.1342
Republic Of Montenegro,1981,103.48469999999999
Republic Of Montenegro,1982,79.73825833333333
Republic Of Montenegro,1983,73.21615833333333
Republic Of Montenegro,1984,95.45870833333333
Republic Of Montenegro,1985,86.77941666666668
Republic Of Montenegro,1986,92.70338333333332
Republic Of Montenegro,1987,95.65055833333334
Republic Of Montenegro,1988,85.16235666666667
Republic Of Montenegro,1989,81.54282500000001
Republic Of Montenegro,1990,71.59140000000001
Republic Of Montenegro,1991,98.32896666666666
Republic Of Montenegro,1992,80.597025
Republic Of Montenegro,1993,83.10059166666666
Republic Of Montenegro,1994,82.69486666666667
Republic Of Montenegro,1995,106.10375499999999
Republic Of Montenegro,1996,112.96045
Republic Of Montenegro,1997,84.15049166666667
Republic Of Montenegro,1998,95.74490833333334
Republic Of Montenegro,1999,106.66039166666667
Republic Of Montenegro,2000,77.01750833333334
Republic Of Montenegro,2001,90.16587499999999
Republic Of Montenegro,2002,96.81925833333334
Republic Of Montenegro,2003,80.12148916666666
Republic Of Montenegro,2004,112.61160833333334
Republic Of Montenegro,2005,110.919375
Republic Of Montenegro,2006,89.63901666666668
Republic Of Montenegro,2007,91.84074166666666
Republic Of Montenegro,2008,95.83861666666667
Republic Of Montenegro,2009,112.36574166666666
Republic Of Montenegro,2010,136.17609166666668
Republic Of Montenegro,2011,67.22338333333333
Republic Of Montenegro,2012,88.87413333333332
Republic Of Montenegro,2013,114.29753333333333
Republic Of Montenegro,2014,121.73710833333332
Republic Of Montenegro,2015,82.63418
Republic Of Montenegro,2016,107.38561333333332
Republic Of Serbia,1901,66.32662499999999
Republic Of Serbia,1902,63.8419
Republic Of Serbia,1903,55.61353333333333
Republic Of Serbia,1904,50.930083333333336
Republic Of Serbia,1905,63.40895
Republic Of Serbia,1906,64.91085
Republic Of Serbia,1907,44.531375
Republic Of Serbia,1908,49.54634166666667
Republic Of Serbia,1909,66.78165
Republic Of Serbia,1910,70.72909166666666
Republic Of Serbia,1911,53.34215833333334
Republic Of Serbia,1912,72.48455
Republic Of Serbia,1913,63.46519166666667
Republic Of Serbia,1914,68.69335833333334
Republic Of Serbia,1915,85.76155
Republic Of Serbia,1916,61.53525
Republic Of Serbia,1917,51.05399166666666
Republic Of Serbia,1918,52.64010833333333
Republic Of Serbia,1919,72.74255833333333
Republic Of Serbia,1920,53.712133333333334
Republic Of Serbia,1921,53.417991666666666
Republic Of Serbia,1922,65.47058333333334
Republic Of Serbia,1923,58.76974166666667
Republic Of Serbia,1924,65.02498333333334
Republic Of Serbia,1925,72.277625
Republic Of Serbia,1926,65.18531666666667
Republic Of Serbia,1927,65.649225
Republic Of Serbia,1928,49.153416666666665
Republic Of Serbia,1929,65.61068333333334
Republic Of Serbia,1930,56.30443333333333
Republic Of Serbia,1931,63.85310833333333
Republic Of Serbia,1932,60.30903333333333
Republic Of Serbia,1933,64.12431666666667
Republic Of Serbia,1934,60.87670833333333
Republic Of Serbia,1935,53.01198333333334
Republic Of Serbia,1936,62.23830833333333
Republic Of Serbia,1937,82.96253333333333
Republic Of Serbia,1938,57.19920833333333
Republic Of Serbia,1939,69.32025
Republic Of Serbia,1940,74.96261666666666
Republic Of Serbia,1941,72.169175
Republic Of Serbia,1942,58.68019999999999
Republic Of Serbia,1943,54.097550000000005
Republic Of Serbia,1944,71.09323333333333
Republic Of Serbia,1945,47.92607666666667
Republic Of Serbia,1946,50.03933333333333
Republic Of Serbia,1947,48.85101083333333
Republic Of Serbia,1948,53.72015833333333
Republic Of Serbia,1949,59.668746666666664
Republic Of Serbia,1950,51.19853333333333
Republic Of Serbia,1951,61.230075
Republic Of Serbia,1952,62.625616666666666
Republic Of Serbia,1953,52.54075
Republic Of Serbia,1954,71.39486666666666
Republic Of Serbia,1955,77.93296666666667
Republic Of Serbia,1956,61.816516666666665
Republic Of Serbia,1957,62.59126416666667
Republic Of Serbia,1958,54.256541666666664
Republic Of Serbia,1959,63.5821
Republic Of Serbia,1960,64.88575833333333
Republic Of Serbia,1961,50.88255
Republic Of Serbia,1962,57.69485
Republic Of Serbia,1963,62.6646
Republic Of Serbia,1964,66.13470833333334
Republic Of Serbia,1965,59.1970675
Republic Of Serbia,1966,68.83928333333334
Republic Of Serbia,1967,59.69784166666667
Republic Of Serbia,1968,62.996433333333336
Republic Of Serbia,1969,70.32281583333334
Republic Of Serbia,1970,70.58371666666666
Republic Of Serbia,1971,55.71358333333333
Republic Of Serbia,1972,64.0165125
Republic Of Serbia,1973,55.9725
Republic Of Serbia,1974,70.27111666666667
Republic Of Serbia,1975,61.81719166666667
Republic Of Serbia,1976,66.35665
Republic Of Serbia,1977,61.72260833333333
Republic Of Serbia,1978,65.90204166666666
Republic Of Serbia,1979,65.474225
Republic Of Serbia,1980,70.245575
Republic Of Serbia,1981,69.85794166666666
Republic Of Serbia,1982,56.12375
Republic Of Serbia,1983,50.624275000000004
Republic Of Serbia,1984,56.27953333333334
Republic Of Serbia,1985,54.111133333333335
Republic Of Serbia,1986,54.676899999999996
Republic Of Serbia,1987,63.111825
Republic Of Serbia,1988,52.151925000000006
Republic Of Serbia,1989,57.342825000000005
Republic Of Serbia,1990,47.09138333333334
Republic Of Serbia,1991,68.13073333333334
Republic Of Serbia,1992,52.119933333333336
Republic Of Serbia,1993,49.837375
Republic Of Serbia,1994,54.282241666666664
Republic Of Serbia,1995,69.76680666666667
Republic Of Serbia,1996,68.17385833333333
Republic Of Serbia,1997,58.78964166666666
Republic Of Serbia,1998,63.513508333333334
Republic Of Serbia,1999,73.656475
Republic Of Serbia,2000,38.942675
Republic Of Serbia,2001,65.813
Republic Of Serbia,2002,61.415699999999994
Republic Of Serbia,2003,54.408835
Republic Of Serbia,2004,70.79949166666667
Republic Of Serbia,2005,75.50951666666667
Republic Of Serbia,2006,62.60508333333333
Republic Of Serbia,2007,67.73960749999999
Republic Of Serbia,2008,58.51786666666666
Republic Of Serbia,2009,68.54745
Republic Of Serbia,2010,83.46405
Republic Of Serbia,2011,42.7287425
Republic Of Serbia,2012,55.29965333333333
Republic Of Serbia,2013,63.34735166666667
Republic Of Serbia,2014,81.498875
Republic Of Serbia,2015,59.651887499999994
Republic Of Serbia,2016,73.44099416666667
Romania,1901,63.097925
Romania,1902,54.35037833333333
Romania,1903,45.79304166666666
Romania,1904,44.76506666666666
Romania,1905,52.64111666666667
Romania,1906,59.34084166666667
Romania,1907,41.60149583333333
Romania,1908,50.706649999999996
Romania,1909,53.499875
Romania,1910,53.8459
Romania,1911,49.358891666666665
Romania,1912,69.52063333333334
Romania,1913,54.48616333333334
Romania,1914,62.52419666666666
Romania,1915,66.51523333333334
Romania,1916,53.942724999999996
Romania,1917,44.021833333333326
Romania,1918,53.458349999999996
Romania,1919,61.57604166666667
Romania,1920,53.200741666666666
Romania,1921,45.95773666666667
Romania,1922,62.78455833333334
Romania,1923,50.83538333333333
Romania,1924,51.88315
Romania,1925,58.39675
Romania,1926,53.029786666666666
Romania,1927,52.12455
Romania,1928,48.474983333333334
Romania,1929,48.26804166666667
Romania,1930,52.89244166666666
Romania,1931,54.95615
Romania,1932,52.90401666666667
Romania,1933,66.01414166666667
Romania,1934,47.08530833333333
Romania,1935,48.6231
Romania,1936,52.156508333333335
Romania,1937,59.90424166666667
Romania,1938,51.372391666666665
Romania,1939,58.2283
Romania,1940,64.70908333333334
Romania,1941,71.36370833333334
Romania,1942,49.079475
Romania,1943,47.406074999999994
Romania,1944,59.24240833333334
Romania,1945,41.407133333333334
Romania,1946,43.573366666666665
Romania,1947,52.71774166666666
Romania,1948,47.07317
Romania,1949,51.770024166666666
Romania,1950,45.69603333333333
Romania,1951,47.855783333333335
Romania,1952,53.237516666666664
Romania,1953,45.27399166666667
Romania,1954,59.211958333333335
Romania,1955,67.45885
Romania,1956,51.491725
Romania,1957,55.76378333333333
Romania,1958,50.43360833333333
Romania,1959,48.793128333333335
Romania,1960,58.561591666666665
Romania,1961,45.27281166666666
Romania,1962,50.46638333333333
Romania,1963,47.527233333333335
Romania,1964,55.35943916666667
Romania,1965,50.29316500000001
Romania,1966,64.765975
Romania,1967,49.406441666666666
Romania,1968,52.746375
Romania,1969,62.19460083333333
Romania,1970,67.09381666666667
Romania,1971,55.218700000000005
Romania,1972,59.192971666666665
Romania,1973,47.03096666666667
Romania,1974,59.860733333333336
Romania,1975,56.80470833333334
Romania,1976,52.70193750000001
Romania,1977,52.92175
Romania,1978,58.939658333333334
Romania,1979,57.95036666666667
Romania,1980,65.30665
Romania,1981,59.59404166666667
Romania,1982,47.966925
Romania,1983,43.70498333333333
Romania,1984,57.807141666666666
Romania,1985,49.73085
Romania,1986,41.174585
Romania,1987,48.552324999999996
Romania,1988,54.004025000000006
Romania,1989,48.634953333333335
Romania,1990,40.82298333333333
Romania,1991,61.23880833333334
Romania,1992,44.187275
Romania,1993,49.484025
Romania,1994,45.78753333333333
Romania,1995,59.7508
Romania,1996,55.34741666666667
Romania,1997,60.81705
Romania,1998,61.26602499999999
Romania,1999,61.42224166666667
Romania,2000,37.169443333333334
Romania,2001,59.1311
Romania,2002,51.242333333333335
Romania,2003,43.92778333333333
Romania,2004,60.814024999999994
Romania,2005,67.34248333333333
Romania,2006,56.34225000000001
Romania,2007,59.54031666666666
Romania,2008,53.0768
Romania,2009,53.62936666666667
Romania,2010,69.753575
Romania,2011,40.28559666666666
Romania,2012,50.954708333333336
Romania,2013,56.33434916666667
Romania,2014,65.01981666666667
Romania,2015,51.625207499999995
Romania,2016,61.87224166666667
Russia,1901,31.290541666666666
Russia,1902,32.945275
Russia,1903,33.06664166666667
Russia,1904,32.0426
Russia,1905,33.992666666666665
Russia,1906,33.84319166666666
Russia,1907,31.936525
Russia,1908,32.5072
Russia,1909,32.558083333333336
Russia,1910,31.867358333333332
Russia,1911,31.575441666666666
Russia,1912,33.964975
Russia,1913,33.51318333333334
Russia,1914,32.591
Russia,1915,34.404158333333335
Russia,1916,32.586549999999995
Russia,1917,31.296691666666664
Russia,1918,32.00994166666667
Russia,1919,34.17579166666667
Russia,1920,31.153658333333336
Russia,1921,32.297325
Russia,1922,35.45514166666667
Russia,1923,34.75145833333334
Russia,1924,33.70764166666667
Russia,1925,34.29455
Russia,1926,33.22119166666666
Russia,1927,35.690675
Russia,1928,33.500791666666665
Russia,1929,33.207591666666666
Russia,1930,33.375675
Russia,1931,31.868148333333334
Russia,1932,33.23655
Russia,1933,32.5494
Russia,1934,30.398974999999997
Russia,1935,34.38223333333333
Russia,1936,32.935658333333336
Russia,1937,33.63760833333333
Russia,1938,34.917433333333335
Russia,1939,34.314258333333335
Russia,1940,34.51080833333334
Russia,1941,35.75481666666666
Russia,1942,35.833283333333334
Russia,1943,36.04869166666666
Russia,1944,35.957125
Russia,1945,35.049641666666666
Russia,1946,34.957116666666664
Russia,1947,34.489641666666664
Russia,1948,37.146966666666664
Russia,1949,35.116225
Russia,1950,36.753125000000004
Russia,1951,35.348708333333335
Russia,1952,36.24290833333333
Russia,1953,36.283233333333335
Russia,1954,35.35935833333333
Russia,1955,36.672425
Russia,1956,37.19960833333334
Russia,1957,37.7127
Russia,1958,37.11481666666666
Russia,1959,36.77424166666666
Russia,1960,36.603474999999996
Russia,1961,38.44629166666667
Russia,1962,37.574216666666665
Russia,1963,36.656150000000004
Russia,1964,35.258583333333334
Russia,1965,36.4101
Russia,1966,40.72405
Russia,1967,36.04333333333333
Russia,1968,36.438608333333335
Russia,1969,34.373083333333334
Russia,1970,36.45028333333333
Russia,1971,36.50824166666667
Russia,1972,35.11709166666667
Russia,1973,36.63489166666667
Russia,1974,34.378125
Russia,1975,36.049
Russia,1976,32.861725
Russia,1977,37.312525
Russia,1978,36.45245833333333
Russia,1979,36.09238333333334
Russia,1980,34.86718333333334
Russia,1981,35.79745833333333
Russia,1982,36.768058333333336
Russia,1983,36.76861666666667
Russia,1984,34.907491666666665
Russia,1985,35.28901666666667
Russia,1986,34.342416666666665
Russia,1987,34.18091666666667
Russia,1988,35.915016666666666
Russia,1989,37.4463
Russia,1990,38.407266666666665
Russia,1991,35.29865833333333
Russia,1992,34.95843333333333
Russia,1993,35.11195
Russia,1994,36.355650000000004
Russia,1995,36.91725
Russia,1996,34.82545
Russia,1997,36.935383333333334
Russia,1998,36.903725
Russia,1999,35.10845
Russia,2000,36.79644166666667
Russia,2001,36.97538333333333
Russia,2002,36.919958333333334
Russia,2003,35.66096666666667
Russia,2004,37.992808333333336
Russia,2005,35.692391666666666
Russia,2006,37.482841666666666
Russia,2007,38.909216666666666
Russia,2008,38.702758333333335
Russia,2009,36.738366666666664
Russia,2010,37.52611666666667
Russia,2011,36.74545833333334
Russia,2012,37.57541666666666
Russia,2013,38.9789
Russia,2014,37.248466666666666
Russia,2015,37.91771666666667
Russia,2016,37.132075
Rwanda,1901,73.937475
Rwanda,1902,83.589825
Rwanda,1903,112.0785
Rwanda,1904,91.33398749999999
Rwanda,1905,100.65985
Rwanda,1906,84.484825
Rwanda,1907,93.0887825
Rwanda,1908,86.46943333333333
Rwanda,1909,87.02459416666666
Rwanda,1910,89.23394583333334
Rwanda,1911,71.49843249999999
Rwanda,1912,102.44331666666666
Rwanda,1913,69.00472833333333
Rwanda,1914,81.93778333333334
Rwanda,1915,94.06490000000001
Rwanda,1916,88.8702475
Rwanda,1917,92.91434416666665
Rwanda,1918,77.4002425
Rwanda,1919,95.03300250000001
Rwanda,1920,91.35270083333334
Rwanda,1921,70.36172666666667
Rwanda,1922,88.64548
Rwanda,1923,94.7679875
Rwanda,1924,84.41063
Rwanda,1925,99.66974166666667
Rwanda,1926,96.506125
Rwanda,1927,92.51775166666665
Rwanda,1928,82.01141666666666
Rwanda,1929,95.70414166666667
Rwanda,1930,118.54120833333333
Rwanda,1931,94.886925
Rwanda,1932,94.13456666666667
Rwanda,1933,90.114575
Rwanda,1934,87.32369833333333
Rwanda,1935,94.48982
Rwanda,1936,109.17058333333334
Rwanda,1937,119.29101666666668
Rwanda,1938,89.21565833333334
Rwanda,1939,91.85681666666666
Rwanda,1940,95.70098333333334
Rwanda,1941,116.70878416666666
Rwanda,1942,99.09982416666666
Rwanda,1943,81.12504416666667
Rwanda,1944,95.077615
Rwanda,1945,93.168075
Rwanda,1946,92.49792000000001
Rwanda,1947,104.80218166666667
Rwanda,1948,89.41576666666667
Rwanda,1949,88.33090833333334
Rwanda,1950,96.05807083333333
Rwanda,1951,114.44113333333333
Rwanda,1952,79.24509166666667
Rwanda,1953,99.438
Rwanda,1954,90.71363333333333
Rwanda,1955,100.82802833333334
Rwanda,1956,102.21884583333333
Rwanda,1957,107.93570833333332
Rwanda,1958,95.77284166666668
Rwanda,1959,96.72797166666668
Rwanda,1960,88.12402666666667
Rwanda,1961,109.68889999999999
Rwanda,1962,113.5048125
Rwanda,1963,125.63780833333334
Rwanda,1964,100.410375
Rwanda,1965,97.27845333333333
Rwanda,1966,99.897175
Rwanda,1967,103.03635833333333
Rwanda,1968,109.16577416666667
Rwanda,1969,91.97341083333333
Rwanda,1970,104.196575
Rwanda,1971,101.92796666666668
Rwanda,1972,105.60562916666667
Rwanda,1973,100.51299416666666
Rwanda,1974,95.99190833333334
Rwanda,1975,104.09500833333334
Rwanda,1976,95.91818333333333
Rwanda,1977,113.86879166666667
Rwanda,1978,109.406225
Rwanda,1979,103.46940416666666
Rwanda,1980,100.55201333333333
Rwanda,1981,99.592925
Rwanda,1982,102.78341916666666
Rwanda,1983,99.88364166666668
Rwanda,1984,89.64927916666666
Rwanda,1985,97.30107500000001
Rwanda,1986,95.16553666666665
Rwanda,1987,100.19630833333333
Rwanda,1988,104.67293333333333
Rwanda,1989,92.30143333333335
Rwanda,1990,95.60186583333335
Rwanda,1991,96.63120833333333
Rwanda,1992,91.8958225
Rwanda,1993,90.9612225
Rwanda,1994,105.09549166666666
Rwanda,1995,99.41108166666668
Rwanda,1996,96.05073333333333
Rwanda,1997,104.675775
Rwanda,1998,105.96105833333333
Rwanda,1999,90.00207499999999
Rwanda,2000,89.05373750000001
Rwanda,2001,117.55806083333334
Rwanda,2002,101.23802416666666
Rwanda,2003,103.54946416666667
Rwanda,2004,84.708985
Rwanda,2005,83.2547575
Rwanda,2006,108.67671250000001
Rwanda,2007,120.20803416666666
Rwanda,2008,91.3899125
Rwanda,2009,103.63951916666667
Rwanda,2010,109.47900750000001
Rwanda,2011,146.55982500000002
Rwanda,2012,80.99687916666666
Rwanda,2013,103.72141083333334
Rwanda,2014,103.39231666666667
Rwanda,2015,116.85815666666667
Rwanda,2016,115.8716
Samoa,1901,219.56248166666668
Samoa,1902,187.68253333333334
Samoa,1903,273.81211666666667
Samoa,1904,288.4021666666667
Samoa,1905,147.83451666666667
Samoa,1906,186.39745833333333
Samoa,1907,276.870265
Samoa,1908,367.25710000000004
Samoa,1909,149.70330333333334
Samoa,1910,243.376875
Samoa,1911,173.05174166666666
Samoa,1912,171.25945000000002
Samoa,1913,278.274475
Samoa,1914,234.70575
Samoa,1915,194.67336666666665
Samoa,1916,312.3098333333333
Samoa,1917,269.5613916666667
Samoa,1918,204.25689166666666
Samoa,1919,184.05595833333334
Samoa,1920,283.13368333333335
Samoa,1921,261.4066583333333
Samoa,1922,288.6571333333333
Samoa,1923,224.27143333333333
Samoa,1924,260.3184166666667
Samoa,1925,186.04374166666665
Samoa,1926,222.52305833333335
Samoa,1927,283.45073333333335
Samoa,1928,289.0430333333333
Samoa,1929,232.9461666666667
Samoa,1930,195.6769608333333
Samoa,1931,268.61920000000003
Samoa,1932,262.151425
Samoa,1933,295.37310833333333
Samoa,1934,263.04429166666665
Samoa,1935,288.8575666666667
Samoa,1936,232.67533333333336
Samoa,1937,239.08956666666668
Samoa,1938,304.17636666666664
Samoa,1939,273.5107
Samoa,1940,174.70928333333333
Samoa,1941,173.25345000000002
Samoa,1942,234.63585
Samoa,1943,172.279575
Samoa,1944,237.11844166666666
Samoa,1945,283.60266666666666
Samoa,1946,265.30583333333334
Samoa,1947,283.630975
Samoa,1948,308.7321
Samoa,1949,240.97079166666666
Samoa,1950,342.9180833333333
Samoa,1951,203.58264999999997
Samoa,1952,199.1161
Samoa,1953,173.79921666666667
Samoa,1954,303.20283333333333
Samoa,1955,294.65040000000005
Samoa,1956,252.13016666666667
Samoa,1957,219.55686666666668
Samoa,1958,207.43368333333333
Samoa,1959,280.66339166666666
Samoa,1960,238.84696666666665
Samoa,1961,258.5412166666667
Samoa,1962,281.5230833333333
Samoa,1963,193.14284166666667
Samoa,1964,272.1186666666667
Samoa,1965,201.5247916666667
Samoa,1966,261.2138333333333
Samoa,1967,298.06025
Samoa,1968,249.88210833333335
Samoa,1969,215.04122500000003
Samoa,1970,302.5745
Samoa,1971,241.7460583333333
Samoa,1972,293.665775
Samoa,1973,336.8856666666666
Samoa,1974,271.40410833333334
Samoa,1975,282.5665833333333
Samoa,1976,241.53709166666667
Samoa,1977,169.89089166666665
Samoa,1978,313.4997333333333
Samoa,1979,256.27140833333334
Samoa,1980,308.82475
Samoa,1981,313.7986583333333
Samoa,1982,205.14222500000002
Samoa,1983,171.00136666666666
Samoa,1984,224.4245
Samoa,1985,210.7239
Samoa,1986,251.34979166666668
Samoa,1987,161.637915
Samoa,1988,293.9949166666667
Samoa,1989,245.687375
Samoa,1990,199.36108333333334
Samoa,1991,271.16773333333333
Samoa,1992,272.22841666666665
Samoa,1993,256.965575
Samoa,1994,295.68625000000003
Samoa,1995,257.18583333333333
Samoa,1996,299.01533333333333
Samoa,1997,236.88665
Samoa,1998,128.5271
Samoa,1999,248.67703333333336
Samoa,2000,267.93879166666665
Samoa,2001,223.7367833333333
Samoa,2002,254.79498333333333
Samoa,2003,253.09125000000003
Samoa,2004,197.96325833333333
Samoa,2005,300.89258333333333
Samoa,2006,320.35275
Samoa,2007,304.012
Samoa,2008,249.90536666666665
Samoa,2009,269.27
Samoa,2010,266.80858333333333
Samoa,2011,227.66186666666667
Samoa,2012,252.34363333333332
Samoa,2013,264.85325
Samoa,2014,259.3634666666667
Samoa,2015,307.3000833333333
Samoa,2016,222.583475
Sao Tome And Principe,1901,192.57604166666667
Sao Tome And Principe,1902,194.76745000000003
Sao Tome And Principe,1903,172.846075
Sao Tome And Principe,1904,163.35569166666667
Sao Tome And Principe,1905,177.03796666666668
Sao Tome And Principe,1906,112.96801583333333
Sao Tome And Principe,1907,138.41030833333335
Sao Tome And Principe,1908,190.07719999999998
Sao Tome And Principe,1909,205.608925
Sao Tome And Principe,1910,234.6099825
Sao Tome And Principe,1911,101.6749375
Sao Tome And Principe,1912,234.86810833333334
Sao Tome And Principe,1913,125.05097500000001
Sao Tome And Principe,1914,153.52482083333334
Sao Tome And Principe,1915,186.540675
Sao Tome And Principe,1916,185.89359166666668
Sao Tome And Principe,1917,181.85318333333336
Sao Tome And Principe,1918,178.3336416666667
Sao Tome And Principe,1919,177.78082500000002
Sao Tome And Principe,1920,179.63945833333332
Sao Tome And Principe,1921,182.97447499999998
Sao Tome And Principe,1922,182.05058333333332
Sao Tome And Principe,1923,179.87924999999998
Sao Tome And Principe,1924,187.28644166666666
Sao Tome And Principe,1925,178.995725
Sao Tome And Principe,1926,182.83466666666666
Sao Tome And Principe,1927,183.691675
Sao Tome And Principe,1928,185.62954166666665
Sao Tome And Principe,1929,185.39379999999997
Sao Tome And Principe,1930,183.29541666666668
Sao Tome And Principe,1931,183.55620833333333
Sao Tome And Principe,1932,178.409675
Sao Tome And Principe,1933,196.14840416666667
Sao Tome And Principe,1934,266.92405
Sao Tome And Principe,1935,219.18785416666665
Sao Tome And Principe,1936,141.74025333333333
Sao Tome And Principe,1937,199.45423083333333
Sao Tome And Principe,1938,158.60678249999998
Sao Tome And Principe,1939,178.54766833333335
Sao Tome And Principe,1940,132.17841666666666
Sao Tome And Principe,1941,124.55913416666665
Sao Tome And Principe,1942,121.18099416666666
Sao Tome And Principe,1943,148.61927333333333
Sao Tome And Principe,1944,215.25035833333334
Sao Tome And Principe,1945,196.8913
Sao Tome And Principe,1946,205.37728333333334
Sao Tome And Principe,1947,246.00076666666666
Sao Tome And Principe,1948,196.78562499999998
Sao Tome And Principe,1949,204.348625
Sao Tome And Principe,1950,209.23429416666667
Sao Tome And Principe,1951,197.94326750000002
Sao Tome And Principe,1952,166.00235
Sao Tome And Principe,1953,147.228375
Sao Tome And Principe,1954,177.52756333333332
Sao Tome And Principe,1955,245.6889666666667
Sao Tome And Principe,1956,179.06225833333335
Sao Tome And Principe,1957,193.0492833333333
Sao Tome And Principe,1958,135.895925
Sao Tome And Principe,1959,207.91594999999998
Sao Tome And Principe,1960,232.97045
Sao Tome And Principe,1961,215.316775
Sao Tome And Principe,1962,214.33937500000002
Sao Tome And Principe,1963,211.57468333333335
Sao Tome And Principe,1964,154.470425
Sao Tome And Principe,1965,156.67870833333333
Sao Tome And Principe,1966,209.81595833333333
Sao Tome And Principe,1967,191.62187500000002
Sao Tome And Principe,1968,163.7747175
Sao Tome And Principe,1969,179.21009166666667
Sao Tome And Principe,1970,193.47646666666665
Sao Tome And Principe,1971,186.837475
Sao Tome And Principe,1972,144.05963333333332
Sao Tome And Principe,1973,199.32198333333335
Sao Tome And Principe,1974,152.42279166666665
Sao Tome And Principe,1975,190.17524166666666
Sao Tome And Principe,1976,174.62160666666668
Sao Tome And Principe,1977,187.941225
Sao Tome And Principe,1978,156.13414166666666
Sao Tome And Principe,1979,156.42240833333332
Sao Tome And Principe,1980,138.03267166666666
Sao Tome And Principe,1981,139.70229666666668
Sao Tome And Principe,1982,125.90559666666667
Sao Tome And Principe,1983,121.03358333333334
Sao Tome And Principe,1984,248.093825
Sao Tome And Principe,1985,186.88949166666666
Sao Tome And Principe,1986,153.78049166666668
Sao Tome And Principe,1987,146.52418333333333
Sao Tome And Principe,1988,260.3742916666667
Sao Tome And Principe,1989,194.49025500000002
Sao Tome And Principe,1990,194.57404166666666
Sao Tome And Principe,1991,171.431475
Sao Tome And Principe,1992,131.76295916666666
Sao Tome And Principe,1993,161.15145833333335
Sao Tome And Principe,1994,164.893725
Sao Tome And Principe,1995,182.53713333333334
Sao Tome And Principe,1996,193.02486666666667
Sao Tome And Principe,1997,185.83554166666667
Sao Tome And Principe,1998,202.77638333333334
Sao Tome And Principe,1999,225.5026
Sao Tome And Principe,2000,206.685775
Sao Tome And Principe,2001,189.93589999999998
Sao Tome And Principe,2002,223.69289166666667
Sao Tome And Principe,2003,175.430025
Sao Tome And Principe,2004,159.2242916666667
Sao Tome And Principe,2005,125.65617083333332
Sao Tome And Principe,2006,140.12418333333332
Sao Tome And Principe,2007,246.86614999999998
Sao Tome And Principe,2008,193.07353166666667
Sao Tome And Principe,2009,171.16594
Sao Tome And Principe,2010,148.80414166666665
Sao Tome And Principe,2011,156.03028416666666
Sao Tome And Principe,2012,236.57168333333334
Sao Tome And Principe,2013,164.56416666666667
Sao Tome And Principe,2014,158.69134166666666
Sao Tome And Principe,2015,137.70498333333333
Sao Tome And Principe,2016,154.74223333333333
Saudi Arabia,1901,6.320410833333334
Saudi Arabia,1902,6.029301666666666
Saudi Arabia,1903,6.438169166666667
Saudi Arabia,1904,6.266168333333333
Saudi Arabia,1905,6.092703333333334
Saudi Arabia,1906,6.6331825
Saudi Arabia,1907,6.204274166666667
Saudi Arabia,1908,6.068663333333333
Saudi Arabia,1909,7.116653333333333
Saudi Arabia,1910,6.089735833333333
Saudi Arabia,1911,7.107730833333334
Saudi Arabia,1912,7.483228333333334
Saudi Arabia,1913,6.6351
Saudi Arabia,1914,6.6877225
Saudi Arabia,1915,6.6813199999999995
Saudi Arabia,1916,6.571535833333333
Saudi Arabia,1917,6.477429999999999
Saudi Arabia,1918,6.753715
Saudi Arabia,1919,6.439127500000001
Saudi Arabia,1920,6.8289125
Saudi Arabia,1921,6.305289166666667
Saudi Arabia,1922,5.989415833333333
Saudi Arabia,1923,6.738058333333334
Saudi Arabia,1924,6.4526875
Saudi Arabia,1925,6.3481075
Saudi Arabia,1926,6.282781666666668
Saudi Arabia,1927,5.923311666666667
Saudi Arabia,1928,5.580725
Saudi Arabia,1929,6.813649166666667
Saudi Arabia,1930,5.750397499999999
Saudi Arabia,1931,6.458778333333334
Saudi Arabia,1932,6.722888333333334
Saudi Arabia,1933,6.213475833333334
Saudi Arabia,1934,6.719475
Saudi Arabia,1935,6.62414
Saudi Arabia,1936,6.502443333333333
Saudi Arabia,1937,6.3192375
Saudi Arabia,1938,6.1700341666666665
Saudi Arabia,1939,6.767440833333333
Saudi Arabia,1940,5.918119166666667
Saudi Arabia,1941,6.24324
Saudi Arabia,1942,5.9310425
Saudi Arabia,1943,5.917238333333334
Saudi Arabia,1944,5.494931666666666
Saudi Arabia,1945,6.120348333333333
Saudi Arabia,1946,5.945388333333334
Saudi Arabia,1947,6.453260833333334
Saudi Arabia,1948,6.619255
Saudi Arabia,1949,6.269339166666666
Saudi Arabia,1950,5.927894166666667
Saudi Arabia,1951,5.757583333333334
Saudi Arabia,1952,4.804046666666666
Saudi Arabia,1953,5.715050000000001
Saudi Arabia,1954,5.456718333333334
Saudi Arabia,1955,7.099649166666667
Saudi Arabia,1956,4.226201666666666
Saudi Arabia,1957,7.458275
Saudi Arabia,1958,4.401975833333334
Saudi Arabia,1959,5.080085833333333
Saudi Arabia,1960,5.332319166666666
Saudi Arabia,1961,6.460013333333333
Saudi Arabia,1962,4.390303333333334
Saudi Arabia,1963,8.759520833333333
Saudi Arabia,1964,6.366869166666667
Saudi Arabia,1965,5.606161666666666
Saudi Arabia,1966,4.2800375
Saudi Arabia,1967,7.456705833333333
Saudi Arabia,1968,8.317989166666667
Saudi Arabia,1969,6.190439166666667
Saudi Arabia,1970,2.801485
Saudi Arabia,1971,7.389187499999999
Saudi Arabia,1972,7.615759166666667
Saudi Arabia,1973,3.5789725000000003
Saudi Arabia,1974,6.44745
Saudi Arabia,1975,7.081758333333333
Saudi Arabia,1976,9.489393333333334
Saudi Arabia,1977,5.5565999999999995
Saudi Arabia,1978,3.924864166666667
Saudi Arabia,1979,7.0457225
Saudi Arabia,1980,3.968079166666667
Saudi Arabia,1981,6.3941375
Saudi Arabia,1982,10.3655525
Saudi Arabia,1983,6.579693333333334
Saudi Arabia,1984,4.980366666666667
Saudi Arabia,1985,6.120236666666667
Saudi Arabia,1986,6.9662991666666665
Saudi Arabia,1987,6.087974166666666
Saudi Arabia,1988,7.094805833333333
Saudi Arabia,1989,7.3278925
Saudi Arabia,1990,4.873036666666667
Saudi Arabia,1991,5.798295833333333
Saudi Arabia,1992,6.671034166666666
Saudi Arabia,1993,9.946363333333332
Saudi Arabia,1994,5.270716666666667
Saudi Arabia,1995,7.849174166666667
Saudi Arabia,1996,7.52222
Saudi Arabia,1997,7.304690000000001
Saudi Arabia,1998,6.50954
Saudi Arabia,1999,5.141306666666666
Saudi Arabia,2000,5.3821075
Saudi Arabia,2001,4.7287375
Saudi Arabia,2002,6.76314
Saudi Arabia,2003,4.867475
Saudi Arabia,2004,5.492895
Saudi Arabia,2005,5.1949025
Saudi Arabia,2006,5.519279166666667
Saudi Arabia,2007,6.278471666666667
Saudi Arabia,2008,4.4594975
Saudi Arabia,2009,4.3402725
Saudi Arabia,2010,4.8363725
Saudi Arabia,2011,4.967173333333333
Saudi Arabia,2012,5.625858333333333
Saudi Arabia,2013,5.73817
Saudi Arabia,2014,5.977025
Saudi Arabia,2015,4.799006666666666
Saudi Arabia,2016,5.390201666666667
Senegal,1901,77.58140583333333
Senegal,1902,50.393998333333336
Senegal,1903,62.64208416666667
Senegal,1904,65.0227275
Senegal,1905,85.27538166666666
Senegal,1906,97.81322166666666
Senegal,1907,54.824981666666666
Senegal,1908,63.64388416666666
Senegal,1909,72.07030333333334
Senegal,1910,67.91829416666666
Senegal,1911,57.35682499999999
Senegal,1912,58.055463333333336
Senegal,1913,48.3576525
Senegal,1914,73.46246083333334
Senegal,1915,72.2632525
Senegal,1916,73.95544833333334
Senegal,1917,68.60164166666667
Senegal,1918,85.01484166666667
Senegal,1919,64.4104
Senegal,1920,66.57417416666667
Senegal,1921,58.48031833333334
Senegal,1922,66.60460416666666
Senegal,1923,65.47285166666667
Senegal,1924,69.56801666666667
Senegal,1925,66.47743166666667
Senegal,1926,60.18090916666666
Senegal,1927,86.05545333333333
Senegal,1928,77.61378083333334
Senegal,1929,75.17025833333334
Senegal,1930,66.34296833333333
Senegal,1931,56.1453725
Senegal,1932,69.40616583333333
Senegal,1933,83.25869833333334
Senegal,1934,64.42262416666667
Senegal,1935,82.12189166666667
Senegal,1936,86.815895
Senegal,1937,69.18445416666667
Senegal,1938,73.78602166666667
Senegal,1939,69.19890166666666
Senegal,1940,73.78214583333333
Senegal,1941,55.635669166666666
Senegal,1942,61.16251916666667
Senegal,1943,76.433775
Senegal,1944,60.144731666666665
Senegal,1945,68.08239
Senegal,1946,69.01320333333334
Senegal,1947,64.6272875
Senegal,1948,63.7236275
Senegal,1949,60.06464
Senegal,1950,89.701865
Senegal,1951,83.33043583333333
Senegal,1952,82.2432775
Senegal,1953,73.26553249999999
Senegal,1954,72.96183
Senegal,1955,81.64167166666667
Senegal,1956,69.75931333333334
Senegal,1957,78.48919500000001
Senegal,1958,80.46604
Senegal,1959,64.88676166666666
Senegal,1960,68.42875166666667
Senegal,1961,72.77042
Senegal,1962,64.82202166666667
Senegal,1963,68.27746666666667
Senegal,1964,74.42930416666665
Senegal,1965,74.26962166666667
Senegal,1966,73.8105825
Senegal,1967,73.30675416666666
Senegal,1968,46.40354833333333
Senegal,1969,76.32878416666667
Senegal,1970,51.828540000000004
Senegal,1971,59.24438083333334
Senegal,1972,44.93909583333333
Senegal,1973,48.34043166666666
Senegal,1974,59.01542916666667
Senegal,1975,68.64632916666666
Senegal,1976,56.38630416666667
Senegal,1977,45.420321666666666
Senegal,1978,64.80118083333333
Senegal,1979,54.56230166666666
Senegal,1980,46.15949583333333
Senegal,1981,56.6969075
Senegal,1982,49.44661583333333
Senegal,1983,38.46042083333334
Senegal,1984,48.38267333333334
Senegal,1985,53.214333333333336
Senegal,1986,54.87728833333333
Senegal,1987,56.467165
Senegal,1988,62.40875083333333
Senegal,1989,63.476190833333334
Senegal,1990,45.87010333333333
Senegal,1991,49.525800000000004
Senegal,1992,50.700200833333334
Senegal,1993,53.121700833333335
Senegal,1994,64.870325
Senegal,1995,57.68813666666666
Senegal,1996,52.12162166666667
Senegal,1997,53.788489999999996
Senegal,1998,54.86247583333333
Senegal,1999,72.52477333333333
Senegal,2000,60.54367416666667
Senegal,2001,52.469786666666664
Senegal,2002,40.484225
Senegal,2003,70.24809583333332
Senegal,2004,55.02763000000001
Senegal,2005,73.60004666666667
Senegal,2006,57.186845000000005
Senegal,2007,54.19954083333334
Senegal,2008,68.60964333333332
Senegal,2009,66.96104000000001
Senegal,2010,76.73883416666666
Senegal,2011,54.83654666666666
Senegal,2012,69.6292225
Senegal,2013,63.78870083333333
Senegal,2014,54.17524
Senegal,2015,59.724221666666665
Senegal,2016,61.36294166666667
Seychelles,1901,157.15339166666666
Seychelles,1902,134.88169166666668
Seychelles,1903,170.54195
Seychelles,1904,157.0168666666667
Seychelles,1905,140.87463333333332
Seychelles,1906,146.52068333333332
Seychelles,1907,123.6338
Seychelles,1908,129.987425
Seychelles,1909,120.82090000000001
Seychelles,1910,131.87105833333334
Seychelles,1911,123.52524166666667
Seychelles,1912,156.89903333333334
Seychelles,1913,112.49775
Seychelles,1914,160.174475
Seychelles,1915,157.11743333333334
Seychelles,1916,109.73984166666666
Seychelles,1917,111.29696666666666
Seychelles,1918,131.76746666666668
Seychelles,1919,143.69166666666666
Seychelles,1920,146.04299166666667
Seychelles,1921,144.38817500000002
Seychelles,1922,101.13057500000001
Seychelles,1923,168.46766666666667
Seychelles,1924,161.87005833333333
Seychelles,1925,192.51700833333334
Seychelles,1926,163.15799166666667
Seychelles,1927,114.354325
Seychelles,1928,192.84740833333333
Seychelles,1929,122.44063333333334
Seychelles,1930,136.10315833333334
Seychelles,1931,124.43015833333334
Seychelles,1932,118.77690833333334
Seychelles,1933,112.00696666666666
Seychelles,1934,165.88055
Seychelles,1935,159.42771666666667
Seychelles,1936,151.75312499999998
Seychelles,1937,156.28135916666668
Seychelles,1938,121.14255833333334
Seychelles,1939,113.22183333333334
Seychelles,1940,128.766875
Seychelles,1941,145.82296666666667
Seychelles,1942,101.03845000000001
Seychelles,1943,84.97395833333333
Seychelles,1944,111.31528333333334
Seychelles,1945,121.83834166666668
Seychelles,1946,118.65135
Seychelles,1947,129.284325
Seychelles,1948,122.61422499999999
Seychelles,1949,110.99783333333333
Seychelles,1950,138.23309166666667
Seychelles,1951,148.46604166666665
Seychelles,1952,135.92403333333334
Seychelles,1953,153.59131666666667
Seychelles,1954,112.12096666666666
Seychelles,1955,160.62599166666666
Seychelles,1956,132.10986666666668
Seychelles,1957,143.2445
Seychelles,1958,118.70396666666666
Seychelles,1959,120.66095
Seychelles,1960,113.48970000000001
Seychelles,1961,202.3861416666667
Seychelles,1962,139.22665833333335
Seychelles,1963,155.45673333333335
Seychelles,1964,163.78666666666666
Seychelles,1965,188.83505
Seychelles,1966,131.8886
Seychelles,1967,147.751475
Seychelles,1968,162.14995
Seychelles,1969,129.41538333333332
Seychelles,1970,106.5575225
Seychelles,1971,125.23541666666667
Seychelles,1972,146.42528333333334
Seychelles,1973,119.447025
Seychelles,1974,168.68739166666668
Seychelles,1975,122.9932
Seychelles,1976,134.405925
Seychelles,1977,149.70966666666666
Seychelles,1978,162.06305833333332
Seychelles,1979,122.528475
Seychelles,1980,125.61294166666666
Seychelles,1981,145.98808333333332
Seychelles,1982,137.3796
Seychelles,1983,172.64790000000002
Seychelles,1984,135.533875
Seychelles,1985,133.4869
Seychelles,1986,108.1501
Seychelles,1987,121.84477499999998
Seychelles,1988,129.203975
Seychelles,1989,135.31984166666666
Seychelles,1990,128.94786666666667
Seychelles,1991,157.07038333333333
Seychelles,1992,167.75706666666667
Seychelles,1993,127.83638333333333
Seychelles,1994,170.39769166666667
Seychelles,1995,143.23
Seychelles,1996,139.20588333333333
Seychelles,1997,138.5182
Seychelles,1998,118.2561
Seychelles,1999,128.718425
Seychelles,2000,138.00969999999998
Seychelles,2001,132.15754
Seychelles,2002,158.49001666666666
Seychelles,2003,156.94568333333333
Seychelles,2004,133.14395833333333
Seychelles,2005,127.77220833333332
Seychelles,2006,126.42203333333333
Seychelles,2007,112.32138333333334
Seychelles,2008,120.24176666666666
Seychelles,2009,134.48649166666667
Seychelles,2010,126.19000833333332
Seychelles,2011,116.70370833333334
Seychelles,2012,112.59224166666667
Seychelles,2013,133.60006666666666
Seychelles,2014,142.79826666666668
Seychelles,2015,146.28760833333334
Seychelles,2016,126.82816666666668
Sierra Leone,1901,205.00145250000003
Sierra Leone,1902,204.00255249999998
Sierra Leone,1903,214.33405000000002
Sierra Leone,1904,262.6840583333333
Sierra Leone,1905,243.16509083333335
Sierra Leone,1906,290.50716666666665
Sierra Leone,1907,187.007065
Sierra Leone,1908,227.80656
Sierra Leone,1909,204.04239416666667
Sierra Leone,1910,200.57863749999999
Sierra Leone,1911,200.91061083333332
Sierra Leone,1912,247.86371166666666
Sierra Leone,1913,208.5671583333333
Sierra Leone,1914,179.22965333333332
Sierra Leone,1915,237.57852166666666
Sierra Leone,1916,228.10292500000003
Sierra Leone,1917,182.62128416666667
Sierra Leone,1918,241.36173499999998
Sierra Leone,1919,216.29613666666668
Sierra Leone,1920,222.46831333333333
Sierra Leone,1921,223.76251833333333
Sierra Leone,1922,226.4037975
Sierra Leone,1923,223.07047916666667
Sierra Leone,1924,225.2631008333333
Sierra Leone,1925,219.70939750000002
Sierra Leone,1926,215.63891416666664
Sierra Leone,1927,212.6061983333333
Sierra Leone,1928,249.72439333333332
Sierra Leone,1929,226.78106416666665
Sierra Leone,1930,201.21759333333333
Sierra Leone,1931,236.33350833333336
Sierra Leone,1932,251.2199475
Sierra Leone,1933,230.64793083333333
Sierra Leone,1934,196.31651583333334
Sierra Leone,1935,198.26263416666666
Sierra Leone,1936,219.57560916666668
Sierra Leone,1937,211.77302666666665
Sierra Leone,1938,230.49422166666668
Sierra Leone,1939,215.24240583333335
Sierra Leone,1940,208.93878416666666
Sierra Leone,1941,205.4671975
Sierra Leone,1942,219.23262583333334
Sierra Leone,1943,218.45096666666666
Sierra Leone,1944,219.64115833333332
Sierra Leone,1945,230.01141916666666
Sierra Leone,1946,227.76668583333333
Sierra Leone,1947,205.87290083333335
Sierra Leone,1948,209.53230083333335
Sierra Leone,1949,210.52299666666667
Sierra Leone,1950,190.03782
Sierra Leone,1951,244.40374083333333
Sierra Leone,1952,223.57037
Sierra Leone,1953,236.46378333333334
Sierra Leone,1954,244.56580166666666
Sierra Leone,1955,240.71153
Sierra Leone,1956,202.87712583333334
Sierra Leone,1957,220.4542575
Sierra Leone,1958,204.22756666666666
Sierra Leone,1959,209.63981916666668
Sierra Leone,1960,217.4127983333333
Sierra Leone,1961,226.74982166666666
Sierra Leone,1962,229.23325249999996
Sierra Leone,1963,225.92577500000002
Sierra Leone,1964,201.81664250000003
Sierra Leone,1965,205.66643583333334
Sierra Leone,1966,254.12366583333335
Sierra Leone,1967,213.98466083333335
Sierra Leone,1968,228.34552083333332
Sierra Leone,1969,229.7384483333333
Sierra Leone,1970,188.51794833333335
Sierra Leone,1971,192.06057750000002
Sierra Leone,1972,190.7402175
Sierra Leone,1973,191.60828666666666
Sierra Leone,1974,200.98047666666665
Sierra Leone,1975,195.42325833333334
Sierra Leone,1976,206.34389833333333
Sierra Leone,1977,201.3892516666667
Sierra Leone,1978,214.36344166666666
Sierra Leone,1979,208.87343916666669
Sierra Leone,1980,200.919125
Sierra Leone,1981,219.62162333333333
Sierra Leone,1982,198.59688083333333
Sierra Leone,1983,205.04939249999998
Sierra Leone,1984,180.95153666666667
Sierra Leone,1985,183.51955333333333
Sierra Leone,1986,173.68284333333335
Sierra Leone,1987,182.633735
Sierra Leone,1988,184.66812416666667
Sierra Leone,1989,202.11553916666665
Sierra Leone,1990,173.30476583333333
Sierra Leone,1991,180.72246833333335
Sierra Leone,1992,219.34038416666667
Sierra Leone,1993,193.6919225
Sierra Leone,1994,209.4162275
Sierra Leone,1995,214.252695
Sierra Leone,1996,199.36808333333332
Sierra Leone,1997,190.18314750000002
Sierra Leone,1998,213.82364500000003
Sierra Leone,1999,219.62776166666666
Sierra Leone,2000,208.09882416666667
Sierra Leone,2001,196.1506658333333
Sierra Leone,2002,196.25428250000002
Sierra Leone,2003,201.38490583333336
Sierra Leone,2004,212.67652833333332
Sierra Leone,2005,179.4623475
Sierra Leone,2006,195.21896916666665
Sierra Leone,2007,210.20792583333332
Sierra Leone,2008,192.50254166666664
Sierra Leone,2009,191.91406416666666
Sierra Leone,2010,236.5626116666667
Sierra Leone,2011,202.0608341666667
Sierra Leone,2012,201.89735416666667
Sierra Leone,2013,207.01892750000002
Sierra Leone,2014,186.6483375
Sierra Leone,2015,217.16151333333335
Sierra Leone,2016,211.12262
Singapore,1901,174.45875
Singapore,1902,175.51156666666665
Singapore,1903,221.92125000000001
Singapore,1904,199.002325
Singapore,1905,197.95116666666664
Singapore,1906,230.83216666666667
Singapore,1907,163.13810833333335
Singapore,1908,189.56445
Singapore,1909,208.91079166666668
Singapore,1910,204.664
Singapore,1911,197.59519166666666
Singapore,1912,215.580375
Singapore,1913,280.1195833333333
Singapore,1914,203.12029166666665
Singapore,1915,205.95268333333334
Singapore,1916,196.05966666666666
Singapore,1917,236.5487916666667
Singapore,1918,216.8330083333333
Singapore,1919,209.57966666666667
Singapore,1920,196.703575
Singapore,1921,235.3975
Singapore,1922,208.923075
Singapore,1923,187.32185833333332
Singapore,1924,230.4965
Singapore,1925,260.98925
Singapore,1926,196.0974
Singapore,1927,228.15855
Singapore,1928,230.83378333333334
Singapore,1929,181.57640833333335
Singapore,1930,196.3837583333333
Singapore,1931,236.33624999999998
Singapore,1932,191.61033333333333
Singapore,1933,219.01095833333332
Singapore,1934,234.57641666666666
Singapore,1935,188.48664166666666
Singapore,1936,202.43500833333334
Singapore,1937,212.54533333333333
Singapore,1938,205.90083333333334
Singapore,1939,221.269375
Singapore,1940,171.15531666666666
Singapore,1941,202.196925
Singapore,1942,263.75241666666665
Singapore,1943,173.63598333333334
Singapore,1944,162.40749166666666
Singapore,1945,206.30435
Singapore,1946,220.3542
Singapore,1947,223.27487499999998
Singapore,1948,242.88595833333332
Singapore,1949,206.33174999999997
Singapore,1950,226.04675
Singapore,1951,214.55549166666665
Singapore,1952,250.00275
Singapore,1953,186.34233333333336
Singapore,1954,239.63271666666665
Singapore,1955,203.73875833333332
Singapore,1956,222.21066666666664
Singapore,1957,189.53355833333333
Singapore,1958,186.383375
Singapore,1959,228.597
Singapore,1960,174.41183333333333
Singapore,1961,173.5236
Singapore,1962,198.86253333333335
Singapore,1963,155.793925
Singapore,1964,256.22825
Singapore,1965,179.90882499999998
Singapore,1966,212.07775
Singapore,1967,252.05911666666665
Singapore,1968,186.73755000000003
Singapore,1969,200.096
Singapore,1970,193.511225
Singapore,1971,149.80213333333333
Singapore,1972,155.14804166666667
Singapore,1973,242.24099999999999
Singapore,1974,179.04104166666664
Singapore,1975,173.49824999999998
Singapore,1976,178.80601666666666
Singapore,1977,157.91831666666667
Singapore,1978,236.8305
Singapore,1979,191.554125
Singapore,1980,230.98475
Singapore,1981,152.0787
Singapore,1982,157.41504166666667
Singapore,1983,169.13298333333333
Singapore,1984,254.57791666666665
Singapore,1985,196.77039166666668
Singapore,1986,217.69838333333334
Singapore,1987,211.55209166666668
Singapore,1988,217.2365
Singapore,1989,213.85466666666665
Singapore,1990,163.46399166666666
Singapore,1991,202.51143333333334
Singapore,1992,211.45308333333332
Singapore,1993,221.59388333333334
Singapore,1994,192.16150000000002
Singapore,1995,256.2295
Singapore,1996,225.82725000000002
Singapore,1997,129.54729166666667
Singapore,1998,198.52486666666667
Singapore,1999,200.7587
Singapore,2000,220.99016666666668
Singapore,2001,232.65525833333334
Singapore,2002,178.57353333333333
Singapore,2003,237.51633333333334
Singapore,2004,204.592325
Singapore,2005,194.93983333333335
Singapore,2006,227.28883333333332
Singapore,2007,244.41791666666666
Singapore,2008,231.31875
Singapore,2009,196.07736666666665
Singapore,2010,216.40030833333333
Singapore,2011,237.25199999999998
Singapore,2012,217.19434166666667
Singapore,2013,244.23883333333333
Singapore,2014,170.52595166666666
Singapore,2015,153.84996666666666
Singapore,2016,203.824075
Slovakia,1901,64.71593333333334
Slovakia,1902,71.23440416666666
Slovakia,1903,73.8313
Slovakia,1904,57.50255000000001
Slovakia,1905,66.35601666666666
Slovakia,1906,75.21151666666667
Slovakia,1907,60.27668333333333
Slovakia,1908,57.870853333333336
Slovakia,1909,69.49095
Slovakia,1910,76.26334166666666
Slovakia,1911,56.678850000000004
Slovakia,1912,79.329025
Slovakia,1913,68.15068333333333
Slovakia,1914,68.77090333333334
Slovakia,1915,83.39366666666666
Slovakia,1916,75.10763333333334
Slovakia,1917,51.12685
Slovakia,1918,70.73980833333333
Slovakia,1919,70.86721666666666
Slovakia,1920,70.35615
Slovakia,1921,50.17736
Slovakia,1922,70.95621666666666
Slovakia,1923,64.30914166666666
Slovakia,1924,62.418416666666666
Slovakia,1925,76.13741666666667
Slovakia,1926,75.1982
Slovakia,1927,66.08208333333333
Slovakia,1928,54.573258333333335
Slovakia,1929,59.703741666666666
Slovakia,1930,73.61065
Slovakia,1931,64.61238333333334
Slovakia,1932,49.806733333333334
Slovakia,1933,67.372675
Slovakia,1934,59.42657500000001
Slovakia,1935,63.44075833333333
Slovakia,1936,75.67878333333333
Slovakia,1937,82.11353333333334
Slovakia,1938,66.72066666666667
Slovakia,1939,75.47605
Slovakia,1940,78.25615833333333
Slovakia,1941,74.58588333333334
Slovakia,1942,55.252025
Slovakia,1943,54.520545
Slovakia,1944,73.42273333333334
Slovakia,1945,60.69594166666667
Slovakia,1946,58.98765583333333
Slovakia,1947,53.74770833333333
Slovakia,1948,63.666291666666666
Slovakia,1949,62.588766666666665
Slovakia,1950,64.06214166666666
Slovakia,1951,64.97996416666666
Slovakia,1952,71.17780833333333
Slovakia,1953,55.775483333333334
Slovakia,1954,61.52200833333333
Slovakia,1955,68.93965833333333
Slovakia,1956,53.66905833333333
Slovakia,1957,60.461375
Slovakia,1958,69.31654166666667
Slovakia,1959,59.704320833333334
Slovakia,1960,74.04630833333333
Slovakia,1961,53.156483333333334
Slovakia,1962,63.49629166666667
Slovakia,1963,59.990125
Slovakia,1964,63.83730083333334
Slovakia,1965,78.71407166666667
Slovakia,1966,78.71865000000001
Slovakia,1967,57.40581666666666
Slovakia,1968,62.38503333333333
Slovakia,1969,58.38135833333334
Slovakia,1970,74.66144166666666
Slovakia,1971,52.448949999999996
Slovakia,1972,66.01907416666667
Slovakia,1973,51.684441666666665
Slovakia,1974,74.49852249999999
Slovakia,1975,63.85523333333333
Slovakia,1976,62.033702500000004
Slovakia,1977,63.968574999999994
Slovakia,1978,57.786274999999996
Slovakia,1979,65.419075
Slovakia,1980,69.22319166666666
Slovakia,1981,61.820750000000004
Slovakia,1982,53.6022
Slovakia,1983,52.608066666666666
Slovakia,1984,60.521608333333326
Slovakia,1985,67.77363333333334
Slovakia,1986,50.25763333333333
Slovakia,1987,62.64461666666667
Slovakia,1988,58.852775
Slovakia,1989,59.641175
Slovakia,1990,58.06840833333333
Slovakia,1991,60.609235000000005
Slovakia,1992,53.534641666666666
Slovakia,1993,51.818549999999995
Slovakia,1994,60.74431666666666
Slovakia,1995,65.05684166666667
Slovakia,1996,66.36399166666666
Slovakia,1997,59.844024999999995
Slovakia,1998,67.592175
Slovakia,1999,69.77633333333334
Slovakia,2000,58.23475833333333
Slovakia,2001,67.24293333333334
Slovakia,2002,65.773625
Slovakia,2003,48.64188333333333
Slovakia,2004,65.910925
Slovakia,2005,69.09429166666666
Slovakia,2006,58.660775
Slovakia,2007,67.31622833333334
Slovakia,2008,63.1479
Slovakia,2009,69.70575000000001
Slovakia,2010,92.13014166666666
Slovakia,2011,50.36657833333334
Slovakia,2012,54.86434166666667
Slovakia,2013,65.33480833333333
Slovakia,2014,71.9157
Slovakia,2015,56.290099999999995
Slovakia,2016,75.34583333333333
Slovenia,1901,126.27398333333333
Slovenia,1902,112.86699166666666
Slovenia,1903,128.45424166666666
Slovenia,1904,121.10938333333333
Slovenia,1905,130.65279166666667
Slovenia,1906,125.21502500000001
Slovenia,1907,113.82050833333334
Slovenia,1908,88.5627
Slovenia,1909,119.49801666666667
Slovenia,1910,145.31200833333332
Slovenia,1911,103.94584166666668
Slovenia,1912,123.60519166666667
Slovenia,1913,114.71595833333333
Slovenia,1914,122.62038333333334
Slovenia,1915,146.15908333333334
Slovenia,1916,145.30099166666668
Slovenia,1917,122.31863333333332
Slovenia,1918,114.839675
Slovenia,1919,137.86985
Slovenia,1920,98.17208333333333
Slovenia,1921,77.05406666666667
Slovenia,1922,119.661275
Slovenia,1923,127.07735000000001
Slovenia,1924,107.63609083333334
Slovenia,1925,133.391825
Slovenia,1926,141.18528333333333
Slovenia,1927,116.975275
Slovenia,1928,114.77620833333333
Slovenia,1929,101.18581
Slovenia,1930,127.92236666666666
Slovenia,1931,113.30898333333333
Slovenia,1932,101.46684166666667
Slovenia,1933,142.58556666666667
Slovenia,1934,133.32293333333334
Slovenia,1935,114.71481666666666
Slovenia,1936,122.19631666666668
Slovenia,1937,165.13995833333334
Slovenia,1938,97.73599166666666
Slovenia,1939,108.34445
Slovenia,1940,123.91370833333333
Slovenia,1941,120.706525
Slovenia,1942,89.78981666666668
Slovenia,1943,103.93690833333334
Slovenia,1944,115.772625
Slovenia,1945,87.70413333333333
Slovenia,1946,91.53059999999999
Slovenia,1947,102.35714166666668
Slovenia,1948,130.711425
Slovenia,1949,93.35968333333334
Slovenia,1950,115.52581666666667
Slovenia,1951,129.77748333333332
Slovenia,1952,120.12788333333333
Slovenia,1953,98.08427166666667
Slovenia,1954,118.47590833333334
Slovenia,1955,121.721025
Slovenia,1956,110.09854166666668
Slovenia,1957,103.43489166666666
Slovenia,1958,120.62415833333334
Slovenia,1959,118.23132500000001
Slovenia,1960,140.5958
Slovenia,1961,110.95762500000001
Slovenia,1962,125.61219166666666
Slovenia,1963,116.13495833333333
Slovenia,1964,119.06082583333334
Slovenia,1965,140.94845416666666
Slovenia,1966,121.65613333333334
Slovenia,1967,100.68335833333333
Slovenia,1968,107.18046666666667
Slovenia,1969,115.56689999999999
Slovenia,1970,113.63944166666666
Slovenia,1971,86.28952500000001
Slovenia,1972,123.98197499999999
Slovenia,1973,97.10825
Slovenia,1974,113.646225
Slovenia,1975,110.9579
Slovenia,1976,110.11644166666667
Slovenia,1977,105.71144166666666
Slovenia,1978,109.36413333333333
Slovenia,1979,126.73970000000001
Slovenia,1980,116.32286666666666
Slovenia,1981,107.33513333333333
Slovenia,1982,110.793475
Slovenia,1983,87.24635
Slovenia,1984,113.74201666666666
Slovenia,1985,107.08949166666667
Slovenia,1986,103.18443333333333
Slovenia,1987,117.28980833333333
Slovenia,1988,97.99136666666668
Slovenia,1989,102.50473666666666
Slovenia,1990,106.94086666666668
Slovenia,1991,107.61549166666667
Slovenia,1992,111.32303333333334
Slovenia,1993,106.35689916666666
Slovenia,1994,108.60455833333333
Slovenia,1995,119.90485
Slovenia,1996,123.617275
Slovenia,1997,101.72141666666666
Slovenia,1998,116.50819666666666
Slovenia,1999,115.15317499999999
Slovenia,2000,109.932725
Slovenia,2001,98.27707500000001
Slovenia,2002,116.60986666666666
Slovenia,2003,83.72479583333335
Slovenia,2004,119.98944166666666
Slovenia,2005,112.29353333333334
Slovenia,2006,96.16066666666666
Slovenia,2007,104.60448583333333
Slovenia,2008,113.248575
Slovenia,2009,117.45553333333334
Slovenia,2010,126.83752499999999
Slovenia,2011,81.22379333333333
Slovenia,2012,106.14193333333333
Slovenia,2013,124.21201666666667
Slovenia,2014,143.16458333333333
Slovenia,2015,112.84295333333334
Slovenia,2016,131.94748333333334
Solomon Islands,1901,252.93825
Solomon Islands,1902,252.8371666666667
Solomon Islands,1903,252.60391666666666
Solomon Islands,1904,252.86833333333334
Solomon Islands,1905,252.79841666666667
Solomon Islands,1906,252.72091666666665
Solomon Islands,1907,252.71375
Solomon Islands,1908,252.94899999999998
Solomon Islands,1909,252.74866666666665
Solomon Islands,1910,252.46958333333336
Solomon Islands,1911,252.74866666666665
Solomon Islands,1912,252.7685
Solomon Islands,1913,252.68858333333333
Solomon Islands,1914,252.47574999999998
Solomon Islands,1915,252.76575
Solomon Islands,1916,252.6055
Solomon Islands,1917,252.44183333333334
Solomon Islands,1918,252.73341666666667
Solomon Islands,1919,253.08416666666668
Solomon Islands,1920,252.88
Solomon Islands,1921,252.9165
Solomon Islands,1922,252.80325000000002
Solomon Islands,1923,252.87741666666668
Solomon Islands,1924,252.67274999999998
Solomon Islands,1925,252.79274999999998
Solomon Islands,1926,252.951
Solomon Islands,1927,252.7843333333333
Solomon Islands,1928,252.76491666666666
Solomon Islands,1929,252.96216666666666
Solomon Islands,1930,252.7875
Solomon Islands,1931,252.72208333333333
Solomon Islands,1932,252.79458333333332
Solomon Islands,1933,252.77425000000002
Solomon Islands,1934,252.79033333333334
Solomon Islands,1935,252.961
Solomon Islands,1936,252.94341666666665
Solomon Islands,1937,252.8235
Solomon Islands,1938,252.61733333333333
Solomon Islands,1939,252.83725
Solomon Islands,1940,252.6775
Solomon Islands,1941,252.64483333333337
Solomon Islands,1942,252.74866666666665
Solomon Islands,1943,252.74866666666665
Solomon Islands,1944,252.74866666666665
Solomon Islands,1945,252.74866666666665
Solomon Islands,1946,252.77533333333335
Solomon Islands,1947,252.61758333333333
Solomon Islands,1948,252.60616666666667
Solomon Islands,1949,252.74091666666666
Solomon Islands,1950,252.64724999999999
Solomon Islands,1951,252.8285833333333
Solomon Islands,1952,253.0485
Solomon Islands,1953,252.67975
Solomon Islands,1954,252.72325
Solomon Islands,1955,253.23791666666668
Solomon Islands,1956,246.09775
Solomon Islands,1957,257.72766666666666
Solomon Islands,1958,253.1509166666667
Solomon Islands,1959,260.3220833333333
Solomon Islands,1960,252.95416666666665
Solomon Islands,1961,264.42275
Solomon Islands,1962,277.4218333333333
Solomon Islands,1963,249.00216666666665
Solomon Islands,1964,207.53
Solomon Islands,1965,309.78425
Solomon Islands,1966,207.04160000000002
Solomon Islands,1967,331.1046666666667
Solomon Islands,1968,263.0228583333333
Solomon Islands,1969,272.74425
Solomon Islands,1970,286.684
Solomon Islands,1971,258.37308333333334
Solomon Islands,1972,323.2028916666667
Solomon Islands,1973,231.61816666666667
Solomon Islands,1974,219.06566666666666
Solomon Islands,1975,261.15091666666666
Solomon Islands,1976,284.81533333333334
Solomon Islands,1977,286.23308333333335
Solomon Islands,1978,253.58791666666664
Solomon Islands,1979,261.803
Solomon Islands,1980,253.315875
Solomon Islands,1981,193.2530416666667
Solomon Islands,1982,280.2950916666667
Solomon Islands,1983,219.73508333333334
Solomon Islands,1984,220.918
Solomon Islands,1985,278.68874999999997
Solomon Islands,1986,229.41679166666665
Solomon Islands,1987,168.40720833333333
Solomon Islands,1988,293.9908666666667
Solomon Islands,1989,218.951
Solomon Islands,1990,240.96349999999998
Solomon Islands,1991,235.76936666666666
Solomon Islands,1992,252.51616666666666
Solomon Islands,1993,252.19791666666666
Solomon Islands,1994,252.72016666666664
Solomon Islands,1995,252.41608333333332
Solomon Islands,1996,252.51566666666668
Solomon Islands,1997,252.56008333333332
Solomon Islands,1998,252.66516666666666
Solomon Islands,1999,252.77341666666666
Solomon Islands,2000,252.72666666666666
Solomon Islands,2001,252.77608333333333
Solomon Islands,2002,252.74866666666665
Solomon Islands,2003,252.74866666666665
Solomon Islands,2004,252.47675
Solomon Islands,2005,252.72691666666665
Solomon Islands,2006,252.8025
Solomon Islands,2007,252.86258333333333
Solomon Islands,2008,252.74866666666665
Solomon Islands,2009,252.61533333333333
Solomon Islands,2010,252.66625
Solomon Islands,2011,252.74866666666665
Solomon Islands,2012,252.74866666666665
Solomon Islands,2013,252.75083333333336
Solomon Islands,2014,252.74866666666665
Solomon Islands,2015,252.74866666666665
Solomon Islands,2016,252.74866666666665
Somalia,1901,27.007583333333333
Somalia,1902,27.23829166666667
Somalia,1903,19.143195000000002
Somalia,1904,19.747215
Somalia,1905,29.729093333333335
Somalia,1906,29.060965
Somalia,1907,27.44975666666667
Somalia,1908,20.199438333333333
Somalia,1909,18.311724166666668
Somalia,1910,19.5448675
Somalia,1911,21.984603333333336
Somalia,1912,25.121635833333332
Somalia,1913,30.314645000000002
Somalia,1914,17.207768333333334
Somalia,1915,13.465968333333334
Somalia,1916,15.610350000000002
Somalia,1917,18.104283333333335
Somalia,1918,15.143429166666666
Somalia,1919,20.143288333333334
Somalia,1920,25.75780333333333
Somalia,1921,16.719956666666665
Somalia,1922,23.985939166666668
Somalia,1923,35.670201666666664
Somalia,1924,20.396376666666665
Somalia,1925,24.1332925
Somalia,1926,28.959666666666667
Somalia,1927,22.97257666666667
Somalia,1928,20.986572499999998
Somalia,1929,22.730778333333333
Somalia,1930,22.663198333333337
Somalia,1931,19.742706666666667
Somalia,1932,20.348626666666668
Somalia,1933,21.298919166666668
Somalia,1934,20.013672500000002
Somalia,1935,22.972183333333334
Somalia,1936,26.094677500000003
Somalia,1937,25.793028333333336
Somalia,1938,17.3644725
Somalia,1939,12.9180225
Somalia,1940,19.169164166666665
Somalia,1941,26.642736666666664
Somalia,1942,16.860220833333333
Somalia,1943,13.8050025
Somalia,1944,18.444549166666665
Somalia,1945,15.548027499999998
Somalia,1946,16.593130833333333
Somalia,1947,18.805276666666668
Somalia,1948,17.358615833333335
Somalia,1949,12.749460833333332
Somalia,1950,14.5595875
Somalia,1951,35.050108333333334
Somalia,1952,14.165718333333333
Somalia,1953,19.16487
Somalia,1954,15.983293333333334
Somalia,1955,12.117190833333334
Somalia,1956,18.221770833333334
Somalia,1957,26.796410833333336
Somalia,1958,15.92512
Somalia,1959,17.594975833333333
Somalia,1960,23.883726666666664
Somalia,1961,32.93091416666667
Somalia,1962,19.118634166666666
Somalia,1963,29.167530000000003
Somalia,1964,22.71982416666667
Somalia,1965,24.839325833333334
Somalia,1966,23.44047333333333
Somalia,1967,35.986627500000004
Somalia,1968,35.276383333333335
Somalia,1969,22.4151075
Somalia,1970,18.44393
Somalia,1971,19.837515
Somalia,1972,30.030280833333336
Somalia,1973,18.558746666666668
Somalia,1974,16.010231666666666
Somalia,1975,16.038985
Somalia,1976,24.205766666666666
Somalia,1977,28.559997499999998
Somalia,1978,22.3346925
Somalia,1979,26.206450833333335
Somalia,1980,14.242043333333333
Somalia,1981,28.3325925
Somalia,1982,32.02073416666667
Somalia,1983,16.827000833333333
Somalia,1984,20.046965833333335
Somalia,1985,19.92623
Somalia,1986,20.499370833333334
Somalia,1987,23.3821725
Somalia,1988,23.310955833333335
Somalia,1989,30.85502333333333
Somalia,1990,24.520759166666668
Somalia,1991,16.9069
Somalia,1992,17.04381
Somalia,1993,19.903803333333332
Somalia,1994,24.074960833333336
Somalia,1995,21.580563333333334
Somalia,1996,16.36648
Somalia,1997,33.42167166666667
Somalia,1998,20.620071666666664
Somalia,1999,19.822640833333335
Somalia,2000,21.63615666666667
Somalia,2001,18.4788975
Somalia,2002,24.17770916666667
Somalia,2003,23.802639166666665
Somalia,2004,24.53614333333333
Somalia,2005,22.358168333333335
Somalia,2006,24.621952500000003
Somalia,2007,26.0034725
Somalia,2008,22.272095833333335
Somalia,2009,21.734008333333332
Somalia,2010,20.225998333333333
Somalia,2011,25.694911666666666
Somalia,2012,20.572196666666667
Somalia,2013,28.06450166666667
Somalia,2014,22.131258333333335
Somalia,2015,26.85638416666667
Somalia,2016,27.401550833333335
South Africa,1901,46.440650000000005
South Africa,1902,35.5910125
South Africa,1903,28.741290833333334
South Africa,1904,36.946085833333335
South Africa,1905,36.753305000000005
South Africa,1906,40.48303666666667
South Africa,1907,46.18033083333333
South Africa,1908,31.949250000000003
South Africa,1909,50.80994583333334
South Africa,1910,40.40864166666667
South Africa,1911,42.39778333333333
South Africa,1912,32.952754166666665
South Africa,1913,38.635025
South Africa,1914,40.477624999999996
South Africa,1915,38.85803333333333
South Africa,1916,32.3014225
South Africa,1917,49.711891666666666
South Africa,1918,46.628255833333334
South Africa,1919,29.114144166666666
South Africa,1920,43.01114166666667
South Africa,1921,47.60443833333333
South Africa,1922,33.448684166666666
South Africa,1923,38.499339166666665
South Africa,1924,40.88140833333333
South Africa,1925,47.066856666666666
South Africa,1926,31.48299916666667
South Africa,1927,31.742355833333335
South Africa,1928,36.25980583333333
South Africa,1929,44.323949999999996
South Africa,1930,33.815709166666664
South Africa,1931,36.953115833333335
South Africa,1932,34.53283583333333
South Africa,1933,32.85220416666667
South Africa,1934,46.93519583333333
South Africa,1935,31.8182625
South Africa,1936,41.84673333333333
South Africa,1937,36.9034375
South Africa,1938,38.90620833333333
South Africa,1939,47.0443125
South Africa,1940,40.97322583333333
South Africa,1941,35.121975
South Africa,1942,45.55158583333333
South Africa,1943,48.83593333333334
South Africa,1944,36.729791666666664
South Africa,1945,29.72651
South Africa,1946,37.418215
South Africa,1947,38.40157333333334
South Africa,1948,37.73065916666666
South Africa,1949,34.940401666666666
South Africa,1950,43.99908666666667
South Africa,1951,32.37679166666667
South Africa,1952,36.202083333333334
South Africa,1953,41.580075
South Africa,1954,38.929184166666666
South Africa,1955,47.6190425
South Africa,1956,44.1933125
South Africa,1957,43.82853333333333
South Africa,1958,40.231785
South Africa,1959,38.44424916666667
South Africa,1960,38.339711666666666
South Africa,1961,42.95285833333333
South Africa,1962,36.14847916666667
South Africa,1963,43.648471666666666
South Africa,1964,35.39764
South Africa,1965,29.591508333333334
South Africa,1966,32.0222975
South Africa,1967,45.89190666666667
South Africa,1968,32.432766666666666
South Africa,1969,37.26162166666666
South Africa,1970,32.648824999999995
South Africa,1971,41.675865
South Africa,1972,38.231679166666666
South Africa,1973,40.601504166666665
South Africa,1974,54.45027416666667
South Africa,1975,47.95758333333333
South Africa,1976,56.379091666666675
South Africa,1977,46.24543500000001
South Africa,1978,41.142586666666666
South Africa,1979,34.911743333333334
South Africa,1980,36.730245833333335
South Africa,1981,44.70829666666666
South Africa,1982,32.471647499999996
South Africa,1983,35.230475
South Africa,1984,33.3489
South Africa,1985,41.950179166666665
South Africa,1986,35.678360000000005
South Africa,1987,39.30757583333334
South Africa,1988,49.45986833333333
South Africa,1989,42.68635833333334
South Africa,1990,32.38768916666667
South Africa,1991,42.241885
South Africa,1992,26.064565
South Africa,1993,37.356516666666664
South Africa,1994,32.32416583333333
South Africa,1995,41.745645
South Africa,1996,47.29927416666667
South Africa,1997,40.775825
South Africa,1998,41.20509916666666
South Africa,1999,36.159304166666665
South Africa,2000,52.038024166666666
South Africa,2001,44.87923083333334
South Africa,2002,34.075691666666664
South Africa,2003,30.047780833333334
South Africa,2004,38.9772275
South Africa,2005,32.082741666666664
South Africa,2006,48.38343916666667
South Africa,2007,34.92915583333333
South Africa,2008,36.06312166666667
South Africa,2009,40.484516666666664
South Africa,2010,39.806620833333334
South Africa,2011,46.4936275
South Africa,2012,38.130343333333336
South Africa,2013,33.83126
South Africa,2014,38.47278416666666
South Africa,2015,28.20555416666667
South Africa,2016,33.8247125
South Sudan,1901,73.42329166666667
South Sudan,1902,94.59464916666667
South Sudan,1903,86.28947916666668
South Sudan,1904,70.62851916666666
South Sudan,1905,75.33304
South Sudan,1906,82.21322833333333
South Sudan,1907,82.83463166666667
South Sudan,1908,91.4033175
South Sudan,1909,89.32819166666667
South Sudan,1910,77.99321
South Sudan,1911,75.88221416666667
South Sudan,1912,74.79429416666666
South Sudan,1913,58.52444
South Sudan,1914,93.85433666666667
South Sudan,1915,88.49945166666667
South Sudan,1916,104.78352916666667
South Sudan,1917,90.8476925
South Sudan,1918,79.22893
South Sudan,1919,83.48992833333334
South Sudan,1920,92.147035
South Sudan,1921,82.37212833333334
South Sudan,1922,88.47310499999999
South Sudan,1923,90.68991666666666
South Sudan,1924,85.73622416666666
South Sudan,1925,74.71119916666667
South Sudan,1926,86.80882000000001
South Sudan,1927,71.5708075
South Sudan,1928,86.28433749999999
South Sudan,1929,86.10668500000001
South Sudan,1930,76.90693
South Sudan,1931,80.7605875
South Sudan,1932,87.49137416666667
South Sudan,1933,82.32447583333334
South Sudan,1934,88.40657583333335
South Sudan,1935,78.53027583333333
South Sudan,1936,79.24771083333333
South Sudan,1937,83.86499416666666
South Sudan,1938,91.10769333333333
South Sudan,1939,85.71580916666666
South Sudan,1940,77.33458916666667
South Sudan,1941,84.3782775
South Sudan,1942,78.2223175
South Sudan,1943,77.26524833333333
South Sudan,1944,86.86939416666667
South Sudan,1945,85.73839583333334
South Sudan,1946,94.2221
South Sudan,1947,92.16102583333333
South Sudan,1948,81.99809583333332
South Sudan,1949,83.43625416666667
South Sudan,1950,88.39021166666667
South Sudan,1951,80.00834583333334
South Sudan,1952,80.25706416666667
South Sudan,1953,82.90073416666667
South Sudan,1954,88.63906333333334
South Sudan,1955,87.71437333333334
South Sudan,1956,85.29765416666667
South Sudan,1957,82.42386
South Sudan,1958,85.17903666666668
South Sudan,1959,81.69413666666667
South Sudan,1960,77.63557666666667
South Sudan,1961,92.45869416666666
South Sudan,1962,91.99950166666667
South Sudan,1963,90.55992250000001
South Sudan,1964,90.69303583333334
South Sudan,1965,79.6737175
South Sudan,1966,90.74857750000001
South Sudan,1967,85.42611833333332
South Sudan,1968,80.62548583333333
South Sudan,1969,82.39834416666666
South Sudan,1970,82.27214083333334
South Sudan,1971,71.713305
South Sudan,1972,73.79311833333334
South Sudan,1973,77.56307916666667
South Sudan,1974,79.11010416666666
South Sudan,1975,86.99061083333333
South Sudan,1976,80.5554625
South Sudan,1977,77.5202375
South Sudan,1978,85.21038083333333
South Sudan,1979,79.1219675
South Sudan,1980,73.61805333333332
South Sudan,1981,83.73023333333333
South Sudan,1982,77.78276416666667
South Sudan,1983,70.37737416666666
South Sudan,1984,60.703898333333335
South Sudan,1985,81.4157075
South Sudan,1986,70.64493833333334
South Sudan,1987,65.11313333333334
South Sudan,1988,91.59938
South Sudan,1989,85.33274999999999
South Sudan,1990,70.70883833333333
South Sudan,1991,93.5197975
South Sudan,1992,78.62383666666666
South Sudan,1993,83.8837275
South Sudan,1994,80.30837666666666
South Sudan,1995,84.35914166666667
South Sudan,1996,85.19023416666667
South Sudan,1997,82.0910675
South Sudan,1998,79.46224083333333
South Sudan,1999,88.20659416666666
South Sudan,2000,83.21700249999999
South Sudan,2001,80.9144375
South Sudan,2002,86.13834916666667
South Sudan,2003,88.98060833333334
South Sudan,2004,76.73446249999999
South Sudan,2005,73.7220625
South Sudan,2006,93.55017083333333
South Sudan,2007,94.95819583333333
South Sudan,2008,91.4742
South Sudan,2009,69.36568166666667
South Sudan,2010,84.8282725
South Sudan,2011,81.12665666666668
South Sudan,2012,84.60442
South Sudan,2013,85.5252225
South Sudan,2014,87.56673916666666
South Sudan,2015,79.82936666666667
South Sudan,2016,82.50000583333333
Spain,1901,54.317433333333334
Spain,1902,54.65917666666667
Spain,1903,46.01555833333333
Spain,1904,47.995242499999996
Spain,1905,44.027366666666666
Spain,1906,49.69418083333333
Spain,1907,48.89084166666667
Spain,1908,47.55196333333333
Spain,1909,48.0456675
Spain,1910,51.97331666666667
Spain,1911,51.685900000000004
Spain,1912,41.818733333333334
Spain,1913,49.09288083333333
Spain,1914,50.16932499999999
Spain,1915,57.58631166666667
Spain,1916,51.2275975
Spain,1917,47.046225
Spain,1918,47.265074999999996
Spain,1919,60.85810083333334
Spain,1920,46.290099999999995
Spain,1921,43.17225
Spain,1922,46.97036666666667
Spain,1923,47.441008333333336
Spain,1924,44.70187666666667
Spain,1925,48.30085
Spain,1926,50.90387583333333
Spain,1927,53.42875833333333
Spain,1928,48.872233333333334
Spain,1929,46.69639166666667
Spain,1930,52.00324416666666
Spain,1931,43.37641666666667
Spain,1932,57.36309166666667
Spain,1933,52.4255
Spain,1934,45.46769166666667
Spain,1935,48.09005833333333
Spain,1936,70.26795833333334
Spain,1937,59.807202499999995
Spain,1938,40.90438916666667
Spain,1939,54.97135
Spain,1940,54.560900000000004
Spain,1941,61.37945833333333
Spain,1942,53.26721333333333
Spain,1943,50.08285833333333
Spain,1944,39.676542500000004
Spain,1945,39.4666875
Spain,1946,51.249566666666674
Spain,1947,58.46820833333334
Spain,1948,46.621077500000006
Spain,1949,44.966633333333334
Spain,1950,40.00051666666667
Spain,1951,63.063525
Spain,1952,50.34529166666667
Spain,1953,41.69188333333333
Spain,1954,39.26025
Spain,1955,60.418708333333335
Spain,1956,51.03905
Spain,1957,45.25459
Spain,1958,49.4198
Spain,1959,64.60748333333333
Spain,1960,69.160775
Spain,1961,54.420475
Spain,1962,55.83567583333333
Spain,1963,68.13079166666667
Spain,1964,43.60980833333334
Spain,1965,53.160066666666665
Spain,1966,54.677600000000005
Spain,1967,44.44186583333333
Spain,1968,50.125744166666664
Spain,1969,68.3208
Spain,1970,43.83457666666666
Spain,1971,59.28420833333333
Spain,1972,64.084075
Spain,1973,41.25995833333334
Spain,1974,46.417008333333335
Spain,1975,49.612249999999996
Spain,1976,55.70643333333334
Spain,1977,61.222858333333335
Spain,1978,52.961279166666664
Spain,1979,60.643566666666665
Spain,1980,44.65283333333333
Spain,1981,43.387139166666664
Spain,1982,47.34529166666667
Spain,1983,43.115469999999995
Spain,1984,53.141693333333336
Spain,1985,45.034892500000005
Spain,1986,44.82715833333333
Spain,1987,56.44453333333333
Spain,1988,49.189863333333335
Spain,1989,58.88601666666667
Spain,1990,41.595241666666666
Spain,1991,44.197695
Spain,1992,44.84475833333334
Spain,1993,47.42075166666667
Spain,1994,41.738144166666665
Spain,1995,43.587991666666674
Spain,1996,66.28805833333332
Spain,1997,64.803465
Spain,1998,40.36353333333333
Spain,1999,47.85413333333333
Spain,2000,52.3669025
Spain,2001,48.19323333333333
Spain,2002,57.06755833333333
Spain,2003,57.69734166666667
Spain,2004,47.104508333333335
Spain,2005,36.874305
Spain,2006,51.463091666666664
Spain,2007,46.329280833333335
Spain,2008,54.47031666666667
Spain,2009,48.93161666666666
Spain,2010,64.99203333333334
Spain,2011,43.40456666666666
Spain,2012,42.5764
Spain,2013,55.54649166666667
Spain,2014,52.16835833333334
Spain,2015,39.15528333333334
Spain,2016,52.34423666666667
Sri Lanka,1901,129.85814166666668
Sri Lanka,1902,178.55335833333334
Sri Lanka,1903,135.90096666666668
Sri Lanka,1904,113.36109166666667
Sri Lanka,1905,117.15943333333333
Sri Lanka,1906,126.62674166666666
Sri Lanka,1907,144.55474999999998
Sri Lanka,1908,106.56074166666667
Sri Lanka,1909,137.02250833333332
Sri Lanka,1910,128.53590833333334
Sri Lanka,1911,123.67565
Sri Lanka,1912,143.66615
Sri Lanka,1913,156.16254166666667
Sri Lanka,1914,130.1429
Sri Lanka,1915,122.97771666666667
Sri Lanka,1916,113.88558333333333
Sri Lanka,1917,144.57479166666667
Sri Lanka,1918,124.02685000000001
Sri Lanka,1919,147.41458333333333
Sri Lanka,1920,128.8425
Sri Lanka,1921,132.844105
Sri Lanka,1922,137.3514
Sri Lanka,1923,169.180925
Sri Lanka,1924,154.36550833333334
Sri Lanka,1925,174.34325
Sri Lanka,1926,141.9444083333333
Sri Lanka,1927,148.46846666666667
Sri Lanka,1928,145.96248333333332
Sri Lanka,1929,148.08123333333333
Sri Lanka,1930,160.39441666666667
Sri Lanka,1931,173.93855833333336
Sri Lanka,1932,155.30698333333333
Sri Lanka,1933,139.60773333333333
Sri Lanka,1934,131.7129666666667
Sri Lanka,1935,159.04658333333333
Sri Lanka,1936,131.03011666666666
Sri Lanka,1937,132.127975
Sri Lanka,1938,128.87916666666666
Sri Lanka,1939,144.83355833333334
Sri Lanka,1940,137.41972166666667
Sri Lanka,1941,156.02984999999998
Sri Lanka,1942,140.45013333333333
Sri Lanka,1943,133.80193333333332
Sri Lanka,1944,154.74873333333332
Sri Lanka,1945,121.40834
Sri Lanka,1946,156.86679166666667
Sri Lanka,1947,156.54261666666665
Sri Lanka,1948,123.47325083333334
Sri Lanka,1949,147.61865
Sri Lanka,1950,106.43909166666667
Sri Lanka,1951,161.28835
Sri Lanka,1952,112.02839999999999
Sri Lanka,1953,145.01606
Sri Lanka,1954,161.72996666666668
Sri Lanka,1955,146.13139166666667
Sri Lanka,1956,117.81875000000001
Sri Lanka,1957,172.79545833333336
Sri Lanka,1958,130.44017499999998
Sri Lanka,1959,144.80540666666667
Sri Lanka,1960,147.01948333333334
Sri Lanka,1961,192.05933333333334
Sri Lanka,1962,145.02650833333334
Sri Lanka,1963,207.1692416666667
Sri Lanka,1964,115.12230833333332
Sri Lanka,1965,164.70278333333331
Sri Lanka,1966,141.65521666666666
Sri Lanka,1967,172.7845166666667
Sri Lanka,1968,108.30335416666667
Sri Lanka,1969,167.26010833333333
Sri Lanka,1970,147.10548333333335
Sri Lanka,1971,135.98588333333333
Sri Lanka,1972,151.37081916666668
Sri Lanka,1973,147.20635000000001
Sri Lanka,1974,109.44937166666666
Sri Lanka,1975,150.00084999999999
Sri Lanka,1976,113.9838875
Sri Lanka,1977,161.174525
Sri Lanka,1978,137.27928333333332
Sri Lanka,1979,143.67522499999998
Sri Lanka,1980,108.24702500000001
Sri Lanka,1981,139.09606666666667
Sri Lanka,1982,123.812135
Sri Lanka,1983,109.58525916666667
Sri Lanka,1984,168.67561666666668
Sri Lanka,1985,140.61608333333334
Sri Lanka,1986,129.81016666666667
Sri Lanka,1987,111.79061166666668
Sri Lanka,1988,152.785
Sri Lanka,1989,117.9212
Sri Lanka,1990,157.96986666666666
Sri Lanka,1991,137.30925
Sri Lanka,1992,119.30611833333334
Sri Lanka,1993,147.116875
Sri Lanka,1994,152.26176666666666
Sri Lanka,1995,130.11564166666668
Sri Lanka,1996,145.04332166666666
Sri Lanka,1997,160.49769166666667
Sri Lanka,1998,121.64920916666667
Sri Lanka,1999,146.307075
Sri Lanka,2000,139.512925
Sri Lanka,2001,119.9572
Sri Lanka,2002,142.321675
Sri Lanka,2003,134.37204166666666
Sri Lanka,2004,159.31
Sri Lanka,2005,138.5861
Sri Lanka,2006,176.36321666666666
Sri Lanka,2007,130.83573333333334
Sri Lanka,2008,164.746525
Sri Lanka,2009,136.47425833333332
Sri Lanka,2010,142.34088166666666
Sri Lanka,2011,129.62674166666667
Sri Lanka,2012,142.01340000000002
Sri Lanka,2013,121.92065000000001
Sri Lanka,2014,153.2497
Sri Lanka,2015,175.60130833333335
Sri Lanka,2016,99.62023833333335
St. Kitts And Nevis,1901,260.81015833333333
St. Kitts And Nevis,1902,213.6040833333333
St. Kitts And Nevis,1903,194.89774166666666
St. Kitts And Nevis,1904,185.68915833333332
St. Kitts And Nevis,1905,192.68099166666664
St. Kitts And Nevis,1906,188.26225
St. Kitts And Nevis,1907,164.25590833333334
St. Kitts And Nevis,1908,166.07058333333333
St. Kitts And Nevis,1909,227.69149166666668
St. Kitts And Nevis,1910,198.18741666666665
St. Kitts And Nevis,1911,213.833075
St. Kitts And Nevis,1912,167.95598333333334
St. Kitts And Nevis,1913,186.51858333333334
St. Kitts And Nevis,1914,191.45583333333332
St. Kitts And Nevis,1915,208.39349166666668
St. Kitts And Nevis,1916,230.28098333333332
St. Kitts And Nevis,1917,167.210075
St. Kitts And Nevis,1918,170.95206666666664
St. Kitts And Nevis,1919,204.81640833333333
St. Kitts And Nevis,1920,175.35390833333335
St. Kitts And Nevis,1921,189.82466666666667
St. Kitts And Nevis,1922,185.7395
St. Kitts And Nevis,1923,151.65174166666665
St. Kitts And Nevis,1924,203.68940833333332
St. Kitts And Nevis,1925,157.88515
St. Kitts And Nevis,1926,173.929
St. Kitts And Nevis,1927,223.03725
St. Kitts And Nevis,1928,238.57065833333334
St. Kitts And Nevis,1929,173.58533333333332
St. Kitts And Nevis,1930,158.6145
St. Kitts And Nevis,1931,288.98915833333336
St. Kitts And Nevis,1932,219.25390833333336
St. Kitts And Nevis,1933,222.28716666666665
St. Kitts And Nevis,1934,160.38740833333335
St. Kitts And Nevis,1935,174.33308333333335
St. Kitts And Nevis,1936,228.87490833333334
St. Kitts And Nevis,1937,145.92908333333332
St. Kitts And Nevis,1938,208.256075
St. Kitts And Nevis,1939,155.08115833333332
St. Kitts And Nevis,1940,170.951825
St. Kitts And Nevis,1941,181.441325
St. Kitts And Nevis,1942,221.50825
St. Kitts And Nevis,1943,179.13490833333333
St. Kitts And Nevis,1944,194.33308333333332
St. Kitts And Nevis,1945,163.26441666666668
St. Kitts And Nevis,1946,156.89133333333334
St. Kitts And Nevis,1947,148.69558333333333
St. Kitts And Nevis,1948,199.70199166666666
St. Kitts And Nevis,1949,192.48324166666666
St. Kitts And Nevis,1950,204.50407500000003
St. Kitts And Nevis,1951,179.17041666666668
St. Kitts And Nevis,1952,225.178825
St. Kitts And Nevis,1953,185.22891666666666
St. Kitts And Nevis,1954,221.59775
St. Kitts And Nevis,1955,212.27874999999997
St. Kitts And Nevis,1956,209.21215833333335
St. Kitts And Nevis,1957,165.93323333333333
St. Kitts And Nevis,1958,235.39149166666667
St. Kitts And Nevis,1959,175.21215833333335
St. Kitts And Nevis,1960,222.6765
St. Kitts And Nevis,1961,176.40391666666667
St. Kitts And Nevis,1962,187.07283333333336
St. Kitts And Nevis,1963,178.93740833333334
St. Kitts And Nevis,1964,155.03733333333335
St. Kitts And Nevis,1965,187.31432500000003
St. Kitts And Nevis,1966,188.6185
St. Kitts And Nevis,1967,156.645575
St. Kitts And Nevis,1968,155.57273333333333
St. Kitts And Nevis,1969,217.64133333333334
St. Kitts And Nevis,1970,211.95182499999999
St. Kitts And Nevis,1971,181.21449166666665
St. Kitts And Nevis,1972,170.64566666666667
St. Kitts And Nevis,1973,142.62899166666668
St. Kitts And Nevis,1974,168.85174166666667
St. Kitts And Nevis,1975,191.07489999999999
St. Kitts And Nevis,1976,158.599575
St. Kitts And Nevis,1977,175.5394
St. Kitts And Nevis,1978,164.9935
St. Kitts And Nevis,1979,257.505825
St. Kitts And Nevis,1980,164.91225
St. Kitts And Nevis,1981,214.6915
St. Kitts And Nevis,1982,189.38525
St. Kitts And Nevis,1983,179.775
St. Kitts And Nevis,1984,205.8705
St. Kitts And Nevis,1985,175.59975
St. Kitts And Nevis,1986,201.78099166666667
St. Kitts And Nevis,1987,237.56224999999998
St. Kitts And Nevis,1988,212.17075
St. Kitts And Nevis,1989,215.162325
St. Kitts And Nevis,1990,192.04558333333333
St. Kitts And Nevis,1991,158.04374166666668
St. Kitts And Nevis,1992,228.505825
St. Kitts And Nevis,1993,192.18524166666668
St. Kitts And Nevis,1994,128.67074166666666
St. Kitts And Nevis,1995,170.23715
St. Kitts And Nevis,1996,197.21840833333331
St. Kitts And Nevis,1997,177.50625000000002
St. Kitts And Nevis,1998,231.105825
St. Kitts And Nevis,1999,209.36015
St. Kitts And Nevis,2000,147.224825
St. Kitts And Nevis,2001,181.753825
St. Kitts And Nevis,2002,195.38108333333332
St. Kitts And Nevis,2003,212.22658333333334
St. Kitts And Nevis,2004,238.53291666666667
St. Kitts And Nevis,2005,254.429
St. Kitts And Nevis,2006,259.303825
St. Kitts And Nevis,2007,186.53306666666666
St. Kitts And Nevis,2008,247.78075
St. Kitts And Nevis,2009,154.81232500000002
St. Kitts And Nevis,2010,242.52675
St. Kitts And Nevis,2011,240.21216666666666
St. Kitts And Nevis,2012,185.90391666666667
St. Kitts And Nevis,2013,185.6434
St. Kitts And Nevis,2014,211.6474916666667
St. Kitts And Nevis,2015,107.14980833333334
St. Kitts And Nevis,2016,196.378825
St. Lucia,1901,192.81435
St. Lucia,1902,215.40807500000003
St. Lucia,1903,202.295975
St. Lucia,1904,172.3329666666667
St. Lucia,1905,176.82101666666665
St. Lucia,1906,191.95989166666666
St. Lucia,1907,157.18106666666668
St. Lucia,1908,148.78585
St. Lucia,1909,192.81435
St. Lucia,1910,181.92745
St. Lucia,1911,192.81435
St. Lucia,1912,192.81435
St. Lucia,1913,192.81435
St. Lucia,1914,192.81435
St. Lucia,1915,192.81435
St. Lucia,1916,192.81435
St. Lucia,1917,192.81435
St. Lucia,1918,192.81435
St. Lucia,1919,192.81435
St. Lucia,1920,192.81435
St. Lucia,1921,197.60895000000002
St. Lucia,1922,188.6681
St. Lucia,1923,193.05229999999997
St. Lucia,1924,186.97076666666666
St. Lucia,1925,188.00700833333335
St. Lucia,1926,188.06335833333333
St. Lucia,1927,193.2179
St. Lucia,1928,190.1636
St. Lucia,1929,190.98836666666668
St. Lucia,1930,191.0208
St. Lucia,1931,189.6106
St. Lucia,1932,199.19875000000002
St. Lucia,1933,221.11998333333335
St. Lucia,1934,131.63766666666666
St. Lucia,1935,172.81652499999998
St. Lucia,1936,213.71174166666665
St. Lucia,1937,137.42101666666667
St. Lucia,1938,204.78482499999998
St. Lucia,1939,144.8933
St. Lucia,1940,134.47096666666667
St. Lucia,1941,178.12835833333335
St. Lucia,1942,213.4069333333333
St. Lucia,1943,160.451475
St. Lucia,1944,184.18661666666665
St. Lucia,1945,175.7293083333333
St. Lucia,1946,149.7413
St. Lucia,1947,131.00226666666666
St. Lucia,1948,229.52381666666668
St. Lucia,1949,171.86817499999998
St. Lucia,1950,194.78565
St. Lucia,1951,235.69679166666666
St. Lucia,1952,216.55609166666667
St. Lucia,1953,194.75234166666667
St. Lucia,1954,207.68944166666665
St. Lucia,1955,225.4421583333333
St. Lucia,1956,232.692
St. Lucia,1957,200.97827499999997
St. Lucia,1958,251.93198333333336
St. Lucia,1959,172.29858333333334
St. Lucia,1960,192.78291666666667
St. Lucia,1961,178.13573333333332
St. Lucia,1962,183.40144166666667
St. Lucia,1963,179.33211666666668
St. Lucia,1964,177.632125
St. Lucia,1965,166.069125
St. Lucia,1966,246.18944166666665
St. Lucia,1967,211.86625
St. Lucia,1968,173.477425
St. Lucia,1969,214.78755
St. Lucia,1970,240.61531666666667
St. Lucia,1971,167.93849166666666
St. Lucia,1972,198.1088
St. Lucia,1973,127.15720833333334
St. Lucia,1974,168.22720833333332
St. Lucia,1975,186.43010833333332
St. Lucia,1976,177.98478333333333
St. Lucia,1977,174.99891666666667
St. Lucia,1978,181.44508333333332
St. Lucia,1979,214.74131666666665
St. Lucia,1980,204.84410833333334
St. Lucia,1981,223.33669999999998
St. Lucia,1982,217.5551
St. Lucia,1983,177.93565
St. Lucia,1984,217.216275
St. Lucia,1985,194.42643333333334
St. Lucia,1986,206.872675
St. Lucia,1987,199.74136666666666
St. Lucia,1988,231.4662
St. Lucia,1989,198.91344166666667
St. Lucia,1990,189.65881666666667
St. Lucia,1991,206.53669166666668
St. Lucia,1992,242.9284
St. Lucia,1993,207.15233333333333
St. Lucia,1994,169.76734166666665
St. Lucia,1995,219.78666666666666
St. Lucia,1996,234.8015
St. Lucia,1997,162.47374166666665
St. Lucia,1998,240.86356666666666
St. Lucia,1999,183.30426666666665
St. Lucia,2000,190.26904166666668
St. Lucia,2001,164.73684166666666
St. Lucia,2002,168.49315833333333
St. Lucia,2003,171.04229166666667
St. Lucia,2004,277.10514166666667
St. Lucia,2005,251.148675
St. Lucia,2006,187.35243333333335
St. Lucia,2007,182.47556666666665
St. Lucia,2008,210.69680833333334
St. Lucia,2009,175.73119999999997
St. Lucia,2010,250.28844416666666
St. Lucia,2011,281.4793
St. Lucia,2012,204.77
St. Lucia,2013,205.510675
St. Lucia,2014,177.56361666666666
St. Lucia,2015,152.136675
St. Lucia,2016,237.34504166666667
St. Vincent And The Grenadines,1901,131.09965
St. Vincent And The Grenadines,1902,147.5275
St. Vincent And The Grenadines,1903,140.01966666666667
St. Vincent And The Grenadines,1904,116.90815833333333
St. Vincent And The Grenadines,1905,121.24490833333334
St. Vincent And The Grenadines,1906,134.18573333333333
St. Vincent And The Grenadines,1907,106.67890833333333
St. Vincent And The Grenadines,1908,103.777325
St. Vincent And The Grenadines,1909,131.09965
St. Vincent And The Grenadines,1910,122.37823333333334
St. Vincent And The Grenadines,1911,131.09965
St. Vincent And The Grenadines,1912,131.09965
St. Vincent And The Grenadines,1913,131.09965
St. Vincent And The Grenadines,1914,131.09965
St. Vincent And The Grenadines,1915,131.09965
St. Vincent And The Grenadines,1916,131.09965
St. Vincent And The Grenadines,1917,131.09965
St. Vincent And The Grenadines,1918,131.09965
St. Vincent And The Grenadines,1919,131.09965
St. Vincent And The Grenadines,1920,131.09965
St. Vincent And The Grenadines,1921,172.656575
St. Vincent And The Grenadines,1922,95.95905833333332
St. Vincent And The Grenadines,1923,133.81158333333335
St. Vincent And The Grenadines,1924,79.33498333333334
St. Vincent And The Grenadines,1925,88.19581666666666
St. Vincent And The Grenadines,1926,89.61582500000002
St. Vincent And The Grenadines,1927,133.9249166666667
St. Vincent And The Grenadines,1928,107.370725
St. Vincent And The Grenadines,1929,115.18306666666666
St. Vincent And The Grenadines,1930,115.96983333333333
St. Vincent And The Grenadines,1931,104.03466666666667
St. Vincent And The Grenadines,1932,131.48406666666668
St. Vincent And The Grenadines,1933,155.23490833333332
St. Vincent And The Grenadines,1934,91.36808333333333
St. Vincent And The Grenadines,1935,122.11315833333333
St. Vincent And The Grenadines,1936,146.05724999999998
St. Vincent And The Grenadines,1937,92.43974166666668
St. Vincent And The Grenadines,1938,141.17983333333333
St. Vincent And The Grenadines,1939,99.028075
St. Vincent And The Grenadines,1940,92.93573333333335
St. Vincent And The Grenadines,1941,120.92815
St. Vincent And The Grenadines,1942,143.29729166666667
St. Vincent And The Grenadines,1943,114.29825
St. Vincent And The Grenadines,1944,129.9081666666667
St. Vincent And The Grenadines,1945,119.566575
St. Vincent And The Grenadines,1946,113.26973333333332
St. Vincent And The Grenadines,1947,93.975725
St. Vincent And The Grenadines,1948,151.948825
St. Vincent And The Grenadines,1949,125.03566666666666
St. Vincent And The Grenadines,1950,137.092325
St. Vincent And The Grenadines,1951,161.36898333333335
St. Vincent And The Grenadines,1952,135.183
St. Vincent And The Grenadines,1953,131.97715833333334
St. Vincent And The Grenadines,1954,144.05058333333332
St. Vincent And The Grenadines,1955,155.01231666666666
St. Vincent And The Grenadines,1956,151.60483333333335
St. Vincent And The Grenadines,1957,123.31400000000001
St. Vincent And The Grenadines,1958,158.58475
St. Vincent And The Grenadines,1959,105.297325
St. Vincent And The Grenadines,1960,118.59490833333332
St. Vincent And The Grenadines,1961,124.94066666666667
St. Vincent And The Grenadines,1962,124.08565833333334
St. Vincent And The Grenadines,1963,128.12575
St. Vincent And The Grenadines,1964,122.17975
St. Vincent And The Grenadines,1965,113.65731666666666
St. Vincent And The Grenadines,1966,170.54299166666667
St. Vincent And The Grenadines,1967,136.30814999999998
St. Vincent And The Grenadines,1968,116.91233333333334
St. Vincent And The Grenadines,1969,148.92823333333334
St. Vincent And The Grenadines,1970,165.49490833333334
St. Vincent And The Grenadines,1971,119.56724166666667
St. Vincent And The Grenadines,1972,127.20564999999999
St. Vincent And The Grenadines,1973,97.77140000000001
St. Vincent And The Grenadines,1974,111.609825
St. Vincent And The Grenadines,1975,124.27633333333334
St. Vincent And The Grenadines,1976,114.22565833333334
St. Vincent And The Grenadines,1977,112.58156666666667
St. Vincent And The Grenadines,1978,121.75240833333334
St. Vincent And The Grenadines,1979,148.71549166666668
St. Vincent And The Grenadines,1980,139.89157500000002
St. Vincent And The Grenadines,1981,155.57808333333335
St. Vincent And The Grenadines,1982,140.665475
St. Vincent And The Grenadines,1983,124.94891666666666
St. Vincent And The Grenadines,1984,146.23723333333334
St. Vincent And The Grenadines,1985,135.5665
St. Vincent And The Grenadines,1986,134.447325
St. Vincent And The Grenadines,1987,128.84316666666666
St. Vincent And The Grenadines,1988,159.78233333333333
St. Vincent And The Grenadines,1989,120.42331666666666
St. Vincent And The Grenadines,1990,127.158975
St. Vincent And The Grenadines,1991,130.93398333333334
St. Vincent And The Grenadines,1992,154.76065833333334
St. Vincent And The Grenadines,1993,136.31333333333333
St. Vincent And The Grenadines,1994,122.91708333333334
St. Vincent And The Grenadines,1995,143.28564166666666
St. Vincent And The Grenadines,1996,152.2914
St. Vincent And The Grenadines,1997,115.83648333333333
St. Vincent And The Grenadines,1998,163.333
St. Vincent And The Grenadines,1999,133.62066666666666
St. Vincent And The Grenadines,2000,133.990725
St. Vincent And The Grenadines,2001,109.90165833333333
St. Vincent And The Grenadines,2002,116.55898333333333
St. Vincent And The Grenadines,2003,113.78825
St. Vincent And The Grenadines,2004,172.94899999999998
St. Vincent And The Grenadines,2005,161.8456666666667
St. Vincent And The Grenadines,2006,131.14148333333333
St. Vincent And The Grenadines,2007,125.72983333333333
St. Vincent And The Grenadines,2008,139.81
St. Vincent And The Grenadines,2009,113.701325
St. Vincent And The Grenadines,2010,169.53748333333334
St. Vincent And The Grenadines,2011,178.4265
St. Vincent And The Grenadines,2012,128.32581666666667
St. Vincent And The Grenadines,2013,133.62149166666669
St. Vincent And The Grenadines,2014,121.81908333333332
St. Vincent And The Grenadines,2015,92.70240000000001
St. Vincent And The Grenadines,2016,150.12166666666667
Sudan,1901,17.931876666666664
Sudan,1902,21.16724
Sudan,1903,17.073511666666665
Sudan,1904,18.313541666666666
Sudan,1905,20.64664
Sudan,1906,21.270610833333333
Sudan,1907,21.85686166666667
Sudan,1908,21.06674416666667
Sudan,1909,22.822430833333332
Sudan,1910,21.050913333333334
Sudan,1911,20.310145000000002
Sudan,1912,20.4054675
Sudan,1913,15.075558333333333
Sudan,1914,21.258556666666667
Sudan,1915,20.4110325
Sudan,1916,21.834384999999997
Sudan,1917,20.045698333333334
Sudan,1918,19.949324166666667
Sudan,1919,16.168246666666665
Sudan,1920,27.838898333333333
Sudan,1921,21.428788333333333
Sudan,1922,29.11528416666667
Sudan,1923,28.826165833333334
Sudan,1924,23.999151666666666
Sudan,1925,19.181715
Sudan,1926,19.2550375
Sudan,1927,22.821845
Sudan,1928,22.419105
Sudan,1929,27.967361666666665
Sudan,1930,24.3010025
Sudan,1931,23.136216666666666
Sudan,1932,23.45365
Sudan,1933,23.822874166666665
Sudan,1934,26.2821525
Sudan,1935,23.610399166666667
Sudan,1936,24.579530833333333
Sudan,1937,23.21542583333333
Sudan,1938,25.437029166666665
Sudan,1939,25.450771666666668
Sudan,1940,20.295540833333334
Sudan,1941,20.02843
Sudan,1942,23.02669333333333
Sudan,1943,21.464835833333336
Sudan,1944,22.00361583333333
Sudan,1945,23.438639166666665
Sudan,1946,29.452046666666664
Sudan,1947,21.67952
Sudan,1948,19.976814166666667
Sudan,1949,19.416484999999998
Sudan,1950,28.952569999999998
Sudan,1951,21.957278333333335
Sudan,1952,22.9658025
Sudan,1953,27.7190425
Sudan,1954,25.091159166666667
Sudan,1955,22.124728333333334
Sudan,1956,26.52239333333333
Sudan,1957,23.1856375
Sudan,1958,23.614671666666666
Sudan,1959,23.825945
Sudan,1960,18.63250833333333
Sudan,1961,25.032435000000003
Sudan,1962,25.605058333333332
Sudan,1963,22.323354166666665
Sudan,1964,25.291020833333334
Sudan,1965,22.617365000000003
Sudan,1966,20.440293333333333
Sudan,1967,22.422524166666665
Sudan,1968,21.523194166666666
Sudan,1969,18.221280833333335
Sudan,1970,19.731729166666668
Sudan,1971,18.66204
Sudan,1972,18.982049999999997
Sudan,1973,16.166690833333334
Sudan,1974,21.028031666666667
Sudan,1975,19.94238
Sudan,1976,18.958649166666667
Sudan,1977,19.7362375
Sudan,1978,23.25869916666667
Sudan,1979,20.682248333333334
Sudan,1980,20.317228333333333
Sudan,1981,19.517826666666668
Sudan,1982,15.599376666666666
Sudan,1983,14.521095
Sudan,1984,10.148205833333334
Sudan,1985,17.232196666666667
Sudan,1986,16.492001666666667
Sudan,1987,15.021188333333335
Sudan,1988,24.009226666666667
Sudan,1989,18.438525000000002
Sudan,1990,12.022795
Sudan,1991,18.4756075
Sudan,1992,19.612783333333333
Sudan,1993,19.37081583333333
Sudan,1994,24.85929416666667
Sudan,1995,20.484810833333334
Sudan,1996,17.398284166666667
Sudan,1997,19.284277499999998
Sudan,1998,23.657304166666666
Sudan,1999,24.7440125
Sudan,2000,19.691511666666667
Sudan,2001,18.566843333333335
Sudan,2002,18.427870833333333
Sudan,2003,23.334096666666667
Sudan,2004,16.0940425
Sudan,2005,21.63607
Sudan,2006,21.661625833333332
Sudan,2007,27.02614583333333
Sudan,2008,19.246311666666667
Sudan,2009,15.466549166666667
Sudan,2010,22.4159975
Sudan,2011,17.926257500000002
Sudan,2012,22.33223083333333
Sudan,2013,22.336051666666666
Sudan,2014,24.636579166666667
Sudan,2015,18.514725833333333
Sudan,2016,21.4493575
Suriname,1901,206.69605833333333
Suriname,1902,259.3704333333333
Suriname,1903,223.45340833333333
Suriname,1904,230.7488
Suriname,1905,206.35675833333335
Suriname,1906,192.22330833333334
Suriname,1907,283.1390916666667
Suriname,1908,220.78135833333332
Suriname,1909,210.565375
Suriname,1910,205.03095
Suriname,1911,224.452725
Suriname,1912,159.2662
Suriname,1913,166.89824166666668
Suriname,1914,202.631975
Suriname,1915,223.36699166666665
Suriname,1916,220.71605
Suriname,1917,196.77480833333334
Suriname,1918,230.7524
Suriname,1919,215.05511666666666
Suriname,1920,155.68729166666665
Suriname,1921,182.93439999999998
Suriname,1922,209.93938333333332
Suriname,1923,183.819475
Suriname,1924,164.89882500000002
Suriname,1925,149.58346666666668
Suriname,1926,151.63785
Suriname,1927,258.1247916666667
Suriname,1928,221.37505833333333
Suriname,1929,187.95574166666665
Suriname,1930,180.47199999999998
Suriname,1931,197.26505833333331
Suriname,1932,219.7014
Suriname,1933,216.7275083333333
Suriname,1934,136.25043333333335
Suriname,1935,161.62295833333334
Suriname,1936,221.79654166666668
Suriname,1937,198.43525833333334
Suriname,1938,260.74644166666667
Suriname,1939,217.24774166666668
Suriname,1940,147.97133333333332
Suriname,1941,200.0084416666667
Suriname,1942,190.71665833333336
Suriname,1943,228.67297499999998
Suriname,1944,195.47335833333332
Suriname,1945,216.47231666666667
Suriname,1946,206.48120833333334
Suriname,1947,160.31476666666666
Suriname,1948,246.37456666666665
Suriname,1949,264.5036416666667
Suriname,1950,198.48022500000002
Suriname,1951,223.02383333333333
Suriname,1952,184.45204166666667
Suriname,1953,229.68084166666665
Suriname,1954,253.58529166666668
Suriname,1955,227.32493333333332
Suriname,1956,238.71830833333334
Suriname,1957,136.00062499999999
Suriname,1958,188.04665
Suriname,1959,172.713
Suriname,1960,197.00920833333336
Suriname,1961,146.89533333333333
Suriname,1962,159.90380833333333
Suriname,1963,203.91428333333332
Suriname,1964,135.3273
Suriname,1965,156.07394166666666
Suriname,1966,184.48935833333334
Suriname,1967,203.94882499999997
Suriname,1968,227.93176666666668
Suriname,1969,187.75204999999997
Suriname,1970,239.24585000000002
Suriname,1971,235.37095
Suriname,1972,215.54319999999998
Suriname,1973,203.45258333333334
Suriname,1974,189.20838333333333
Suriname,1975,217.34614166666665
Suriname,1976,235.69091666666668
Suriname,1977,182.43749166666666
Suriname,1978,191.5268166666667
Suriname,1979,217.66160833333333
Suriname,1980,179.6362
Suriname,1981,201.74701666666667
Suriname,1982,183.0332
Suriname,1983,168.41836666666669
Suriname,1984,208.16683333333333
Suriname,1985,172.11271666666667
Suriname,1986,160.34618333333333
Suriname,1987,169.36790833333333
Suriname,1988,178.93095000000002
Suriname,1989,239.44108333333335
Suriname,1990,257.45050833333335
Suriname,1991,184.63916666666668
Suriname,1992,160.97181666666668
Suriname,1993,206.83739166666666
Suriname,1994,204.58591666666666
Suriname,1995,162.69289166666667
Suriname,1996,217.01285
Suriname,1997,174.38241666666667
Suriname,1998,165.91175833333332
Suriname,1999,191.50618333333333
Suriname,2000,234.76274166666667
Suriname,2001,155.016825
Suriname,2002,187.5297833333333
Suriname,2003,156.11406666666667
Suriname,2004,184.50801666666666
Suriname,2005,219.49407499999998
Suriname,2006,205.23119166666666
Suriname,2007,224.01418333333334
Suriname,2008,215.427425
Suriname,2009,166.54941666666667
Suriname,2010,194.20689166666668
Suriname,2011,208.6782916666667
Suriname,2012,191.00671666666668
Suriname,2013,219.65848333333335
Suriname,2014,173.23744166666665
Suriname,2015,199.08084999999997
Suriname,2016,183.15768333333335
Swaziland,1901,122.24146666666667
Swaziland,1902,38.84883166666667
Swaziland,1903,40.23654416666667
Swaziland,1904,56.47339333333334
Swaziland,1905,61.482791666666664
Swaziland,1906,65.05071666666667
Swaziland,1907,76.51472583333333
Swaziland,1908,51.74633166666666
Swaziland,1909,93.45169333333332
Swaziland,1910,81.2728475
Swaziland,1911,66.71145083333333
Swaziland,1912,51.084
Swaziland,1913,74.14627083333333
Swaziland,1914,68.20606666666667
Swaziland,1915,91.02920916666666
Swaziland,1916,46.76268666666667
Swaziland,1917,94.24275
Swaziland,1918,102.04091583333333
Swaziland,1919,59.21270916666666
Swaziland,1920,85.607755
Swaziland,1921,75.4050575
Swaziland,1922,63.16079583333334
Swaziland,1923,66.95308250000001
Swaziland,1924,74.42357666666668
Swaziland,1925,76.6779125
Swaziland,1926,53.27018
Swaziland,1927,58.57986333333333
Swaziland,1928,54.402453333333334
Swaziland,1929,69.79138833333333
Swaziland,1930,56.45943416666666
Swaziland,1931,50.289859166666666
Swaziland,1932,64.22758916666668
Swaziland,1933,61.15142
Swaziland,1934,72.45659166666667
Swaziland,1935,42.019816666666664
Swaziland,1936,87.66326833333333
Swaziland,1937,81.52868833333333
Swaziland,1938,77.30845333333333
Swaziland,1939,95.2481525
Swaziland,1940,79.0979175
Swaziland,1941,51.129017499999996
Swaziland,1942,82.80388916666666
Swaziland,1943,82.89932666666667
Swaziland,1944,69.054345
Swaziland,1945,50.09456333333333
Swaziland,1946,73.70572833333334
Swaziland,1947,77.06469416666667
Swaziland,1948,58.0209825
Swaziland,1949,83.08703083333334
Swaziland,1950,61.6794325
Swaziland,1951,61.804195
Swaziland,1952,60.4518225
Swaziland,1953,59.9011725
Swaziland,1954,73.708
Swaziland,1955,91.5563325
Swaziland,1956,70.28651
Swaziland,1957,76.24681916666667
Swaziland,1958,76.91679833333333
Swaziland,1959,59.4382125
Swaziland,1960,81.07320833333334
Swaziland,1961,62.66740000000001
Swaziland,1962,57.38884166666667
Swaziland,1963,60.56786833333334
Swaziland,1964,60.9698075
Swaziland,1965,46.5049675
Swaziland,1966,74.04776416666667
Swaziland,1967,72.98900583333334
Swaziland,1968,59.36766666666667
Swaziland,1969,85.92164583333333
Swaziland,1970,48.3958175
Swaziland,1971,74.94744916666667
Swaziland,1972,82.7131375
Swaziland,1973,81.58003583333333
Swaziland,1974,67.2259175
Swaziland,1975,87.48123
Swaziland,1976,75.98973166666667
Swaziland,1977,71.54809333333334
Swaziland,1978,82.97632833333334
Swaziland,1979,55.441900000000004
Swaziland,1980,65.55965
Swaziland,1981,79.13053166666667
Swaziland,1982,46.15936333333334
Swaziland,1983,65.02507333333334
Swaziland,1984,89.79569083333332
Swaziland,1985,64.88644583333333
Swaziland,1986,57.58032166666667
Swaziland,1987,72.29458166666667
Swaziland,1988,77.0114
Swaziland,1989,75.46763
Swaziland,1990,58.00396833333334
Swaziland,1991,61.328966666666666
Swaziland,1992,43.73159999999999
Swaziland,1993,65.66236416666668
Swaziland,1994,52.736176666666665
Swaziland,1995,64.20378583333333
Swaziland,1996,77.43770083333334
Swaziland,1997,78.49440833333334
Swaziland,1998,78.00404083333333
Swaziland,1999,75.80676916666665
Swaziland,2000,125.90428416666667
Swaziland,2001,72.73756416666667
Swaziland,2002,45.07505
Swaziland,2003,52.09601833333334
Swaziland,2004,72.0580725
Swaziland,2005,50.13286083333333
Swaziland,2006,80.665335
Swaziland,2007,51.961219166666666
Swaziland,2008,63.31605
Swaziland,2009,69.68166666666666
Swaziland,2010,53.708688333333335
Swaziland,2011,66.57220833333334
Swaziland,2012,73.75798583333334
Swaziland,2013,60.86634916666666
Swaziland,2014,69.03205
Swaziland,2015,49.9479
Swaziland,2016,61.4466525
Sweden,1901,38.411341666666665
Sweden,1902,45.43269916666667
Sweden,1903,51.564375000000005
Sweden,1904,43.96860833333333
Sweden,1905,45.42825
Sweden,1906,45.106500000000004
Sweden,1907,50.574958333333335
Sweden,1908,40.98444166666667
Sweden,1909,53.42240833333333
Sweden,1910,47.98928333333333
Sweden,1911,44.43709166666667
Sweden,1912,54.36323333333333
Sweden,1913,44.57705000000001
Sweden,1914,41.8923
Sweden,1915,46.53195
Sweden,1916,52.20874166666667
Sweden,1917,44.73365833333333
Sweden,1918,45.87153333333333
Sweden,1919,47.811975
Sweden,1920,50.707175
Sweden,1921,54.64035833333333
Sweden,1922,46.68499166666667
Sweden,1923,52.09589166666667
Sweden,1924,53.67106666666666
Sweden,1925,50.663175
Sweden,1926,50.04624166666667
Sweden,1927,57.951458333333335
Sweden,1928,52.788266666666665
Sweden,1929,54.48615833333333
Sweden,1930,50.17920833333333
Sweden,1931,51.98952499999999
Sweden,1932,51.02765
Sweden,1933,40.659175
Sweden,1934,55.90801666666667
Sweden,1935,59.99510833333333
Sweden,1936,49.92734166666667
Sweden,1937,49.06405833333333
Sweden,1938,55.472825
Sweden,1939,46.863225
Sweden,1940,48.91323333333333
Sweden,1941,44.03069083333333
Sweden,1942,47.16165833333333
Sweden,1943,49.6505
Sweden,1944,57.61625
Sweden,1945,54.78957499999999
Sweden,1946,52.16376666666667
Sweden,1947,40.18135
Sweden,1948,49.92325833333334
Sweden,1949,53.89066666666667
Sweden,1950,54.680058333333335
Sweden,1951,48.578675000000004
Sweden,1952,51.912008333333326
Sweden,1953,53.03655
Sweden,1954,55.768225
Sweden,1955,44.748108333333334
Sweden,1956,44.27761666666667
Sweden,1957,55.01379166666666
Sweden,1958,49.523741666666666
Sweden,1959,45.761583333333334
Sweden,1960,57.325408333333336
Sweden,1961,57.049258333333334
Sweden,1962,51.098816666666664
Sweden,1963,48.690583333333336
Sweden,1964,51.133878333333335
Sweden,1965,52.124658333333336
Sweden,1966,55.89455
Sweden,1967,59.01128333333333
Sweden,1968,48.096399999999996
Sweden,1969,44.06205833333333
Sweden,1970,49.955774999999996
Sweden,1971,50.08651666666666
Sweden,1972,49.22616666666667
Sweden,1973,51.85467499999999
Sweden,1974,55.06860833333334
Sweden,1975,49.2528
Sweden,1976,40.877741666666665
Sweden,1977,55.7776
Sweden,1978,47.34146666666667
Sweden,1979,56.194500000000005
Sweden,1980,49.717166666666664
Sweden,1981,57.865766666666666
Sweden,1982,51.08696666666666
Sweden,1983,57.64876666666667
Sweden,1984,54.667125
Sweden,1985,60.52295
Sweden,1986,53.235508333333335
Sweden,1987,57.312549999999995
Sweden,1988,56.47945833333333
Sweden,1989,52.780008333333335
Sweden,1990,57.183258333333335
Sweden,1991,51.796525
Sweden,1992,57.458875
Sweden,1993,57.190666666666665
Sweden,1994,47.77458333333333
Sweden,1995,54.203475
Sweden,1996,49.016783333333336
Sweden,1997,50.733650000000004
Sweden,1998,66.30375833333333
Sweden,1999,58.33803333333333
Sweden,2000,70.24003333333333
Sweden,2001,61.50877499999999
Sweden,2002,50.12419166666667
Sweden,2003,49.40533333333334
Sweden,2004,56.02090833333333
Sweden,2005,54.744458333333334
Sweden,2006,56.004025000000006
Sweden,2007,58.02153333333334
Sweden,2008,59.413000000000004
Sweden,2009,55.76991666666667
Sweden,2010,53.82109166666667
Sweden,2011,58.53070833333334
Sweden,2012,62.28694166666667
Sweden,2013,50.66341666666667
Sweden,2014,51.94409166666666
Sweden,2015,61.13950833333334
Sweden,2016,54.674733333333336
Switzerland,1901,134.55261666666667
Switzerland,1902,122.21255000000001
Switzerland,1903,118.45520833333335
Switzerland,1904,110.6961
Switzerland,1905,134.65615833333334
Switzerland,1906,105.13889999999999
Switzerland,1907,113.97897499999999
Switzerland,1908,110.585075
Switzerland,1909,118.83078333333333
Switzerland,1910,153.33358333333334
Switzerland,1911,106.07957499999999
Switzerland,1912,129.79719166666666
Switzerland,1913,119.11233333333332
Switzerland,1914,141.23341666666667
Switzerland,1915,128.68305833333332
Switzerland,1916,152.65185833333334
Switzerland,1917,121.5163
Switzerland,1918,121.428975
Switzerland,1919,125.83899166666667
Switzerland,1920,111.92381666666667
Switzerland,1921,82.58663333333334
Switzerland,1922,154.38799166666666
Switzerland,1923,124.53448333333334
Switzerland,1924,117.17807499999999
Switzerland,1925,113.90044166666667
Switzerland,1926,129.85328333333334
Switzerland,1927,134.8171
Switzerland,1928,128.08234166666668
Switzerland,1929,100.79099166666667
Switzerland,1930,140.11154166666668
Switzerland,1931,127.49496666666666
Switzerland,1932,116.890375
Switzerland,1933,112.07685
Switzerland,1934,113.78809166666667
Switzerland,1935,142.30366666666666
Switzerland,1936,132.37510833333332
Switzerland,1937,132.58973333333333
Switzerland,1938,111.716275
Switzerland,1939,147.73378333333332
Switzerland,1940,139.10364166666668
Switzerland,1941,117.070425
Switzerland,1942,107.06839166666667
Switzerland,1943,97.52725833333334
Switzerland,1944,125.98591666666668
Switzerland,1945,112.07890833333333
Switzerland,1946,116.85694166666667
Switzerland,1947,108.60452500000001
Switzerland,1948,119.27005000000001
Switzerland,1949,92.84995833333333
Switzerland,1950,124.98821666666667
Switzerland,1951,136.96778333333333
Switzerland,1952,137.99969166666668
Switzerland,1953,93.48848333333332
Switzerland,1954,137.556175
Switzerland,1955,125.48382500000001
Switzerland,1956,125.59838333333335
Switzerland,1957,119.74358333333333
Switzerland,1958,138.08976666666666
Switzerland,1959,116.30561666666667
Switzerland,1960,149.20860833333333
Switzerland,1961,112.75325
Switzerland,1962,105.64975833333334
Switzerland,1963,126.96370833333333
Switzerland,1964,106.63371666666667
Switzerland,1965,149.374
Switzerland,1966,138.6551
Switzerland,1967,114.04083333333334
Switzerland,1968,138.03343333333333
Switzerland,1969,112.82822499999999
Switzerland,1970,136.92611666666667
Switzerland,1971,103.93501666666667
Switzerland,1972,111.89998333333334
Switzerland,1973,118.92715
Switzerland,1974,126.08855833333332
Switzerland,1975,124.35674166666666
Switzerland,1976,110.29878333333333
Switzerland,1977,149.66307500000002
Switzerland,1978,130.134025
Switzerland,1979,146.78195
Switzerland,1980,124.394275
Switzerland,1981,150.02134999999998
Switzerland,1982,130.71458333333334
Switzerland,1983,123.77478333333333
Switzerland,1984,123.078825
Switzerland,1985,116.66830833333334
Switzerland,1986,134.481075
Switzerland,1987,138.4907
Switzerland,1988,139.06706666666665
Switzerland,1989,106.52509166666665
Switzerland,1990,130.607725
Switzerland,1991,109.69173333333333
Switzerland,1992,129.71218333333334
Switzerland,1993,130.05318333333332
Switzerland,1994,135.41820833333335
Switzerland,1995,141.603825
Switzerland,1996,125.36206666666668
Switzerland,1997,116.68743333333333
Switzerland,1998,117.72948333333333
Switzerland,1999,157.88658333333333
Switzerland,2000,134.166
Switzerland,2001,142.30115
Switzerland,2002,152.00288333333333
Switzerland,2003,96.13906666666666
Switzerland,2004,116.25058333333334
Switzerland,2005,107.37209166666666
Switzerland,2006,129.05085
Switzerland,2007,132.077025
Switzerland,2008,134.5505
Switzerland,2009,120.5708
Switzerland,2010,122.114975
Switzerland,2011,108.52898333333333
Switzerland,2012,135.61209166666666
Switzerland,2013,137.04173333333333
Switzerland,2014,132.0074
Switzerland,2015,103.62089166666668
Switzerland,2016,137.4377125
Syria,1901,15.4286325
Syria,1902,28.702581666666664
Syria,1903,18.784074999999998
Syria,1904,28.765552500000002
Syria,1905,23.206949166666664
Syria,1906,30.090285833333336
Syria,1907,29.27536166666667
Syria,1908,28.277127500000002
Syria,1909,26.77013416666667
Syria,1910,25.353669166666666
Syria,1911,38.78018083333333
Syria,1912,28.796234166666665
Syria,1913,30.191790833333332
Syria,1914,29.269881666666667
Syria,1915,20.890761666666666
Syria,1916,28.29982
Syria,1917,24.72073
Syria,1918,32.257625
Syria,1919,25.96949833333333
Syria,1920,24.656806666666668
Syria,1921,27.361190833333335
Syria,1922,24.37431083333333
Syria,1923,24.808616666666666
Syria,1924,27.511660000000003
Syria,1925,19.254035
Syria,1926,28.8160075
Syria,1927,23.15377583333333
Syria,1928,24.268541666666664
Syria,1929,22.11591
Syria,1930,19.46119
Syria,1931,25.020969166666664
Syria,1932,17.186114166666666
Syria,1933,18.33922
Syria,1934,23.59566166666667
Syria,1935,30.153735
Syria,1936,23.3036025
Syria,1937,20.787274999999998
Syria,1938,28.3335975
Syria,1939,26.49696833333333
Syria,1940,29.493741666666665
Syria,1941,22.721284166666667
Syria,1942,28.321990833333334
Syria,1943,26.24660833333333
Syria,1944,30.840030000000002
Syria,1945,22.214898333333334
Syria,1946,23.987285833333335
Syria,1947,20.625759166666665
Syria,1948,29.951025833333333
Syria,1949,25.476624166666664
Syria,1950,26.408733333333334
Syria,1951,26.6063875
Syria,1952,24.8618625
Syria,1953,33.711848333333336
Syria,1954,33.81258
Syria,1955,20.516546666666667
Syria,1956,21.88535333333333
Syria,1957,27.0514
Syria,1958,16.506215833333332
Syria,1959,18.15084416666667
Syria,1960,15.598574166666666
Syria,1961,25.658728333333332
Syria,1962,19.883
Syria,1963,33.11271583333333
Syria,1964,23.118509166666666
Syria,1965,26.702269166666667
Syria,1966,22.145801666666667
Syria,1967,33.606519999999996
Syria,1968,31.73034
Syria,1969,31.6000825
Syria,1970,17.80859583333333
Syria,1971,27.678608333333333
Syria,1972,24.600714166666666
Syria,1973,15.617832499999999
Syria,1974,30.185775000000003
Syria,1975,24.806714999999997
Syria,1976,30.196311666666663
Syria,1977,23.8604225
Syria,1978,21.6484525
Syria,1979,25.30627583333333
Syria,1980,27.423576666666666
Syria,1981,28.66356833333333
Syria,1982,25.178224999999998
Syria,1983,24.0482375
Syria,1984,22.180085833333333
Syria,1985,21.091746666666666
Syria,1986,23.6337875
Syria,1987,27.265675833333333
Syria,1988,36.2118775
Syria,1989,13.972695
Syria,1990,15.62695
Syria,1991,26.52374
Syria,1992,25.382379166666666
Syria,1993,22.104539166666665
Syria,1994,29.392645
Syria,1995,15.815403333333334
Syria,1996,29.988535833333334
Syria,1997,25.560533333333336
Syria,1998,20.526184166666667
Syria,1999,12.527720833333333
Syria,2000,22.207886666666667
Syria,2001,25.980943333333332
Syria,2002,24.490727500000002
Syria,2003,29.791983333333334
Syria,2004,23.630120833333333
Syria,2005,20.474256666666665
Syria,2006,22.712496666666667
Syria,2007,20.09487916666667
Syria,2008,14.647790833333334
Syria,2009,23.49766083333333
Syria,2010,17.251138333333333
Syria,2011,24.695674166666667
Syria,2012,30.929655
Syria,2013,21.253190833333335
Syria,2014,20.223935
Syria,2015,22.509576666666664
Syria,2016,21.625940833333335
Tajikistan,1901,32.51698666666667
Tajikistan,1902,49.370915
Tajikistan,1903,41.06487333333334
Tajikistan,1904,36.53904
Tajikistan,1905,35.43576
Tajikistan,1906,35.960895
Tajikistan,1907,39.027674166666664
Tajikistan,1908,44.99126916666666
Tajikistan,1909,31.56729833333333
Tajikistan,1910,41.19096
Tajikistan,1911,37.614739166666666
Tajikistan,1912,35.76987333333333
Tajikistan,1913,36.86947416666667
Tajikistan,1914,38.374924166666666
Tajikistan,1915,25.179973333333333
Tajikistan,1916,23.171643333333336
Tajikistan,1917,10.368688333333333
Tajikistan,1918,34.00624416666667
Tajikistan,1919,33.20775833333333
Tajikistan,1920,48.85666916666667
Tajikistan,1921,50.67223666666666
Tajikistan,1922,40.59558083333334
Tajikistan,1923,46.08880666666667
Tajikistan,1924,45.9345925
Tajikistan,1925,26.554900833333335
Tajikistan,1926,30.298216666666665
Tajikistan,1927,32.77825583333333
Tajikistan,1928,45.06395416666667
Tajikistan,1929,35.96317333333334
Tajikistan,1930,37.71236083333333
Tajikistan,1931,48.598704166666664
Tajikistan,1932,38.58309833333333
Tajikistan,1933,40.1333
Tajikistan,1934,39.734162500000004
Tajikistan,1935,40.302350833333335
Tajikistan,1936,28.447212499999996
Tajikistan,1937,34.89178166666667
Tajikistan,1938,35.94913583333334
Tajikistan,1939,31.40164916666667
Tajikistan,1940,32.944563333333335
Tajikistan,1941,41.719458333333336
Tajikistan,1942,46.43362416666667
Tajikistan,1943,41.31209333333333
Tajikistan,1944,33.026114166666666
Tajikistan,1945,41.7184425
Tajikistan,1946,29.3453325
Tajikistan,1947,30.502415
Tajikistan,1948,41.141687499999996
Tajikistan,1949,43.5069125
Tajikistan,1950,30.352369166666666
Tajikistan,1951,41.64555333333333
Tajikistan,1952,41.33150166666667
Tajikistan,1953,61.64567666666667
Tajikistan,1954,40.61744083333333
Tajikistan,1955,38.725964166666664
Tajikistan,1956,34.75085
Tajikistan,1957,45.2210925
Tajikistan,1958,49.796366666666664
Tajikistan,1959,40.4881425
Tajikistan,1960,42.29042333333333
Tajikistan,1961,32.30932166666667
Tajikistan,1962,37.671704166666665
Tajikistan,1963,37.79429916666667
Tajikistan,1964,42.986019166666665
Tajikistan,1965,41.727365
Tajikistan,1966,47.06861
Tajikistan,1967,41.43380916666667
Tajikistan,1968,44.8033625
Tajikistan,1969,62.26956333333334
Tajikistan,1970,33.69845833333333
Tajikistan,1971,25.681640833333333
Tajikistan,1972,45.64152583333333
Tajikistan,1973,39.8309075
Tajikistan,1974,37.00875833333333
Tajikistan,1975,35.73044083333333
Tajikistan,1976,41.85637083333334
Tajikistan,1977,44.2214425
Tajikistan,1978,39.866616666666665
Tajikistan,1979,37.22938166666667
Tajikistan,1980,40.250162499999995
Tajikistan,1981,45.870920000000005
Tajikistan,1982,38.968885
Tajikistan,1983,31.573206666666668
Tajikistan,1984,42.33494916666667
Tajikistan,1985,38.23686083333333
Tajikistan,1986,37.939303333333335
Tajikistan,1987,53.28264833333333
Tajikistan,1988,42.009305000000005
Tajikistan,1989,35.864329166666664
Tajikistan,1990,40.3803825
Tajikistan,1991,49.94541
Tajikistan,1992,41.025200000000005
Tajikistan,1993,51.95513333333333
Tajikistan,1994,40.15175
Tajikistan,1995,32.60144416666667
Tajikistan,1996,40.489195
Tajikistan,1997,36.29334333333333
Tajikistan,1998,56.943909999999995
Tajikistan,1999,47.21204916666667
Tajikistan,2000,35.54940083333333
Tajikistan,2001,32.82047083333333
Tajikistan,2002,49.2690625
Tajikistan,2003,56.58351833333333
Tajikistan,2004,49.29488083333333
Tajikistan,2005,43.3712275
Tajikistan,2006,42.76426333333333
Tajikistan,2007,36.81668666666667
Tajikistan,2008,35.92368416666667
Tajikistan,2009,49.44238333333333
Tajikistan,2010,44.399544166666665
Tajikistan,2011,42.00313583333333
Tajikistan,2012,43.797068333333335
Tajikistan,2013,39.1478825
Tajikistan,2014,42.178495
Tajikistan,2015,47.58346083333333
Tajikistan,2016,50.376275
Thailand,1901,131.60275
Thailand,1902,114.96147583333334
Thailand,1903,119.52370166666667
Thailand,1904,128.67263166666666
Thailand,1905,132.06225583333335
Thailand,1906,120.1946325
Thailand,1907,120.87271916666667
Thailand,1908,153.44271666666666
Thailand,1909,137.70801666666668
Thailand,1910,154.15642499999998
Thailand,1911,110.42150833333334
Thailand,1912,125.4831
Thailand,1913,123.99774166666667
Thailand,1914,124.78904999999999
Thailand,1915,134.0147725
Thailand,1916,138.02198333333334
Thailand,1917,136.431595
Thailand,1918,120.14441833333335
Thailand,1919,116.46933583333333
Thailand,1920,119.45027166666667
Thailand,1921,124.870225
Thailand,1922,121.74679083333335
Thailand,1923,129.22004166666667
Thailand,1924,129.75408333333334
Thailand,1925,120.72393333333333
Thailand,1926,133.87225
Thailand,1927,131.783225
Thailand,1928,118.75243333333333
Thailand,1929,114.70566000000001
Thailand,1930,117.42649583333333
Thailand,1931,116.32896
Thailand,1932,125.98773333333334
Thailand,1933,127.38851666666666
Thailand,1934,134.78321666666668
Thailand,1935,143.29841666666667
Thailand,1936,115.79385
Thailand,1937,126.25791666666667
Thailand,1938,147.93587499999998
Thailand,1939,125.49355833333334
Thailand,1940,110.42815333333334
Thailand,1941,123.76205
Thailand,1942,152.016725
Thailand,1943,127.82789333333334
Thailand,1944,129.27629166666668
Thailand,1945,134.906575
Thailand,1946,123.31363333333333
Thailand,1947,126.73538333333333
Thailand,1948,135.52541
Thailand,1949,140.853625
Thailand,1950,140.12400833333334
Thailand,1951,145.85036666666667
Thailand,1952,135.2180775
Thailand,1953,146.55991666666668
Thailand,1954,127.90179166666667
Thailand,1955,129.99496666666667
Thailand,1956,143.04780833333334
Thailand,1957,128.95067416666666
Thailand,1958,120.56510916666667
Thailand,1959,132.18823166666667
Thailand,1960,126.55235833333334
Thailand,1961,142.66783333333333
Thailand,1962,129.63075333333333
Thailand,1963,135.67770666666667
Thailand,1964,137.82526666666666
Thailand,1965,129.62039583333333
Thailand,1966,143.04135833333333
Thailand,1967,118.88728333333334
Thailand,1968,119.70344333333333
Thailand,1969,133.5182975
Thailand,1970,151.49154166666668
Thailand,1971,133.5258375
Thailand,1972,127.62001
Thailand,1973,128.20102583333335
Thailand,1974,137.56724083333333
Thailand,1975,139.75115833333334
Thailand,1976,130.42767416666666
Thailand,1977,111.60811666666666
Thailand,1978,133.25865000000002
Thailand,1979,105.69099916666666
Thailand,1980,135.96258500000002
Thailand,1981,127.04340416666668
Thailand,1982,122.64439166666666
Thailand,1983,132.63466416666665
Thailand,1984,123.371075
Thailand,1985,126.55040833333334
Thailand,1986,121.75698083333333
Thailand,1987,120.77944333333333
Thailand,1988,141.8643
Thailand,1989,115.46895333333333
Thailand,1990,124.44353083333334
Thailand,1991,116.25052166666667
Thailand,1992,112.25554166666666
Thailand,1993,108.23831166666666
Thailand,1994,136.64568583333332
Thailand,1995,135.6553575
Thailand,1996,144.26754833333334
Thailand,1997,113.02123333333333
Thailand,1998,121.03127083333332
Thailand,1999,144.8937
Thailand,2000,144.3552
Thailand,2001,129.99285083333334
Thailand,2002,134.56066833333333
Thailand,2003,124.78299750000001
Thailand,2004,117.586425
Thailand,2005,127.86801916666667
Thailand,2006,138.46848333333332
Thailand,2007,136.24394166666667
Thailand,2008,139.82856666666666
Thailand,2009,134.0466725
Thailand,2010,133.699275
Thailand,2011,164.49693333333335
Thailand,2012,125.77215833333332
Thailand,2013,140.323925
Thailand,2014,117.69373666666667
Thailand,2015,111.80708333333332
Thailand,2016,131.76405416666668
The Bahamas,1901,122.59750833333332
The Bahamas,1902,89.24093333333333
The Bahamas,1903,103.85048333333333
The Bahamas,1904,105.06371666666666
The Bahamas,1905,112.37405
The Bahamas,1906,109.95265
The Bahamas,1907,83.45788333333333
The Bahamas,1908,111.93833333333333
The Bahamas,1909,109.03314166666667
The Bahamas,1910,78.2063
The Bahamas,1911,91.45631666666667
The Bahamas,1912,89.84595
The Bahamas,1913,90.461575
The Bahamas,1914,109.66142500000001
The Bahamas,1915,111.34525833333333
The Bahamas,1916,99.96655833333334
The Bahamas,1917,88.30659166666668
The Bahamas,1918,102.78320000000001
The Bahamas,1919,108.25808333333333
The Bahamas,1920,96.54310833333334
The Bahamas,1921,95.32143333333333
The Bahamas,1922,106.24140833333333
The Bahamas,1923,92.43651666666666
The Bahamas,1924,91.42251666666668
The Bahamas,1925,106.72469166666667
The Bahamas,1926,107.82351666666666
The Bahamas,1927,83.88345
The Bahamas,1928,110.99444999999999
The Bahamas,1929,114.41249166666667
The Bahamas,1930,104.86978333333333
The Bahamas,1931,97.41019999999999
The Bahamas,1932,98.71193333333333
The Bahamas,1933,82.70086666666667
The Bahamas,1934,105.35534166666666
The Bahamas,1935,94.39709166666667
The Bahamas,1936,114.32150833333333
The Bahamas,1937,97.11955833333333
The Bahamas,1938,78.81145
The Bahamas,1939,98.90479166666665
The Bahamas,1940,94.0097
The Bahamas,1941,122.26520833333332
The Bahamas,1942,102.99430833333332
The Bahamas,1943,106.817525
The Bahamas,1944,83.856775
The Bahamas,1945,98.66199166666667
The Bahamas,1946,104.50850000000001
The Bahamas,1947,130.17978333333335
The Bahamas,1948,116.85665
The Bahamas,1949,105.35599583333334
The Bahamas,1950,96.02433333333333
The Bahamas,1951,92.73492583333332
The Bahamas,1952,114.462
The Bahamas,1953,110.2878
The Bahamas,1954,131.77083333333334
The Bahamas,1955,92.89335
The Bahamas,1956,88.03275833333333
The Bahamas,1957,114.76338333333332
The Bahamas,1958,114.85292499999998
The Bahamas,1959,125.80341666666668
The Bahamas,1960,130.54798333333335
The Bahamas,1961,89.42533333333334
The Bahamas,1962,94.83799166666667
The Bahamas,1963,100.12294166666668
The Bahamas,1964,100.491775
The Bahamas,1965,85.87758333333333
The Bahamas,1966,130.37736666666666
The Bahamas,1967,89.33665
The Bahamas,1968,127.8855425
The Bahamas,1969,142.77056666666667
The Bahamas,1970,103.15744166666667
The Bahamas,1971,94.74245
The Bahamas,1972,117.29036666666667
The Bahamas,1973,112.63523333333335
The Bahamas,1974,80.71290833333333
The Bahamas,1975,91.26508333333334
The Bahamas,1976,100.59094166666667
The Bahamas,1977,96.17252500000001
The Bahamas,1978,107.79880833333334
The Bahamas,1979,119.14423333333333
The Bahamas,1980,123.93254999999999
The Bahamas,1981,92.32614166666667
The Bahamas,1982,103.49964999999999
The Bahamas,1983,121.39513333333333
The Bahamas,1984,119.31226666666667
The Bahamas,1985,117.5643
The Bahamas,1986,91.28851666666667
The Bahamas,1987,118.769975
The Bahamas,1988,117.9508
The Bahamas,1989,97.93250833333333
The Bahamas,1990,100.39620833333333
The Bahamas,1991,108.87620833333334
The Bahamas,1992,89.0954
The Bahamas,1993,113.23604999999999
The Bahamas,1994,109.22719166666667
The Bahamas,1995,142.1888
The Bahamas,1996,118.34785833333335
The Bahamas,1997,118.68833333333333
The Bahamas,1998,102.39198333333333
The Bahamas,1999,88.53946666666667
The Bahamas,2000,102.84355
The Bahamas,2001,126.87740833333334
The Bahamas,2002,113.62620833333334
The Bahamas,2003,106.05830833333333
The Bahamas,2004,85.54045833333333
The Bahamas,2005,114.31246666666668
The Bahamas,2006,99.20905
The Bahamas,2007,134.59310833333333
The Bahamas,2008,104.02658333333333
The Bahamas,2009,101.24329166666666
The Bahamas,2010,112.52601666666668
The Bahamas,2011,98.320625
The Bahamas,2012,125.96528333333333
The Bahamas,2013,102.92776666666667
The Bahamas,2014,118.79125833333332
The Bahamas,2015,102.31988333333334
The Bahamas,2016,120.42888333333333
Timor Leste,1901,127.80525499999999
Timor Leste,1902,84.1348575
Timor Leste,1903,126.57191666666665
Timor Leste,1904,151.88050833333332
Timor Leste,1905,113.70703333333334
Timor Leste,1906,107.24423333333333
Timor Leste,1907,117.3430075
Timor Leste,1908,125.33797249999999
Timor Leste,1909,136.4818325
Timor Leste,1910,137.62791666666666
Timor Leste,1911,80.470755
Timor Leste,1912,111.74590583333334
Timor Leste,1913,108.36258083333333
Timor Leste,1914,135.86797666666666
Timor Leste,1915,88.48851
Timor Leste,1916,167.83627333333334
Timor Leste,1917,136.46992166666666
Timor Leste,1918,124.59541166666668
Timor Leste,1919,116.34989666666667
Timor Leste,1920,103.6562
Timor Leste,1921,124.1528525
Timor Leste,1922,115.25044000000001
Timor Leste,1923,135.53896333333333
Timor Leste,1924,76.38182416666666
Timor Leste,1925,115.03236250000002
Timor Leste,1926,121.6080275
Timor Leste,1927,112.81085916666666
Timor Leste,1928,138.64559166666666
Timor Leste,1929,117.3905825
Timor Leste,1930,77.75694666666668
Timor Leste,1931,108.98984916666666
Timor Leste,1932,141.58001666666667
Timor Leste,1933,145.66847916666666
Timor Leste,1934,148.19383666666667
Timor Leste,1935,118.9448675
Timor Leste,1936,118.7449975
Timor Leste,1937,144.90398416666667
Timor Leste,1938,117.04060750000001
Timor Leste,1939,157.06729333333334
Timor Leste,1940,106.04276166666666
Timor Leste,1941,149.04196666666667
Timor Leste,1942,121.90526666666666
Timor Leste,1943,121.90526666666666
Timor Leste,1944,121.90526666666666
Timor Leste,1945,121.90526666666666
Timor Leste,1946,106.63234916666666
Timor Leste,1947,131.48703333333333
Timor Leste,1948,90.72333666666667
Timor Leste,1949,126.12834166666666
Timor Leste,1950,150.07458416666665
Timor Leste,1951,92.61696416666666
Timor Leste,1952,115.00147083333333
Timor Leste,1953,74.99094000000001
Timor Leste,1954,148.29290833333334
Timor Leste,1955,175.80124833333332
Timor Leste,1956,151.32582583333334
Timor Leste,1957,133.15456666666668
Timor Leste,1958,96.36786333333333
Timor Leste,1959,144.56679916666667
Timor Leste,1960,110.52396666666668
Timor Leste,1961,151.6185275
Timor Leste,1962,115.53960583333333
Timor Leste,1963,146.07458916666667
Timor Leste,1964,160.68424083333335
Timor Leste,1965,97.94354833333334
Timor Leste,1966,91.25905333333333
Timor Leste,1967,78.23167166666667
Timor Leste,1968,230.6668825
Timor Leste,1969,109.96309583333334
Timor Leste,1970,117.516475
Timor Leste,1971,118.45553416666667
Timor Leste,1972,61.120425833333336
Timor Leste,1973,115.8720725
Timor Leste,1974,148.364925
Timor Leste,1975,110.91750083333334
Timor Leste,1976,110.88595833333333
Timor Leste,1977,114.93218
Timor Leste,1978,178.2572675
Timor Leste,1979,108.2767625
Timor Leste,1980,123.85995083333334
Timor Leste,1981,99.77470666666666
Timor Leste,1982,120.97684416666665
Timor Leste,1983,173.6302825
Timor Leste,1984,147.68884916666667
Timor Leste,1985,84.13153
Timor Leste,1986,97.72658333333334
Timor Leste,1987,93.93001583333334
Timor Leste,1988,106.21275333333334
Timor Leste,1989,107.77291416666667
Timor Leste,1990,104.80992833333335
Timor Leste,1991,107.27366083333334
Timor Leste,1992,138.84409333333335
Timor Leste,1993,99.10687583333333
Timor Leste,1994,143.65224833333335
Timor Leste,1995,185.4475025
Timor Leste,1996,151.13274666666666
Timor Leste,1997,127.490275
Timor Leste,1998,137.01716083333335
Timor Leste,1999,127.10235833333333
Timor Leste,2000,139.24235583333333
Timor Leste,2001,100.93721666666666
Timor Leste,2002,110.36215833333334
Timor Leste,2003,137.14022916666667
Timor Leste,2004,132.2445933333333
Timor Leste,2005,92.3088025
Timor Leste,2006,118.69512833333333
Timor Leste,2007,115.00076583333333
Timor Leste,2008,123.92844333333335
Timor Leste,2009,106.02688833333333
Timor Leste,2010,151.65276666666668
Timor Leste,2011,177.17821916666665
Timor Leste,2012,136.2454733333333
Timor Leste,2013,176.89555833333335
Timor Leste,2014,128.740425
Timor Leste,2015,119.42536416666667
Timor Leste,2016,114.34456666666667
Togo,1901,104.136775
Togo,1902,93.10231166666667
Togo,1903,83.67060833333333
Togo,1904,77.35552666666668
Togo,1905,93.50801333333334
Togo,1906,91.35917666666667
Togo,1907,84.27400916666666
Togo,1908,97.49217833333334
Togo,1909,106.404
Togo,1910,114.19902
Togo,1911,93.81704166666667
Togo,1912,74.59200833333334
Togo,1913,90.10697583333332
Togo,1914,87.48253
Togo,1915,100.10986416666667
Togo,1916,99.35061999999999
Togo,1917,137.32968333333335
Togo,1918,93.120785
Togo,1919,79.19265916666667
Togo,1920,76.2272425
Togo,1921,109.13952166666667
Togo,1922,93.10963666666667
Togo,1923,88.11068083333333
Togo,1924,103.20424166666668
Togo,1925,104.01322166666667
Togo,1926,88.85947
Togo,1927,92.51975833333334
Togo,1928,95.73215833333335
Togo,1929,109.26085833333333
Togo,1930,95.36449416666666
Togo,1931,101.764225
Togo,1932,87.7606025
Togo,1933,119.391225
Togo,1934,110.01603
Togo,1935,109.15883083333334
Togo,1936,91.22590416666667
Togo,1937,88.90998916666666
Togo,1938,87.29730333333333
Togo,1939,102.82613333333335
Togo,1940,98.15658
Togo,1941,100.72925416666668
Togo,1942,87.20803333333333
Togo,1943,95.34478333333334
Togo,1944,99.15266666666668
Togo,1945,94.22593916666666
Togo,1946,85.25068833333334
Togo,1947,115.94073083333335
Togo,1948,95.20314333333333
Togo,1949,115.605415
Togo,1950,81.98666666666666
Togo,1951,109.75720583333333
Togo,1952,107.273775
Togo,1953,105.79688833333334
Togo,1954,96.19090499999999
Togo,1955,113.15079083333335
Togo,1956,87.14730583333333
Togo,1957,122.65825833333334
Togo,1958,78.01211666666667
Togo,1959,103.66163333333333
Togo,1960,112.80522500000001
Togo,1961,88.54445583333334
Togo,1962,117.96974583333333
Togo,1963,133.94866166666665
Togo,1964,96.41068916666666
Togo,1965,99.51953250000001
Togo,1966,99.60735
Togo,1967,103.4626025
Togo,1968,129.83845916666667
Togo,1969,101.33170666666666
Togo,1970,97.91991250000001
Togo,1971,99.07609666666667
Togo,1972,91.60443583333334
Togo,1973,95.03044333333332
Togo,1974,100.6988875
Togo,1975,97.21724416666666
Togo,1976,89.47361000000001
Togo,1977,72.30533583333333
Togo,1978,99.92410083333334
Togo,1979,111.35840416666667
Togo,1980,95.15314333333333
Togo,1981,90.76383916666667
Togo,1982,80.98211916666666
Togo,1983,70.76776833333334
Togo,1984,94.25902583333333
Togo,1985,97.07058916666666
Togo,1986,88.92325083333333
Togo,1987,93.69487583333334
Togo,1988,101.31393916666667
Togo,1989,104.70564166666666
Togo,1990,83.70915583333333
Togo,1991,111.75264333333332
Togo,1992,81.18505333333333
Togo,1993,90.2951425
Togo,1994,95.55155333333333
Togo,1995,105.72279416666667
Togo,1996,93.80953416666667
Togo,1997,96.31130833333333
Togo,1998,93.89351166666667
Togo,1999,111.4993875
Togo,2000,87.75306083333334
Togo,2001,75.04993666666667
Togo,2002,96.95766916666666
Togo,2003,109.09299750000001
Togo,2004,97.41063666666668
Togo,2005,91.49136416666666
Togo,2006,90.3789125
Togo,2007,109.14878916666667
Togo,2008,111.57071083333334
Togo,2009,105.56646333333333
Togo,2010,111.123175
Togo,2011,96.06030833333334
Togo,2012,97.022515
Togo,2013,87.28698916666667
Togo,2014,101.24475583333333
Togo,2015,82.553145
Togo,2016,92.50332833333334
Tonga,1901,140.68882499999998
Tonga,1902,140.68882499999998
Tonga,1903,140.68882499999998
Tonga,1904,140.68882499999998
Tonga,1905,136.863225
Tonga,1906,137.07995
Tonga,1907,137.77820833333334
Tonga,1908,142.34154166666667
Tonga,1909,140.27215833333332
Tonga,1910,144.19961666666669
Tonga,1911,139.07109166666666
Tonga,1912,136.85995
Tonga,1913,142.86446666666666
Tonga,1914,133.75367500000002
Tonga,1915,135.97488333333334
Tonga,1916,149.573975
Tonga,1917,141.579425
Tonga,1918,138.17383333333333
Tonga,1919,137.96501666666668
Tonga,1920,138.53594999999999
Tonga,1921,139.12011666666666
Tonga,1922,141.6499
Tonga,1923,141.549275
Tonga,1924,152.73834166666666
Tonga,1925,133.10349166666666
Tonga,1926,137.03795
Tonga,1927,135.26582499999998
Tonga,1928,125.50424583333334
Tonga,1929,147.41936666666666
Tonga,1930,91.02966666666667
Tonga,1931,137.9357
Tonga,1932,132.83233333333334
Tonga,1933,149.60359166666666
Tonga,1934,125.27126666666668
Tonga,1935,133.7404
Tonga,1936,150.91665
Tonga,1937,130.45658333333333
Tonga,1938,126.48334166666666
Tonga,1939,142.58102499999998
Tonga,1940,97.72111666666666
Tonga,1941,127.66271666666667
Tonga,1942,137.20281666666668
Tonga,1943,128.10869166666666
Tonga,1944,100.34330833333333
Tonga,1945,108.19630833333333
Tonga,1946,87.65723333333334
Tonga,1947,140.08237499999998
Tonga,1948,157.178875
Tonga,1949,142.13331666666667
Tonga,1950,186.7048166666667
Tonga,1951,138.058
Tonga,1952,146.35748333333333
Tonga,1953,110.930875
Tonga,1954,175.87831666666668
Tonga,1955,166.66670000000002
Tonga,1956,178.68105833333334
Tonga,1957,161.81885
Tonga,1958,130.12833916666668
Tonga,1959,151.65148333333335
Tonga,1960,158.28858333333332
Tonga,1961,159.935225
Tonga,1962,149.03691666666666
Tonga,1963,126.15755833333333
Tonga,1964,165.33416666666668
Tonga,1965,140.32043333333334
Tonga,1966,114.94105
Tonga,1967,130.5055583333333
Tonga,1968,134.836525
Tonga,1969,120.74396666666667
Tonga,1970,127.79924166666667
Tonga,1971,204.29118333333335
Tonga,1972,175.662675
Tonga,1973,170.951725
Tonga,1974,189.84579166666666
Tonga,1975,168.67450833333334
Tonga,1976,152.390975
Tonga,1977,114.47149166666667
Tonga,1978,152.54954166666667
Tonga,1979,152.67841666666666
Tonga,1980,150.901725
Tonga,1981,94.67858333333334
Tonga,1982,158.16591666666667
Tonga,1983,80.14673333333333
Tonga,1984,111.37793333333333
Tonga,1985,109.1671
Tonga,1986,110.81661666666666
Tonga,1987,87.089425
Tonga,1988,138.43695833333334
Tonga,1989,176.4798916666667
Tonga,1990,137.54094999999998
Tonga,1991,125.53544166666667
Tonga,1992,101.05526666666667
Tonga,1993,116.15548333333334
Tonga,1994,129.18109166666667
Tonga,1995,110.63031666666666
Tonga,1996,157.3237
Tonga,1997,136.55374166666667
Tonga,1998,110.941775
Tonga,1999,185.28100833333335
Tonga,2000,200.45556666666667
Tonga,2001,143.829725
Tonga,2002,149.298
Tonga,2003,108.57933333333334
Tonga,2004,137.289425
Tonga,2005,116.81041666666665
Tonga,2006,131.02231666666668
Tonga,2007,140.68882499999998
Tonga,2008,147.363825
Tonga,2009,133.73941666666667
Tonga,2010,144.17449166666665
Tonga,2011,177.61576666666667
Tonga,2012,133.96444166666666
Tonga,2013,141.49574166666665
Tonga,2014,138.89954166666666
Tonga,2015,120.52117499999999
Tonga,2016,155.175375
Trinidad And Tobago,1901,135.74093333333334
Trinidad And Tobago,1902,143.237125
Trinidad And Tobago,1903,140.7167
Trinidad And Tobago,1904,128.35483333333335
Trinidad And Tobago,1905,129.67338333333333
Trinidad And Tobago,1906,136.03345833333333
Trinidad And Tobago,1907,126.33850833333334
Trinidad And Tobago,1908,128.29035000000002
Trinidad And Tobago,1909,137.62196666666668
Trinidad And Tobago,1910,137.47139166666668
Trinidad And Tobago,1911,136.47830833333333
Trinidad And Tobago,1912,133.10679166666668
Trinidad And Tobago,1913,136.94226666666665
Trinidad And Tobago,1914,133.80802500000001
Trinidad And Tobago,1915,133.91774999999998
Trinidad And Tobago,1916,136.02305
Trinidad And Tobago,1917,136.57294166666665
Trinidad And Tobago,1918,134.36929166666667
Trinidad And Tobago,1919,134.17203333333333
Trinidad And Tobago,1920,134.4777
Trinidad And Tobago,1921,157.90188333333333
Trinidad And Tobago,1922,117.32576666666667
Trinidad And Tobago,1923,133.41506666666666
Trinidad And Tobago,1924,92.03830166666667
Trinidad And Tobago,1925,97.30799166666667
Trinidad And Tobago,1926,108.09125416666666
Trinidad And Tobago,1927,142.27895833333335
Trinidad And Tobago,1928,118.36012
Trinidad And Tobago,1929,127.52461666666666
Trinidad And Tobago,1930,120.8158525
Trinidad And Tobago,1931,140.95849416666667
Trinidad And Tobago,1932,106.54659500000001
Trinidad And Tobago,1933,168.34541666666667
Trinidad And Tobago,1934,111.89251666666667
Trinidad And Tobago,1935,137.69210833333332
Trinidad And Tobago,1936,125.22960333333333
Trinidad And Tobago,1937,122.626965
Trinidad And Tobago,1938,166.924575
Trinidad And Tobago,1939,120.366825
Trinidad And Tobago,1940,107.95360833333332
Trinidad And Tobago,1941,122.42354999999999
Trinidad And Tobago,1942,143.15659166666669
Trinidad And Tobago,1943,151.66145833333334
Trinidad And Tobago,1944,160.135975
Trinidad And Tobago,1945,142.59687499999998
Trinidad And Tobago,1946,153.047125
Trinidad And Tobago,1947,114.80109583333335
Trinidad And Tobago,1948,140.98636666666667
Trinidad And Tobago,1949,139.47656666666666
Trinidad And Tobago,1950,150.18619166666667
Trinidad And Tobago,1951,163.828825
Trinidad And Tobago,1952,110.375
Trinidad And Tobago,1953,129.438575
Trinidad And Tobago,1954,158.82070000000002
Trinidad And Tobago,1955,143.18491666666668
Trinidad And Tobago,1956,151.04898333333333
Trinidad And Tobago,1957,108.24098250000002
Trinidad And Tobago,1958,143.6608
Trinidad And Tobago,1959,100.66843333333334
Trinidad And Tobago,1960,112.43145
Trinidad And Tobago,1961,128.058675
Trinidad And Tobago,1962,117.06510166666668
Trinidad And Tobago,1963,133.22895
Trinidad And Tobago,1964,125.1152
Trinidad And Tobago,1965,125.830375
Trinidad And Tobago,1966,160.871925
Trinidad And Tobago,1967,125.01631666666667
Trinidad And Tobago,1968,124.10659166666666
Trinidad And Tobago,1969,135.03929
Trinidad And Tobago,1970,158.523475
Trinidad And Tobago,1971,140.31444166666668
Trinidad And Tobago,1972,143.46475
Trinidad And Tobago,1973,127.38498333333332
Trinidad And Tobago,1974,120.04025833333333
Trinidad And Tobago,1975,132.12822500000001
Trinidad And Tobago,1976,123.80859166666666
Trinidad And Tobago,1977,106.50251666666666
Trinidad And Tobago,1978,124.12134166666665
Trinidad And Tobago,1979,148.52700000000002
Trinidad And Tobago,1980,149.007675
Trinidad And Tobago,1981,174.32989166666667
Trinidad And Tobago,1982,149.424075
Trinidad And Tobago,1983,150.31674166666667
Trinidad And Tobago,1984,147.74709249999998
Trinidad And Tobago,1985,151.37825833333332
Trinidad And Tobago,1986,139.82615
Trinidad And Tobago,1987,116.63518166666667
Trinidad And Tobago,1988,151.36970083333333
Trinidad And Tobago,1989,122.83468333333333
Trinidad And Tobago,1990,141.15593333333334
Trinidad And Tobago,1991,128.570425
Trinidad And Tobago,1992,131.03143333333335
Trinidad And Tobago,1993,142.77789166666668
Trinidad And Tobago,1994,133.481825
Trinidad And Tobago,1995,122.95324999999998
Trinidad And Tobago,1996,138.60644166666665
Trinidad And Tobago,1997,127.62669166666667
Trinidad And Tobago,1998,155.71768333333333
Trinidad And Tobago,1999,159.41018333333332
Trinidad And Tobago,2000,147.46190833333333
Trinidad And Tobago,2001,100.65571666666666
Trinidad And Tobago,2002,132.50823333333332
Trinidad And Tobago,2003,108.8488075
Trinidad And Tobago,2004,148.38495833333334
Trinidad And Tobago,2005,152.84062500000002
Trinidad And Tobago,2006,146.28535
Trinidad And Tobago,2007,128.5139333333333
Trinidad And Tobago,2008,127.43913333333334
Trinidad And Tobago,2009,113.16587499999999
Trinidad And Tobago,2010,154.34322083333333
Trinidad And Tobago,2011,156.11923333333334
Trinidad And Tobago,2012,123.12779166666667
Trinidad And Tobago,2013,131.321075
Trinidad And Tobago,2014,116.808125
Trinidad And Tobago,2015,100.36045833333333
Trinidad And Tobago,2016,136.29164166666666
Tunisia,1901,22.748215000000002
Tunisia,1902,21.111295833333333
Tunisia,1903,24.06428916666667
Tunisia,1904,23.125961666666665
Tunisia,1905,22.051815833333336
Tunisia,1906,26.12418083333333
Tunisia,1907,18.315704166666666
Tunisia,1908,16.707785833333332
Tunisia,1909,22.285901666666664
Tunisia,1910,19.467945833333335
Tunisia,1911,26.691022500000003
Tunisia,1912,20.29341416666667
Tunisia,1913,19.985811666666667
Tunisia,1914,17.932301666666664
Tunisia,1915,27.092062499999997
Tunisia,1916,21.24728083333333
Tunisia,1917,22.886416666666666
Tunisia,1918,25.293533333333333
Tunisia,1919,20.330379166666667
Tunisia,1920,19.861105
Tunisia,1921,27.59939
Tunisia,1922,15.8808675
Tunisia,1923,21.01181083333333
Tunisia,1924,18.0709425
Tunisia,1925,20.401305
Tunisia,1926,16.220868333333332
Tunisia,1927,16.3881725
Tunisia,1928,27.93820666666667
Tunisia,1929,22.58666583333333
Tunisia,1930,19.00377333333333
Tunisia,1931,26.584890833333333
Tunisia,1932,20.173885833333333
Tunisia,1933,21.425834166666665
Tunisia,1934,29.653684166666665
Tunisia,1935,17.446666666666665
Tunisia,1936,21.079374166666668
Tunisia,1937,13.255176666666665
Tunisia,1938,21.16355
Tunisia,1939,22.4244375
Tunisia,1940,19.510775833333334
Tunisia,1941,18.743089166666667
Tunisia,1942,19.317354166666664
Tunisia,1943,21.27875166666667
Tunisia,1944,19.5677025
Tunisia,1945,14.9457325
Tunisia,1946,18.681730833333333
Tunisia,1947,11.973662500000001
Tunisia,1948,22.000850833333335
Tunisia,1949,21.871668333333332
Tunisia,1950,23.205318333333334
Tunisia,1951,20.445311666666665
Tunisia,1952,22.118462500000003
Tunisia,1953,32.03945916666667
Tunisia,1954,21.6800425
Tunisia,1955,21.271346666666666
Tunisia,1956,23.714560000000002
Tunisia,1957,30.9156575
Tunisia,1958,24.022981666666666
Tunisia,1959,25.909562500000003
Tunisia,1960,17.817198333333334
Tunisia,1961,16.741114166666666
Tunisia,1962,22.642425833333334
Tunisia,1963,25.691411666666667
Tunisia,1964,25.848145000000002
Tunisia,1965,22.397410833333335
Tunisia,1966,18.7775075
Tunisia,1967,19.903666666666666
Tunisia,1968,17.511863333333334
Tunisia,1969,30.4738675
Tunisia,1970,15.518205833333333
Tunisia,1971,21.85145
Tunisia,1972,27.451985833333335
Tunisia,1973,27.9902625
Tunisia,1974,19.9682025
Tunisia,1975,27.8013275
Tunisia,1976,37.4984
Tunisia,1977,17.134759166666665
Tunisia,1978,22.126840833333333
Tunisia,1979,24.711143333333336
Tunisia,1980,22.524654166666664
Tunisia,1981,12.871936666666665
Tunisia,1982,31.864530833333333
Tunisia,1983,17.220465833333332
Tunisia,1984,28.12204083333333
Tunisia,1985,17.982492500000003
Tunisia,1986,25.82244833333333
Tunisia,1987,17.09501416666667
Tunisia,1988,18.373294166666668
Tunisia,1989,17.195815
Tunisia,1990,32.77294583333333
Tunisia,1991,21.39518083333333
Tunisia,1992,27.7256975
Tunisia,1993,16.413886666666667
Tunisia,1994,21.137755
Tunisia,1995,25.599721666666667
Tunisia,1996,25.22387
Tunisia,1997,25.150301666666667
Tunisia,1998,18.948851666666666
Tunisia,1999,23.39595
Tunisia,2000,15.318505
Tunisia,2001,17.890823333333334
Tunisia,2002,18.656064166666667
Tunisia,2003,33.37492916666667
Tunisia,2004,21.875484999999998
Tunisia,2005,21.41691833333333
Tunisia,2006,26.719745833333334
Tunisia,2007,24.447857499999998
Tunisia,2008,15.988340833333332
Tunisia,2009,25.712389166666668
Tunisia,2010,21.2372725
Tunisia,2011,25.784926666666667
Tunisia,2012,17.283728333333332
Tunisia,2013,22.563156666666668
Tunisia,2014,18.524874999999998
Tunisia,2015,23.825923333333332
Tunisia,2016,20.435995833333333
Turkey,1901,44.90011666666667
Turkey,1902,46.4267975
Turkey,1903,39.448550000000004
Turkey,1904,53.51950416666667
Turkey,1905,41.084444999999995
Turkey,1906,51.409416666666665
Turkey,1907,44.73763333333333
Turkey,1908,46.073640000000005
Turkey,1909,45.5400425
Turkey,1910,45.89774166666667
Turkey,1911,49.23571666666667
Turkey,1912,49.14689166666667
Turkey,1913,47.534802500000005
Turkey,1914,50.01477500000001
Turkey,1915,44.58738333333333
Turkey,1916,41.705083333333334
Turkey,1917,45.394376666666666
Turkey,1918,48.23543333333333
Turkey,1919,51.9693475
Turkey,1920,53.09804166666667
Turkey,1921,53.559936666666665
Turkey,1922,48.982016666666674
Turkey,1923,47.54465833333333
Turkey,1924,49.015058333333336
Turkey,1925,43.662126666666666
Turkey,1926,41.991147500000004
Turkey,1927,39.986268333333335
Turkey,1928,41.791848333333334
Turkey,1929,46.20614833333334
Turkey,1930,45.15515833333333
Turkey,1931,52.31661666666667
Turkey,1932,34.30995583333333
Turkey,1933,48.58459916666666
Turkey,1934,39.34999583333333
Turkey,1935,50.25423333333333
Turkey,1936,54.621550000000006
Turkey,1937,43.9952525
Turkey,1938,49.20028833333333
Turkey,1939,51.828916666666665
Turkey,1940,58.628141666666664
Turkey,1941,47.119125
Turkey,1942,50.98168166666667
Turkey,1943,45.758496666666666
Turkey,1944,52.56276666666667
Turkey,1945,42.2542325
Turkey,1946,52.89129166666667
Turkey,1947,45.86950833333333
Turkey,1948,46.07456583333334
Turkey,1949,42.624385
Turkey,1950,46.06028
Turkey,1951,52.19410833333333
Turkey,1952,47.267918333333334
Turkey,1953,51.2386675
Turkey,1954,50.097833333333334
Turkey,1955,42.983174999999996
Turkey,1956,40.98647583333334
Turkey,1957,42.61427
Turkey,1958,44.36458166666667
Turkey,1959,44.658575000000006
Turkey,1960,46.98186666666667
Turkey,1961,43.674821666666666
Turkey,1962,46.237142500000004
Turkey,1963,58.617345
Turkey,1964,42.731883333333336
Turkey,1965,51.206208333333336
Turkey,1966,49.18777500000001
Turkey,1967,54.064875
Turkey,1968,57.55274666666667
Turkey,1969,52.906442500000004
Turkey,1970,41.437783333333336
Turkey,1971,47.16815
Turkey,1972,43.668200000000006
Turkey,1973,37.75777333333333
Turkey,1974,42.41493083333333
Turkey,1975,48.0837575
Turkey,1976,51.93095833333333
Turkey,1977,42.0457475
Turkey,1978,49.54295833333333
Turkey,1979,50.70565833333333
Turkey,1980,48.169129999999996
Turkey,1981,54.28808333333333
Turkey,1982,41.447736666666664
Turkey,1983,49.28135
Turkey,1984,40.13915333333333
Turkey,1985,44.51878083333333
Turkey,1986,43.606629999999996
Turkey,1987,53.512880833333334
Turkey,1988,56.45294166666667
Turkey,1989,36.3189425
Turkey,1990,38.245648333333335
Turkey,1991,48.77812
Turkey,1992,44.22928666666667
Turkey,1993,41.5328
Turkey,1994,47.85259333333334
Turkey,1995,46.570366666666665
Turkey,1996,50.51995
Turkey,1997,49.62789166666667
Turkey,1998,51.7490575
Turkey,1999,40.197725
Turkey,2000,43.961375000000004
Turkey,2001,48.802924999999995
Turkey,2002,48.06508333333334
Turkey,2003,50.957708333333336
Turkey,2004,43.915061666666666
Turkey,2005,47.10278333333333
Turkey,2006,46.06759416666667
Turkey,2007,43.45388
Turkey,2008,36.27238166666667
Turkey,2009,56.94101416666667
Turkey,2010,51.28347416666667
Turkey,2011,49.75399166666667
Turkey,2012,56.23435833333334
Turkey,2013,40.73997666666667
Turkey,2014,50.14083333333334
Turkey,2015,51.362995833333336
Turkey,2016,51.27803333333333
Turkmenistan,1901,9.521765
Turkmenistan,1902,13.110690833333335
Turkmenistan,1903,11.410484166666668
Turkmenistan,1904,11.661950833333334
Turkmenistan,1905,10.944850833333334
Turkmenistan,1906,14.447083333333333
Turkmenistan,1907,13.750119166666666
Turkmenistan,1908,11.419084166666666
Turkmenistan,1909,10.0540425
Turkmenistan,1910,8.629209166666667
Turkmenistan,1911,13.457743333333333
Turkmenistan,1912,9.736885
Turkmenistan,1913,13.631389166666667
Turkmenistan,1914,13.38691
Turkmenistan,1915,14.106676666666667
Turkmenistan,1916,11.824153333333333
Turkmenistan,1917,5.270371666666667
Turkmenistan,1918,12.461193333333334
Turkmenistan,1919,9.469374166666666
Turkmenistan,1920,13.2217
Turkmenistan,1921,10.282971666666667
Turkmenistan,1922,12.8942975
Turkmenistan,1923,13.670121666666667
Turkmenistan,1924,16.439604166666665
Turkmenistan,1925,8.496915
Turkmenistan,1926,14.502171666666667
Turkmenistan,1927,9.654553333333334
Turkmenistan,1928,12.455261666666667
Turkmenistan,1929,8.3223125
Turkmenistan,1930,11.704475833333333
Turkmenistan,1931,16.775756666666666
Turkmenistan,1932,13.1848875
Turkmenistan,1933,14.501166666666668
Turkmenistan,1934,11.834281666666667
Turkmenistan,1935,10.264323333333333
Turkmenistan,1936,9.668943333333333
Turkmenistan,1937,9.264210833333333
Turkmenistan,1938,11.5665375
Turkmenistan,1939,14.845754999999999
Turkmenistan,1940,12.58734
Turkmenistan,1941,13.818855
Turkmenistan,1942,10.7647125
Turkmenistan,1943,14.114871666666666
Turkmenistan,1944,7.975135833333333
Turkmenistan,1945,13.216285
Turkmenistan,1946,10.206545833333333
Turkmenistan,1947,9.125029166666666
Turkmenistan,1948,10.6073725
Turkmenistan,1949,12.30168
Turkmenistan,1950,9.271194166666666
Turkmenistan,1951,11.704786666666665
Turkmenistan,1952,14.918391666666666
Turkmenistan,1953,16.330215833333334
Turkmenistan,1954,12.655031666666666
Turkmenistan,1955,10.6590975
Turkmenistan,1956,13.6124125
Turkmenistan,1957,13.138746666666668
Turkmenistan,1958,11.841893333333333
Turkmenistan,1959,14.40966
Turkmenistan,1960,10.547275
Turkmenistan,1961,10.099868333333333
Turkmenistan,1962,12.765794166666666
Turkmenistan,1963,13.989381666666667
Turkmenistan,1964,13.941746666666667
Turkmenistan,1965,12.5455625
Turkmenistan,1966,12.038941666666666
Turkmenistan,1967,14.0193775
Turkmenistan,1968,14.751758333333333
Turkmenistan,1969,21.721014166666667
Turkmenistan,1970,10.9521475
Turkmenistan,1971,9.411960833333334
Turkmenistan,1972,14.430863333333333
Turkmenistan,1973,14.147059999999998
Turkmenistan,1974,13.015561666666665
Turkmenistan,1975,9.503141666666666
Turkmenistan,1976,15.275943333333332
Turkmenistan,1977,11.993428333333334
Turkmenistan,1978,17.04290166666667
Turkmenistan,1979,14.685648333333333
Turkmenistan,1980,14.873599166666667
Turkmenistan,1981,19.2723925
Turkmenistan,1982,15.108259166666665
Turkmenistan,1983,11.03662
Turkmenistan,1984,12.5269975
Turkmenistan,1985,10.790055
Turkmenistan,1986,11.169149166666665
Turkmenistan,1987,14.388578333333333
Turkmenistan,1988,14.744825
Turkmenistan,1989,11.128916666666667
Turkmenistan,1990,12.409683333333334
Turkmenistan,1991,14.476539166666669
Turkmenistan,1992,17.005236666666665
Turkmenistan,1993,14.620729166666665
Turkmenistan,1994,12.767625
Turkmenistan,1995,9.106775833333334
Turkmenistan,1996,8.552801666666666
Turkmenistan,1997,10.971689166666666
Turkmenistan,1998,11.471115833333334
Turkmenistan,1999,9.907941666666668
Turkmenistan,2000,9.879595
Turkmenistan,2001,9.880680833333333
Turkmenistan,2002,15.126178333333334
Turkmenistan,2003,16.751831666666664
Turkmenistan,2004,15.011758333333333
Turkmenistan,2005,14.12294
Turkmenistan,2006,12.759770000000001
Turkmenistan,2007,13.051343333333334
Turkmenistan,2008,7.734111666666666
Turkmenistan,2009,15.247102499999999
Turkmenistan,2010,10.821110833333334
Turkmenistan,2011,13.343195833333333
Turkmenistan,2012,13.374905
Turkmenistan,2013,11.932885833333332
Turkmenistan,2014,11.381720833333333
Turkmenistan,2015,15.268055833333333
Turkmenistan,2016,14.781733333333333
Tuvalu,1901,261.6449166666667
Tuvalu,1902,261.6449166666667
Tuvalu,1903,261.6449166666667
Tuvalu,1904,261.6449166666667
Tuvalu,1905,261.6449166666667
Tuvalu,1906,261.6449166666667
Tuvalu,1907,261.6449166666667
Tuvalu,1908,261.6449166666667
Tuvalu,1909,261.6449166666667
Tuvalu,1910,261.6449166666667
Tuvalu,1911,261.6449166666667
Tuvalu,1912,261.6449166666667
Tuvalu,1913,261.6449166666667
Tuvalu,1914,261.6449166666667
Tuvalu,1915,261.6449166666667
Tuvalu,1916,261.6449166666667
Tuvalu,1917,261.6449166666667
Tuvalu,1918,261.6449166666667
Tuvalu,1919,261.6449166666667
Tuvalu,1920,261.6449166666667
Tuvalu,1921,261.6449166666667
Tuvalu,1922,261.6449166666667
Tuvalu,1923,261.6449166666667
Tuvalu,1924,261.6449166666667
Tuvalu,1925,261.6449166666667
Tuvalu,1926,261.6449166666667
Tuvalu,1927,268.86562499999997
Tuvalu,1928,260.04525
Tuvalu,1929,255.86118333333334
Tuvalu,1930,254.66241666666667
Tuvalu,1931,284.7481666666667
Tuvalu,1932,233.02109166666665
Tuvalu,1933,197.24225833333333
Tuvalu,1934,207.05945
Tuvalu,1935,232.79030833333331
Tuvalu,1936,247.68946666666668
Tuvalu,1937,281.5056666666667
Tuvalu,1938,300.78991666666667
Tuvalu,1939,288.78566666666666
Tuvalu,1940,365.93941666666666
Tuvalu,1941,245.575975
Tuvalu,1942,287.43316666666664
Tuvalu,1943,252.59794166666666
Tuvalu,1944,320.8246666666667
Tuvalu,1945,235.32695833333332
Tuvalu,1946,247.9419
Tuvalu,1947,222.73434999999998
Tuvalu,1948,309.75983333333335
Tuvalu,1949,277.03866666666664
Tuvalu,1950,196.11845833333334
Tuvalu,1951,218.19533333333334
Tuvalu,1952,287.00758333333334
Tuvalu,1953,342.17408333333333
Tuvalu,1954,261.1304166666667
Tuvalu,1955,236.07918333333336
Tuvalu,1956,212.36891666666668
Tuvalu,1957,277.77008333333333
Tuvalu,1958,337.8890833333333
Tuvalu,1959,295.20666666666665
Tuvalu,1960,293.6015
Tuvalu,1961,305.061725
Tuvalu,1962,182.03051666666667
Tuvalu,1963,198.6568
Tuvalu,1964,228.10496666666666
Tuvalu,1965,294.66791666666666
Tuvalu,1966,302.14675
Tuvalu,1967,292.47625
Tuvalu,1968,234.8365
Tuvalu,1969,281.70125
Tuvalu,1970,357.63741666666664
Tuvalu,1971,165.766225
Tuvalu,1972,253.89541666666665
Tuvalu,1973,297.16884166666665
Tuvalu,1974,192.79329166666665
Tuvalu,1975,178.1907
Tuvalu,1976,191.95190833333334
Tuvalu,1977,295.45958333333334
Tuvalu,1978,285.1005
Tuvalu,1979,244.019
Tuvalu,1980,275.42016666666666
Tuvalu,1981,291.7726666666667
Tuvalu,1982,249.14616666666666
Tuvalu,1983,339.27066666666667
Tuvalu,1984,300.23075
Tuvalu,1985,230.6475
Tuvalu,1986,265.33144166666665
Tuvalu,1987,366.1225
Tuvalu,1988,293.90633333333335
Tuvalu,1989,222.93658333333335
Tuvalu,1990,281.86375000000004
Tuvalu,1991,294.13516666666663
Tuvalu,1992,281.0994166666667
Tuvalu,1993,314.51225
Tuvalu,1994,246.69875000000002
Tuvalu,1995,280.3215
Tuvalu,1996,236.68158333333335
Tuvalu,1997,287.783
Tuvalu,1998,312.59675
Tuvalu,1999,180.44095833333333
Tuvalu,2000,173.62790833333335
Tuvalu,2001,194.34466666666665
Tuvalu,2002,263.6695833333333
Tuvalu,2003,265.84358333333336
Tuvalu,2004,258.56316666666663
Tuvalu,2005,269.8358333333333
Tuvalu,2006,253.89222500000002
Tuvalu,2007,252.31716666666668
Tuvalu,2008,226.71041666666667
Tuvalu,2009,235.83633333333333
Tuvalu,2010,250.9668333333333
Tuvalu,2011,261.6449166666667
Tuvalu,2012,261.6449166666667
Tuvalu,2013,261.6449166666667
Tuvalu,2014,261.6449166666667
Tuvalu,2015,301.15158333333335
Tuvalu,2016,276.57125
Uganda,1901,76.31485833333333
Uganda,1902,106.16558333333334
Uganda,1903,110.253
Uganda,1904,93.99763333333334
Uganda,1905,96.21011666666668
Uganda,1906,105.965325
Uganda,1907,88.29844166666668
Uganda,1908,91.13940000000001
Uganda,1909,101.58875
Uganda,1910,91.50442500000001
Uganda,1911,92.44041666666668
Uganda,1912,101.531925
Uganda,1913,81.92295666666668
Uganda,1914,103.09131666666667
Uganda,1915,104.23819166666665
Uganda,1916,103.44626666666666
Uganda,1917,106.40792499999999
Uganda,1918,71.3499
Uganda,1919,103.8349
Uganda,1920,97.89754166666667
Uganda,1921,78.65085833333333
Uganda,1922,94.50025833333335
Uganda,1923,108.03216666666667
Uganda,1924,93.695475
Uganda,1925,93.69898333333333
Uganda,1926,103.13293333333333
Uganda,1927,81.25269999999999
Uganda,1928,93.94201666666667
Uganda,1929,91.4511
Uganda,1930,98.67501666666668
Uganda,1931,100.77730000000001
Uganda,1932,93.58645
Uganda,1933,91.66841666666666
Uganda,1934,90.52882
Uganda,1935,100.19567666666667
Uganda,1936,99.97414166666665
Uganda,1937,107.921725
Uganda,1938,89.15248333333334
Uganda,1939,84.95265833333333
Uganda,1940,101.22385833333334
Uganda,1941,110.83693333333333
Uganda,1942,100.86546666666668
Uganda,1943,81.6508
Uganda,1944,103.471525
Uganda,1945,97.48463333333335
Uganda,1946,104.19595
Uganda,1947,108.85101666666667
Uganda,1948,100.65496666666667
Uganda,1949,89.361825
Uganda,1950,93.82334166666668
Uganda,1951,119.3974
Uganda,1952,91.180925
Uganda,1953,93.8542
Uganda,1954,97.52685833333334
Uganda,1955,104.22043333333333
Uganda,1956,98.87540833333333
Uganda,1957,100.91232500000001
Uganda,1958,97.96538333333332
Uganda,1959,99.99898333333334
Uganda,1960,98.38034166666667
Uganda,1961,132.14975833333332
Uganda,1962,110.0759
Uganda,1963,113.39006666666667
Uganda,1964,104.85513333333334
Uganda,1965,91.62475
Uganda,1966,99.82518333333333
Uganda,1967,102.92923333333334
Uganda,1968,104.79301666666667
Uganda,1969,96.529025
Uganda,1970,103.12023333333333
Uganda,1971,91.81038333333333
Uganda,1972,105.80129166666666
Uganda,1973,95.59863333333334
Uganda,1974,97.16540833333333
Uganda,1975,108.51011666666666
Uganda,1976,100.37073333333335
Uganda,1977,114.286075
Uganda,1978,111.56623333333333
Uganda,1979,91.27743333333335
Uganda,1980,89.654
Uganda,1981,97.91156666666666
Uganda,1982,104.562325
Uganda,1983,93.39389999999999
Uganda,1984,87.43128333333334
Uganda,1985,98.38138333333335
Uganda,1986,92.69703333333332
Uganda,1987,92.49220000000001
Uganda,1988,112.67933333333333
Uganda,1989,97.71696666666666
Uganda,1990,96.23988333333334
Uganda,1991,102.211225
Uganda,1992,93.21686666666666
Uganda,1993,88.51224166666667
Uganda,1994,108.54725
Uganda,1995,100.97230833333333
Uganda,1996,109.43115
Uganda,1997,108.07957499999999
Uganda,1998,100.7505
Uganda,1999,104.54126666666667
Uganda,2000,94.85382500000001
Uganda,2001,102.16439166666667
Uganda,2002,104.37958333333331
Uganda,2003,98.03860833333334
Uganda,2004,93.84854166666666
Uganda,2005,74.79375
Uganda,2006,112.3232
Uganda,2007,127.30890833333332
Uganda,2008,102.62918333333333
Uganda,2009,99.22845833333334
Uganda,2010,118.71615833333334
Uganda,2011,110.52984166666666
Uganda,2012,124.86779166666666
Uganda,2013,134.81601666666668
Uganda,2014,99.98270833333333
Uganda,2015,114.59278333333333
Uganda,2016,114.57165000000002
Ukraine,1901,44.22045833333333
Ukraine,1902,44.22620833333334
Ukraine,1903,40.884680833333334
Ukraine,1904,35.399475
Ukraine,1905,46.60301666666667
Ukraine,1906,53.234141666666666
Ukraine,1907,39.121125
Ukraine,1908,43.96794166666667
Ukraine,1909,41.03236666666667
Ukraine,1910,47.154149999999994
Ukraine,1911,43.045700000000004
Ukraine,1912,57.578741666666666
Ukraine,1913,48.17199166666666
Ukraine,1914,47.64868333333333
Ukraine,1915,52.15175
Ukraine,1916,47.635799999999996
Ukraine,1917,46.44923333333333
Ukraine,1918,42.311895
Ukraine,1919,54.08989166666667
Ukraine,1920,35.190575833333334
Ukraine,1921,34.32673583333334
Ukraine,1922,57.192125
Ukraine,1923,41.03799166666666
Ukraine,1924,38.30620416666667
Ukraine,1925,52.64225
Ukraine,1926,44.13198666666667
Ukraine,1927,43.778533333333336
Ukraine,1928,41.063875
Ukraine,1929,40.058458333333334
Ukraine,1930,47.5548
Ukraine,1931,47.857724999999995
Ukraine,1932,50.938325
Ukraine,1933,57.399858333333334
Ukraine,1934,34.66171666666667
Ukraine,1935,44.423399999999994
Ukraine,1936,45.33295833333333
Ukraine,1937,50.076616666666666
Ukraine,1938,43.84604166666667
Ukraine,1939,46.29719166666666
Ukraine,1940,50.72734166666667
Ukraine,1941,59.92133333333334
Ukraine,1942,37.173091666666664
Ukraine,1943,41.33136916666667
Ukraine,1944,44.383783333333334
Ukraine,1945,41.789825
Ukraine,1946,35.766016666666665
Ukraine,1947,50.33861666666667
Ukraine,1948,42.96286
Ukraine,1949,43.39853416666667
Ukraine,1950,41.093941666666666
Ukraine,1951,36.391847500000004
Ukraine,1952,53.21064166666667
Ukraine,1953,37.45455833333333
Ukraine,1954,42.69319166666667
Ukraine,1955,51.79228333333333
Ukraine,1956,46.63653333333334
Ukraine,1957,38.84985833333334
Ukraine,1958,51.497674999999994
Ukraine,1959,39.134949999999996
Ukraine,1960,54.10395
Ukraine,1961,38.73096666666667
Ukraine,1962,46.40105833333333
Ukraine,1963,40.89434166666667
Ukraine,1964,44.62339166666666
Ukraine,1965,50.060341666666666
Ukraine,1966,57.942283333333336
Ukraine,1967,44.93505833333334
Ukraine,1968,47.40663333333333
Ukraine,1969,46.957575
Ukraine,1970,57.06724166666667
Ukraine,1971,46.40003333333333
Ukraine,1972,41.769036666666665
Ukraine,1973,48.32460833333334
Ukraine,1974,48.06730833333333
Ukraine,1975,36.6718
Ukraine,1976,48.911615000000005
Ukraine,1977,53.75038333333333
Ukraine,1978,51.29168333333333
Ukraine,1979,45.99851666666667
Ukraine,1980,59.563175
Ukraine,1981,55.56895
Ukraine,1982,40.94455833333333
Ukraine,1983,41.24599166666667
Ukraine,1984,43.56840833333333
Ukraine,1985,50.5429
Ukraine,1986,38.98762
Ukraine,1987,43.909225
Ukraine,1988,52.29496666666666
Ukraine,1989,44.247866666666674
Ukraine,1990,44.312875
Ukraine,1991,43.962225
Ukraine,1992,45.69996666666666
Ukraine,1993,44.341049999999996
Ukraine,1994,40.33851666666667
Ukraine,1995,50.242283333333326
Ukraine,1996,47.716775000000005
Ukraine,1997,55.69573333333333
Ukraine,1998,50.529500000000006
Ukraine,1999,45.830958333333335
Ukraine,2000,43.54168083333334
Ukraine,2001,52.909083333333335
Ukraine,2002,45.170658333333336
Ukraine,2003,43.58085
Ukraine,2004,53.66744166666667
Ukraine,2005,50.22268333333333
Ukraine,2006,46.52551666666667
Ukraine,2007,44.541775
Ukraine,2008,46.338366666666666
Ukraine,2009,47.58701166666666
Ukraine,2010,55.75803333333334
Ukraine,2011,38.19878333333333
Ukraine,2012,47.40566666666667
Ukraine,2013,47.68526666666667
Ukraine,2014,43.46244166666667
Ukraine,2015,41.110525
Ukraine,2016,53.754225
United Arab Emirates,1901,5.553346666666667
United Arab Emirates,1902,2.0627316666666666
United Arab Emirates,1903,3.6489166666666666
United Arab Emirates,1904,2.9600333333333335
United Arab Emirates,1905,9.70048
United Arab Emirates,1906,9.734076666666667
United Arab Emirates,1907,7.802079166666666
United Arab Emirates,1908,2.376885
United Arab Emirates,1909,5.591494166666666
United Arab Emirates,1910,4.410838333333333
United Arab Emirates,1911,5.6939850000000005
United Arab Emirates,1912,10.17188
United Arab Emirates,1913,10.401424166666667
United Arab Emirates,1914,6.796164166666666
United Arab Emirates,1915,4.013476666666667
United Arab Emirates,1916,10.395019166666666
United Arab Emirates,1917,5.181390833333333
United Arab Emirates,1918,4.7219283333333335
United Arab Emirates,1919,5.478656666666667
United Arab Emirates,1920,3.0995000000000004
United Arab Emirates,1921,3.6762325
United Arab Emirates,1922,2.3817591666666664
United Arab Emirates,1923,6.423465833333334
United Arab Emirates,1924,3.0557541666666665
United Arab Emirates,1925,2.7046941666666666
United Arab Emirates,1926,4.683900833333333
United Arab Emirates,1927,4.951668333333333
United Arab Emirates,1928,5.9712241666666666
United Arab Emirates,1929,4.034729166666667
United Arab Emirates,1930,2.2987258333333336
United Arab Emirates,1931,7.7582233333333335
United Arab Emirates,1932,7.148226666666666
United Arab Emirates,1933,5.960441666666667
United Arab Emirates,1934,6.8590583333333335
United Arab Emirates,1935,6.86596
United Arab Emirates,1936,5.377095833333333
United Arab Emirates,1937,5.604516666666666
United Arab Emirates,1938,2.6194408333333334
United Arab Emirates,1939,6.799529166666666
United Arab Emirates,1940,4.394655
United Arab Emirates,1941,3.8877683333333333
United Arab Emirates,1942,4.232849166666666
United Arab Emirates,1943,7.127530833333334
United Arab Emirates,1944,5.7509758333333325
United Arab Emirates,1945,2.496725
United Arab Emirates,1946,3.6622341666666665
United Arab Emirates,1947,4.761466666666666
United Arab Emirates,1948,8.884992500000001
United Arab Emirates,1949,6.49237
United Arab Emirates,1950,2.572449166666667
United Arab Emirates,1951,7.519079166666667
United Arab Emirates,1952,2.9471974999999997
United Arab Emirates,1953,3.451070833333333
United Arab Emirates,1954,4.244729166666667
United Arab Emirates,1955,12.2957775
United Arab Emirates,1956,2.675221666666667
United Arab Emirates,1957,9.366044166666667
United Arab Emirates,1958,5.161825833333333
United Arab Emirates,1959,5.0090925
United Arab Emirates,1960,4.705369999999999
United Arab Emirates,1961,4.872224999999999
United Arab Emirates,1962,1.0894183333333334
United Arab Emirates,1963,6.103167499999999
United Arab Emirates,1964,7.959768333333333
United Arab Emirates,1965,5.7620466666666665
United Arab Emirates,1966,4.5722375
United Arab Emirates,1967,2.4043441666666667
United Arab Emirates,1968,7.4134408333333335
United Arab Emirates,1969,4.822770833333333
United Arab Emirates,1970,2.3768550000000004
United Arab Emirates,1971,2.1296441666666666
United Arab Emirates,1972,10.611905
United Arab Emirates,1973,1.355015833333333
United Arab Emirates,1974,4.951770833333334
United Arab Emirates,1975,6.8708124999999995
United Arab Emirates,1976,17.45037
United Arab Emirates,1977,7.073315
United Arab Emirates,1978,4.3669375
United Arab Emirates,1979,6.499523333333333
United Arab Emirates,1980,5.134291666666667
United Arab Emirates,1981,5.604746666666667
United Arab Emirates,1982,14.325065
United Arab Emirates,1983,7.722212499999999
United Arab Emirates,1984,2.9360316666666666
United Arab Emirates,1985,1.33972
United Arab Emirates,1986,5.217313333333333
United Arab Emirates,1987,8.651111666666667
United Arab Emirates,1988,7.430411666666667
United Arab Emirates,1989,5.990858333333333
United Arab Emirates,1990,4.3608666666666664
United Arab Emirates,1991,4.819529999999999
United Arab Emirates,1992,7.8816125
United Arab Emirates,1993,8.596995
United Arab Emirates,1994,2.9273241666666667
United Arab Emirates,1995,7.627885833333333
United Arab Emirates,1996,8.092993333333334
United Arab Emirates,1997,10.029825833333332
United Arab Emirates,1998,4.5455025000000004
United Arab Emirates,1999,4.538780833333333
United Arab Emirates,2000,3.2829483333333336
United Arab Emirates,2001,0.7729175
United Arab Emirates,2002,2.4054800000000003
United Arab Emirates,2003,3.084325833333333
United Arab Emirates,2004,3.2538933333333335
United Arab Emirates,2005,3.8746766666666663
United Arab Emirates,2006,5.6479325000000005
United Arab Emirates,2007,3.7013983333333336
United Arab Emirates,2008,1.6598875
United Arab Emirates,2009,7.230385833333333
United Arab Emirates,2010,2.4187325
United Arab Emirates,2011,2.4297508333333333
United Arab Emirates,2012,2.4290591666666668
United Arab Emirates,2013,4.75762
United Arab Emirates,2014,9.13066
United Arab Emirates,2015,3.7805708333333334
United Arab Emirates,2016,3.8144041666666664
United Kingdom,1901,86.31420833333334
United Kingdom,1902,80.03579166666667
United Kingdom,1903,119.94614166666668
United Kingdom,1904,86.3052
United Kingdom,1905,84.686075
United Kingdom,1906,97.98655000000001
United Kingdom,1907,97.38538333333334
United Kingdom,1908,90.15705833333334
United Kingdom,1909,97.054275
United Kingdom,1910,100.43354166666667
United Kingdom,1911,91.55009166666666
United Kingdom,1912,107.67665833333332
United Kingdom,1913,89.47957500000001
United Kingdom,1914,99.83793333333334
United Kingdom,1915,97.65589999999999
United Kingdom,1916,108.89266666666667
United Kingdom,1917,93.59176666666667
United Kingdom,1918,102.82721666666667
United Kingdom,1919,95.32375
United Kingdom,1920,102.700925
United Kingdom,1921,81.31063333333334
United Kingdom,1922,93.97528333333332
United Kingdom,1923,110.29168333333332
United Kingdom,1924,106.15916666666665
United Kingdom,1925,96.88295
United Kingdom,1926,99.25285833333334
United Kingdom,1927,110.44409999999999
United Kingdom,1928,112.26061666666665
United Kingdom,1929,95.00329166666666
United Kingdom,1930,106.70186666666666
United Kingdom,1931,100.55165
United Kingdom,1932,99.47243333333334
United Kingdom,1933,77.43245
United Kingdom,1934,95.57294999999999
United Kingdom,1935,105.14624166666665
United Kingdom,1936,96.04063333333333
United Kingdom,1937,93.51496666666667
United Kingdom,1938,106.46911666666666
United Kingdom,1939,97.84319166666667
United Kingdom,1940,95.90916666666668
United Kingdom,1941,86.921625
United Kingdom,1942,94.06069166666667
United Kingdom,1943,95.427075
United Kingdom,1944,99.13529166666666
United Kingdom,1945,92.81850833333333
United Kingdom,1946,102.69772499999999
United Kingdom,1947,89.3725
United Kingdom,1948,108.58473333333335
United Kingdom,1949,94.63915833333334
United Kingdom,1950,107.49442499999999
United Kingdom,1951,108.64502499999999
United Kingdom,1952,90.35791666666667
United Kingdom,1953,84.33297499999999
United Kingdom,1954,116.97206666666666
United Kingdom,1955,81.01229166666667
United Kingdom,1956,92.23338333333334
United Kingdom,1957,97.48136666666666
United Kingdom,1958,102.75791666666667
United Kingdom,1959,88.773375
United Kingdom,1960,109.78016666666667
United Kingdom,1961,98.13224166666667
United Kingdom,1962,91.07965833333333
United Kingdom,1963,89.22048333333333
United Kingdom,1964,82.27898333333333
United Kingdom,1965,101.737725
United Kingdom,1966,106.09025000000001
United Kingdom,1967,106.88909166666667
United Kingdom,1968,97.52246666666667
United Kingdom,1969,90.17518333333334
United Kingdom,1970,99.60096666666668
United Kingdom,1971,84.14270833333333
United Kingdom,1972,86.84560833333335
United Kingdom,1973,83.15818333333333
United Kingdom,1974,103.1705
United Kingdom,1975,82.59865
United Kingdom,1976,88.68279166666667
United Kingdom,1977,98.89527500000001
United Kingdom,1978,95.58273333333334
United Kingdom,1979,104.13888333333334
United Kingdom,1980,104.80675833333333
United Kingdom,1981,104.42051666666667
United Kingdom,1982,108.59660000000001
United Kingdom,1983,97.14915
United Kingdom,1984,99.89026666666666
United Kingdom,1985,100.55474166666666
United Kingdom,1986,106.69218333333333
United Kingdom,1987,96.76837499999999
United Kingdom,1988,105.11478333333334
United Kingdom,1989,93.86149999999999
United Kingdom,1990,110.23310833333333
United Kingdom,1991,91.533075
United Kingdom,1992,109.17029166666667
United Kingdom,1993,104.94100833333334
United Kingdom,1994,110.80129166666666
United Kingdom,1995,96.90875833333332
United Kingdom,1996,85.294225
United Kingdom,1997,94.63833333333334
United Kingdom,1998,115.50916666666667
United Kingdom,1999,111.5824
United Kingdom,2000,119.55723333333333
United Kingdom,2001,93.99695833333334
United Kingdom,2002,120.23015833333334
United Kingdom,2003,80.35421666666666
United Kingdom,2004,103.68710833333334
United Kingdom,2005,95.62585833333333
United Kingdom,2006,100.10797500000001
United Kingdom,2007,102.45334166666667
United Kingdom,2008,112.90579166666667
United Kingdom,2009,110.19221666666665
United Kingdom,2010,89.79646666666666
United Kingdom,2011,100.1653
United Kingdom,2012,118.74275833333333
United Kingdom,2013,98.1191
United Kingdom,2014,116.34435833333333
United Kingdom,2015,110.17458333333333
United Kingdom,2016,101.75655833333333
United Republic Of Tanzania,1901,68.51620416666667
United Republic Of Tanzania,1902,74.22009083333333
United Republic Of Tanzania,1903,95.48059333333333
United Republic Of Tanzania,1904,97.09740083333334
United Republic Of Tanzania,1905,91.437425
United Republic Of Tanzania,1906,98.123785
United Republic Of Tanzania,1907,73.97259416666667
United Republic Of Tanzania,1908,82.59825833333333
United Republic Of Tanzania,1909,62.71565416666667
United Republic Of Tanzania,1910,73.06915833333333
United Republic Of Tanzania,1911,79.71777916666666
United Republic Of Tanzania,1912,85.19062333333333
United Republic Of Tanzania,1913,87.44634916666666
United Republic Of Tanzania,1914,76.19703916666667
United Republic Of Tanzania,1915,77.91896583333333
United Republic Of Tanzania,1916,85.60149083333333
United Republic Of Tanzania,1917,83.83288083333333
United Republic Of Tanzania,1918,61.71671416666667
United Republic Of Tanzania,1919,77.75012
United Republic Of Tanzania,1920,74.75995333333334
United Republic Of Tanzania,1921,69.07744083333334
United Republic Of Tanzania,1922,76.03314583333334
United Republic Of Tanzania,1923,91.38329416666666
United Republic Of Tanzania,1924,65.59797416666667
United Republic Of Tanzania,1925,90.01223333333333
United Republic Of Tanzania,1926,78.29926416666667
United Republic Of Tanzania,1927,81.85761000000001
United Republic Of Tanzania,1928,77.33636916666667
United Republic Of Tanzania,1929,70.53005083333333
United Republic Of Tanzania,1930,98.73571
United Republic Of Tanzania,1931,89.45202583333332
United Republic Of Tanzania,1932,84.55579916666666
United Republic Of Tanzania,1933,76.98622499999999
United Republic Of Tanzania,1934,82.29101083333333
United Republic Of Tanzania,1935,84.84122916666666
United Republic Of Tanzania,1936,100.80923666666666
United Republic Of Tanzania,1937,91.02708166666667
United Republic Of Tanzania,1938,74.09006000000001
United Republic Of Tanzania,1939,75.62775333333333
United Republic Of Tanzania,1940,89.0258925
United Republic Of Tanzania,1941,93.69988166666667
United Republic Of Tanzania,1942,88.46990749999999
United Republic Of Tanzania,1943,70.07542166666667
United Republic Of Tanzania,1944,91.98325666666666
United Republic Of Tanzania,1945,86.743835
United Republic Of Tanzania,1946,71.69697000000001
United Republic Of Tanzania,1947,96.1521775
United Republic Of Tanzania,1948,76.60910333333334
United Republic Of Tanzania,1949,61.59040666666667
United Republic Of Tanzania,1950,84.75884583333333
United Republic Of Tanzania,1951,103.31490083333334
United Republic Of Tanzania,1952,77.60601666666666
United Republic Of Tanzania,1953,74.87215416666668
United Republic Of Tanzania,1954,71.37556416666666
United Republic Of Tanzania,1955,82.4994475
United Republic Of Tanzania,1956,85.7915
United Republic Of Tanzania,1957,92.79848333333332
United Republic Of Tanzania,1958,76.89482666666667
United Republic Of Tanzania,1959,76.71404166666666
United Republic Of Tanzania,1960,79.87285
United Republic Of Tanzania,1961,108.26015749999999
United Republic Of Tanzania,1962,91.59390083333334
United Republic Of Tanzania,1963,104.571195
United Republic Of Tanzania,1964,83.82468416666667
United Republic Of Tanzania,1965,82.15950166666666
United Republic Of Tanzania,1966,77.44906833333333
United Republic Of Tanzania,1967,102.37295833333333
United Republic Of Tanzania,1968,102.25771000000002
United Republic Of Tanzania,1969,72.55798333333333
United Republic Of Tanzania,1970,88.84872
United Republic Of Tanzania,1971,78.28975166666667
United Republic Of Tanzania,1972,92.78983749999999
United Republic Of Tanzania,1973,78.20950833333333
United Republic Of Tanzania,1974,81.64244666666667
United Republic Of Tanzania,1975,76.34306500000001
United Republic Of Tanzania,1976,73.48570083333333
United Republic Of Tanzania,1977,91.20882
United Republic Of Tanzania,1978,99.31317583333333
United Republic Of Tanzania,1979,103.45169916666667
United Republic Of Tanzania,1980,85.67502
United Republic Of Tanzania,1981,80.47981583333333
United Republic Of Tanzania,1982,97.25101
United Republic Of Tanzania,1983,76.04039
United Republic Of Tanzania,1984,87.80554916666667
United Republic Of Tanzania,1985,83.51438833333333
United Republic Of Tanzania,1986,93.8789125
United Republic Of Tanzania,1987,73.99276666666667
United Republic Of Tanzania,1988,86.02227166666667
United Republic Of Tanzania,1989,97.883075
United Republic Of Tanzania,1990,82.440435
United Republic Of Tanzania,1991,88.93830833333334
United Republic Of Tanzania,1992,80.06032916666668
United Republic Of Tanzania,1993,72.38949916666667
United Republic Of Tanzania,1994,84.2137
United Republic Of Tanzania,1995,79.14002583333333
United Republic Of Tanzania,1996,79.4634975
United Republic Of Tanzania,1997,96.05293583333332
United Republic Of Tanzania,1998,84.43545333333333
United Republic Of Tanzania,1999,82.24230833333333
United Republic Of Tanzania,2000,74.61175
United Republic Of Tanzania,2001,78.38416666666667
United Republic Of Tanzania,2002,95.52405416666666
United Republic Of Tanzania,2003,64.25811583333333
United Republic Of Tanzania,2004,86.3427075
United Republic Of Tanzania,2005,63.08203583333333
United Republic Of Tanzania,2006,99.89162916666668
United Republic Of Tanzania,2007,77.02561083333333
United Republic Of Tanzania,2008,78.5767
United Republic Of Tanzania,2009,81.13041416666667
United Republic Of Tanzania,2010,74.31501
United Republic Of Tanzania,2011,86.98026499999999
United Republic Of Tanzania,2012,66.42179083333333
United Republic Of Tanzania,2013,82.59297333333333
United Republic Of Tanzania,2014,83.61248416666666
United Republic Of Tanzania,2015,82.787305
United Republic Of Tanzania,2016,94.68480333333333
United States,1901,49.53980000000001
United States,1902,54.10230833333333
United States,1903,51.01861666666667
United States,1904,48.262100000000004
United States,1905,56.70699166666666
United States,1906,56.56187500000001
United States,1907,54.10240833333334
United States,1908,52.077225
United States,1909,53.824983333333336
United States,1910,44.87780833333333
United States,1911,51.884325
United States,1912,54.98716666666667
United States,1913,52.13466666666667
United States,1914,51.364666666666665
United States,1915,57.73565
United States,1916,52.968425
United States,1917,46.26161666666667
United States,1918,52.38158333333333
United States,1919,55.918675
United States,1920,54.228166666666674
United States,1921,51.35310833333333
United States,1922,54.1526
United States,1923,55.721441666666664
United States,1924,49.13673333333333
United States,1925,49.78617500000001
United States,1926,54.48365833333333
United States,1927,55.76484166666666
United States,1928,53.57335833333334
United States,1929,55.12470833333333
United States,1930,48.69713333333333
United States,1931,50.243024999999996
United States,1932,54.70650833333334
United States,1933,48.424258333333334
United States,1934,46.52290833333333
United States,1935,53.13916666666666
United States,1936,49.86273333333333
United States,1937,53.30824166666667
United States,1938,53.852375
United States,1939,48.492375
United States,1940,53.89500833333333
United States,1941,57.09793333333334
United States,1942,56.38451666666666
United States,1943,49.56750833333333
United States,1944,55.30269166666667
United States,1945,59.31138333333334
United States,1946,55.16863333333333
United States,1947,52.602475
United States,1948,54.765191666666674
United States,1949,54.31835833333333
United States,1950,53.267341666666674
United States,1951,55.95711666666667
United States,1952,48.67050833333334
United States,1953,50.43756666666667
United States,1954,48.165708333333335
United States,1955,51.092016666666666
United States,1956,46.831808333333335
United States,1957,57.88906666666667
United States,1958,53.187108333333335
United States,1959,54.295875
United States,1960,52.343291666666666
United States,1961,56.527233333333335
United States,1962,51.67281666666667
United States,1963,48.88425
United States,1964,53.144866666666665
United States,1965,54.97669166666666
United States,1966,48.79172500000001
United States,1967,54.02365
United States,1968,52.77635
United States,1969,52.81630833333333
United States,1970,52.83544166666667
United States,1971,54.006425
United States,1972,55.370983333333335
United States,1973,60.52113333333333
United States,1974,53.77514166666666
United States,1975,57.84505833333333
United States,1976,47.51083333333333
United States,1977,54.328383333333335
United States,1978,53.976225
United States,1979,58.355108333333334
United States,1980,51.57109166666667
United States,1981,54.79709166666667
United States,1982,60.97601666666666
United States,1983,60.596849999999996
United States,1984,55.44433333333333
United States,1985,55.136608333333335
United States,1986,56.6838
United States,1987,52.63026666666667
United States,1988,47.87629999999999
United States,1989,54.37875833333333
United States,1990,59.238683333333334
United States,1991,56.847175
United States,1992,56.48325
United States,1993,58.9329
United States,1994,55.54881666666666
United States,1995,56.57056666666667
United States,1996,58.42580833333333
United States,1997,55.711925
United States,1998,59.97515833333333
United States,1999,51.95518333333333
United States,2000,52.32755
United States,2001,52.536316666666664
United States,2002,52.2241
United States,2003,54.820191666666666
United States,2004,58.25925833333333
United States,2005,54.7526
United States,2006,53.844950000000004
United States,2007,51.98381666666666
United States,2008,55.84654166666667
United States,2009,56.32781666666667
United States,2010,55.43608333333333
United States,2011,56.06388333333334
United States,2012,52.15591666666666
United States,2013,58.49023333333333
United States,2014,57.031949999999995
United States,2015,63.46590833333334
United States,2016,57.063925000000005
Uruguay,1901,69.13531666666667
Uruguay,1902,82.03559166666666
Uruguay,1903,98.25043333333333
Uruguay,1904,92.6837
Uruguay,1905,86.899475
Uruguay,1906,65.56276666666666
Uruguay,1907,70.214275
Uruguay,1908,80.66295000000001
Uruguay,1909,78.22242250000001
Uruguay,1910,65.0838
Uruguay,1911,98.48448333333333
Uruguay,1912,123.66308333333332
Uruguay,1913,97.087625
Uruguay,1914,151.85919166666667
Uruguay,1915,93.81963333333334
Uruguay,1916,50.56150416666666
Uruguay,1917,68.51231666666666
Uruguay,1918,93.23100833333332
Uruguay,1919,116.27569166666666
Uruguay,1920,85.916275
Uruguay,1921,82.38198333333334
Uruguay,1922,99.835575
Uruguay,1923,95.50600833333333
Uruguay,1924,68.20130833333333
Uruguay,1925,96.22235833333333
Uruguay,1926,102.41650833333334
Uruguay,1927,85.48044166666666
Uruguay,1928,93.610475
Uruguay,1929,76.41354166666666
Uruguay,1930,104.27585
Uruguay,1931,90.8954
Uruguay,1932,101.80363333333332
Uruguay,1933,74.78454416666666
Uruguay,1934,102.78769166666666
Uruguay,1935,79.61981666666667
Uruguay,1936,117.85684166666665
Uruguay,1937,77.05029166666667
Uruguay,1938,102.28760833333332
Uruguay,1939,102.02239166666668
Uruguay,1940,144.56820000000002
Uruguay,1941,106.81248333333333
Uruguay,1942,91.00848333333333
Uruguay,1943,86.12905833333333
Uruguay,1944,93.89958333333334
Uruguay,1945,93.09895
Uruguay,1946,118.136175
Uruguay,1947,83.592725
Uruguay,1948,99.16641333333332
Uruguay,1949,96.84470833333334
Uruguay,1950,103.49263333333333
Uruguay,1951,99.15568333333333
Uruguay,1952,92.984375
Uruguay,1953,94.83049999999999
Uruguay,1954,91.51745
Uruguay,1955,88.79070833333333
Uruguay,1956,95.76570833333334
Uruguay,1957,95.75144999999999
Uruguay,1958,105.04224166666667
Uruguay,1959,134.43145833333332
Uruguay,1960,87.04773333333333
Uruguay,1961,105.35500833333333
Uruguay,1962,72.50246666666668
Uruguay,1963,134.28085833333333
Uruguay,1964,83.45645833333333
Uruguay,1965,85.78168333333333
Uruguay,1966,107.46053333333333
Uruguay,1967,116.44571666666667
Uruguay,1968,95.63165
Uruguay,1969,76.24948333333333
Uruguay,1970,100.73469166666666
Uruguay,1971,104.32659166666667
Uruguay,1972,112.41231666666665
Uruguay,1973,105.80971666666666
Uruguay,1974,94.96395
Uruguay,1975,96.111125
Uruguay,1976,112.01234166666666
Uruguay,1977,133.1272
Uruguay,1978,125.42169166666667
Uruguay,1979,79.03581833333332
Uruguay,1980,115.80362500000001
Uruguay,1981,103.10513333333334
Uruguay,1982,109.99945833333334
Uruguay,1983,109.232125
Uruguay,1984,132.50681666666665
Uruguay,1985,106.331225
Uruguay,1986,129.48745833333334
Uruguay,1987,99.77273333333333
Uruguay,1988,88.549175
Uruguay,1989,71.81354166666667
Uruguay,1990,128.02504166666668
Uruguay,1991,112.514475
Uruguay,1992,110.29125833333335
Uruguay,1993,123.40786666666668
Uruguay,1994,101.13115833333335
Uruguay,1995,92.04486666666666
Uruguay,1996,91.61028333333333
Uruguay,1997,111.46215833333333
Uruguay,1998,117.99142499999999
Uruguay,1999,89.14316666666667
Uruguay,2000,122.46495
Uruguay,2001,134.55898333333332
Uruguay,2002,160.838025
Uruguay,2003,127.85885
Uruguay,2004,91.755375
Uruguay,2005,116.09394999999999
Uruguay,2006,100.08026666666666
Uruguay,2007,121.94206666666666
Uruguay,2008,72.76568333333333
Uruguay,2009,104.850825
Uruguay,2010,108.34960833333334
Uruguay,2011,96.230925
Uruguay,2012,115.65346666666666
Uruguay,2013,95.31924166666666
Uruguay,2014,145.032825
Uruguay,2015,107.10853333333334
Uruguay,2016,107.247675
Uzbekistan,1901,15.254636666666668
Uzbekistan,1902,18.39209
Uzbekistan,1903,14.312688333333334
Uzbekistan,1904,14.135838333333334
Uzbekistan,1905,14.379958333333335
Uzbekistan,1906,17.642785833333335
Uzbekistan,1907,18.219413333333335
Uzbekistan,1908,15.819891666666669
Uzbekistan,1909,11.47643
Uzbekistan,1910,12.072975833333333
Uzbekistan,1911,17.189385833333333
Uzbekistan,1912,12.79039
Uzbekistan,1913,15.063533333333334
Uzbekistan,1914,17.118394166666665
Uzbekistan,1915,13.629089166666667
Uzbekistan,1916,13.125253333333333
Uzbekistan,1917,5.933250833333333
Uzbekistan,1918,13.6748925
Uzbekistan,1919,14.772829999999999
Uzbekistan,1920,18.134790833333334
Uzbekistan,1921,16.539489166666666
Uzbekistan,1922,15.68541
Uzbekistan,1923,17.7260925
Uzbekistan,1924,18.502668333333332
Uzbekistan,1925,11.523316666666666
Uzbekistan,1926,15.922467500000002
Uzbekistan,1927,10.939159166666668
Uzbekistan,1928,15.075308333333334
Uzbekistan,1929,12.094384166666666
Uzbekistan,1930,13.384626666666668
Uzbekistan,1931,18.934274166666665
Uzbekistan,1932,15.528581666666668
Uzbekistan,1933,17.917098333333332
Uzbekistan,1934,17.17683583333333
Uzbekistan,1935,13.981874166666666
Uzbekistan,1936,11.923950833333334
Uzbekistan,1937,12.737180833333333
Uzbekistan,1938,14.800152500000001
Uzbekistan,1939,15.501661666666665
Uzbekistan,1940,17.557166666666667
Uzbekistan,1941,16.922349166666667
Uzbekistan,1942,15.898191666666667
Uzbekistan,1943,16.6421275
Uzbekistan,1944,9.7200325
Uzbekistan,1945,18.295288333333335
Uzbekistan,1946,11.353800833333333
Uzbekistan,1947,13.745740833333334
Uzbekistan,1948,13.397943333333332
Uzbekistan,1949,17.64320916666667
Uzbekistan,1950,10.833336666666666
Uzbekistan,1951,15.011981666666665
Uzbekistan,1952,18.620416666666667
Uzbekistan,1953,21.257813333333335
Uzbekistan,1954,14.855921666666667
Uzbekistan,1955,12.5999875
Uzbekistan,1956,14.758065833333333
Uzbekistan,1957,14.351925833333333
Uzbekistan,1958,19.131803333333334
Uzbekistan,1959,15.806635
Uzbekistan,1960,15.280419166666666
Uzbekistan,1961,12.781350833333335
Uzbekistan,1962,15.687068333333334
Uzbekistan,1963,18.0707275
Uzbekistan,1964,17.180789166666667
Uzbekistan,1965,13.6679625
Uzbekistan,1966,14.457322499999998
Uzbekistan,1967,17.503925833333334
Uzbekistan,1968,16.0910175
Uzbekistan,1969,27.28873916666667
Uzbekistan,1970,13.214628333333332
Uzbekistan,1971,10.2895325
Uzbekistan,1972,16.408800833333334
Uzbekistan,1973,17.155884166666667
Uzbekistan,1974,12.938091666666667
Uzbekistan,1975,10.965554166666665
Uzbekistan,1976,16.712464999999998
Uzbekistan,1977,15.5326675
Uzbekistan,1978,21.154273333333332
Uzbekistan,1979,16.868458333333333
Uzbekistan,1980,17.991916666666665
Uzbekistan,1981,21.6130075
Uzbekistan,1982,16.414128333333334
Uzbekistan,1983,14.47883
Uzbekistan,1984,15.219425833333334
Uzbekistan,1985,14.802175
Uzbekistan,1986,13.059019999999999
Uzbekistan,1987,19.9485725
Uzbekistan,1988,17.7463525
Uzbekistan,1989,14.301953333333335
Uzbekistan,1990,17.000870833333334
Uzbekistan,1991,19.297081666666667
Uzbekistan,1992,19.5799
Uzbekistan,1993,21.988612500000002
Uzbekistan,1994,18.27922583333333
Uzbekistan,1995,11.032153333333333
Uzbekistan,1996,11.4893
Uzbekistan,1997,17.506665833333333
Uzbekistan,1998,21.146071666666668
Uzbekistan,1999,16.468824166666668
Uzbekistan,2000,13.4035925
Uzbekistan,2001,13.54135
Uzbekistan,2002,21.453588333333332
Uzbekistan,2003,24.141382500000002
Uzbekistan,2004,19.277965833333333
Uzbekistan,2005,16.913620833333333
Uzbekistan,2006,16.363868333333333
Uzbekistan,2007,16.11599
Uzbekistan,2008,13.432813333333334
Uzbekistan,2009,19.843745000000002
Uzbekistan,2010,14.532975
Uzbekistan,2011,16.323978333333333
Uzbekistan,2012,15.958656666666668
Uzbekistan,2013,18.025254166666667
Uzbekistan,2014,17.49539083333333
Uzbekistan,2015,20.594048333333333
Uzbekistan,2016,21.9563425
Vanuatu,1901,231.713
Vanuatu,1902,231.04891666666666
Vanuatu,1903,229.77949999999998
Vanuatu,1904,236.58333333333334
Vanuatu,1905,229.10616666666667
Vanuatu,1906,229.8444166666667
Vanuatu,1907,230.21574999999999
Vanuatu,1908,234.44533333333334
Vanuatu,1909,234.5683333333333
Vanuatu,1910,243.1735
Vanuatu,1911,231.686
Vanuatu,1912,235.11524999999997
Vanuatu,1913,233.49433333333332
Vanuatu,1914,234.30891666666665
Vanuatu,1915,234.21666666666667
Vanuatu,1916,234.91049999999998
Vanuatu,1917,237.00716666666668
Vanuatu,1918,233.45541666666668
Vanuatu,1919,231.79774999999998
Vanuatu,1920,234.18416666666667
Vanuatu,1921,231.84675000000001
Vanuatu,1922,237.35808333333333
Vanuatu,1923,233.52558333333332
Vanuatu,1924,231.5905
Vanuatu,1925,231.19650000000001
Vanuatu,1926,231.3425
Vanuatu,1927,229.53708333333336
Vanuatu,1928,232.74875
Vanuatu,1929,233.46616666666668
Vanuatu,1930,232.50608333333332
Vanuatu,1931,229.53966666666668
Vanuatu,1932,234.57991666666666
Vanuatu,1933,237.60658333333333
Vanuatu,1934,232.2290833333333
Vanuatu,1935,234.99824999999998
Vanuatu,1936,230.83124999999998
Vanuatu,1937,236.92766666666668
Vanuatu,1938,237.24666666666667
Vanuatu,1939,231.59349999999998
Vanuatu,1940,232.05050000000003
Vanuatu,1941,230.16725
Vanuatu,1942,230.64724999999999
Vanuatu,1943,235.24866666666665
Vanuatu,1944,232.12575
Vanuatu,1945,234.7945
Vanuatu,1946,234.6810833333333
Vanuatu,1947,235.13975000000002
Vanuatu,1948,231.71940833333335
Vanuatu,1949,222.51998333333333
Vanuatu,1950,255.30459166666665
Vanuatu,1951,252.79123333333334
Vanuatu,1952,238.2305
Vanuatu,1953,201.25390000000002
Vanuatu,1954,254.13933333333333
Vanuatu,1955,282.2495333333333
Vanuatu,1956,211.02775
Vanuatu,1957,207.42060833333335
Vanuatu,1958,153.61148333333333
Vanuatu,1959,250.27158333333333
Vanuatu,1960,247.6543333333333
Vanuatu,1961,370.93716666666666
Vanuatu,1962,290.6331416666667
Vanuatu,1963,267.6182333333333
Vanuatu,1964,234.125725
Vanuatu,1965,280.60089999999997
Vanuatu,1966,174.9195083333333
Vanuatu,1967,252.24724166666667
Vanuatu,1968,217.2885083333333
Vanuatu,1969,233.42096666666666
Vanuatu,1970,268.0765833333333
Vanuatu,1971,259.7825833333333
Vanuatu,1972,270.7677166666667
Vanuatu,1973,219.273275
Vanuatu,1974,238.094025
Vanuatu,1975,257.0609166666666
Vanuatu,1976,257.5126666666667
Vanuatu,1977,186.31665
Vanuatu,1978,126.05089416666665
Vanuatu,1979,149.08344666666667
Vanuatu,1980,153.89845833333334
Vanuatu,1981,203.32673333333332
Vanuatu,1982,239.20758333333333
Vanuatu,1983,236.176875
Vanuatu,1984,229.87364166666669
Vanuatu,1985,206.38386666666668
Vanuatu,1986,171.6639
Vanuatu,1987,245.55003333333335
Vanuatu,1988,304.5226916666667
Vanuatu,1989,290.50835
Vanuatu,1990,173.40912500000002
Vanuatu,1991,218.06663333333333
Vanuatu,1992,164.52125833333335
Vanuatu,1993,102.25423333333333
Vanuatu,1994,191.3543
Vanuatu,1995,142.26711666666668
Vanuatu,1996,170.52577499999998
Vanuatu,1997,179.17094166666666
Vanuatu,1998,218.3765
Vanuatu,1999,241.8545
Vanuatu,2000,228.14633333333333
Vanuatu,2001,242.4475
Vanuatu,2002,236.25233333333333
Vanuatu,2003,233.37016666666668
Vanuatu,2004,150.73459166666666
Vanuatu,2005,231.274325
Vanuatu,2006,237.15427499999998
Vanuatu,2007,252.72508333333334
Vanuatu,2008,236.33733333333336
Vanuatu,2009,190.82066666666665
Vanuatu,2010,211.60221666666666
Vanuatu,2011,245.39016666666666
Vanuatu,2012,239.16575
Vanuatu,2013,233.91075
Vanuatu,2014,225.78033333333335
Vanuatu,2015,231.43883333333335
Vanuatu,2016,235.38116666666667
Venezuela,1901,155.068075
Venezuela,1902,153.62326666666667
Venezuela,1903,158.27159166666667
Venezuela,1904,171.618875
Venezuela,1905,161.3735
Venezuela,1906,150.06415
Venezuela,1907,151.70885
Venezuela,1908,176.45866666666666
Venezuela,1909,156.91021666666666
Venezuela,1910,167.29195833333333
Venezuela,1911,164.20668333333333
Venezuela,1912,162.75905
Venezuela,1913,172.15311666666665
Venezuela,1914,167.93856666666667
Venezuela,1915,166.52061666666665
Venezuela,1916,164.13365833333333
Venezuela,1917,162.965225
Venezuela,1918,162.50394166666666
Venezuela,1919,152.00975833333334
Venezuela,1920,166.121075
Venezuela,1921,166.76557499999998
Venezuela,1922,155.13789166666666
Venezuela,1923,145.40626666666665
Venezuela,1924,144.96084166666665
Venezuela,1925,144.78050833333333
Venezuela,1926,147.25041666666667
Venezuela,1927,188.54414999999997
Venezuela,1928,154.85485
Venezuela,1929,157.19741666666667
Venezuela,1930,151.08206666666666
Venezuela,1931,194.92654166666668
Venezuela,1932,144.452075
Venezuela,1933,178.28714166666668
Venezuela,1934,148.81444166666665
Venezuela,1935,149.50574166666667
Venezuela,1936,159.74963333333332
Venezuela,1937,184.76895
Venezuela,1938,193.23334166666666
Venezuela,1939,137.11131666666668
Venezuela,1940,126.35764166666667
Venezuela,1941,138.501
Venezuela,1942,187.96599166666667
Venezuela,1943,172.34964166666668
Venezuela,1944,189.91300833333332
Venezuela,1945,172.89804166666667
Venezuela,1946,169.3319
Venezuela,1947,155.63621666666668
Venezuela,1948,175.29555000000002
Venezuela,1949,175.66982499999997
Venezuela,1950,178.01413333333335
Venezuela,1951,176.12381666666667
Venezuela,1952,157.535075
Venezuela,1953,163.82236666666668
Venezuela,1954,200.005675
Venezuela,1955,179.48024999999998
Venezuela,1956,188.6821166666667
Venezuela,1957,137.57595
Venezuela,1958,139.76774166666667
Venezuela,1959,150.93347500000002
Venezuela,1960,153.803525
Venezuela,1961,155.319725
Venezuela,1962,164.706975
Venezuela,1963,173.96624166666666
Venezuela,1964,152.82828333333333
Venezuela,1965,146.07168333333334
Venezuela,1966,173.890575
Venezuela,1967,161.97895
Venezuela,1968,154.29189166666666
Venezuela,1969,162.95095833333335
Venezuela,1970,176.24299166666665
Venezuela,1971,161.24895
Venezuela,1972,162.57694166666667
Venezuela,1973,154.89314166666668
Venezuela,1974,147.36021666666667
Venezuela,1975,152.61170833333333
Venezuela,1976,156.4003
Venezuela,1977,144.75404166666667
Venezuela,1978,163.20671666666667
Venezuela,1979,173.37344499999998
Venezuela,1980,163.78403333333333
Venezuela,1981,197.06408333333331
Venezuela,1982,159.59189999999998
Venezuela,1983,152.76090833333333
Venezuela,1984,165.31186666666665
Venezuela,1985,175.08759166666667
Venezuela,1986,174.33469166666669
Venezuela,1987,157.893325
Venezuela,1988,179.35484166666666
Venezuela,1989,149.73069166666667
Venezuela,1990,176.768775
Venezuela,1991,147.58571666666666
Venezuela,1992,137.84034166666666
Venezuela,1993,167.30519166666667
Venezuela,1994,162.90130000000002
Venezuela,1995,166.36121666666665
Venezuela,1996,178.96855000000002
Venezuela,1997,146.25796666666668
Venezuela,1998,191.170425
Venezuela,1999,199.79994166666665
Venezuela,2000,170.21665
Venezuela,2001,131.00508333333332
Venezuela,2002,156.1766
Venezuela,2003,168.57171666666667
Venezuela,2004,173.8857
Venezuela,2005,183.68275833333334
Venezuela,2006,169.34065833333332
Venezuela,2007,175.13518333333334
Venezuela,2008,179.16999166666665
Venezuela,2009,127.5369
Venezuela,2010,200.41809166666667
Venezuela,2011,180.94431666666665
Venezuela,2012,153.46812500000001
Venezuela,2013,158.02235
Venezuela,2014,133.6423333333333
Venezuela,2015,135.41715833333333
Venezuela,2016,153.72527499999998
Vietnam,1901,135.99505833333333
Vietnam,1902,135.70469166666666
Vietnam,1903,140.78168333333335
Vietnam,1904,165.00637416666666
Vietnam,1905,139.98016666666666
Vietnam,1906,137.6970475
Vietnam,1907,141.9972
Vietnam,1908,166.17715833333332
Vietnam,1909,167.09555
Vietnam,1910,157.95735833333333
Vietnam,1911,143.18199166666668
Vietnam,1912,148.71763333333334
Vietnam,1913,159.82731666666666
Vietnam,1914,148.23641666666666
Vietnam,1915,157.2529925
Vietnam,1916,133.56891666666667
Vietnam,1917,156.67409916666668
Vietnam,1918,159.61755
Vietnam,1919,128.52742166666667
Vietnam,1920,164.77801666666667
Vietnam,1921,151.395175
Vietnam,1922,139.53814166666666
Vietnam,1923,157.10760833333333
Vietnam,1924,146.0542
Vietnam,1925,139.34643083333333
Vietnam,1926,157.15333333333334
Vietnam,1927,150.96828333333335
Vietnam,1928,135.41791666666666
Vietnam,1929,153.49638333333334
Vietnam,1930,135.49740833333334
Vietnam,1931,126.56855833333333
Vietnam,1932,142.633
Vietnam,1933,141.87780833333332
Vietnam,1934,154.51127499999998
Vietnam,1935,142.821225
Vietnam,1936,132.034725
Vietnam,1937,137.785625
Vietnam,1938,135.97069333333334
Vietnam,1939,149.62655833333335
Vietnam,1940,135.42072666666667
Vietnam,1941,161.506
Vietnam,1942,145.94660000000002
Vietnam,1943,134.893355
Vietnam,1944,162.506675
Vietnam,1945,168.10479166666667
Vietnam,1946,150.26182916666667
Vietnam,1947,141.84774166666668
Vietnam,1948,143.4104725
Vietnam,1949,168.98275916666665
Vietnam,1950,149.76671666666667
Vietnam,1951,161.53391666666667
Vietnam,1952,154.14201083333333
Vietnam,1953,150.63024166666668
Vietnam,1954,136.88841666666667
Vietnam,1955,139.19569
Vietnam,1956,147.57478
Vietnam,1957,135.558275
Vietnam,1958,129.94
Vietnam,1959,132.196575
Vietnam,1960,155.95997500000001
Vietnam,1961,169.64646666666667
Vietnam,1962,132.14195833333335
Vietnam,1963,163.43234166666664
Vietnam,1964,156.81735833333332
Vietnam,1965,137.29744083333335
Vietnam,1966,158.440775
Vietnam,1967,134.45471666666666
Vietnam,1968,134.94811666666666
Vietnam,1969,133.00845
Vietnam,1970,164.23260000000002
Vietnam,1971,154.15165833333333
Vietnam,1972,172.359075
Vietnam,1973,144.5659425
Vietnam,1974,165.616275
Vietnam,1975,165.09899166666665
Vietnam,1976,136.51782333333333
Vietnam,1977,127.9917425
Vietnam,1978,164.42551666666665
Vietnam,1979,135.93281666666667
Vietnam,1980,153.31685833333333
Vietnam,1981,147.00593333333333
Vietnam,1982,149.968525
Vietnam,1983,156.06083333333333
Vietnam,1984,160.40151083333333
Vietnam,1985,150.16370833333335
Vietnam,1986,174.45705750000002
Vietnam,1987,131.56279166666667
Vietnam,1988,142.92473333333334
Vietnam,1989,133.93540333333334
Vietnam,1990,162.67218333333332
Vietnam,1991,136.80645833333332
Vietnam,1992,136.3378
Vietnam,1993,127.07984166666667
Vietnam,1994,172.390625
Vietnam,1995,147.46246666666667
Vietnam,1996,164.856975
Vietnam,1997,147.92855
Vietnam,1998,149.0131
Vietnam,1999,175.82698333333335
Vietnam,2000,148.011
Vietnam,2001,176.36619166666665
Vietnam,2002,168.86045833333336
Vietnam,2003,129.90136666666666
Vietnam,2004,130.11369166666665
Vietnam,2005,157.74863333333334
Vietnam,2006,152.79391666666666
Vietnam,2007,167.39851666666667
Vietnam,2008,163.87674166666667
Vietnam,2009,137.87511666666666
Vietnam,2010,132.821825
Vietnam,2011,166.89195833333335
Vietnam,2012,178.814425
Vietnam,2013,178.36919166666667
Vietnam,2014,138.34993333333333
Vietnam,2015,143.9634
Vietnam,2016,165.73848333333333
Yemen,1901,17.455121666666667
Yemen,1902,11.4158025
Yemen,1903,14.576126666666667
Yemen,1904,15.158089166666665
Yemen,1905,16.452943333333334
Yemen,1906,13.791803333333334
Yemen,1907,12.922834166666666
Yemen,1908,12.692244166666667
Yemen,1909,14.581518333333333
Yemen,1910,14.4440175
Yemen,1911,20.112026666666665
Yemen,1912,14.343002499999999
Yemen,1913,14.017221666666666
Yemen,1914,16.246680833333333
Yemen,1915,12.360468333333335
Yemen,1916,18.154361666666667
Yemen,1917,14.344695
Yemen,1918,10.827978333333334
Yemen,1919,15.872760833333333
Yemen,1920,14.555698333333334
Yemen,1921,13.242368333333333
Yemen,1922,15.479250833333333
Yemen,1923,15.638270833333335
Yemen,1924,13.797157499999999
Yemen,1925,13.424862500000001
Yemen,1926,15.371663333333332
Yemen,1927,13.928415833333332
Yemen,1928,12.049321666666666
Yemen,1929,15.007611666666667
Yemen,1930,13.229843333333333
Yemen,1931,10.532648333333333
Yemen,1932,17.035786666666667
Yemen,1933,9.604201666666667
Yemen,1934,12.52599
Yemen,1935,13.993931666666667
Yemen,1936,13.55921
Yemen,1937,12.4978
Yemen,1938,13.459641666666665
Yemen,1939,12.993079999999999
Yemen,1940,11.817625
Yemen,1941,13.195285833333331
Yemen,1942,11.979190833333334
Yemen,1943,11.450446666666666
Yemen,1944,12.640051666666666
Yemen,1945,9.456938333333333
Yemen,1946,14.099385
Yemen,1947,9.00469
Yemen,1948,8.374735833333334
Yemen,1949,12.290825833333335
Yemen,1950,16.0318825
Yemen,1951,14.015540833333333
Yemen,1952,8.640593333333333
Yemen,1953,15.390821666666668
Yemen,1954,25.290055833333337
Yemen,1955,15.301470833333333
Yemen,1956,16.156309166666666
Yemen,1957,12.193005
Yemen,1958,8.3634275
Yemen,1959,10.406435833333333
Yemen,1960,13.997715
Yemen,1961,20.203851666666665
Yemen,1962,12.090431666666666
Yemen,1963,34.0177525
Yemen,1964,24.042164166666666
Yemen,1965,18.154397499999998
Yemen,1966,12.676819166666666
Yemen,1967,20.440299166666666
Yemen,1968,20.16483583333333
Yemen,1969,13.798685833333332
Yemen,1970,10.926763333333334
Yemen,1971,9.839386666666668
Yemen,1972,7.198573333333333
Yemen,1973,14.631530833333334
Yemen,1974,13.108670833333335
Yemen,1975,15.346958333333333
Yemen,1976,13.320219999999999
Yemen,1977,18.153716666666664
Yemen,1978,12.297556666666667
Yemen,1979,13.398114999999999
Yemen,1980,7.222529166666667
Yemen,1981,9.045288333333334
Yemen,1982,7.798258333333333
Yemen,1983,21.527105000000002
Yemen,1984,7.328659166666667
Yemen,1985,7.829648333333334
Yemen,1986,10.7521125
Yemen,1987,11.177677500000001
Yemen,1988,12.561230833333333
Yemen,1989,16.97221083333333
Yemen,1990,8.470319166666666
Yemen,1991,10.7482975
Yemen,1992,17.029580833333334
Yemen,1993,14.194685
Yemen,1994,14.698078333333333
Yemen,1995,15.682450000000001
Yemen,1996,12.9814825
Yemen,1997,15.382285000000001
Yemen,1998,13.1454825
Yemen,1999,16.252099166666667
Yemen,2000,15.3017125
Yemen,2001,13.542515833333333
Yemen,2002,14.797526666666668
Yemen,2003,14.329530833333335
Yemen,2004,14.783793333333334
Yemen,2005,13.15481
Yemen,2006,13.346988333333334
Yemen,2007,20.966489166666666
Yemen,2008,14.350418333333332
Yemen,2009,13.1179525
Yemen,2010,13.269481666666666
Yemen,2011,14.8277625
Yemen,2012,12.8446
Yemen,2013,12.90316
Yemen,2014,13.730156666666668
Yemen,2015,13.008628333333334
Yemen,2016,14.290114166666667
Zambia,1901,84.68532166666667
Zambia,1902,85.09404333333333
Zambia,1903,71.13550083333332
Zambia,1904,84.9176125
Zambia,1905,72.70584333333333
Zambia,1906,70.83850916666667
Zambia,1907,80.01763916666667
Zambia,1908,79.09443583333334
Zambia,1909,70.15185166666667
Zambia,1910,79.69063333333334
Zambia,1911,74.58066333333333
Zambia,1912,72.87891083333334
Zambia,1913,74.77033833333333
Zambia,1914,78.81793
Zambia,1915,74.09712583333334
Zambia,1916,77.44262083333334
Zambia,1917,80.703615
Zambia,1918,73.98686416666668
Zambia,1919,86.51606083333333
Zambia,1920,82.5134975
Zambia,1921,85.65833666666667
Zambia,1922,72.03103333333333
Zambia,1923,90.72392166666667
Zambia,1924,67.63113833333334
Zambia,1925,95.7153875
Zambia,1926,98.10878083333334
Zambia,1927,77.18588916666667
Zambia,1928,79.03355333333333
Zambia,1929,83.50353833333334
Zambia,1930,77.4240425
Zambia,1931,87.66303749999999
Zambia,1932,85.54833166666667
Zambia,1933,76.55006416666667
Zambia,1934,90.54317583333334
Zambia,1935,72.31322583333333
Zambia,1936,90.36911500000001
Zambia,1937,80.27440833333334
Zambia,1938,81.31501833333333
Zambia,1939,95.15327666666667
Zambia,1940,82.1207225
Zambia,1941,87.02992083333334
Zambia,1942,76.79250916666666
Zambia,1943,82.96206
Zambia,1944,83.61948666666667
Zambia,1945,79.050385
Zambia,1946,76.66740333333333
Zambia,1947,81.13273166666666
Zambia,1948,86.63450416666666
Zambia,1949,68.05956416666668
Zambia,1950,83.54838916666667
Zambia,1951,86.7048325
Zambia,1952,89.20416583333333
Zambia,1953,89.10734083333334
Zambia,1954,77.2697375
Zambia,1955,80.77328666666666
Zambia,1956,97.65717166666667
Zambia,1957,86.28551416666666
Zambia,1958,88.24848666666666
Zambia,1959,83.04337333333332
Zambia,1960,77.03169
Zambia,1961,101.41803333333333
Zambia,1962,103.10246916666667
Zambia,1963,90.64845416666667
Zambia,1964,71.135435
Zambia,1965,74.30003
Zambia,1966,76.26376083333334
Zambia,1967,89.67965
Zambia,1968,82.886075
Zambia,1969,98.8211
Zambia,1970,78.99689916666667
Zambia,1971,79.42643166666666
Zambia,1972,73.87981
Zambia,1973,71.75384
Zambia,1974,97.0819075
Zambia,1975,78.35055166666666
Zambia,1976,92.66406333333333
Zambia,1977,86.752295
Zambia,1978,103.8275325
Zambia,1979,91.96862083333333
Zambia,1980,80.38525583333333
Zambia,1981,75.14309
Zambia,1982,81.24597250000001
Zambia,1983,73.0665675
Zambia,1984,78.7209275
Zambia,1985,78.90648583333333
Zambia,1986,90.31255666666668
Zambia,1987,66.27254166666667
Zambia,1988,78.22941916666667
Zambia,1989,87.93680583333332
Zambia,1990,73.1923475
Zambia,1991,79.73524833333333
Zambia,1992,64.25228916666667
Zambia,1993,80.39043500000001
Zambia,1994,63.644709999999996
Zambia,1995,63.93391333333333
Zambia,1996,76.686155
Zambia,1997,86.30443000000001
Zambia,1998,77.11244666666666
Zambia,1999,64.76936333333333
Zambia,2000,88.12378000000001
Zambia,2001,88.79440583333333
Zambia,2002,75.03647583333334
Zambia,2003,83.38363083333333
Zambia,2004,92.15368416666666
Zambia,2005,66.49831833333333
Zambia,2006,85.76329166666666
Zambia,2007,76.06762083333332
Zambia,2008,84.56357916666667
Zambia,2009,88.40592249999999
Zambia,2010,84.827055
Zambia,2011,80.013475
Zambia,2012,94.42161916666667
Zambia,2013,82.1764675
Zambia,2014,83.43438416666667
Zambia,2015,65.9821975
Zambia,2016,66.95650833333333
Zimbabwe,1901,71.38989666666667
Zimbabwe,1902,54.6374625
Zimbabwe,1903,45.03898999999999
Zimbabwe,1904,58.209245
Zimbabwe,1905,41.830803333333336
Zimbabwe,1906,56.820705833333335
Zimbabwe,1907,70.93510416666668
Zimbabwe,1908,49.28823833333333
Zimbabwe,1909,55.856944999999996
Zimbabwe,1910,54.0870375
Zimbabwe,1911,60.48806416666667
Zimbabwe,1912,39.8689325
Zimbabwe,1913,46.61806083333334
Zimbabwe,1914,62.32176666666667
Zimbabwe,1915,61.103725000000004
Zimbabwe,1916,47.88399416666667
Zimbabwe,1917,55.96644083333333
Zimbabwe,1918,76.16437499999999
Zimbabwe,1919,60.87092333333334
Zimbabwe,1920,58.450050833333336
Zimbabwe,1921,68.38578916666667
Zimbabwe,1922,33.111535833333335
Zimbabwe,1923,68.60391583333333
Zimbabwe,1924,54.625206666666664
Zimbabwe,1925,80.03709833333333
Zimbabwe,1926,69.44198333333334
Zimbabwe,1927,46.554545
Zimbabwe,1928,51.35673499999999
Zimbabwe,1929,70.81166416666666
Zimbabwe,1930,54.5685425
Zimbabwe,1931,46.25122416666667
Zimbabwe,1932,64.52841083333333
Zimbabwe,1933,48.47382166666667
Zimbabwe,1934,57.417211666666674
Zimbabwe,1935,40.652395000000006
Zimbabwe,1936,65.13796916666666
Zimbabwe,1937,51.09530833333333
Zimbabwe,1938,59.61642416666667
Zimbabwe,1939,84.81832333333334
Zimbabwe,1940,59.24543083333333
Zimbabwe,1941,52.357124999999996
Zimbabwe,1942,46.27104
Zimbabwe,1943,65.54337833333334
Zimbabwe,1944,54.469321666666666
Zimbabwe,1945,54.8789975
Zimbabwe,1946,57.73081916666666
Zimbabwe,1947,45.44159083333333
Zimbabwe,1948,59.1067075
Zimbabwe,1949,45.90075833333333
Zimbabwe,1950,49.768764166666664
Zimbabwe,1951,48.76848916666666
Zimbabwe,1952,66.37611916666667
Zimbabwe,1953,76.58648083333334
Zimbabwe,1954,67.4954375
Zimbabwe,1955,67.61862666666667
Zimbabwe,1956,68.09036666666667
Zimbabwe,1957,53.20871916666667
Zimbabwe,1958,72.23498166666667
Zimbabwe,1959,54.21523249999999
Zimbabwe,1960,48.817212500000004
Zimbabwe,1961,56.19466333333333
Zimbabwe,1962,69.27632166666666
Zimbabwe,1963,51.516601666666666
Zimbabwe,1964,47.47327416666667
Zimbabwe,1965,33.8367425
Zimbabwe,1966,55.33804916666667
Zimbabwe,1967,56.03619333333334
Zimbabwe,1968,43.622328333333336
Zimbabwe,1969,71.91131333333333
Zimbabwe,1970,37.14432333333333
Zimbabwe,1971,49.8788975
Zimbabwe,1972,60.09829916666666
Zimbabwe,1973,58.9208875
Zimbabwe,1974,78.03517083333334
Zimbabwe,1975,56.31918083333333
Zimbabwe,1976,65.92408916666666
Zimbabwe,1977,74.33719666666667
Zimbabwe,1978,81.41263166666666
Zimbabwe,1979,49.00002916666667
Zimbabwe,1980,54.950445
Zimbabwe,1981,68.044245
Zimbabwe,1982,38.390525
Zimbabwe,1983,39.8728425
Zimbabwe,1984,47.38372416666667
Zimbabwe,1985,63.490355
Zimbabwe,1986,57.90823333333333
Zimbabwe,1987,39.98670416666667
Zimbabwe,1988,55.07859583333334
Zimbabwe,1989,53.765547500000004
Zimbabwe,1990,52.55393916666666
Zimbabwe,1991,43.53142166666667
Zimbabwe,1992,38.2516175
Zimbabwe,1993,55.846315
Zimbabwe,1994,38.60682
Zimbabwe,1995,38.1246975
Zimbabwe,1996,58.46656166666667
Zimbabwe,1997,66.42678083333332
Zimbabwe,1998,55.775019166666674
Zimbabwe,1999,56.719054166666666
Zimbabwe,2000,73.60295583333334
Zimbabwe,2001,73.2667525
Zimbabwe,2002,35.8949425
Zimbabwe,2003,50.08476416666667
Zimbabwe,2004,62.38416166666667
Zimbabwe,2005,48.073080000000004
Zimbabwe,2006,60.160360000000004
Zimbabwe,2007,56.4269375
Zimbabwe,2008,46.964315
Zimbabwe,2009,54.182465
Zimbabwe,2010,57.353222499999994
Zimbabwe,2011,63.126104166666664
Zimbabwe,2012,45.3123675
Zimbabwe,2013,51.23442416666666
Zimbabwe,2014,50.608135000000004
Zimbabwe,2015,32.55288083333333
Zimbabwe,2016,37.92774583333333
