Country,Year,Temperature
Afghanistan,1901,13.172871666666666
Afghanistan,1902,13.342649166666666
Afghanistan,1903,12.0064175
Afghanistan,1904,12.531729166666667
Afghanistan,1905,12.267143333333332
Afghanistan,1906,12.827208333333333
Afghanistan,1907,12.129301666666668
Afghanistan,1908,12.517841666666667
Afghanistan,1909,13.040822499999999
Afghanistan,1910,12.369605
Afghanistan,1911,12.298865833333332
Afghanistan,1912,12.883983333333333
Afghanistan,1913,12.713385833333334
Afghanistan,1914,13.426274166666667
Afghanistan,1915,14.074119166666668
Afghanistan,1916,12.501984166666666
Afghanistan,1917,13.122933333333334
Afghanistan,1918,12.209910833333334
Afghanistan,1919,12.15589
Afghanistan,1920,11.565225
Afghanistan,1921,12.475151666666667
Afghanistan,1922,13.087911666666669
Afghanistan,1923,12.003554166666667
Afghanistan,1924,12.2607825
Afghanistan,1925,12.893279999999999
Afghanistan,1926,12.701889166666668
Afghanistan,1927,12.710254166666665
Afghanistan,1928,12.139399166666665
Afghanistan,1929,11.8600225
Afghanistan,1930,11.812103333333333
Afghanistan,1931,12.126244166666666
Afghanistan,1932,12.424819999999999
Afghanistan,1933,12.488304999999999
Afghanistan,1934,12.023277499999999
Afghanistan,1935,12.066190833333332
Afghanistan,1936,12.792795
Afghanistan,1937,12.102959166666666
Afghanistan,1938,12.842299166666665
Afghanistan,1939,12.921518333333333
Afghanistan,1940,13.507336666666667
Afghanistan,1941,14.130893333333333
Afghanistan,1942,13.140353333333332
Afghanistan,1943,12.464286666666666
Afghanistan,1944,13.139562499999998
Afghanistan,1945,12.432722499999999
Afghanistan,1946,13.222480833333334
Afghanistan,1947,13.744227500000001
Afghanistan,1948,13.004893333333333
Afghanistan,1949,12.092779166666666
Afghanistan,1950,11.619864166666666
Afghanistan,1951,12.6471175
Afghanistan,1952,12.805239166666667
Afghanistan,1953,13.272074166666668
Afghanistan,1954,12.419926666666667
Afghanistan,1955,13.2751825
Afghanistan,1956,12.785808333333334
Afghanistan,1957,11.638093333333332
Afghanistan,1958,13.361089999999999
Afghanistan,1959,12.744405
Afghanistan,1960,12.6256575
Afghanistan,1961,12.968494166666666
Afghanistan,1962,12.606795833333335
Afghanistan,1963,13.601519166666668
Afghanistan,1964,11.9302025
Afghanistan,1965,12.814040833333332
Afghanistan,1966,13.115984166666665
Afghanistan,1967,12.524992500000002
Afghanistan,1968,12.531943333333333
Afghanistan,1969,12.490718333333334
Afghanistan,1970,13.463774166666667
Afghanistan,1971,13.461038333333335
Afghanistan,1972,11.362184166666667
Afghanistan,1973,12.9508575
Afghanistan,1974,12.120176666666666
Afghanistan,1975,12.296928333333334
Afghanistan,1976,12.513655
Afghanistan,1977,13.496869166666668
Afghanistan,1978,13.094232499999999
Afghanistan,1979,12.957953333333334
Afghanistan,1980,13.309064999999999
Afghanistan,1981,13.3468175
Afghanistan,1982,12.28615
Afghanistan,1983,13.210195
Afghanistan,1984,12.808910833333334
Afghanistan,1985,13.341810833333334
Afghanistan,1986,12.7412975
Afghanistan,1987,13.522105000000002
Afghanistan,1988,14.005483333333332
Afghanistan,1989,12.653131666666667
Afghanistan,1990,13.484385000000001
Afghanistan,1991,12.894487500000002
Afghanistan,1992,12.5445475
Afghanistan,1993,12.977138333333334
Afghanistan,1994,13.080018333333333
Afghanistan,1995,13.040894999999999
Afghanistan,1996,12.7502675
Afghanistan,1997,12.867905
Afghanistan,1998,13.4399325
Afghanistan,1999,14.073920833333332
Afghanistan,2000,13.773886666666668
Afghanistan,2001,14.008403333333334
Afghanistan,2002,13.815448333333334
Afghanistan,2003,13.313425
Afghanistan,2004,14.154190833333333
Afghanistan,2005,13.382191666666666
Afghanistan,2006,14.167483333333335
Afghanistan,2007,13.511140833333334
Afghanistan,2008,13.752816666666666
Afghanistan,2009,13.782173333333333
Afghanistan,2010,14.105874166666666
Afghanistan,2011,13.728161666666667
Afghanistan,2012,12.976280833333334
Afghanistan,2013,14.016803333333334
Afghanistan,2014,13.647966666666667
Afghanistan,2015,13.866921666666668
Afghanistan,2016,14.513565
Albania,1901,11.0309375
Albania,1902,11.033575
Albania,1903,11.397395000000001
Albania,1904,11.413519166666667
Albania,1905,11.1565575
Albania,1906,11.069991666666667
Albania,1907,10.9716675
Albania,1908,10.7000875
Albania,1909,11.0770425
Albania,1910,11.479689166666667
Albania,1911,11.423875
Albania,1912,10.917218333333333
Albania,1913,11.137171666666667
Albania,1914,10.725857500000002
Albania,1915,11.478201666666665
Albania,1916,12.0451525
Albania,1917,11.2821525
Albania,1918,11.2066375
Albania,1919,11.179719166666667
Albania,1920,11.511999166666667
Albania,1921,11.366886666666666
Albania,1922,11.234145
Albania,1923,12.107528333333333
Albania,1924,11.199705833333333
Albania,1925,11.527971666666666
Albania,1926,12.075039166666668
Albania,1927,12.346586666666667
Albania,1928,11.776709166666668
Albania,1929,10.9341925
Albania,1930,11.993515833333333
Albania,1931,11.316036666666667
Albania,1932,11.2336425
Albania,1933,10.370869166666667
Albania,1934,12.2011575
Albania,1935,11.502586666666666
Albania,1936,11.80254
Albania,1937,12.032798333333334
Albania,1938,11.486174166666666
Albania,1939,11.657869166666666
Albania,1940,10.201776666666666
Albania,1941,10.865425833333333
Albania,1942,11.079235833333334
Albania,1943,11.772519166666667
Albania,1944,11.255478333333334
Albania,1945,11.704875000000001
Albania,1946,12.114608333333335
Albania,1947,12.122703333333334
Albania,1948,11.404866666666665
Albania,1949,11.340421666666666
Albania,1950,12.427949166666666
Albania,1951,12.336835833333334
Albania,1952,12.366331666666667
Albania,1953,11.181458333333333
Albania,1954,11.026919999999999
Albania,1955,11.703784166666667
Albania,1956,10.837324166666667
Albania,1957,11.6953125
Albania,1958,11.8530925
Albania,1959,11.035438333333333
Albania,1960,11.904141666666668
Albania,1961,11.949795
Albania,1962,11.637375833333332
Albania,1963,11.697444166666665
Albania,1964,11.2640375
Albania,1965,11.0995025
Albania,1966,11.903453333333333
Albania,1967,11.347207500000001
Albania,1968,11.475345833333334
Albania,1969,11.268949999999998
Albania,1970,11.359611666666666
Albania,1971,11.243847500000001
Albania,1972,11.3068575
Albania,1973,11.127685833333333
Albania,1974,11.128388333333334
Albania,1975,11.165857500000001
Albania,1976,10.612006666666668
Albania,1977,11.692504999999999
Albania,1978,10.805689166666667
Albania,1979,11.646155833333333
Albania,1980,10.758551666666667
Albania,1981,11.213970833333333
Albania,1982,11.60563
Albania,1983,11.194909166666667
Albania,1984,11.051520833333333
Albania,1985,11.339359166666666
Albania,1986,11.552386666666665
Albania,1987,11.438608333333335
Albania,1988,11.768905833333333
Albania,1989,11.3282225
Albania,1990,12.051220833333334
Albania,1991,11.037649166666666
Albania,1992,11.5638675
Albania,1993,11.595673333333332
Albania,1994,12.52679
Albania,1995,11.34531
Albania,1996,11.160539166666666
Albania,1997,11.411140833333333
Albania,1998,11.968657499999999
Albania,1999,12.2526625
Albania,2000,12.519675
Albania,2001,12.256179166666668
Albania,2002,12.335653333333333
Albania,2003,12.138400833333334
Albania,2004,11.884030833333334
Albania,2005,11.405860833333334
Albania,2006,11.772879166666668
Albania,2007,12.474265
Albania,2008,12.600576666666667
Albania,2009,12.435141666666667
Albania,2010,12.390449166666665
Albania,2011,12.169143333333333
Albania,2012,12.6630025
Albania,2013,12.748113333333334
Albania,2014,12.704039999999999
Albania,2015,12.685259166666667
Albania,2016,12.7223375
Algeria,1901,22.290008333333333
Algeria,1902,22.313100000000002
Algeria,1903,22.22220833333333
Algeria,1904,22.53040833333333
Algeria,1905,22.056825
Algeria,1906,22.091683333333332
Algeria,1907,21.8413
Algeria,1908,22.117641666666668
Algeria,1909,22.041591666666665
Algeria,1910,22.029974999999997
Algeria,1911,22.16111666666667
Algeria,1912,22.222058333333333
Algeria,1913,22.338858333333334
Algeria,1914,22.140200000000004
Algeria,1915,21.824841666666668
Algeria,1916,21.695291666666666
Algeria,1917,21.500991666666668
Algeria,1918,21.435441666666666
Algeria,1919,22.068391666666667
Algeria,1920,22.355275000000002
Algeria,1921,22.11553333333333
Algeria,1922,22.081883333333334
Algeria,1923,21.926225833333334
Algeria,1924,22.65439166666667
Algeria,1925,21.816666666666666
Algeria,1926,22.822166666666664
Algeria,1927,22.559091666666664
Algeria,1928,22.5501
Algeria,1929,22.245825
Algeria,1930,22.904816666666665
Algeria,1931,22.867275000000003
Algeria,1932,22.102708333333336
Algeria,1933,22.435066666666668
Algeria,1934,22.109358333333333
Algeria,1935,22.5752
Algeria,1936,22.495366666666666
Algeria,1937,23.1562
Algeria,1938,22.65885833333333
Algeria,1939,22.399383333333333
Algeria,1940,22.726633333333336
Algeria,1941,22.856891666666666
Algeria,1942,23.14731666666667
Algeria,1943,22.812458333333336
Algeria,1944,22.59498333333333
Algeria,1945,22.95356666666667
Algeria,1946,22.83605
Algeria,1947,23.208466666666666
Algeria,1948,22.829425
Algeria,1949,22.949658333333332
Algeria,1950,22.5429
Algeria,1951,22.757091666666668
Algeria,1952,22.732491666666665
Algeria,1953,22.52145
Algeria,1954,22.231708333333334
Algeria,1955,23.279
Algeria,1956,22.076475000000002
Algeria,1957,22.258325
Algeria,1958,22.90393333333333
Algeria,1959,22.758350000000004
Algeria,1960,22.71366666666667
Algeria,1961,22.82185
Algeria,1962,22.53109166666667
Algeria,1963,22.573141666666668
Algeria,1964,22.629875
Algeria,1965,22.416616666666666
Algeria,1966,22.717399999999998
Algeria,1967,22.391058333333334
Algeria,1968,22.64056666666667
Algeria,1969,22.65341666666667
Algeria,1970,22.664983333333335
Algeria,1971,22.146150000000002
Algeria,1972,22.157541666666663
Algeria,1973,22.373208333333334
Algeria,1974,22.042749999999998
Algeria,1975,22.160175
Algeria,1976,21.928641666666667
Algeria,1977,22.664658333333335
Algeria,1978,22.62545
Algeria,1979,22.85615833333333
Algeria,1980,22.609933333333334
Algeria,1981,22.793691666666664
Algeria,1982,22.824308333333335
Algeria,1983,23.0206
Algeria,1984,22.557875
Algeria,1985,22.884908333333332
Algeria,1986,22.657541666666663
Algeria,1987,23.394441666666665
Algeria,1988,23.062283333333337
Algeria,1989,23.15855
Algeria,1990,23.426191666666668
Algeria,1991,22.513458333333332
Algeria,1992,22.441875
Algeria,1993,22.825708333333335
Algeria,1994,23.251625
Algeria,1995,23.3613
Algeria,1996,23.100624999999997
Algeria,1997,23.492216666666668
Algeria,1998,23.348291666666668
Algeria,1999,23.473575
Algeria,2000,23.396816666666666
Algeria,2001,23.784841666666665
Algeria,2002,23.485733333333332
Algeria,2003,23.709016666666667
Algeria,2004,23.3809
Algeria,2005,23.413233333333334
Algeria,2006,23.670150000000003
Algeria,2007,23.439533333333333
Algeria,2008,23.282325
Algeria,2009,23.76325833333333
Algeria,2010,24.08575833333333
Algeria,2011,23.645283333333335
Algeria,2012,23.631541666666667
Algeria,2013,23.331608333333335
Algeria,2014,23.87725
Algeria,2015,23.656875
Algeria,2016,24.067066666666665
Andorra,1901,9.960649166666666
Andorra,1902,10.3367825
Andorra,1903,10.327559166666667
Andorra,1904,10.871636666666667
Andorra,1905,10.094608333333333
Andorra,1906,10.378843333333334
Andorra,1907,10.282322500000001
Andorra,1908,10.4096375
Andorra,1909,9.808048333333334
Andorra,1910,10.179644999999999
Andorra,1911,10.884674166666665
Andorra,1912,10.254153333333333
Andorra,1913,10.756498333333333
Andorra,1914,10.2678025
Andorra,1915,10.2475775
Andorra,1916,10.537604166666666
Andorra,1917,9.734464166666667
Andorra,1918,10.174654166666667
Andorra,1919,9.918082499999999
Andorra,1920,10.621070833333333
Andorra,1921,11.001930833333333
Andorra,1922,10.188938333333333
Andorra,1923,10.869521666666666
Andorra,1924,10.708635833333332
Andorra,1925,10.043235833333334
Andorra,1926,11.270723333333335
Andorra,1927,11.039990833333334
Andorra,1928,11.259527499999999
Andorra,1929,10.6448525
Andorra,1930,11.161795
Andorra,1931,10.487749166666665
Andorra,1932,10.477479166666667
Andorra,1933,10.6341
Andorra,1934,10.906135833333332
Andorra,1935,10.426108333333334
Andorra,1936,10.485973333333334
Andorra,1937,11.176071666666667
Andorra,1938,10.440419166666667
Andorra,1939,10.445239166666667
Andorra,1940,10.2010625
Andorra,1941,9.923775
Andorra,1942,10.724285833333333
Andorra,1943,11.432958333333334
Andorra,1944,10.612431666666668
Andorra,1945,11.396594166666667
Andorra,1946,10.8325525
Andorra,1947,11.533479166666666
Andorra,1948,11.226138333333333
Andorra,1949,11.320998333333334
Andorra,1950,11.089474166666667
Andorra,1951,10.677745833333333
Andorra,1952,11.362234166666667
Andorra,1953,10.966440833333332
Andorra,1954,10.526939166666667
Andorra,1955,11.378204166666668
Andorra,1956,10.082185
Andorra,1957,10.669136666666667
Andorra,1958,11.138644166666666
Andorra,1959,11.342498333333333
Andorra,1960,10.924853333333333
Andorra,1961,11.726596666666666
Andorra,1962,10.541920833333334
Andorra,1963,10.142039166666667
Andorra,1964,11.021690833333333
Andorra,1965,10.6535875
Andorra,1966,11.2461025
Andorra,1967,11.18495
Andorra,1968,11.005779166666665
Andorra,1969,10.489219166666667
Andorra,1970,10.987001666666666
Andorra,1971,10.765009166666667
Andorra,1972,10.462779166666666
Andorra,1973,10.805051666666666
Andorra,1974,10.7857775
Andorra,1975,10.833478333333334
Andorra,1976,10.974338333333334
Andorra,1977,10.829760833333333
Andorra,1978,10.60579
Andorra,1979,10.8945425
Andorra,1980,10.339724166666667
Andorra,1981,11.085996666666666
Andorra,1982,11.752688333333333
Andorra,1983,11.387526666666666
Andorra,1984,10.51511
Andorra,1985,10.666901666666668
Andorra,1986,10.989105
Andorra,1987,11.030187499999998
Andorra,1988,11.396098333333333
Andorra,1989,12.103409999999998
Andorra,1990,12.006645833333332
Andorra,1991,11.188148333333332
Andorra,1992,11.225924166666667
Andorra,1993,11.0523775
Andorra,1994,12.263018333333333
Andorra,1995,12.021567499999998
Andorra,1996,11.422869166666667
Andorra,1997,12.550163333333336
Andorra,1998,11.730380833333333
Andorra,1999,11.9696975
Andorra,2000,12.186415833333333
Andorra,2001,11.902153333333333
Andorra,2002,12.104243333333335
Andorra,2003,12.414215833333335
Andorra,2004,11.792601666666668
Andorra,2005,11.411371666666668
Andorra,2006,12.447480833333335
Andorra,2007,11.851174166666667
Andorra,2008,11.741286666666667
Andorra,2009,12.268426666666668
Andorra,2010,11.141371666666666
Andorra,2011,12.653303333333334
Andorra,2012,12.0281175
Andorra,2013,11.583379166666667
Andorra,2014,12.831938333333333
Andorra,2015,12.573666666666666
Andorra,2016,12.4421125
Angola,1901,21.365724999999998
Angola,1902,21.4658
Angola,1903,21.485933333333335
Angola,1904,21.170525
Angola,1905,21.419366666666665
Angola,1906,21.08129166666667
Angola,1907,21.046441666666666
Angola,1908,21.30515
Angola,1909,21.315808333333333
Angola,1910,21.271491666666666
Angola,1911,21.389983333333333
Angola,1912,21.43875
Angola,1913,21.492858333333334
Angola,1914,21.407991666666664
Angola,1915,21.341875
Angola,1916,21.324691666666666
Angola,1917,21.390625
Angola,1918,20.8391
Angola,1919,21.002033333333333
Angola,1920,21.34566666666667
Angola,1921,21.344233333333335
Angola,1922,21.697733333333332
Angola,1923,21.403274999999997
Angola,1924,21.407958333333337
Angola,1925,20.998141666666665
Angola,1926,21.174608333333335
Angola,1927,21.144175
Angola,1928,21.743908333333334
Angola,1929,21.452699999999997
Angola,1930,21.3002
Angola,1931,21.700891666666667
Angola,1932,21.251308333333334
Angola,1933,21.524675000000002
Angola,1934,21.74060833333333
Angola,1935,21.361
Angola,1936,21.155208333333334
Angola,1937,21.056658333333335
Angola,1938,21.404608333333332
Angola,1939,21.560850000000002
Angola,1940,22.06865833333333
Angola,1941,22.136174999999998
Angola,1942,22.10475
Angola,1943,21.688083333333335
Angola,1944,21.980183333333333
Angola,1945,21.625708333333336
Angola,1946,21.4248
Angola,1947,21.59188333333333
Angola,1948,21.210766666666668
Angola,1949,22.144425000000002
Angola,1950,21.591041666666666
Angola,1951,21.491566666666667
Angola,1952,21.7693
Angola,1953,21.264633333333332
Angola,1954,21.19774166666667
Angola,1955,21.249716666666668
Angola,1956,21.150975
Angola,1957,21.650608333333334
Angola,1958,21.4199
Angola,1959,21.568858333333335
Angola,1960,21.541616666666666
Angola,1961,21.1272
Angola,1962,21.159141666666667
Angola,1963,21.246925
Angola,1964,21.11845
Angola,1965,21.235725
Angola,1966,21.53911666666667
Angola,1967,21.172975
Angola,1968,21.252291666666668
Angola,1969,21.550766666666664
Angola,1970,21.596549999999997
Angola,1971,21.39661666666667
Angola,1972,21.3984
Angola,1973,21.715149999999998
Angola,1974,21.107575
Angola,1975,21.360816666666665
Angola,1976,21.005233333333333
Angola,1977,21.683341666666667
Angola,1978,21.388591666666667
Angola,1979,21.74468333333333
Angola,1980,21.634275000000002
Angola,1981,21.493241666666666
Angola,1982,21.5116
Angola,1983,21.959858333333333
Angola,1984,21.940675
Angola,1985,21.792325
Angola,1986,21.584699999999998
Angola,1987,22.325541666666666
Angola,1988,22.028441666666666
Angola,1989,21.693858333333335
Angola,1990,21.970358333333333
Angola,1991,21.71688333333333
Angola,1992,21.940541666666665
Angola,1993,21.86845
Angola,1994,21.864825
Angola,1995,22.348625
Angola,1996,22.00293333333333
Angola,1997,22.253208333333333
Angola,1998,22.683775
Angola,1999,21.812708333333333
Angola,2000,21.924958333333333
Angola,2001,22.23669166666667
Angola,2002,22.437166666666666
Angola,2003,22.480416666666667
Angola,2004,22.195025
Angola,2005,22.74405
Angola,2006,22.03115
Angola,2007,21.993583333333333
Angola,2008,21.858716666666666
Angola,2009,22.285899999999998
Angola,2010,22.423141666666666
Angola,2011,21.73698333333333
Angola,2012,21.87863333333333
Angola,2013,21.965575
Angola,2014,21.978916666666667
Angola,2015,22.260433333333335
Angola,2016,22.555908333333335
Antigua And Barbuda,1901,25.14255833333333
Antigua And Barbuda,1902,24.732483333333334
Antigua And Barbuda,1903,24.86574166666667
Antigua And Barbuda,1904,24.332708333333333
Antigua And Barbuda,1905,24.696591666666666
Antigua And Barbuda,1906,24.5283
Antigua And Barbuda,1907,24.193983333333335
Antigua And Barbuda,1908,24.447275
Antigua And Barbuda,1909,24.284225000000003
Antigua And Barbuda,1910,24.256766666666667
Antigua And Barbuda,1911,24.317691666666665
Antigua And Barbuda,1912,24.672183333333333
Antigua And Barbuda,1913,23.93943333333333
Antigua And Barbuda,1914,24.337341666666664
Antigua And Barbuda,1915,24.924541666666666
Antigua And Barbuda,1916,24.40695
Antigua And Barbuda,1917,24.224575
Antigua And Barbuda,1918,24.298216666666665
Antigua And Barbuda,1919,24.389283333333335
Antigua And Barbuda,1920,24.269375
Antigua And Barbuda,1921,24.28231666666667
Antigua And Barbuda,1922,24.148991666666664
Antigua And Barbuda,1923,24.489391666666666
Antigua And Barbuda,1924,24.879125000000002
Antigua And Barbuda,1925,24.476425000000003
Antigua And Barbuda,1926,25.000516666666666
Antigua And Barbuda,1927,24.602875
Antigua And Barbuda,1928,24.653783333333333
Antigua And Barbuda,1929,24.32035833333333
Antigua And Barbuda,1930,24.58235
Antigua And Barbuda,1931,25.300150000000002
Antigua And Barbuda,1932,25.255066666666664
Antigua And Barbuda,1933,24.898808333333335
Antigua And Barbuda,1934,24.735816666666665
Antigua And Barbuda,1935,24.799158333333335
Antigua And Barbuda,1936,25.07528333333333
Antigua And Barbuda,1937,25.27840833333333
Antigua And Barbuda,1938,24.789391666666663
Antigua And Barbuda,1939,24.985358333333334
Antigua And Barbuda,1940,25.62890833333333
Antigua And Barbuda,1941,25.657508333333336
Antigua And Barbuda,1942,25.712941666666666
Antigua And Barbuda,1943,25.115375
Antigua And Barbuda,1944,25.2787
Antigua And Barbuda,1945,24.84443333333333
Antigua And Barbuda,1946,24.987475
Antigua And Barbuda,1947,25.32604166666667
Antigua And Barbuda,1948,25.326575000000002
Antigua And Barbuda,1949,25.029516666666666
Antigua And Barbuda,1950,24.825816666666668
Antigua And Barbuda,1951,25.297091666666663
Antigua And Barbuda,1952,25.244433333333333
Antigua And Barbuda,1953,25.15986666666667
Antigua And Barbuda,1954,25.006175
Antigua And Barbuda,1955,25.033683333333332
Antigua And Barbuda,1956,24.921675000000004
Antigua And Barbuda,1957,25.128066666666665
Antigua And Barbuda,1958,25.59414166666667
Antigua And Barbuda,1959,25.274441666666664
Antigua And Barbuda,1960,25.419225
Antigua And Barbuda,1961,25.231566666666666
Antigua And Barbuda,1962,25.261116666666666
Antigua And Barbuda,1963,25.443141666666666
Antigua And Barbuda,1964,25.290733333333332
Antigua And Barbuda,1965,25.21835833333333
Antigua And Barbuda,1966,25.461100000000002
Antigua And Barbuda,1967,25.200400000000002
Antigua And Barbuda,1968,25.236641666666667
Antigua And Barbuda,1969,25.726316666666666
Antigua And Barbuda,1970,25.553749999999997
Antigua And Barbuda,1971,25.209658333333334
Antigua And Barbuda,1972,25.398533333333333
Antigua And Barbuda,1973,25.53085833333333
Antigua And Barbuda,1974,25.1478
Antigua And Barbuda,1975,25.174366666666668
Antigua And Barbuda,1976,25.053833333333333
Antigua And Barbuda,1977,25.55905
Antigua And Barbuda,1978,25.691241666666667
Antigua And Barbuda,1979,25.703950000000003
Antigua And Barbuda,1980,26.157683333333335
Antigua And Barbuda,1981,26.107891666666664
Antigua And Barbuda,1982,25.716216666666668
Antigua And Barbuda,1983,26.350166666666667
Antigua And Barbuda,1984,25.749191666666665
Antigua And Barbuda,1985,25.726758333333333
Antigua And Barbuda,1986,25.833883333333333
Antigua And Barbuda,1987,26.42809166666667
Antigua And Barbuda,1988,26.064008333333334
Antigua And Barbuda,1989,25.729791666666667
Antigua And Barbuda,1990,26.03765
Antigua And Barbuda,1991,26.080250000000003
Antigua And Barbuda,1992,26.029574999999998
Antigua And Barbuda,1993,26.1986
Antigua And Barbuda,1994,26.160741666666667
Antigua And Barbuda,1995,26.270858333333333
Antigua And Barbuda,1996,25.84828333333333
Antigua And Barbuda,1997,26.076241666666665
Antigua And Barbuda,1998,26.466008333333335
Antigua And Barbuda,1999,25.94910833333333
Antigua And Barbuda,2000,25.814899999999998
Antigua And Barbuda,2001,26.133008333333333
Antigua And Barbuda,2002,26.226466666666667
Antigua And Barbuda,2003,26.115266666666667
Antigua And Barbuda,2004,25.834633333333333
Antigua And Barbuda,2005,26.214491666666664
Antigua And Barbuda,2006,26.111225
Antigua And Barbuda,2007,26.203033333333334
Antigua And Barbuda,2008,25.760091666666668
Antigua And Barbuda,2009,26.186241666666664
Antigua And Barbuda,2010,26.549899999999997
Antigua And Barbuda,2011,26.06045
Antigua And Barbuda,2012,26.245566666666665
Antigua And Barbuda,2013,26.269266666666667
Antigua And Barbuda,2014,26.271775
Antigua And Barbuda,2015,26.487841666666668
Antigua And Barbuda,2016,26.497758333333334
Argentina,1901,14.764556666666666
Argentina,1902,14.389656666666667
Argentina,1903,14.0655625
Argentina,1904,14.279616666666668
Argentina,1905,13.895917500000001
Argentina,1906,14.413937500000001
Argentina,1907,13.7260175
Argentina,1908,14.134230833333334
Argentina,1909,14.03533
Argentina,1910,14.064366666666666
Argentina,1911,13.7246775
Argentina,1912,14.462825833333333
Argentina,1913,14.927325833333335
Argentina,1914,14.181680833333333
Argentina,1915,14.18268
Argentina,1916,14.250599999999999
Argentina,1917,14.355042500000001
Argentina,1918,14.049727500000001
Argentina,1919,14.506958333333332
Argentina,1920,14.468135833333333
Argentina,1921,13.874973333333335
Argentina,1922,13.958230833333333
Argentina,1923,13.812535833333333
Argentina,1924,13.852806666666666
Argentina,1925,14.1917325
Argentina,1926,14.520241666666665
Argentina,1927,14.345881666666665
Argentina,1928,13.766414166666666
Argentina,1929,14.451860000000002
Argentina,1930,14.419904166666667
Argentina,1931,13.678959999999998
Argentina,1932,14.524429166666666
Argentina,1933,14.152843333333331
Argentina,1934,13.873444166666667
Argentina,1935,14.3038525
Argentina,1936,14.128968333333333
Argentina,1937,14.1724575
Argentina,1938,13.9392675
Argentina,1939,14.07805
Argentina,1940,14.0307775
Argentina,1941,13.879113333333335
Argentina,1942,13.885553333333334
Argentina,1943,14.383908333333332
Argentina,1944,14.771261666666666
Argentina,1945,14.873285000000001
Argentina,1946,14.080085833333333
Argentina,1947,14.270355
Argentina,1948,14.25661
Argentina,1949,14.291109999999998
Argentina,1950,14.220756666666666
Argentina,1951,14.445919166666668
Argentina,1952,14.4562075
Argentina,1953,14.492564999999999
Argentina,1954,14.076586666666666
Argentina,1955,13.779485
Argentina,1956,13.540530833333333
Argentina,1957,14.078784166666665
Argentina,1958,14.339793333333333
Argentina,1959,13.819339166666667
Argentina,1960,14.426433333333334
Argentina,1961,14.377203333333334
Argentina,1962,14.31774
Argentina,1963,14.186253333333333
Argentina,1964,13.816356666666666
Argentina,1965,14.315730833333333
Argentina,1966,14.121293333333334
Argentina,1967,14.446835833333333
Argentina,1968,14.573786666666669
Argentina,1969,14.666766666666666
Argentina,1970,14.597796666666667
Argentina,1971,14.019659166666665
Argentina,1972,14.169048333333334
Argentina,1973,13.97399
Argentina,1974,13.998442500000001
Argentina,1975,14.278576666666666
Argentina,1976,13.732655000000001
Argentina,1977,14.640684166666666
Argentina,1978,14.513780833333334
Argentina,1979,14.348934999999999
Argentina,1980,14.6094675
Argentina,1981,14.517528333333333
Argentina,1982,14.567588333333333
Argentina,1983,14.259748333333333
Argentina,1984,13.6799775
Argentina,1985,14.63711
Argentina,1986,14.620077499999999
Argentina,1987,14.515285
Argentina,1988,14.132765833333332
Argentina,1989,14.846134166666666
Argentina,1990,14.495000833333334
Argentina,1991,14.434009166666668
Argentina,1992,14.101930000000001
Argentina,1993,14.460729999999998
Argentina,1994,15.015298333333334
Argentina,1995,14.436391666666665
Argentina,1996,14.469698333333334
Argentina,1997,14.823034166666666
Argentina,1998,14.55955
Argentina,1999,14.264894166666666
Argentina,2000,13.9157875
Argentina,2001,14.539823333333333
Argentina,2002,14.297050833333335
Argentina,2003,14.720755833333333
Argentina,2004,14.702505
Argentina,2005,14.35741
Argentina,2006,14.863774166666666
Argentina,2007,13.9399
Argentina,2008,14.817419166666667
Argentina,2009,14.8458975
Argentina,2010,14.364310833333334
Argentina,2011,14.6696525
Argentina,2012,15.0080625
Argentina,2013,14.867685
Argentina,2014,14.846940833333333
Argentina,2015,14.96213
Argentina,2016,14.506255000000001
Armenia,1901,7.7578475000000005
Armenia,1902,6.939194166666667
Armenia,1903,6.810005
Armenia,1904,6.556471666666667
Armenia,1905,6.836570833333333
Armenia,1906,7.040269166666666
Armenia,1907,6.355073333333333
Armenia,1908,6.10639
Armenia,1909,7.1541500000000005
Armenia,1910,7.159299166666666
Armenia,1911,5.3290975000000005
Armenia,1912,7.360105833333333
Armenia,1913,6.7102691666666665
Armenia,1914,7.256830833333333
Armenia,1915,7.604686666666667
Armenia,1916,7.56174
Armenia,1917,7.8741925
Armenia,1918,7.401845833333333
Armenia,1919,7.460516666666667
Armenia,1920,5.878258333333332
Armenia,1921,6.2651125
Armenia,1922,7.685675833333334
Armenia,1923,7.5761666666666665
Armenia,1924,7.584689166666666
Armenia,1925,7.511288333333333
Armenia,1926,7.178865833333333
Armenia,1927,7.107890833333333
Armenia,1928,5.947806666666666
Armenia,1929,6.3905175000000005
Armenia,1930,7.719320833333334
Armenia,1931,6.3901225
Armenia,1932,6.4746925
Armenia,1933,6.020325833333334
Armenia,1934,6.4788775
Armenia,1935,7.529518333333333
Armenia,1936,7.198225833333333
Armenia,1937,7.6821166666666665
Armenia,1938,7.479929166666666
Armenia,1939,7.413955833333333
Armenia,1940,7.746918333333333
Armenia,1941,7.283110833333333
Armenia,1942,6.8798208333333335
Armenia,1943,7.0090008333333325
Armenia,1944,7.4374225
Armenia,1945,6.363111666666666
Armenia,1946,6.682872499999999
Armenia,1947,7.779385
Armenia,1948,6.9468950000000005
Armenia,1949,6.3851275
Armenia,1950,6.552688333333333
Armenia,1951,7.186461666666666
Armenia,1952,7.639546666666667
Armenia,1953,6.827393333333333
Armenia,1954,7.336460833333334
Armenia,1955,8.345474166666667
Armenia,1956,5.932265833333333
Armenia,1957,7.3738275
Armenia,1958,7.203115
Armenia,1959,6.2203108333333335
Armenia,1960,7.544564166666667
Armenia,1961,7.844106666666666
Armenia,1962,8.3485025
Armenia,1963,7.568104166666667
Armenia,1964,6.2319425
Armenia,1965,6.751768333333334
Armenia,1966,9.261529166666667
Armenia,1967,6.558763333333334
Armenia,1968,7.352019166666666
Armenia,1969,6.660027500000001
Armenia,1970,8.273870833333334
Armenia,1971,7.389913333333333
Armenia,1972,5.902385833333334
Armenia,1973,6.246254166666667
Armenia,1974,6.479511666666667
Armenia,1975,7.1649383333333345
Armenia,1976,6.60182
Armenia,1977,6.9135575000000005
Armenia,1978,7.3965950000000005
Armenia,1979,8.405145
Armenia,1980,7.599351666666667
Armenia,1981,8.078216666666666
Armenia,1982,6.349613333333334
Armenia,1983,7.012401666666666
Armenia,1984,7.205344166666666
Armenia,1985,7.0788174999999995
Armenia,1986,7.517343333333334
Armenia,1987,7.403460833333334
Armenia,1988,6.946946666666666
Armenia,1989,8.0410675
Armenia,1990,7.341731666666667
Armenia,1991,7.3513866666666665
Armenia,1992,5.8054966666666665
Armenia,1993,6.107013333333334
Armenia,1994,7.173291666666667
Armenia,1995,7.867025000000001
Armenia,1996,7.914755833333333
Armenia,1997,7.312143333333334
Armenia,1998,8.428220833333333
Armenia,1999,8.480526666666668
Armenia,2000,7.9986983333333335
Armenia,2001,8.595965833333333
Armenia,2002,7.543770000000001
Armenia,2003,7.501661666666667
Armenia,2004,7.6336216666666665
Armenia,2005,7.787456666666667
Armenia,2006,8.0295825
Armenia,2007,7.4555766666666665
Armenia,2008,7.696434166666666
Armenia,2009,7.819176666666666
Armenia,2010,9.5623625
Armenia,2011,7.29409
Armenia,2012,8.309893333333333
Armenia,2013,7.934695833333333
Armenia,2014,8.8086375
Armenia,2015,8.554834166666668
Armenia,2016,7.921609166666666
Australia,1901,21.455033333333333
Australia,1902,21.469916666666666
Australia,1903,21.0276
Australia,1904,20.896941666666667
Australia,1905,21.026083333333332
Australia,1906,21.848950000000002
Australia,1907,21.088408333333334
Australia,1908,20.683366666666668
Australia,1909,20.836466666666666
Australia,1910,21.31674166666667
Australia,1911,21.093500000000002
Australia,1912,21.629099999999998
Australia,1913,21.004583333333333
Australia,1914,21.981033333333333
Australia,1915,21.920391666666664
Australia,1916,21.257116666666665
Australia,1917,20.512075
Australia,1918,21.084816666666665
Australia,1919,21.601808333333334
Australia,1920,21.078783333333334
Australia,1921,21.4534
Australia,1922,21.20703333333333
Australia,1923,21.335691666666666
Australia,1924,20.866041666666668
Australia,1925,20.841325
Australia,1926,21.603491666666667
Australia,1927,21.23435
Australia,1928,21.699699999999996
Australia,1929,20.841183333333333
Australia,1930,21.479741666666666
Australia,1931,21.066558333333333
Australia,1932,21.315025000000002
Australia,1933,21.157283333333336
Australia,1934,21.27755
Australia,1935,21.173975000000002
Australia,1936,21.468258333333335
Australia,1937,21.32851666666667
Australia,1938,21.869933333333336
Australia,1939,21.163116666666667
Australia,1940,21.438575
Australia,1941,21.03575
Australia,1942,21.619283333333332
Australia,1943,20.946241666666666
Australia,1944,21.24945
Australia,1945,21.278275
Australia,1946,20.953458333333334
Australia,1947,21.249824999999998
Australia,1948,21.099275000000002
Australia,1949,20.677833333333336
Australia,1950,20.967808333333334
Australia,1951,21.148316666666666
Australia,1952,21.088216666666668
Australia,1953,21.106616666666667
Australia,1954,21.159383333333334
Australia,1955,21.162675
Australia,1956,20.612658333333332
Australia,1957,21.558383333333335
Australia,1958,21.651366666666664
Australia,1959,21.79256666666667
Australia,1960,20.925991666666665
Australia,1961,21.639133333333334
Australia,1962,21.498941666666667
Australia,1963,21.41378333333333
Australia,1964,21.314983333333334
Australia,1965,21.78005
Australia,1966,21.026875
Australia,1967,21.352
Australia,1968,21.15064166666667
Australia,1969,21.525333333333336
Australia,1970,21.404799999999998
Australia,1971,21.27809166666667
Australia,1972,21.694008333333333
Australia,1973,22.004225
Australia,1974,20.86585
Australia,1975,21.30976666666667
Australia,1976,20.857125
Australia,1977,21.51963333333333
Australia,1978,21.253825
Australia,1979,21.873733333333334
Australia,1980,22.238258333333334
Australia,1981,21.79315
Australia,1982,21.596016666666667
Australia,1983,21.890249999999998
Australia,1984,21.140975
Australia,1985,21.69734166666667
Australia,1986,21.6832
Australia,1987,21.71060833333333
Australia,1988,22.216350000000002
Australia,1989,21.471483333333335
Australia,1990,21.967141666666667
Australia,1991,22.145483333333335
Australia,1992,21.57619166666667
Australia,1993,21.824691666666666
Australia,1994,21.759325
Australia,1995,21.651883333333334
Australia,1996,21.99785
Australia,1997,21.727483333333335
Australia,1998,22.314441666666667
Australia,1999,21.775508333333335
Australia,2000,21.4205
Australia,2001,21.475624999999997
Australia,2002,22.127991666666663
Australia,2003,22.131116666666667
Australia,2004,21.98045
Australia,2005,22.506016666666667
Australia,2006,21.909516666666665
Australia,2007,22.129900000000003
Australia,2008,21.830916666666667
Australia,2009,22.257358333333332
Australia,2010,21.685558333333333
Australia,2011,21.458775
Australia,2012,21.651075000000002
Australia,2013,22.661508333333334
Australia,2014,22.475333333333335
Australia,2015,22.29619166666667
Australia,2016,22.360166666666668
Austria,1901,5.2723249999999995
Austria,1902,5.2290725
Austria,1903,5.7988541666666675
Austria,1904,6.146429166666667
Austria,1905,5.681745
Austria,1906,5.596145
Austria,1907,5.5800816666666675
Austria,1908,5.1927216666666665
Austria,1909,5.070985833333333
Austria,1910,5.833610833333334
Austria,1911,6.3382016666666665
Austria,1912,5.3369925
Austria,1913,5.7469616666666665
Austria,1914,5.492159999999999
Austria,1915,5.568590833333334
Austria,1916,6.364660833333333
Austria,1917,5.346416666666666
Austria,1918,6.060194166666666
Austria,1919,5.1899291666666665
Austria,1920,6.519343333333333
Austria,1921,6.500513333333334
Austria,1922,5.2669508333333335
Austria,1923,6.100165833333333
Austria,1924,5.288664166666667
Austria,1925,5.712245833333333
Austria,1926,6.475655
Austria,1927,6.155920833333333
Austria,1928,6.306511666666666
Austria,1929,5.519170833333334
Austria,1930,6.4472233333333335
Austria,1931,5.299775833333333
Austria,1932,5.9807725
Austria,1933,5.001234166666667
Austria,1934,7.0665000000000004
Austria,1935,5.8026925
Austria,1936,6.1556275000000005
Austria,1937,6.212174166666667
Austria,1938,6.014114166666666
Austria,1939,5.905804166666667
Austria,1940,4.462775833333333
Austria,1941,4.946140833333334
Austria,1942,5.4821925
Austria,1943,6.606553333333333
Austria,1944,5.645115833333333
Austria,1945,6.423525833333333
Austria,1946,6.537636666666667
Austria,1947,6.548911666666666
Austria,1948,6.594790833333334
Austria,1949,6.623605833333333
Austria,1950,6.723968333333334
Austria,1951,6.7722275
Austria,1952,5.8667425
Austria,1953,6.529001666666666
Austria,1954,5.374803333333333
Austria,1955,5.5486241666666665
Austria,1956,5.028136666666667
Austria,1957,6.471603333333333
Austria,1958,6.37134
Austria,1959,6.611211666666667
Austria,1960,6.193736666666666
Austria,1961,6.8875416666666665
Austria,1962,5.1808425
Austria,1963,5.493531666666667
Austria,1964,6.01418
Austria,1965,5.373588333333333
Austria,1966,6.543029166666667
Austria,1967,6.52845
Austria,1968,6.109064166666666
Austria,1969,5.7431975
Austria,1970,5.648705
Austria,1971,6.197496666666667
Austria,1972,5.987381666666667
Austria,1973,5.921986666666666
Austria,1974,6.602476666666667
Austria,1975,6.610159166666667
Austria,1976,6.097761666666667
Austria,1977,6.656960833333334
Austria,1978,5.542298333333334
Austria,1979,6.101108333333333
Austria,1980,5.386213333333333
Austria,1981,6.204405
Austria,1982,6.669608333333334
Austria,1983,6.919051666666667
Austria,1984,5.847613333333332
Austria,1985,5.689493333333334
Austria,1986,6.096965
Austria,1987,5.9279375
Austria,1988,6.820498333333333
Austria,1989,7.088128333333334
Austria,1990,7.091763333333334
Austria,1991,6.1812075
Austria,1992,7.403840833333334
Austria,1993,6.758594166666666
Austria,1994,7.9764124999999995
Austria,1995,6.739815
Austria,1996,5.724172499999999
Austria,1997,6.86017
Austria,1998,7.070188333333334
Austria,1999,7.070555833333334
Austria,2000,7.8915975
Austria,2001,6.916587500000001
Austria,2002,7.668556666666667
Austria,2003,7.184292500000001
Austria,2004,6.679756666666666
Austria,2005,6.3343774999999996
Austria,2006,7.142133333333333
Austria,2007,7.766454166666667
Austria,2008,7.5748524999999995
Austria,2009,7.3661183333333335
Austria,2010,6.357191666666666
Austria,2011,7.764765833333333
Austria,2012,7.5249975000000004
Austria,2013,7.17528
Austria,2014,8.275609166666667
Austria,2015,8.170463333333332
Austria,2016,7.679596666666666
Azerbaijan,1901,12.224188333333332
Azerbaijan,1902,11.50846
Azerbaijan,1903,11.462935
Azerbaijan,1904,11.079706666666667
Azerbaijan,1905,11.400319166666668
Azerbaijan,1906,11.6605725
Azerbaijan,1907,10.839095833333332
Azerbaijan,1908,10.6369475
Azerbaijan,1909,11.701843333333334
Azerbaijan,1910,11.74882
Azerbaijan,1911,9.843065000000001
Azerbaijan,1912,11.791546666666667
Azerbaijan,1913,11.440715833333334
Azerbaijan,1914,11.909659166666666
Azerbaijan,1915,12.238640833333333
Azerbaijan,1916,11.847909999999999
Azerbaijan,1917,12.355791666666667
Azerbaijan,1918,11.59984
Azerbaijan,1919,11.8951075
Azerbaijan,1920,10.387206666666666
Azerbaijan,1921,10.94094
Azerbaijan,1922,12.1641525
Azerbaijan,1923,12.074368333333334
Azerbaijan,1924,11.849404999999999
Azerbaijan,1925,12.077526666666666
Azerbaijan,1926,11.599735833333334
Azerbaijan,1927,11.653645833333334
Azerbaijan,1928,10.480014166666667
Azerbaijan,1929,10.809148333333333
Azerbaijan,1930,11.764306666666668
Azerbaijan,1931,10.825652499999999
Azerbaijan,1932,11.043374166666666
Azerbaijan,1933,10.846029166666666
Azerbaijan,1934,11.101743333333333
Azerbaijan,1935,12.0003125
Azerbaijan,1936,11.802890833333334
Azerbaijan,1937,12.061880833333333
Azerbaijan,1938,12.2608575
Azerbaijan,1939,11.987430833333335
Azerbaijan,1940,12.201650833333332
Azerbaijan,1941,11.864183333333335
Azerbaijan,1942,11.3781325
Azerbaijan,1943,11.452565833333333
Azerbaijan,1944,12.160369166666667
Azerbaijan,1945,10.883726666666668
Azerbaijan,1946,11.362126666666667
Azerbaijan,1947,12.142098333333335
Azerbaijan,1948,11.676838333333334
Azerbaijan,1949,10.927085833333335
Azerbaijan,1950,11.1850425
Azerbaijan,1951,11.72245
Azerbaijan,1952,12.083804166666667
Azerbaijan,1953,11.510285000000001
Azerbaijan,1954,11.732845
Azerbaijan,1955,12.6870225
Azerbaijan,1956,10.604476666666667
Azerbaijan,1957,11.910929166666667
Azerbaijan,1958,11.772163333333333
Azerbaijan,1959,10.7212075
Azerbaijan,1960,11.894771666666665
Azerbaijan,1961,12.452431666666667
Azerbaijan,1962,12.762496666666665
Azerbaijan,1963,12.077204166666666
Azerbaijan,1964,10.974984999999998
Azerbaijan,1965,11.426553333333333
Azerbaijan,1966,13.513128333333334
Azerbaijan,1967,11.372620833333334
Azerbaijan,1968,11.954614166666666
Azerbaijan,1969,10.660084166666666
Azerbaijan,1970,12.4527975
Azerbaijan,1971,12.0772725
Azerbaijan,1972,10.679893333333332
Azerbaijan,1973,11.120110833333333
Azerbaijan,1974,11.159790833333332
Azerbaijan,1975,12.0275625
Azerbaijan,1976,11.194371666666667
Azerbaijan,1977,11.471055833333333
Azerbaijan,1978,11.789407500000001
Azerbaijan,1979,12.684998333333334
Azerbaijan,1980,11.976944166666668
Azerbaijan,1981,12.638489166666666
Azerbaijan,1982,10.9702925
Azerbaijan,1983,11.817903333333334
Azerbaijan,1984,11.5166725
Azerbaijan,1985,11.6459725
Azerbaijan,1986,11.998725833333333
Azerbaijan,1987,11.752845
Azerbaijan,1988,11.81203
Azerbaijan,1989,12.635080833333333
Azerbaijan,1990,12.020545833333331
Azerbaijan,1991,11.872439166666666
Azerbaijan,1992,10.663706666666666
Azerbaijan,1993,10.715575
Azerbaijan,1994,11.5448875
Azerbaijan,1995,12.585319166666666
Azerbaijan,1996,12.2641675
Azerbaijan,1997,11.976716666666666
Azerbaijan,1998,12.97472
Azerbaijan,1999,12.960162500000001
Azerbaijan,2000,12.669075
Azerbaijan,2001,13.1239
Azerbaijan,2002,12.360805833333332
Azerbaijan,2003,12.015614166666666
Azerbaijan,2004,12.53145
Azerbaijan,2005,12.583629166666666
Azerbaijan,2006,12.5969125
Azerbaijan,2007,12.3554875
Azerbaijan,2008,12.337033333333332
Azerbaijan,2009,12.467553333333333
Azerbaijan,2010,13.883899999999999
Azerbaijan,2011,11.942668333333332
Azerbaijan,2012,12.939056666666668
Azerbaijan,2013,12.800736666666666
Azerbaijan,2014,13.111621666666666
Azerbaijan,2015,13.126898333333335
Azerbaijan,2016,12.5073375
Bahrain,1901,27.5378
Bahrain,1902,26.71003333333333
Bahrain,1903,25.832125
Bahrain,1904,26.17803333333333
Bahrain,1905,26.17001666666667
Bahrain,1906,26.06725833333333
Bahrain,1907,25.89600833333333
Bahrain,1908,26.56365
Bahrain,1909,26.727283333333332
Bahrain,1910,25.66394166666667
Bahrain,1911,25.082283333333333
Bahrain,1912,25.965166666666665
Bahrain,1913,25.812516666666667
Bahrain,1914,26.414366666666666
Bahrain,1915,26.821133333333336
Bahrain,1916,26.4628
Bahrain,1917,26.621133333333333
Bahrain,1918,26.3128
Bahrain,1919,26.97113333333333
Bahrain,1920,26.6628
Bahrain,1921,26.9378
Bahrain,1922,27.0378
Bahrain,1923,26.5128
Bahrain,1924,27.3878
Bahrain,1925,26.404466666666668
Bahrain,1926,26.737800000000004
Bahrain,1927,26.896133333333335
Bahrain,1928,26.6371
Bahrain,1929,26.654766666666664
Bahrain,1930,26.564525
Bahrain,1931,26.56755
Bahrain,1932,26.129191666666667
Bahrain,1933,25.92594166666667
Bahrain,1934,26.241758333333333
Bahrain,1935,26.973408333333335
Bahrain,1936,26.283616666666664
Bahrain,1937,26.437074999999997
Bahrain,1938,26.64646666666667
Bahrain,1939,26.479933333333335
Bahrain,1940,26.914316666666664
Bahrain,1941,26.78005
Bahrain,1942,26.971
Bahrain,1943,26.324783333333333
Bahrain,1944,26.673483333333333
Bahrain,1945,26.424383333333335
Bahrain,1946,27.076441666666668
Bahrain,1947,27.59368333333333
Bahrain,1948,26.653291666666664
Bahrain,1949,26.097275
Bahrain,1950,26.299866666666663
Bahrain,1951,27.644750000000002
Bahrain,1952,27.515366666666665
Bahrain,1953,27.467991666666666
Bahrain,1954,27.791841666666667
Bahrain,1955,27.582549999999998
Bahrain,1956,27.015
Bahrain,1957,27.049958333333333
Bahrain,1958,27.59700833333333
Bahrain,1959,26.733658333333334
Bahrain,1960,27.764966666666666
Bahrain,1961,26.693183333333334
Bahrain,1962,27.58044166666667
Bahrain,1963,27.3823
Bahrain,1964,26.365799999999997
Bahrain,1965,27.312608333333333
Bahrain,1966,27.430166666666665
Bahrain,1967,26.40648333333333
Bahrain,1968,26.746533333333332
Bahrain,1969,27.451041666666665
Bahrain,1970,27.139283333333335
Bahrain,1971,26.596441666666667
Bahrain,1972,26.185883333333333
Bahrain,1973,26.88960833333333
Bahrain,1974,26.742549999999998
Bahrain,1975,26.6775
Bahrain,1976,26.550233333333335
Bahrain,1977,27.373525
Bahrain,1978,27.174341666666667
Bahrain,1979,27.681191666666667
Bahrain,1980,27.473258333333334
Bahrain,1981,27.525775
Bahrain,1982,26.504383333333333
Bahrain,1983,26.528075
Bahrain,1984,27.036033333333332
Bahrain,1985,27.221591666666665
Bahrain,1986,27.18241666666667
Bahrain,1987,27.574941666666664
Bahrain,1988,27.451216666666667
Bahrain,1989,26.784791666666667
Bahrain,1990,27.373908333333333
Bahrain,1991,26.842266666666664
Bahrain,1992,26.150366666666667
Bahrain,1993,27.09215
Bahrain,1994,27.61276666666667
Bahrain,1995,27.15315
Bahrain,1996,27.68728333333333
Bahrain,1997,27.068766666666665
Bahrain,1998,28.363625
Bahrain,1999,28.619891666666664
Bahrain,2000,27.922408333333333
Bahrain,2001,28.201166666666666
Bahrain,2002,28.039783333333332
Bahrain,2003,28.082800000000002
Bahrain,2004,27.935158333333334
Bahrain,2005,27.700975
Bahrain,2006,28.017233333333333
Bahrain,2007,28.1965
Bahrain,2008,28.00100833333333
Bahrain,2009,28.326191666666663
Bahrain,2010,28.91910833333333
Bahrain,2011,28.125
Bahrain,2012,28.296791666666667
Bahrain,2013,27.852091666666666
Bahrain,2014,28.246724999999998
Bahrain,2015,28.731966666666665
Bahrain,2016,28.592100000000002
Bangladesh,1901,24.819616666666665
Bangladesh,1902,24.672608333333333
Bangladesh,1903,24.823541666666667
Bangladesh,1904,24.628058333333332
Bangladesh,1905,24.2055
Bangladesh,1906,24.782616666666666
Bangladesh,1907,24.64515
Bangladesh,1908,24.947466666666667
Bangladesh,1909,25.008875
Bangladesh,1910,24.549066666666665
Bangladesh,1911,24.50961666666667
Bangladesh,1912,24.676625
Bangladesh,1913,24.502975000000003
Bangladesh,1914,24.567916666666665
Bangladesh,1915,25.171833333333336
Bangladesh,1916,24.932475
Bangladesh,1917,24.515199999999997
Bangladesh,1918,24.53585
Bangladesh,1919,24.982200000000002
Bangladesh,1920,25.002975000000003
Bangladesh,1921,25.012116666666667
Bangladesh,1922,25.152091666666667
Bangladesh,1923,25.075866666666666
Bangladesh,1924,25.315741666666668
Bangladesh,1925,24.423691666666667
Bangladesh,1926,24.843400000000003
Bangladesh,1927,24.761425000000003
Bangladesh,1928,25.119483333333335
Bangladesh,1929,24.853491666666667
Bangladesh,1930,24.793558333333333
Bangladesh,1931,25.177683333333334
Bangladesh,1932,25.132875
Bangladesh,1933,24.807516666666668
Bangladesh,1934,24.924683333333334
Bangladesh,1935,25.172700000000003
Bangladesh,1936,24.9872
Bangladesh,1937,24.922466666666665
Bangladesh,1938,25.113333333333333
Bangladesh,1939,25.2209
Bangladesh,1940,25.040783333333334
Bangladesh,1941,25.350091666666668
Bangladesh,1942,25.35761666666667
Bangladesh,1943,25.017258333333334
Bangladesh,1944,25.245333333333335
Bangladesh,1945,25.033416666666668
Bangladesh,1946,25.181925000000003
Bangladesh,1947,25.30689166666667
Bangladesh,1948,24.892533333333333
Bangladesh,1949,24.54055
Bangladesh,1950,24.889516666666665
Bangladesh,1951,25.157108333333337
Bangladesh,1952,25.051599999999997
Bangladesh,1953,25.209166666666665
Bangladesh,1954,25.052599999999998
Bangladesh,1955,24.94904166666667
Bangladesh,1956,24.924916666666665
Bangladesh,1957,25.152516666666667
Bangladesh,1958,25.742741666666664
Bangladesh,1959,24.912716666666668
Bangladesh,1960,25.346183333333332
Bangladesh,1961,24.978266666666666
Bangladesh,1962,24.980324999999997
Bangladesh,1963,25.067908333333335
Bangladesh,1964,25.24625
Bangladesh,1965,24.93688333333333
Bangladesh,1966,25.298275
Bangladesh,1967,24.792550000000002
Bangladesh,1968,24.847741666666668
Bangladesh,1969,25.179375000000004
Bangladesh,1970,25.077916666666667
Bangladesh,1971,24.47165
Bangladesh,1972,25.017225
Bangladesh,1973,25.08129166666667
Bangladesh,1974,24.796475
Bangladesh,1975,24.96665
Bangladesh,1976,25.081575
Bangladesh,1977,24.808891666666668
Bangladesh,1978,24.87653333333333
Bangladesh,1979,25.61599166666667
Bangladesh,1980,25.24308333333333
Bangladesh,1981,24.857775
Bangladesh,1982,25.01076666666667
Bangladesh,1983,25.010958333333335
Bangladesh,1984,25.0583
Bangladesh,1985,25.3379
Bangladesh,1986,25.220100000000002
Bangladesh,1987,25.582858333333334
Bangladesh,1988,25.6679
Bangladesh,1989,25.279725
Bangladesh,1990,25.257941666666667
Bangladesh,1991,24.91345
Bangladesh,1992,24.757191666666667
Bangladesh,1993,24.74823333333333
Bangladesh,1994,25.0939
Bangladesh,1995,25.40624166666667
Bangladesh,1996,25.312675
Bangladesh,1997,24.848466666666667
Bangladesh,1998,25.531499999999998
Bangladesh,1999,25.741933333333332
Bangladesh,2000,24.885791666666666
Bangladesh,2001,25.637283333333333
Bangladesh,2002,25.419991666666665
Bangladesh,2003,25.375425000000003
Bangladesh,2004,25.45725
Bangladesh,2005,25.627658333333333
Bangladesh,2006,25.997575
Bangladesh,2007,25.63485833333333
Bangladesh,2008,25.504841666666668
Bangladesh,2009,26.22205
Bangladesh,2010,26.11276666666667
Bangladesh,2011,25.464491666666664
Bangladesh,2012,24.978775
Bangladesh,2013,24.893616666666663
Bangladesh,2014,24.868558333333336
Bangladesh,2015,24.885941666666668
Bangladesh,2016,25.35675
Barbados,1901,25.931283333333337
Barbados,1902,25.611975
Barbados,1903,25.670316666666665
Barbados,1904,25.220333333333333
Barbados,1905,25.520325
Barbados,1906,25.453658333333333
Barbados,1907,25.176008333333332
Barbados,1908,25.30365
Barbados,1909,25.239616666666667
Barbados,1910,25.262191666666666
Barbados,1911,25.364841666666667
Barbados,1912,25.639841666666666
Barbados,1913,24.9815
Barbados,1914,25.125808333333335
Barbados,1915,25.647966666666665
Barbados,1916,25.164625
Barbados,1917,25.197758333333336
Barbados,1918,25.325599999999998
Barbados,1919,25.295325000000002
Barbados,1920,25.142666666666667
Barbados,1921,25.270116666666667
Barbados,1922,25.10914166666667
Barbados,1923,25.275808333333334
Barbados,1924,25.422958333333337
Barbados,1925,25.317475
Barbados,1926,25.809141666666665
Barbados,1927,25.342483333333334
Barbados,1928,25.411783333333332
Barbados,1929,25.147966666666665
Barbados,1930,25.389833333333332
Barbados,1931,26.02031666666667
Barbados,1932,26.022966666666665
Barbados,1933,25.51178333333333
Barbados,1934,25.492266666666666
Barbados,1935,25.614625
Barbados,1936,25.817275
Barbados,1937,26.081083333333336
Barbados,1938,25.642266666666668
Barbados,1939,25.736783333333335
Barbados,1940,26.417266666666666
Barbados,1941,26.458941666666664
Barbados,1942,26.400608333333334
Barbados,1943,25.881291666666666
Barbados,1944,26.070116666666667
Barbados,1945,25.784141666666667
Barbados,1946,25.80345
Barbados,1947,26.089633333333335
Barbados,1948,26.0256
Barbados,1949,25.808933333333332
Barbados,1950,25.661783333333332
Barbados,1951,25.772958333333335
Barbados,1952,25.933933333333332
Barbados,1953,25.850800000000003
Barbados,1954,25.517266666666668
Barbados,1955,25.56726666666667
Barbados,1956,25.533933333333334
Barbados,1957,25.669916666666666
Barbados,1958,26.15609166666667
Barbados,1959,25.908733333333334
Barbados,1960,26.008741666666666
Barbados,1961,25.964033333333333
Barbados,1962,25.881091666666666
Barbados,1963,26.106091666666668
Barbados,1964,25.717266666666664
Barbados,1965,25.800591666666666
Barbados,1966,25.911775000000002
Barbados,1967,25.6756
Barbados,1968,25.711583333333333
Barbados,1969,26.3506
Barbados,1970,26.047758333333334
Barbados,1971,25.664424999999998
Barbados,1972,25.875600000000002
Barbados,1973,26.09775
Barbados,1974,25.725399999999997
Barbados,1975,25.725391666666667
Barbados,1976,25.678250000000002
Barbados,1977,26.158933333333334
Barbados,1978,26.314425
Barbados,1979,26.43658333333333
Barbados,1980,26.459141666666667
Barbados,1981,26.520116666666667
Barbados,1982,26.225808333333333
Barbados,1983,26.503658333333334
Barbados,1984,26.05365
Barbados,1985,25.992675000000002
Barbados,1986,26.184133333333335
Barbados,1987,26.98698333333333
Barbados,1988,26.686775
Barbados,1989,26.364425
Barbados,1990,26.717074999999998
Barbados,1991,26.51178333333333
Barbados,1992,26.320116666666667
Barbados,1993,26.60345
Barbados,1994,26.467466666666667
Barbados,1995,26.700599999999998
Barbados,1996,26.417266666666666
Barbados,1997,26.597966666666665
Barbados,1998,27.045325000000002
Barbados,1999,26.572950000000002
Barbados,2000,26.350800000000003
Barbados,2001,26.597966666666665
Barbados,2002,26.647758333333332
Barbados,2003,26.81726666666667
Barbados,2004,26.605891666666665
Barbados,2005,26.933741666666666
Barbados,2006,26.861575000000002
Barbados,2007,26.711575
Barbados,2008,26.411775000000002
Barbados,2009,26.81990833333333
Barbados,2010,27.217474999999997
Barbados,2011,26.839425000000002
Barbados,2012,26.686575
Barbados,2013,26.761583333333334
Barbados,2014,26.70345
Barbados,2015,27.033933333333334
Barbados,2016,27.050608333333333
Belarus,1901,6.753700833333333
Belarus,1902,4.770193333333333
Belarus,1903,7.3005474999999995
Belarus,1904,5.542811666666666
Belarus,1905,6.351980833333333
Belarus,1906,6.975444166666667
Belarus,1907,4.9842450000000005
Belarus,1908,5.351829166666666
Belarus,1909,5.614568333333334
Belarus,1910,7.338300833333332
Belarus,1911,6.063928333333333
Belarus,1912,5.415735833333333
Belarus,1913,7.0927766666666665
Belarus,1914,6.864427500000001
Belarus,1915,5.79648
Belarus,1916,6.5592025000000005
Belarus,1917,5.424267499999999
Belarus,1918,6.673125833333334
Belarus,1919,5.488175833333333
Belarus,1920,6.76828
Belarus,1921,6.697277500000001
Belarus,1922,5.47126
Belarus,1923,6.107211666666667
Belarus,1924,5.5508625
Belarus,1925,7.238369166666666
Belarus,1926,6.265594166666666
Belarus,1927,5.792068333333333
Belarus,1928,5.502423333333334
Belarus,1929,4.988465833333334
Belarus,1930,6.836600000000001
Belarus,1931,5.355074166666667
Belarus,1932,6.8337925
Belarus,1933,4.787045
Belarus,1934,7.798989166666666
Belarus,1935,6.258678333333333
Belarus,1936,7.285575000000001
Belarus,1937,7.081273333333333
Belarus,1938,7.4857325
Belarus,1939,7.090660833333334
Belarus,1940,4.409854166666666
Belarus,1941,4.106654166666667
Belarus,1942,4.102375833333333
Belarus,1943,6.685661666666667
Belarus,1944,6.7638774999999995
Belarus,1945,5.602848333333333
Belarus,1946,6.1744699999999995
Belarus,1947,5.6674983333333335
Belarus,1948,6.8217083333333335
Belarus,1949,7.3511725
Belarus,1950,6.4131108333333335
Belarus,1951,6.4980975
Belarus,1952,5.776285833333333
Belarus,1953,6.180093333333333
Belarus,1954,5.73507
Belarus,1955,5.947824166666666
Belarus,1956,4.593470833333334
Belarus,1957,6.982140833333333
Belarus,1958,6.1814825
Belarus,1959,6.7434225
Belarus,1960,6.5035675
Belarus,1961,7.088310833333334
Belarus,1962,5.930956666666667
Belarus,1963,5.432307499999999
Belarus,1964,5.971056666666667
Belarus,1965,5.091950833333333
Belarus,1966,6.668465
Belarus,1967,6.8218925
Belarus,1968,5.854901666666667
Belarus,1969,4.831448333333333
Belarus,1970,5.871516666666667
Belarus,1971,6.574167500000001
Belarus,1972,6.872531666666667
Belarus,1973,6.4410300000000005
Belarus,1974,6.985125833333334
Belarus,1975,8.066265833333333
Belarus,1976,5.0986725
Belarus,1977,6.251472499999999
Belarus,1978,5.4023658333333335
Belarus,1979,6.07443
Belarus,1980,5.1958025
Belarus,1981,6.749583333333334
Belarus,1982,6.863379999999999
Belarus,1983,7.6893641666666666
Belarus,1984,6.5346400000000004
Belarus,1985,4.9657075
Belarus,1986,6.220774166666668
Belarus,1987,4.635238333333333
Belarus,1988,6.6663875
Belarus,1989,8.3384925
Belarus,1990,7.9770625
Belarus,1991,7.093391666666666
Belarus,1992,7.4155541666666664
Belarus,1993,6.350230833333334
Belarus,1994,7.022544166666666
Belarus,1995,7.148820000000001
Belarus,1996,5.799485
Belarus,1997,6.543850833333334
Belarus,1998,6.749289999999999
Belarus,1999,7.907268333333334
Belarus,2000,8.1288225
Belarus,2001,7.187715
Belarus,2002,7.8901666666666666
Belarus,2003,6.859054166666667
Belarus,2004,7.0709550000000005
Belarus,2005,7.026929166666666
Belarus,2006,7.1798775
Belarus,2007,8.0979375
Belarus,2008,8.247370833333333
Belarus,2009,7.3635591666666675
Belarus,2010,7.0349475
Belarus,2011,7.715638333333334
Belarus,2012,7.085875833333334
Belarus,2013,7.788930000000001
Belarus,2014,8.03526
Belarus,2015,8.7413425
Belarus,2016,7.9362575
Belgium,1901,8.912498333333334
Belgium,1902,8.560790833333334
Belgium,1903,9.407644166666666
Belgium,1904,9.39823
Belgium,1905,9.0426375
Belgium,1906,9.564473333333334
Belgium,1907,9.183789166666665
Belgium,1908,8.891850833333333
Belgium,1909,8.702125
Belgium,1910,9.749596666666667
Belgium,1911,10.4731975
Belgium,1912,9.646622500000001
Belgium,1913,10.078570833333332
Belgium,1914,9.95661
Belgium,1915,9.407721666666667
Belgium,1916,9.7441325
Belgium,1917,8.738876666666668
Belgium,1918,9.880348333333332
Belgium,1919,8.790330833333334
Belgium,1920,9.956866666666667
Belgium,1921,10.577665
Belgium,1922,8.848265833333333
Belgium,1923,9.501756666666667
Belgium,1924,9.171329166666666
Belgium,1925,9.573465
Belgium,1926,10.039166666666667
Belgium,1927,9.418363333333334
Belgium,1928,9.892436666666667
Belgium,1929,9.038084166666668
Belgium,1930,10.127140833333334
Belgium,1931,9.142324166666667
Belgium,1932,9.7063525
Belgium,1933,9.38073
Belgium,1934,10.528415
Belgium,1935,9.928803333333333
Belgium,1936,9.74794
Belgium,1937,9.975873333333334
Belgium,1938,9.985719166666668
Belgium,1939,9.8697
Belgium,1940,8.609501666666667
Belgium,1941,9.012199166666667
Belgium,1942,8.915576666666666
Belgium,1943,10.226619166666667
Belgium,1944,9.638391666666667
Belgium,1945,10.416157499999999
Belgium,1946,9.604245
Belgium,1947,10.291524166666667
Belgium,1948,10.392736666666666
Belgium,1949,10.659948333333334
Belgium,1950,9.937262500000001
Belgium,1951,9.722655
Belgium,1952,9.262811666666666
Belgium,1953,9.838604166666666
Belgium,1954,9.075257500000001
Belgium,1955,8.99839
Belgium,1956,8.474404999999999
Belgium,1957,9.901658333333334
Belgium,1958,9.484824999999999
Belgium,1959,10.447728333333332
Belgium,1960,9.755021666666666
Belgium,1961,10.188343333333334
Belgium,1962,8.383421666666667
Belgium,1963,8.0799475
Belgium,1964,9.413680000000001
Belgium,1965,8.829013333333334
Belgium,1966,9.662989166666668
Belgium,1967,9.856378333333334
Belgium,1968,9.198332500000001
Belgium,1969,9.394154166666667
Belgium,1970,9.3360575
Belgium,1971,9.695963333333333
Belgium,1972,9.182905833333335
Belgium,1973,9.6075625
Belgium,1974,9.9119525
Belgium,1975,9.896639166666667
Belgium,1976,10.1805775
Belgium,1977,9.830158333333333
Belgium,1978,9.046300833333333
Belgium,1979,8.923964166666666
Belgium,1980,9.1348775
Belgium,1981,9.476469166666666
Belgium,1982,10.172128333333333
Belgium,1983,10.153869166666667
Belgium,1984,9.485626666666667
Belgium,1985,8.651270833333333
Belgium,1986,9.062963333333334
Belgium,1987,8.909501666666667
Belgium,1988,10.3174925
Belgium,1989,10.800513333333333
Belgium,1990,10.866319166666665
Belgium,1991,9.6945025
Belgium,1992,10.475485833333332
Belgium,1993,9.851395833333333
Belgium,1994,10.924965833333333
Belgium,1995,10.651826666666667
Belgium,1996,8.880758333333334
Belgium,1997,10.45898
Belgium,1998,10.366194166666666
Belgium,1999,10.976813333333332
Belgium,2000,11.025636666666665
Belgium,2001,10.546703333333333
Belgium,2002,10.966334166666668
Belgium,2003,10.824085833333333
Belgium,2004,10.444214166666667
Belgium,2005,10.710588333333334
Belgium,2006,11.013439166666666
Belgium,2007,11.129861666666665
Belgium,2008,10.625226666666666
Belgium,2009,10.673628333333333
Belgium,2010,9.361084166666666
Belgium,2011,11.234369166666667
Belgium,2012,10.4445125
Belgium,2013,9.930676666666667
Belgium,2014,11.753965
Belgium,2015,11.082603333333333
Belgium,2016,10.862161666666665
Belize,1901,24.172066666666666
Belize,1902,25.100866666666665
Belize,1903,25.097466666666666
Belize,1904,24.560100000000002
Belize,1905,25.048816666666667
Belize,1906,24.628808333333335
Belize,1907,24.82094166666667
Belize,1908,24.7843
Belize,1909,24.94729166666667
Belize,1910,23.79540833333333
Belize,1911,24.796599999999998
Belize,1912,24.985125
Belize,1913,24.51109166666667
Belize,1914,24.47844166666667
Belize,1915,24.699091666666664
Belize,1916,24.569066666666668
Belize,1917,24.274375000000003
Belize,1918,24.999208333333332
Belize,1919,24.792525
Belize,1920,24.788291666666666
Belize,1921,24.708333333333332
Belize,1922,25.251525
Belize,1923,24.974175000000002
Belize,1924,24.839791666666667
Belize,1925,24.775208333333335
Belize,1926,24.937150000000003
Belize,1927,25.037608333333335
Belize,1928,24.896708333333333
Belize,1929,25.167433333333335
Belize,1930,24.6691
Belize,1931,24.779866666666667
Belize,1932,25.052841666666666
Belize,1933,25.07420833333333
Belize,1934,24.79165
Belize,1935,24.883525000000002
Belize,1936,25.27756666666667
Belize,1937,25.061208333333337
Belize,1938,24.531125
Belize,1939,24.814983333333334
Belize,1940,24.649766666666665
Belize,1941,24.907799999999998
Belize,1942,24.765991666666665
Belize,1943,24.376516666666664
Belize,1944,24.816991666666667
Belize,1945,25.07428333333333
Belize,1946,25.115916666666667
Belize,1947,25.293066666666665
Belize,1948,25.057358333333337
Belize,1949,24.925341666666668
Belize,1950,24.370183333333333
Belize,1951,24.968675
Belize,1952,25.031683333333334
Belize,1953,25.358208333333334
Belize,1954,24.666349999999998
Belize,1955,24.889825000000002
Belize,1956,24.650841666666665
Belize,1957,25.28010833333333
Belize,1958,25.595474999999997
Belize,1959,25.42188333333333
Belize,1960,25.08235833333333
Belize,1961,24.974825
Belize,1962,24.62783333333333
Belize,1963,24.786749999999998
Belize,1964,24.96865
Belize,1965,24.77725
Belize,1966,24.603041666666666
Belize,1967,24.672258333333332
Belize,1968,24.505983333333333
Belize,1969,25.18405
Belize,1970,24.836241666666666
Belize,1971,24.789741666666668
Belize,1972,25.294883333333335
Belize,1973,25.123641666666668
Belize,1974,24.76460833333333
Belize,1975,25.201941666666666
Belize,1976,24.801083333333334
Belize,1977,25.12154166666667
Belize,1978,24.97555
Belize,1979,25.138791666666666
Belize,1980,25.347241666666665
Belize,1981,25.023541666666663
Belize,1982,25.341525
Belize,1983,25.53265833333333
Belize,1984,24.872291666666666
Belize,1985,25.248416666666667
Belize,1986,25.23653333333333
Belize,1987,25.433466666666664
Belize,1988,25.460358333333332
Belize,1989,25.366966666666666
Belize,1990,25.458883333333333
Belize,1991,25.487008333333335
Belize,1992,25.350033333333332
Belize,1993,25.20895
Belize,1994,25.484691666666667
Belize,1995,25.440308333333334
Belize,1996,25.098975
Belize,1997,25.670583333333337
Belize,1998,25.66218333333333
Belize,1999,24.907775
Belize,2000,25.17441666666667
Belize,2001,25.66049166666667
Belize,2002,25.770866666666667
Belize,2003,25.836575
Belize,2004,25.831425
Belize,2005,25.836316666666665
Belize,2006,25.698616666666666
Belize,2007,25.72928333333333
Belize,2008,25.66225833333333
Belize,2009,25.9525
Belize,2010,25.425225
Belize,2011,25.85354166666667
Belize,2012,25.836408333333335
Belize,2013,25.7937
Belize,2014,25.70319166666667
Belize,2015,26.237166666666667
Belize,2016,26.251350000000002
Benin,1901,26.681441666666668
Benin,1902,26.9148
Benin,1903,27.474883333333334
Benin,1904,27.401
Benin,1905,27.013816666666667
Benin,1906,27.871291666666668
Benin,1907,27.347675
Benin,1908,27.40535
Benin,1909,27.190016666666665
Benin,1910,27.5427
Benin,1911,27.005525000000002
Benin,1912,27.647616666666664
Benin,1913,27.600875000000002
Benin,1914,28.299858333333333
Benin,1915,26.370441666666668
Benin,1916,25.611275000000003
Benin,1917,25.960475
Benin,1918,25.694775000000003
Benin,1919,27.471208333333333
Benin,1920,27.52795
Benin,1921,27.470916666666668
Benin,1922,26.705941666666664
Benin,1923,27.159908333333334
Benin,1924,27.270191666666665
Benin,1925,26.791366666666665
Benin,1926,27.368941666666668
Benin,1927,26.806841666666667
Benin,1928,26.781991666666666
Benin,1929,26.566216666666666
Benin,1930,27.752533333333332
Benin,1931,27.9554
Benin,1932,27.87761666666667
Benin,1933,27.811241666666664
Benin,1934,27.94796666666667
Benin,1935,28.022341666666666
Benin,1936,27.244991666666664
Benin,1937,28.710525
Benin,1938,28.92448333333333
Benin,1939,28.210224999999998
Benin,1940,27.5628
Benin,1941,28.33673333333333
Benin,1942,28.00583333333333
Benin,1943,27.522625
Benin,1944,27.755691666666667
Benin,1945,27.297674999999998
Benin,1946,27.230816666666666
Benin,1947,27.745508333333333
Benin,1948,27.103841666666668
Benin,1949,27.842583333333334
Benin,1950,27.028441666666666
Benin,1951,27.71643333333333
Benin,1952,27.517625
Benin,1953,27.328725000000002
Benin,1954,27.105583333333332
Benin,1955,27.01171666666667
Benin,1956,27.1093
Benin,1957,27.222733333333334
Benin,1958,27.506933333333333
Benin,1959,27.462016666666667
Benin,1960,27.331100000000003
Benin,1961,27.081625
Benin,1962,27.136308333333332
Benin,1963,27.44835833333333
Benin,1964,27.188291666666668
Benin,1965,27.237733333333335
Benin,1966,27.45489166666667
Benin,1967,27.17741666666667
Benin,1968,27.394325
Benin,1969,27.738874999999997
Benin,1970,27.615116666666665
Benin,1971,26.797441666666668
Benin,1972,27.07995
Benin,1973,27.518483333333332
Benin,1974,26.768541666666668
Benin,1975,26.636558333333337
Benin,1976,26.659258333333337
Benin,1977,27.222825
Benin,1978,26.947875
Benin,1979,27.237983333333332
Benin,1980,27.3244
Benin,1981,27.887091666666667
Benin,1982,27.729733333333332
Benin,1983,28.146833333333333
Benin,1984,27.95528333333333
Benin,1985,27.904358333333334
Benin,1986,27.73953333333333
Benin,1987,28.577116666666665
Benin,1988,28.015091666666667
Benin,1989,27.627391666666668
Benin,1990,28.249733333333335
Benin,1991,27.399808333333336
Benin,1992,27.258416666666665
Benin,1993,27.527116666666668
Benin,1994,27.31165833333333
Benin,1995,27.563666666666666
Benin,1996,27.65993333333333
Benin,1997,27.600849999999998
Benin,1998,28.089208333333332
Benin,1999,27.602158333333335
Benin,2000,27.726658333333333
Benin,2001,27.90008333333333
Benin,2002,27.937191666666667
Benin,2003,28.059658333333335
Benin,2004,27.900783333333333
Benin,2005,28.223041666666663
Benin,2006,28.118866666666666
Benin,2007,27.977616666666666
Benin,2008,27.7914
Benin,2009,28.178841666666667
Benin,2010,28.31595
Benin,2011,28.062033333333332
Benin,2012,27.899866666666668
Benin,2013,28.096549999999997
Benin,2014,28.217174999999997
Benin,2015,28.20736666666667
Benin,2016,28.416683333333335
Bhutan,1901,11.654930833333333
Bhutan,1902,11.445855833333333
Bhutan,1903,11.611026666666667
Bhutan,1904,11.4305525
Bhutan,1905,10.984178333333332
Bhutan,1906,11.559285000000001
Bhutan,1907,11.400405
Bhutan,1908,11.7913375
Bhutan,1909,11.877433333333334
Bhutan,1910,11.386762500000001
Bhutan,1911,11.273103333333333
Bhutan,1912,11.3988125
Bhutan,1913,11.253461666666666
Bhutan,1914,11.3707725
Bhutan,1915,11.972178333333334
Bhutan,1916,11.748255
Bhutan,1917,11.396385833333333
Bhutan,1918,11.389574166666668
Bhutan,1919,11.845755833333333
Bhutan,1920,11.79087
Bhutan,1921,11.783240833333332
Bhutan,1922,12.039390833333334
Bhutan,1923,11.944368333333335
Bhutan,1924,12.081629999999999
Bhutan,1925,11.162738333333332
Bhutan,1926,11.625041666666666
Bhutan,1927,11.46149
Bhutan,1928,11.890315833333332
Bhutan,1929,11.6074975
Bhutan,1930,11.5578375
Bhutan,1931,11.933929166666667
Bhutan,1932,11.890565
Bhutan,1933,11.716174166666667
Bhutan,1934,11.7289275
Bhutan,1935,12.185002500000001
Bhutan,1936,12.017949166666668
Bhutan,1937,12.179446666666665
Bhutan,1938,12.159115833333333
Bhutan,1939,12.065069166666667
Bhutan,1940,11.862960833333332
Bhutan,1941,12.061064166666666
Bhutan,1942,12.23679
Bhutan,1943,11.974523333333332
Bhutan,1944,12.256532499999999
Bhutan,1945,12.02069
Bhutan,1946,12.248063333333334
Bhutan,1947,12.278821666666666
Bhutan,1948,11.825965833333333
Bhutan,1949,11.382048333333332
Bhutan,1950,11.746475833333335
Bhutan,1951,11.872086666666666
Bhutan,1952,11.985864999999999
Bhutan,1953,12.045014166666666
Bhutan,1954,11.951295
Bhutan,1955,11.796919166666667
Bhutan,1956,11.9971325
Bhutan,1957,11.856425833333333
Bhutan,1958,12.472995
Bhutan,1959,11.942298333333333
Bhutan,1960,12.168948333333333
Bhutan,1961,11.966344166666666
Bhutan,1962,11.643965833333333
Bhutan,1963,11.3952625
Bhutan,1964,11.962132500000001
Bhutan,1965,11.184796666666665
Bhutan,1966,11.846220833333334
Bhutan,1967,11.332141666666667
Bhutan,1968,11.237639999999999
Bhutan,1969,11.953054166666666
Bhutan,1970,11.804260833333332
Bhutan,1971,11.463123333333334
Bhutan,1972,11.971198333333334
Bhutan,1973,12.012365
Bhutan,1974,12.0247725
Bhutan,1975,11.9764125
Bhutan,1976,11.946905000000001
Bhutan,1977,11.688728333333332
Bhutan,1978,11.542958333333333
Bhutan,1979,12.13212
Bhutan,1980,11.963523333333333
Bhutan,1981,11.830615
Bhutan,1982,11.779426666666666
Bhutan,1983,11.481123333333334
Bhutan,1984,12.111469166666666
Bhutan,1985,12.106655833333333
Bhutan,1986,11.672370833333332
Bhutan,1987,11.935299166666667
Bhutan,1988,12.370658333333333
Bhutan,1989,12.004904166666668
Bhutan,1990,11.949221666666666
Bhutan,1991,11.639903333333335
Bhutan,1992,11.385504166666665
Bhutan,1993,11.829296666666666
Bhutan,1994,11.9935525
Bhutan,1995,12.265084166666666
Bhutan,1996,12.054605833333333
Bhutan,1997,11.298085
Bhutan,1998,12.511583333333334
Bhutan,1999,12.658811666666667
Bhutan,2000,11.784720833333333
Bhutan,2001,12.428941666666667
Bhutan,2002,12.132570000000001
Bhutan,2003,12.202200833333334
Bhutan,2004,12.218453333333334
Bhutan,2005,12.474174166666666
Bhutan,2006,12.925391666666668
Bhutan,2007,12.749590833333334
Bhutan,2008,12.383114166666667
Bhutan,2009,13.130395833333333
Bhutan,2010,13.049705833333334
Bhutan,2011,12.312866666666666
Bhutan,2012,12.049236666666667
Bhutan,2013,12.190745
Bhutan,2014,12.279570833333333
Bhutan,2015,12.107830833333333
Bhutan,2016,12.541165833333332
Bolivia,1901,21.490799999999997
Bolivia,1902,21.408883333333335
Bolivia,1903,20.909908333333334
Bolivia,1904,20.667783333333333
Bolivia,1905,21.124325000000002
Bolivia,1906,21.1257
Bolivia,1907,20.791691666666665
Bolivia,1908,20.867483333333332
Bolivia,1909,20.653941666666665
Bolivia,1910,20.84306666666667
Bolivia,1911,20.578941666666665
Bolivia,1912,20.752933333333335
Bolivia,1913,20.44050833333333
Bolivia,1914,20.647708333333334
Bolivia,1915,20.978666666666665
Bolivia,1916,20.330658333333332
Bolivia,1917,19.792591666666667
Bolivia,1918,20.693983333333332
Bolivia,1919,21.453025
Bolivia,1920,20.968558333333334
Bolivia,1921,20.81705
Bolivia,1922,20.766816666666667
Bolivia,1923,20.801916666666667
Bolivia,1924,20.912991666666667
Bolivia,1925,20.960133333333335
Bolivia,1926,21.548441666666665
Bolivia,1927,21.046541666666666
Bolivia,1928,21.231983333333332
Bolivia,1929,21.05015
Bolivia,1930,21.161366666666666
Bolivia,1931,21.08073333333333
Bolivia,1932,21.223758333333333
Bolivia,1933,20.9545
Bolivia,1934,20.9619
Bolivia,1935,21.244258333333335
Bolivia,1936,21.448525
Bolivia,1937,21.338624999999997
Bolivia,1938,21.117816666666666
Bolivia,1939,21.30955833333333
Bolivia,1940,21.594383333333337
Bolivia,1941,21.38848333333333
Bolivia,1942,21.0156
Bolivia,1943,21.048399999999997
Bolivia,1944,21.289466666666666
Bolivia,1945,21.1734
Bolivia,1946,20.937491666666666
Bolivia,1947,20.590975
Bolivia,1948,20.802875
Bolivia,1949,20.619858333333333
Bolivia,1950,20.615125000000003
Bolivia,1951,20.638783333333333
Bolivia,1952,20.608925
Bolivia,1953,21.111050000000002
Bolivia,1954,20.768683333333332
Bolivia,1955,20.696725
Bolivia,1956,20.192408333333333
Bolivia,1957,20.690883333333332
Bolivia,1958,21.008100000000002
Bolivia,1959,20.915608333333335
Bolivia,1960,20.466408333333334
Bolivia,1961,21.317333333333334
Bolivia,1962,20.762841666666667
Bolivia,1963,21.33620833333333
Bolivia,1964,20.847641666666664
Bolivia,1965,21.1703
Bolivia,1966,21.272949999999998
Bolivia,1967,21.376366666666666
Bolivia,1968,21.105375
Bolivia,1969,21.751408333333334
Bolivia,1970,21.421966666666666
Bolivia,1971,20.6491
Bolivia,1972,21.15350833333333
Bolivia,1973,21.146608333333333
Bolivia,1974,20.548325000000002
Bolivia,1975,20.694383333333334
Bolivia,1976,20.445116666666667
Bolivia,1977,20.698166666666665
Bolivia,1978,20.65995
Bolivia,1979,20.505066666666668
Bolivia,1980,20.752191666666665
Bolivia,1981,20.37705
Bolivia,1982,20.730058333333336
Bolivia,1983,21.177841666666666
Bolivia,1984,20.863375
Bolivia,1985,21.159141666666667
Bolivia,1986,21.130391666666664
Bolivia,1987,21.563725
Bolivia,1988,21.298766666666666
Bolivia,1989,20.631841666666666
Bolivia,1990,20.770783333333334
Bolivia,1991,21.140175
Bolivia,1992,20.799666666666667
Bolivia,1993,21.066066666666668
Bolivia,1994,21.527824999999996
Bolivia,1995,21.205741666666665
Bolivia,1996,20.659766666666666
Bolivia,1997,21.19386666666667
Bolivia,1998,21.23435
Bolivia,1999,20.576308333333333
Bolivia,2000,20.733975
Bolivia,2001,20.703858333333333
Bolivia,2002,20.888608333333334
Bolivia,2003,20.593083333333333
Bolivia,2004,20.983766666666664
Bolivia,2005,20.7067
Bolivia,2006,20.8484
Bolivia,2007,20.535666666666668
Bolivia,2008,20.43375
Bolivia,2009,20.791375
Bolivia,2010,20.856933333333334
Bolivia,2011,20.824091666666664
Bolivia,2012,20.806475
Bolivia,2013,20.56765833333333
Bolivia,2014,21.230866666666667
Bolivia,2015,21.458108333333332
Bolivia,2016,21.07715
Bosnia And Herzegovina,1901,8.8135725
Bosnia And Herzegovina,1902,8.841995833333334
Bosnia And Herzegovina,1903,9.511364166666667
Bosnia And Herzegovina,1904,9.644174166666668
Bosnia And Herzegovina,1905,9.198806666666666
Bosnia And Herzegovina,1906,9.102325
Bosnia And Herzegovina,1907,9.110923333333334
Bosnia And Herzegovina,1908,8.608154166666667
Bosnia And Herzegovina,1909,8.96715
Bosnia And Herzegovina,1910,9.759215833333334
Bosnia And Herzegovina,1911,9.760362500000001
Bosnia And Herzegovina,1912,8.766320833333333
Bosnia And Herzegovina,1913,9.095414166666666
Bosnia And Herzegovina,1914,8.624238333333333
Bosnia And Herzegovina,1915,9.222925
Bosnia And Herzegovina,1916,9.9547775
Bosnia And Herzegovina,1917,9.007831666666666
Bosnia And Herzegovina,1918,9.239335833333334
Bosnia And Herzegovina,1919,8.839920000000001
Bosnia And Herzegovina,1920,9.73016
Bosnia And Herzegovina,1921,9.6849575
Bosnia And Herzegovina,1922,8.8312125
Bosnia And Herzegovina,1923,10.0323025
Bosnia And Herzegovina,1924,8.743695
Bosnia And Herzegovina,1925,9.288676666666666
Bosnia And Herzegovina,1926,9.922855
Bosnia And Herzegovina,1927,10.0290725
Bosnia And Herzegovina,1928,9.681188333333333
Bosnia And Herzegovina,1929,8.838154999999999
Bosnia And Herzegovina,1930,10.113089166666667
Bosnia And Herzegovina,1931,8.976486666666666
Bosnia And Herzegovina,1932,9.2747025
Bosnia And Herzegovina,1933,8.412664166666667
Bosnia And Herzegovina,1934,10.360018333333334
Bosnia And Herzegovina,1935,9.311745
Bosnia And Herzegovina,1936,9.723672500000001
Bosnia And Herzegovina,1937,9.656632499999999
Bosnia And Herzegovina,1938,9.350379166666666
Bosnia And Herzegovina,1939,9.529764166666666
Bosnia And Herzegovina,1940,7.786961666666667
Bosnia And Herzegovina,1941,8.3772375
Bosnia And Herzegovina,1942,8.973486666666666
Bosnia And Herzegovina,1943,10.0328575
Bosnia And Herzegovina,1944,9.235190833333334
Bosnia And Herzegovina,1945,9.865420833333333
Bosnia And Herzegovina,1946,10.205451666666667
Bosnia And Herzegovina,1947,10.021588333333334
Bosnia And Herzegovina,1948,9.810285
Bosnia And Herzegovina,1949,9.918133333333333
Bosnia And Herzegovina,1950,10.58984
Bosnia And Herzegovina,1951,10.575998333333333
Bosnia And Herzegovina,1952,10.0743575
Bosnia And Herzegovina,1953,9.511271666666667
Bosnia And Herzegovina,1954,8.740574166666667
Bosnia And Herzegovina,1955,9.268935
Bosnia And Herzegovina,1956,8.492859166666667
Bosnia And Herzegovina,1957,9.78313
Bosnia And Herzegovina,1958,10.028615833333333
Bosnia And Herzegovina,1959,9.451386666666666
Bosnia And Herzegovina,1960,9.886681666666666
Bosnia And Herzegovina,1961,10.260323333333334
Bosnia And Herzegovina,1962,9.135240833333333
Bosnia And Herzegovina,1963,9.280490833333333
Bosnia And Herzegovina,1964,9.066985833333334
Bosnia And Herzegovina,1965,9.047055833333333
Bosnia And Herzegovina,1966,9.934195833333334
Bosnia And Herzegovina,1967,9.644475833333333
Bosnia And Herzegovina,1968,9.592186666666667
Bosnia And Herzegovina,1969,9.064131666666666
Bosnia And Herzegovina,1970,9.250309166666666
Bosnia And Herzegovina,1971,9.368895
Bosnia And Herzegovina,1972,9.493028333333333
Bosnia And Herzegovina,1973,9.228389166666666
Bosnia And Herzegovina,1974,9.6015375
Bosnia And Herzegovina,1975,9.725324166666667
Bosnia And Herzegovina,1976,8.8941925
Bosnia And Herzegovina,1977,9.90329
Bosnia And Herzegovina,1978,8.699830833333333
Bosnia And Herzegovina,1979,9.777166666666666
Bosnia And Herzegovina,1980,8.659130833333334
Bosnia And Herzegovina,1981,9.515638333333333
Bosnia And Herzegovina,1982,9.9091325
Bosnia And Herzegovina,1983,9.851650000000001
Bosnia And Herzegovina,1984,9.138416666666666
Bosnia And Herzegovina,1985,9.169180833333334
Bosnia And Herzegovina,1986,9.449585833333334
Bosnia And Herzegovina,1987,9.257915
Bosnia And Herzegovina,1988,9.881723333333333
Bosnia And Herzegovina,1989,9.9073125
Bosnia And Herzegovina,1990,10.342769166666667
Bosnia And Herzegovina,1991,9.235470833333332
Bosnia And Herzegovina,1992,10.350694166666667
Bosnia And Herzegovina,1993,9.90267
Bosnia And Herzegovina,1994,11.1043425
Bosnia And Herzegovina,1995,9.813359166666666
Bosnia And Herzegovina,1996,9.230685
Bosnia And Herzegovina,1997,9.753325
Bosnia And Herzegovina,1998,10.139963333333332
Bosnia And Herzegovina,1999,10.288398333333333
Bosnia And Herzegovina,2000,11.265015833333335
Bosnia And Herzegovina,2001,10.316460000000001
Bosnia And Herzegovina,2002,10.951408333333333
Bosnia And Herzegovina,2003,10.367110833333333
Bosnia And Herzegovina,2004,10.006659166666667
Bosnia And Herzegovina,2005,9.484980833333333
Bosnia And Herzegovina,2006,10.305615833333333
Bosnia And Herzegovina,2007,11.211138333333333
Bosnia And Herzegovina,2008,11.117529166666666
Bosnia And Herzegovina,2009,10.992741666666667
Bosnia And Herzegovina,2010,10.181811666666666
Bosnia And Herzegovina,2011,10.839736666666667
Bosnia And Herzegovina,2012,11.143554166666668
Bosnia And Herzegovina,2013,10.9579425
Bosnia And Herzegovina,2014,11.423645833333333
Bosnia And Herzegovina,2015,11.3568625
Bosnia And Herzegovina,2016,10.975296666666667
Botswana,1901,21.187575
Botswana,1902,21.19305
Botswana,1903,21.333375
Botswana,1904,20.70175
Botswana,1905,21.330025000000003
Botswana,1906,20.661083333333334
Botswana,1907,20.368241666666666
Botswana,1908,21.119183333333336
Botswana,1909,20.84991666666667
Botswana,1910,20.537866666666666
Botswana,1911,20.67524166666667
Botswana,1912,21.330316666666665
Botswana,1913,21.495041666666665
Botswana,1914,21.676291666666668
Botswana,1915,21.186091666666666
Botswana,1916,21.29863333333333
Botswana,1917,20.961258333333333
Botswana,1918,20.552975
Botswana,1919,21.010225000000002
Botswana,1920,21.25198333333333
Botswana,1921,20.839316666666665
Botswana,1922,21.8706
Botswana,1923,21.49005
Botswana,1924,20.96835
Botswana,1925,20.798466666666666
Botswana,1926,21.1507
Botswana,1927,21.264558333333333
Botswana,1928,21.67703333333333
Botswana,1929,21.472316666666668
Botswana,1930,21.056900000000002
Botswana,1931,21.83204166666667
Botswana,1932,21.609750000000002
Botswana,1933,21.627724999999998
Botswana,1934,21.673550000000002
Botswana,1935,21.01155
Botswana,1936,21.11406666666667
Botswana,1937,21.119675
Botswana,1938,21.473066666666668
Botswana,1939,20.840241666666667
Botswana,1940,21.599433333333334
Botswana,1941,21.97690833333333
Botswana,1942,21.943258333333333
Botswana,1943,21.191858333333332
Botswana,1944,21.69615
Botswana,1945,21.630516666666665
Botswana,1946,21.82420833333333
Botswana,1947,21.919141666666665
Botswana,1948,21.41186666666667
Botswana,1949,21.89741666666667
Botswana,1950,21.611900000000002
Botswana,1951,21.260683333333333
Botswana,1952,21.678183333333333
Botswana,1953,20.986541666666668
Botswana,1954,21.133058333333334
Botswana,1955,20.769408333333335
Botswana,1956,21.158166666666666
Botswana,1957,21.808408333333333
Botswana,1958,21.639916666666664
Botswana,1959,21.639833333333332
Botswana,1960,21.4653
Botswana,1961,21.350425
Botswana,1962,21.527866666666668
Botswana,1963,21.015308333333333
Botswana,1964,21.237391666666667
Botswana,1965,21.368066666666667
Botswana,1966,21.657825
Botswana,1967,20.969908333333333
Botswana,1968,21.156241666666666
Botswana,1969,21.567791666666665
Botswana,1970,21.93981666666667
Botswana,1971,21.273075000000002
Botswana,1972,21.34720833333333
Botswana,1973,21.562316666666664
Botswana,1974,20.6767
Botswana,1975,20.936400000000003
Botswana,1976,20.513125
Botswana,1977,21.4637
Botswana,1978,21.123216666666668
Botswana,1979,21.606525
Botswana,1980,21.153675
Botswana,1981,21.077508333333334
Botswana,1982,21.780641666666668
Botswana,1983,22.366483333333335
Botswana,1984,22.096266666666665
Botswana,1985,21.8993
Botswana,1986,21.775166666666667
Botswana,1987,22.315558333333332
Botswana,1988,21.540966666666666
Botswana,1989,21.4207
Botswana,1990,21.955191666666668
Botswana,1991,21.689783333333335
Botswana,1992,22.59906666666667
Botswana,1993,22.172008333333334
Botswana,1994,21.632525
Botswana,1995,22.30219166666667
Botswana,1996,21.714325000000002
Botswana,1997,21.862466666666666
Botswana,1998,22.521058333333333
Botswana,1999,22.328783333333334
Botswana,2000,21.560033333333333
Botswana,2001,22.052325
Botswana,2002,22.330575
Botswana,2003,22.546158333333334
Botswana,2004,22.595699999999997
Botswana,2005,23.00594166666667
Botswana,2006,22.044966666666667
Botswana,2007,22.3993
Botswana,2008,22.51375
Botswana,2009,22.666891666666668
Botswana,2010,22.616075
Botswana,2011,22.013075
Botswana,2012,22.3416
Botswana,2013,22.1765
Botswana,2014,22.204958333333334
Botswana,2015,22.855416666666667
Botswana,2016,22.940175
Brazil,1901,25.068708333333333
Brazil,1902,25.2698
Brazil,1903,24.96305
Brazil,1904,24.551550000000002
Brazil,1905,24.990866666666665
Brazil,1906,24.894274999999997
Brazil,1907,24.762033333333335
Brazil,1908,24.94434166666667
Brazil,1909,24.878291666666666
Brazil,1910,24.835008333333334
Brazil,1911,24.67810833333333
Brazil,1912,24.77140833333333
Brazil,1913,24.650908333333334
Brazil,1914,24.922983333333335
Brazil,1915,25.025891666666666
Brazil,1916,24.543583333333334
Brazil,1917,24.015341666666668
Brazil,1918,24.554041666666667
Brazil,1919,24.994249999999997
Brazil,1920,24.579241666666665
Brazil,1921,24.340266666666665
Brazil,1922,24.350108333333335
Brazil,1923,24.41156666666667
Brazil,1924,24.301275
Brazil,1925,24.4705
Brazil,1926,24.858825
Brazil,1927,24.373808333333333
Brazil,1928,24.581950000000003
Brazil,1929,24.39448333333333
Brazil,1930,24.712658333333334
Brazil,1931,24.656975
Brazil,1932,24.801841666666665
Brazil,1933,24.421591666666668
Brazil,1934,24.379808333333333
Brazil,1935,24.608116666666664
Brazil,1936,24.84575
Brazil,1937,24.79025833333333
Brazil,1938,24.653791666666667
Brazil,1939,24.742258333333336
Brazil,1940,24.983608333333336
Brazil,1941,25.15325
Brazil,1942,24.936016666666664
Brazil,1943,24.722566666666665
Brazil,1944,25.070066666666666
Brazil,1945,24.872508333333332
Brazil,1946,24.902533333333334
Brazil,1947,24.70488333333333
Brazil,1948,24.827566666666666
Brazil,1949,24.562458333333336
Brazil,1950,24.564841666666666
Brazil,1951,24.585491666666666
Brazil,1952,24.761750000000003
Brazil,1953,24.865174999999997
Brazil,1954,24.88976666666667
Brazil,1955,24.646041666666665
Brazil,1956,24.352866666666667
Brazil,1957,24.72390833333333
Brazil,1958,25.196158333333333
Brazil,1959,25.038341666666668
Brazil,1960,24.732341666666667
Brazil,1961,25.198916666666666
Brazil,1962,24.870091666666667
Brazil,1963,25.248683333333332
Brazil,1964,24.848399999999998
Brazil,1965,25.04885
Brazil,1966,25.17340833333333
Brazil,1967,25.07975
Brazil,1968,24.712625000000003
Brazil,1969,25.336250000000003
Brazil,1970,25.177599999999998
Brazil,1971,24.509558333333334
Brazil,1972,25.033266666666666
Brazil,1973,25.080133333333333
Brazil,1974,24.443175
Brazil,1975,24.506708333333336
Brazil,1976,24.476708333333335
Brazil,1977,24.940625
Brazil,1978,24.767816666666665
Brazil,1979,24.764483333333335
Brazil,1980,24.948400000000003
Brazil,1981,24.7294
Brazil,1982,24.890958333333334
Brazil,1983,25.086
Brazil,1984,24.88070833333333
Brazil,1985,24.828325000000003
Brazil,1986,24.99325
Brazil,1987,25.38508333333333
Brazil,1988,25.109075
Brazil,1989,24.785816666666665
Brazil,1990,25.134833333333333
Brazil,1991,25.08996666666667
Brazil,1992,24.927425
Brazil,1993,25.05065833333333
Brazil,1994,25.13501666666667
Brazil,1995,25.361183333333333
Brazil,1996,25.111575000000002
Brazil,1997,25.40525
Brazil,1998,25.78023333333333
Brazil,1999,25.222941666666667
Brazil,2000,25.19180833333333
Brazil,2001,25.468083333333336
Brazil,2002,25.737341666666666
Brazil,2003,25.57133333333333
Brazil,2004,25.481775
Brazil,2005,25.770675
Brazil,2006,25.56125833333333
Brazil,2007,25.647341666666666
Brazil,2008,25.373949999999997
Brazil,2009,25.55078333333333
Brazil,2010,25.817241666666664
Brazil,2011,25.498866666666668
Brazil,2012,25.70980833333333
Brazil,2013,25.6654
Brazil,2014,25.814783333333335
Brazil,2015,26.162166666666664
Brazil,2016,26.019283333333334
Brunei,1901,25.335108333333334
Brunei,1902,25.328158333333334
Brunei,1903,24.736658333333335
Brunei,1904,24.065908333333336
Brunei,1905,24.491024999999997
Brunei,1906,24.76749166666667
Brunei,1907,24.398675
Brunei,1908,24.617525
Brunei,1909,24.659216666666666
Brunei,1910,24.617958333333334
Brunei,1911,24.56025
Brunei,1912,25.010166666666667
Brunei,1913,24.783433333333335
Brunei,1914,25.075441666666666
Brunei,1915,25.450975
Brunei,1916,24.680308333333333
Brunei,1917,24.610691666666668
Brunei,1918,24.333791666666666
Brunei,1919,25.09159166666667
Brunei,1920,24.933441666666667
Brunei,1921,24.75153333333333
Brunei,1922,24.934291666666667
Brunei,1923,24.7891
Brunei,1924,25.052899999999998
Brunei,1925,24.828725000000002
Brunei,1926,25.034308333333332
Brunei,1927,25.1677
Brunei,1928,25.213258333333332
Brunei,1929,24.694033333333334
Brunei,1930,25.291616666666666
Brunei,1931,25.617558333333335
Brunei,1932,25.080191666666664
Brunei,1933,25.21405833333333
Brunei,1934,24.879525
Brunei,1935,25.20335
Brunei,1936,25.310666666666666
Brunei,1937,25.410875
Brunei,1938,25.177383333333335
Brunei,1939,25.228375
Brunei,1940,25.387091666666667
Brunei,1941,25.896708333333333
Brunei,1942,25.31565833333333
Brunei,1943,25.31565833333333
Brunei,1944,25.31565833333333
Brunei,1945,25.31565833333333
Brunei,1946,25.323800000000002
Brunei,1947,25.889883333333334
Brunei,1948,24.884758333333334
Brunei,1949,24.86985
Brunei,1950,25.60745833333333
Brunei,1951,25.79873333333333
Brunei,1952,25.695774999999998
Brunei,1953,25.84311666666667
Brunei,1954,25.608083333333337
Brunei,1955,25.4541
Brunei,1956,25.289424999999998
Brunei,1957,25.673025
Brunei,1958,25.767625
Brunei,1959,25.479041666666664
Brunei,1960,25.602191666666666
Brunei,1961,25.232566666666667
Brunei,1962,25.086125
Brunei,1963,25.083491666666664
Brunei,1964,25.137475
Brunei,1965,24.984283333333334
Brunei,1966,25.351691666666667
Brunei,1967,25.10676666666667
Brunei,1968,25.05705
Brunei,1969,25.237916666666667
Brunei,1970,25.136858333333333
Brunei,1971,25.186016666666664
Brunei,1972,25.594308333333334
Brunei,1973,25.706433333333333
Brunei,1974,25.251424999999998
Brunei,1975,25.278216666666665
Brunei,1976,24.87794166666667
Brunei,1977,25.08355
Brunei,1978,25.257450000000002
Brunei,1979,25.34420833333333
Brunei,1980,25.35121666666667
Brunei,1981,25.506408333333336
Brunei,1982,25.551833333333335
Brunei,1983,25.871058333333334
Brunei,1984,25.111341666666664
Brunei,1985,25.326425
Brunei,1986,25.351916666666668
Brunei,1987,25.684241666666665
Brunei,1988,25.50406666666667
Brunei,1989,25.31180833333333
Brunei,1990,25.611516666666663
Brunei,1991,25.655
Brunei,1992,25.54828333333333
Brunei,1993,25.456558333333334
Brunei,1994,25.559008333333335
Brunei,1995,25.556308333333334
Brunei,1996,25.465875
Brunei,1997,25.78409166666667
Brunei,1998,26.1978
Brunei,1999,25.652616666666663
Brunei,2000,25.7
Brunei,2001,25.771208333333334
Brunei,2002,25.882
Brunei,2003,25.7295
Brunei,2004,25.6457
Brunei,2005,25.725174999999997
Brunei,2006,25.6862
Brunei,2007,25.580991666666666
Brunei,2008,25.322075
Brunei,2009,25.717533333333332
Brunei,2010,25.707408333333333
Brunei,2011,25.567774999999997
Brunei,2012,25.790983333333333
Brunei,2013,25.87976666666667
Brunei,2014,25.682925
Brunei,2015,26.02230833333333
Brunei,2016,26.349608333333332
Bulgaria,1901,10.481191666666668
Bulgaria,1902,9.871396666666667
Bulgaria,1903,10.792249166666666
Bulgaria,1904,10.33037
Bulgaria,1905,10.477909166666667
Bulgaria,1906,10.676621666666668
Bulgaria,1907,9.9379425
Bulgaria,1908,9.846556666666666
Bulgaria,1909,10.410810833333333
Bulgaria,1910,11.071449166666667
Bulgaria,1911,10.37825
Bulgaria,1912,9.834506666666666
Bulgaria,1913,10.0659025
Bulgaria,1914,9.862475833333333
Bulgaria,1915,10.833395833333332
Bulgaria,1916,11.347381666666665
Bulgaria,1917,10.49333
Bulgaria,1918,10.571909166666666
Bulgaria,1919,10.491415833333333
Bulgaria,1920,10.043720833333333
Bulgaria,1921,10.195485
Bulgaria,1922,10.133325000000001
Bulgaria,1923,11.457565833333334
Bulgaria,1924,9.993489166666667
Bulgaria,1925,10.826584166666665
Bulgaria,1926,11.12715
Bulgaria,1927,11.267693333333334
Bulgaria,1928,10.371478333333334
Bulgaria,1929,9.972205
Bulgaria,1930,11.182579166666669
Bulgaria,1931,10.381855833333333
Bulgaria,1932,10.33422
Bulgaria,1933,9.187384166666666
Bulgaria,1934,11.352881666666667
Bulgaria,1935,10.51694
Bulgaria,1936,11.067558333333332
Bulgaria,1937,11.373401666666666
Bulgaria,1938,10.823955833333335
Bulgaria,1939,10.886034166666667
Bulgaria,1940,9.365219166666668
Bulgaria,1941,9.898831666666666
Bulgaria,1942,9.710393333333334
Bulgaria,1943,10.445261666666667
Bulgaria,1944,10.393803333333333
Bulgaria,1945,10.465085
Bulgaria,1946,11.153005
Bulgaria,1947,10.984245833333333
Bulgaria,1948,10.272768333333334
Bulgaria,1949,10.294956666666666
Bulgaria,1950,11.427584166666668
Bulgaria,1951,11.499330833333334
Bulgaria,1952,11.4944875
Bulgaria,1953,10.128164166666666
Bulgaria,1954,10.115543333333333
Bulgaria,1955,10.966270833333333
Bulgaria,1956,9.763393333333333
Bulgaria,1957,10.807929166666666
Bulgaria,1958,11.089478333333334
Bulgaria,1959,10.132479166666666
Bulgaria,1960,11.180399166666668
Bulgaria,1961,10.977959166666666
Bulgaria,1962,10.842974166666666
Bulgaria,1963,10.528861666666666
Bulgaria,1964,10.167593333333334
Bulgaria,1965,10.102475
Bulgaria,1966,11.629595833333333
Bulgaria,1967,10.48903
Bulgaria,1968,10.820476666666666
Bulgaria,1969,10.2552175
Bulgaria,1970,10.83705
Bulgaria,1971,10.5091125
Bulgaria,1972,10.614465
Bulgaria,1973,10.25831
Bulgaria,1974,10.4545425
Bulgaria,1975,10.729366666666666
Bulgaria,1976,9.7156
Bulgaria,1977,10.91455
Bulgaria,1978,10.157839166666667
Bulgaria,1979,10.966428333333333
Bulgaria,1980,9.900625
Bulgaria,1981,10.651371666666666
Bulgaria,1982,10.4419875
Bulgaria,1983,10.609365
Bulgaria,1984,10.398165833333334
Bulgaria,1985,10.0318625
Bulgaria,1986,10.559485833333333
Bulgaria,1987,10.0995525
Bulgaria,1988,10.606354166666668
Bulgaria,1989,10.798574166666667
Bulgaria,1990,11.275932500000001
Bulgaria,1991,10.066225000000001
Bulgaria,1992,10.5551
Bulgaria,1993,10.303794166666666
Bulgaria,1994,11.7276075
Bulgaria,1995,10.702344166666668
Bulgaria,1996,10.210101666666667
Bulgaria,1997,10.129556666666668
Bulgaria,1998,10.903997500000001
Bulgaria,1999,11.594714166666668
Bulgaria,2000,11.66124
Bulgaria,2001,11.540752499999998
Bulgaria,2002,11.629150000000001
Bulgaria,2003,10.729071666666668
Bulgaria,2004,11.1483525
Bulgaria,2005,10.760795833333333
Bulgaria,2006,10.979334999999999
Bulgaria,2007,12.010596666666666
Bulgaria,2008,11.959538333333333
Bulgaria,2009,11.880224166666666
Bulgaria,2010,11.861068333333334
Bulgaria,2011,10.939181666666668
Bulgaria,2012,11.995128333333334
Bulgaria,2013,12.077754166666667
Bulgaria,2014,12.092296666666668
Bulgaria,2015,11.958884166666666
Bulgaria,2016,12.065755833333334
Burkina Faso,1901,27.528233333333333
Burkina Faso,1902,27.882358333333332
Burkina Faso,1903,28.064708333333332
Burkina Faso,1904,28.258308333333332
Burkina Faso,1905,27.745083333333337
Burkina Faso,1906,28.169641666666667
Burkina Faso,1907,27.83945
Burkina Faso,1908,28.095858333333336
Burkina Faso,1909,28.005858333333332
Burkina Faso,1910,28.17741666666667
Burkina Faso,1911,27.494566666666667
Burkina Faso,1912,28.207725
Burkina Faso,1913,28.106666666666666
Burkina Faso,1914,28.571383333333333
Burkina Faso,1915,27.136499999999998
Burkina Faso,1916,26.360016666666667
Burkina Faso,1917,26.727566666666664
Burkina Faso,1918,26.38445
Burkina Faso,1919,28.19666666666667
Burkina Faso,1920,28.28395
Burkina Faso,1921,28.245908333333333
Burkina Faso,1922,27.501716666666667
Burkina Faso,1923,27.6323
Burkina Faso,1924,28.14063333333333
Burkina Faso,1925,27.8152
Burkina Faso,1926,27.862908333333333
Burkina Faso,1927,27.093433333333333
Burkina Faso,1928,27.185383333333334
Burkina Faso,1929,27.16270833333333
Burkina Faso,1930,27.744574999999998
Burkina Faso,1931,28.430691666666664
Burkina Faso,1932,28.193016666666665
Burkina Faso,1933,28.037499999999998
Burkina Faso,1934,28.487516666666664
Burkina Faso,1935,28.921400000000002
Burkina Faso,1936,28.24445833333333
Burkina Faso,1937,29.433758333333333
Burkina Faso,1938,29.69513333333333
Burkina Faso,1939,29.07655
Burkina Faso,1940,28.36021666666667
Burkina Faso,1941,28.708583333333333
Burkina Faso,1942,28.574141666666666
Burkina Faso,1943,28.048691666666667
Burkina Faso,1944,28.518475
Burkina Faso,1945,28.1212
Burkina Faso,1946,27.927241666666664
Burkina Faso,1947,28.586875000000003
Burkina Faso,1948,27.897875
Burkina Faso,1949,28.540450000000003
Burkina Faso,1950,27.622441666666663
Burkina Faso,1951,28.234508333333334
Burkina Faso,1952,27.921450000000004
Burkina Faso,1953,27.945891666666668
Burkina Faso,1954,27.853291666666667
Burkina Faso,1955,27.759500000000003
Burkina Faso,1956,27.926983333333336
Burkina Faso,1957,27.867216666666668
Burkina Faso,1958,28.387608333333333
Burkina Faso,1959,28.307333333333332
Burkina Faso,1960,27.9974
Burkina Faso,1961,27.615624999999998
Burkina Faso,1962,27.800166666666666
Burkina Faso,1963,28.1951
Burkina Faso,1964,27.858016666666668
Burkina Faso,1965,27.763283333333334
Burkina Faso,1966,28.092083333333335
Burkina Faso,1967,27.821383333333333
Burkina Faso,1968,28.073341666666664
Burkina Faso,1969,28.665125
Burkina Faso,1970,28.44344166666667
Burkina Faso,1971,28.033833333333334
Burkina Faso,1972,28.169749999999997
Burkina Faso,1973,28.586883333333333
Burkina Faso,1974,27.764108333333336
Burkina Faso,1975,27.6263
Burkina Faso,1976,27.547741666666667
Burkina Faso,1977,28.068841666666668
Burkina Faso,1978,28.117058333333333
Burkina Faso,1979,28.186183333333332
Burkina Faso,1980,28.542583333333337
Burkina Faso,1981,28.3626
Burkina Faso,1982,28.099958333333333
Burkina Faso,1983,28.652066666666666
Burkina Faso,1984,28.616516666666666
Burkina Faso,1985,28.496925
Burkina Faso,1986,28.244699999999998
Burkina Faso,1987,29.163908333333335
Burkina Faso,1988,28.463250000000002
Burkina Faso,1989,28.213841666666667
Burkina Faso,1990,28.756333333333334
Burkina Faso,1991,28.37376666666667
Burkina Faso,1992,27.997508333333332
Burkina Faso,1993,28.559483333333333
Burkina Faso,1994,28.010133333333332
Burkina Faso,1995,28.36355
Burkina Faso,1996,28.602433333333334
Burkina Faso,1997,28.572408333333332
Burkina Faso,1998,28.94465
Burkina Faso,1999,28.405683333333332
Burkina Faso,2000,28.52456666666667
Burkina Faso,2001,28.664741666666668
Burkina Faso,2002,28.920216666666665
Burkina Faso,2003,28.82043333333333
Burkina Faso,2004,28.866249999999997
Burkina Faso,2005,29.1369
Burkina Faso,2006,28.771933333333333
Burkina Faso,2007,28.834866666666667
Burkina Faso,2008,28.361033333333335
Burkina Faso,2009,29.001258333333336
Burkina Faso,2010,29.057591666666667
Burkina Faso,2011,28.950541666666666
Burkina Faso,2012,28.618416666666665
Burkina Faso,2013,28.829975
Burkina Faso,2014,28.909850000000002
Burkina Faso,2015,28.926075
Burkina Faso,2016,29.139641666666666
Burundi,1901,20.172341666666668
Burundi,1902,20.460325
Burundi,1903,20.211833333333335
Burundi,1904,19.806258333333332
Burundi,1905,20.002950000000002
Burundi,1906,19.485274999999998
Burundi,1907,19.468725
Burundi,1908,20.04675
Burundi,1909,18.551666666666666
Burundi,1910,18.407391666666665
Burundi,1911,19.427308333333333
Burundi,1912,18.697966666666666
Burundi,1913,18.260383333333333
Burundi,1914,18.793716666666665
Burundi,1915,18.668716666666665
Burundi,1916,18.118716666666668
Burundi,1917,17.50205
Burundi,1918,18.010383333333333
Burundi,1919,18.32705
Burundi,1920,18.285383333333332
Burundi,1921,19.95205
Burundi,1922,19.82705
Burundi,1923,19.71871666666667
Burundi,1924,20.143716666666666
Burundi,1925,19.985383333333335
Burundi,1926,20.435383333333334
Burundi,1927,20.16871666666667
Burundi,1928,20.45205
Burundi,1929,17.785383333333332
Burundi,1930,18.135383333333333
Burundi,1931,19.830316666666665
Burundi,1932,19.305108333333333
Burundi,1933,19.409566666666667
Burundi,1934,19.416291666666666
Burundi,1935,19.634225
Burundi,1936,19.536158333333333
Burundi,1937,19.42696666666667
Burundi,1938,19.741091666666666
Burundi,1939,19.739483333333332
Burundi,1940,20.069866666666666
Burundi,1941,20.270041666666668
Burundi,1942,19.758208333333332
Burundi,1943,19.873391666666667
Burundi,1944,19.902308333333334
Burundi,1945,19.890016666666668
Burundi,1946,19.942016666666667
Burundi,1947,19.73545
Burundi,1948,20.017725000000002
Burundi,1949,20.411083333333334
Burundi,1950,19.565133333333332
Burundi,1951,19.913675
Burundi,1952,20.18965
Burundi,1953,20.347308333333334
Burundi,1954,20.144991666666666
Burundi,1955,20.07218333333333
Burundi,1956,19.907149999999998
Burundi,1957,20.236658333333335
Burundi,1958,20.49655
Burundi,1959,20.253466666666668
Burundi,1960,20.011575
Burundi,1961,20.197458333333334
Burundi,1962,19.885475
Burundi,1963,19.8644
Burundi,1964,19.898708333333335
Burundi,1965,19.945833333333333
Burundi,1966,20.28419166666667
Burundi,1967,20.0042
Burundi,1968,19.665958333333332
Burundi,1969,20.402675
Burundi,1970,20.049675
Burundi,1971,19.806516666666667
Burundi,1972,20.105583333333332
Burundi,1973,20.246908333333334
Burundi,1974,19.95925
Burundi,1975,19.940833333333334
Burundi,1976,20.214716666666664
Burundi,1977,20.3288
Burundi,1978,20.212525
Burundi,1979,20.124416666666665
Burundi,1980,20.262975
Burundi,1981,20.254883333333336
Burundi,1982,20.350225
Burundi,1983,20.70525
Burundi,1984,20.219116666666668
Burundi,1985,20.113208333333333
Burundi,1986,20.1645
Burundi,1987,20.795958333333335
Burundi,1988,20.555875
Burundi,1989,20.038008333333334
Burundi,1990,20.5007
Burundi,1991,20.519616666666668
Burundi,1992,20.504991666666665
Burundi,1993,20.488933333333335
Burundi,1994,20.432991666666666
Burundi,1995,20.922275
Burundi,1996,20.644516666666668
Burundi,1997,20.895208333333333
Burundi,1998,20.887591666666665
Burundi,1999,20.708524999999998
Burundi,2000,20.838141666666665
Burundi,2001,21.045624999999998
Burundi,2002,21.26475
Burundi,2003,21.42040833333333
Burundi,2004,21.248991666666665
Burundi,2005,21.587316666666666
Burundi,2006,20.845275
Burundi,2007,20.710666666666665
Burundi,2008,20.580666666666666
Burundi,2009,21.217258333333334
Burundi,2010,21.093633333333333
Burundi,2011,20.608158333333332
Burundi,2012,20.821633333333335
Burundi,2013,20.775758333333332
Burundi,2014,20.844458333333332
Burundi,2015,20.773516666666666
Burundi,2016,21.205258333333333
Cambodia,1901,27.180175000000002
Cambodia,1902,26.933333333333334
Cambodia,1903,26.60506666666667
Cambodia,1904,26.3896
Cambodia,1905,27.87375
Cambodia,1906,27.875308333333333
Cambodia,1907,26.649116666666668
Cambodia,1908,26.7376
Cambodia,1909,26.77701666666667
Cambodia,1910,26.588250000000002
Cambodia,1911,27.266575
Cambodia,1912,27.021900000000002
Cambodia,1913,26.605991666666668
Cambodia,1914,26.943375
Cambodia,1915,26.621716666666668
Cambodia,1916,26.243666666666666
Cambodia,1917,26.23635
Cambodia,1918,26.739808333333333
Cambodia,1919,26.946749999999998
Cambodia,1920,26.75531666666667
Cambodia,1921,26.2042
Cambodia,1922,26.636475
Cambodia,1923,26.334166666666665
Cambodia,1924,26.535008333333334
Cambodia,1925,26.405508333333334
Cambodia,1926,26.93365833333333
Cambodia,1927,26.572616666666665
Cambodia,1928,26.703166666666664
Cambodia,1929,26.64464166666667
Cambodia,1930,26.678583333333332
Cambodia,1931,26.979858333333336
Cambodia,1932,26.889533333333333
Cambodia,1933,27.02241666666667
Cambodia,1934,26.701075
Cambodia,1935,27.3813
Cambodia,1936,26.89656666666667
Cambodia,1937,26.951341666666668
Cambodia,1938,26.453675
Cambodia,1939,26.584533333333336
Cambodia,1940,27.15924166666667
Cambodia,1941,27.886658333333333
Cambodia,1942,26.93744166666667
Cambodia,1943,26.480566666666665
Cambodia,1944,26.984849999999998
Cambodia,1945,26.983258333333335
Cambodia,1946,27.05888333333333
Cambodia,1947,27.242016666666668
Cambodia,1948,26.862241666666666
Cambodia,1949,26.941958333333332
Cambodia,1950,26.716158333333336
Cambodia,1951,26.839775
Cambodia,1952,26.769958333333335
Cambodia,1953,26.824025000000002
Cambodia,1954,26.7919
Cambodia,1955,26.349616666666666
Cambodia,1956,26.292908333333333
Cambodia,1957,26.90994166666667
Cambodia,1958,26.951425
Cambodia,1959,27.063366666666667
Cambodia,1960,27.085708333333333
Cambodia,1961,26.83145
Cambodia,1962,26.633725
Cambodia,1963,26.611558333333335
Cambodia,1964,26.7775
Cambodia,1965,26.852791666666665
Cambodia,1966,27.289133333333336
Cambodia,1967,26.61714166666667
Cambodia,1968,26.985016666666667
Cambodia,1969,27.156075
Cambodia,1970,26.901275
Cambodia,1971,26.317458333333335
Cambodia,1972,26.925283333333336
Cambodia,1973,27.12176666666667
Cambodia,1974,26.561575
Cambodia,1975,26.779799999999998
Cambodia,1976,26.7069
Cambodia,1977,27.090425
Cambodia,1978,27.19220833333333
Cambodia,1979,27.583266666666663
Cambodia,1980,27.288366666666665
Cambodia,1981,26.513683333333333
Cambodia,1982,26.609866666666665
Cambodia,1983,27.030033333333336
Cambodia,1984,26.6627
Cambodia,1985,26.69304166666667
Cambodia,1986,26.674141666666667
Cambodia,1987,27.134675
Cambodia,1988,26.884091666666666
Cambodia,1989,26.94015
Cambodia,1990,27.230841666666667
Cambodia,1991,27.710350000000002
Cambodia,1992,27.440741666666668
Cambodia,1993,27.332758333333334
Cambodia,1994,27.53005
Cambodia,1995,27.359858333333335
Cambodia,1996,26.930833333333336
Cambodia,1997,27.470291666666668
Cambodia,1998,28.117549999999998
Cambodia,1999,26.885
Cambodia,2000,27.13225
Cambodia,2001,27.76845833333333
Cambodia,2002,27.919341666666668
Cambodia,2003,27.857174999999998
Cambodia,2004,27.757450000000002
Cambodia,2005,27.900508333333335
Cambodia,2006,27.410349999999998
Cambodia,2007,27.237475
Cambodia,2008,26.859949999999998
Cambodia,2009,27.22650833333333
Cambodia,2010,27.821558333333332
Cambodia,2011,26.902
Cambodia,2012,27.814666666666668
Cambodia,2013,27.367641666666668
Cambodia,2014,27.492633333333334
Cambodia,2015,27.889375
Cambodia,2016,28.162125
Cameroon,1901,24.177674999999997
Cameroon,1902,24.448075
Cameroon,1903,24.584208333333333
Cameroon,1904,24.299000000000003
Cameroon,1905,24.715416666666666
Cameroon,1906,24.675316666666664
Cameroon,1907,24.694758333333336
Cameroon,1908,24.286383333333333
Cameroon,1909,24.951691666666665
Cameroon,1910,24.202083333333334
Cameroon,1911,24.647616666666668
Cameroon,1912,24.673150000000003
Cameroon,1913,24.301916666666667
Cameroon,1914,24.762649999999997
Cameroon,1915,24.55685
Cameroon,1916,24.555433333333337
Cameroon,1917,24.557550000000003
Cameroon,1918,24.582425
Cameroon,1919,24.59374166666667
Cameroon,1920,24.520408333333336
Cameroon,1921,24.549466666666664
Cameroon,1922,24.512983333333334
Cameroon,1923,25.015258333333335
Cameroon,1924,24.816374999999997
Cameroon,1925,24.0779
Cameroon,1926,25.064058333333335
Cameroon,1927,25.103483333333333
Cameroon,1928,24.440924999999996
Cameroon,1929,23.91831666666667
Cameroon,1930,25.139341666666667
Cameroon,1931,25.793566666666667
Cameroon,1932,25.40138333333333
Cameroon,1933,24.872241666666667
Cameroon,1934,25.25385833333333
Cameroon,1935,25.470708333333334
Cameroon,1936,24.890725
Cameroon,1937,25.219975
Cameroon,1938,25.456308333333336
Cameroon,1939,25.480825
Cameroon,1940,24.574183333333334
Cameroon,1941,25.563308333333335
Cameroon,1942,25.30689166666667
Cameroon,1943,24.64115
Cameroon,1944,24.984458333333333
Cameroon,1945,24.920833333333334
Cameroon,1946,24.892341666666667
Cameroon,1947,25.07405
Cameroon,1948,24.561925000000002
Cameroon,1949,24.9837
Cameroon,1950,24.795691666666666
Cameroon,1951,24.90410833333333
Cameroon,1952,24.87290833333333
Cameroon,1953,24.812133333333335
Cameroon,1954,24.629
Cameroon,1955,24.498808333333333
Cameroon,1956,24.500383333333332
Cameroon,1957,24.836133333333333
Cameroon,1958,24.971825
Cameroon,1959,24.868791666666667
Cameroon,1960,24.84351666666667
Cameroon,1961,24.52593333333333
Cameroon,1962,24.658475
Cameroon,1963,24.92480833333333
Cameroon,1964,24.574316666666665
Cameroon,1965,24.63970833333333
Cameroon,1966,24.779749999999996
Cameroon,1967,24.47096666666667
Cameroon,1968,24.595858333333336
Cameroon,1969,24.96083333333333
Cameroon,1970,24.86315
Cameroon,1971,24.183366666666668
Cameroon,1972,24.514883333333334
Cameroon,1973,24.796841666666666
Cameroon,1974,24.130174999999998
Cameroon,1975,24.156233333333333
Cameroon,1976,24.079266666666665
Cameroon,1977,24.4658
Cameroon,1978,24.396941666666667
Cameroon,1979,24.777025
Cameroon,1980,24.751416666666668
Cameroon,1981,24.37215
Cameroon,1982,24.420125
Cameroon,1983,24.708041666666663
Cameroon,1984,24.503024999999997
Cameroon,1985,24.472933333333334
Cameroon,1986,24.469058333333333
Cameroon,1987,24.984066666666667
Cameroon,1988,24.741874999999997
Cameroon,1989,24.441958333333332
Cameroon,1990,25.040425
Cameroon,1991,24.711416666666665
Cameroon,1992,24.442449999999997
Cameroon,1993,24.624816666666664
Cameroon,1994,24.559908333333336
Cameroon,1995,24.825675
Cameroon,1996,24.654883333333334
Cameroon,1997,24.818633333333334
Cameroon,1998,25.353233333333332
Cameroon,1999,24.666358333333335
Cameroon,2000,24.67080833333333
Cameroon,2001,24.810625
Cameroon,2002,24.960841666666667
Cameroon,2003,25.044666666666668
Cameroon,2004,25.123475
Cameroon,2005,25.202591666666667
Cameroon,2006,25.01439166666667
Cameroon,2007,25.04018333333333
Cameroon,2008,24.798091666666668
Cameroon,2009,25.166616666666666
Cameroon,2010,25.34380833333333
Cameroon,2011,25.002458333333333
Cameroon,2012,24.924933333333332
Cameroon,2013,24.981908333333333
Cameroon,2014,25.036191666666667
Cameroon,2015,25.081941666666665
Cameroon,2016,25.34681666666667
Canada,1901,-7.206849166666667
Canada,1902,-7.5156125
Canada,1903,-7.545350833333333
Canada,1904,-7.886781666666667
Canada,1905,-6.950136666666666
Canada,1906,-7.284074166666667
Canada,1907,-8.357651666666667
Canada,1908,-7.402665833333334
Canada,1909,-8.101314166666667
Canada,1910,-7.418414166666667
Canada,1911,-7.800905833333334
Canada,1912,-7.31394
Canada,1913,-7.668940833333333
Canada,1914,-7.722108333333334
Canada,1915,-6.437328333333333
Canada,1916,-7.820209166666667
Canada,1917,-8.488470833333333
Canada,1918,-8.050603333333333
Canada,1919,-7.777241666666666
Canada,1920,-7.471489166666667
Canada,1921,-7.2348525
Canada,1922,-7.967010833333333
Canada,1923,-7.419009166666666
Canada,1924,-7.152989166666667
Canada,1925,-7.394761666666668
Canada,1926,-7.087094166666667
Canada,1927,-7.571000000000001
Canada,1928,-6.5754850000000005
Canada,1929,-7.5760683333333345
Canada,1930,-6.623482500000001
Canada,1931,-5.998361666666667
Canada,1932,-7.346057500000001
Canada,1933,-8.3159125
Canada,1934,-7.364195
Canada,1935,-7.635470833333334
Canada,1936,-8.058993333333333
Canada,1937,-6.757688333333333
Canada,1938,-6.2647975
Canada,1939,-7.014254166666667
Canada,1940,-6.0614925
Canada,1941,-6.591237500000001
Canada,1942,-6.430413333333334
Canada,1943,-6.6121075000000005
Canada,1944,-5.881996666666666
Canada,1945,-7.048206666666666
Canada,1946,-7.172925833333333
Canada,1947,-6.556155
Canada,1948,-7.154118333333334
Canada,1949,-7.159286666666667
Canada,1950,-8.096175
Canada,1951,-7.539784166666666
Canada,1952,-6.174315
Canada,1953,-6.186515
Canada,1954,-6.8256950000000005
Canada,1955,-7.168454166666667
Canada,1956,-7.764123333333334
Canada,1957,-7.208065
Canada,1958,-6.385159166666667
Canada,1959,-7.3969475
Canada,1960,-6.4908
Canada,1961,-7.390573333333333
Canada,1962,-6.976666666666667
Canada,1963,-6.792631666666668
Canada,1964,-7.679681666666667
Canada,1965,-7.597081666666667
Canada,1966,-7.400682499999999
Canada,1967,-7.430855
Canada,1968,-6.868944166666666
Canada,1969,-6.586138333333333
Canada,1970,-7.206939166666667
Canada,1971,-7.005590833333334
Canada,1972,-8.951065833333333
Canada,1973,-6.346726666666666
Canada,1974,-7.861009166666666
Canada,1975,-7.1391
Canada,1976,-6.941474166666667
Canada,1977,-6.0110025
Canada,1978,-7.4133008333333335
Canada,1979,-7.281226666666666
Canada,1980,-6.491176666666667
Canada,1981,-4.947253333333333
Canada,1982,-8.0299175
Canada,1983,-6.94961
Canada,1984,-6.8374291666666664
Canada,1985,-6.94425
Canada,1986,-7.0463625
Canada,1987,-5.6790075
Canada,1988,-6.121959166666667
Canada,1989,-7.1554174999999995
Canada,1990,-7.1663225
Canada,1991,-6.548698333333334
Canada,1992,-7.095869166666667
Canada,1993,-6.4398316666666675
Canada,1994,-6.416501666666666
Canada,1995,-6.272845
Canada,1996,-7.017297500000001
Canada,1997,-6.323375000000001
Canada,1998,-4.6594175
Canada,1999,-5.460449166666667
Canada,2000,-6.2110125
Canada,2001,-5.404357500000001
Canada,2002,-6.4187683333333325
Canada,2003,-5.9090050000000005
Canada,2004,-7.0771283333333335
Canada,2005,-5.349289166666666
Canada,2006,-4.633815
Canada,2007,-6.174463333333333
Canada,2008,-6.482341666666667
Canada,2009,-6.266198333333333
Canada,2010,-4.186646666666667
Canada,2011,-5.709931666666667
Canada,2012,-5.398873333333333
Canada,2013,-6.4649600000000005
Canada,2014,-6.220375833333333
Canada,2015,-5.953935833333333
Canada,2016,-4.965330833333334
Cape Verde,1901,22.747941666666666
Cape Verde,1902,22.883258333333334
Cape Verde,1903,23.273533333333333
Cape Verde,1904,22.749875
Cape Verde,1905,22.996166666666667
Cape Verde,1906,23.315358333333336
Cape Verde,1907,21.853558333333336
Cape Verde,1908,23.152225
Cape Verde,1909,22.873808333333333
Cape Verde,1910,23.01794166666667
Cape Verde,1911,22.935391666666664
Cape Verde,1912,22.80196666666667
Cape Verde,1913,23.254591666666666
Cape Verde,1914,22.6024
Cape Verde,1915,23.379375
Cape Verde,1916,22.808358333333334
Cape Verde,1917,22.599575
Cape Verde,1918,23.157
Cape Verde,1919,23.878983333333334
Cape Verde,1920,22.80156666666667
Cape Verde,1921,22.76
Cape Verde,1922,22.067408333333333
Cape Verde,1923,22.85014166666667
Cape Verde,1924,22.6279
Cape Verde,1925,22.855741666666663
Cape Verde,1926,23.334325000000003
Cape Verde,1927,23.158683333333332
Cape Verde,1928,22.623258333333336
Cape Verde,1929,22.58125
Cape Verde,1930,22.329316666666667
Cape Verde,1931,22.797683333333335
Cape Verde,1932,22.946841666666668
Cape Verde,1933,23.010458333333332
Cape Verde,1934,22.595266666666664
Cape Verde,1935,22.501033333333336
Cape Verde,1936,23.138475
Cape Verde,1937,23.41825
Cape Verde,1938,23.103691666666666
Cape Verde,1939,22.642525000000003
Cape Verde,1940,22.749866666666666
Cape Verde,1941,22.984616666666668
Cape Verde,1942,22.591058333333333
Cape Verde,1943,22.859325
Cape Verde,1944,23.259383333333332
Cape Verde,1945,23.802991666666667
Cape Verde,1946,22.968466666666668
Cape Verde,1947,22.988758333333333
Cape Verde,1948,23.053516666666667
Cape Verde,1949,23.011283333333335
Cape Verde,1950,23.165783333333334
Cape Verde,1951,22.538566666666668
Cape Verde,1952,22.61384166666667
Cape Verde,1953,22.685033333333333
Cape Verde,1954,22.793816666666668
Cape Verde,1955,22.986108333333334
Cape Verde,1956,22.520875
Cape Verde,1957,22.44033333333333
Cape Verde,1958,23.275366666666667
Cape Verde,1959,22.816391666666664
Cape Verde,1960,23.011516666666665
Cape Verde,1961,23.384258333333335
Cape Verde,1962,23.327483333333333
Cape Verde,1963,23.4389
Cape Verde,1964,23.123516666666664
Cape Verde,1965,22.63785833333333
Cape Verde,1966,23.3459
Cape Verde,1967,22.53810833333333
Cape Verde,1968,22.478941666666667
Cape Verde,1969,23.808400000000002
Cape Verde,1970,23.492883333333335
Cape Verde,1971,22.09560833333333
Cape Verde,1972,22.289266666666666
Cape Verde,1973,22.80465
Cape Verde,1974,21.950408333333332
Cape Verde,1975,22.298366666666666
Cape Verde,1976,22.163441666666667
Cape Verde,1977,22.973458333333337
Cape Verde,1978,22.709466666666668
Cape Verde,1979,23.082241666666665
Cape Verde,1980,22.620208333333334
Cape Verde,1981,23.018508333333333
Cape Verde,1982,22.398508333333336
Cape Verde,1983,23.405458333333332
Cape Verde,1984,22.769258333333337
Cape Verde,1985,22.47791666666667
Cape Verde,1986,22.473391666666668
Cape Verde,1987,23.501591666666666
Cape Verde,1988,22.9505
Cape Verde,1989,22.85545
Cape Verde,1990,23.314566666666664
Cape Verde,1991,22.981083333333334
Cape Verde,1992,22.992500000000003
Cape Verde,1993,22.947883333333333
Cape Verde,1994,22.81436666666667
Cape Verde,1995,23.161083333333334
Cape Verde,1996,23.418116666666666
Cape Verde,1997,23.719541666666668
Cape Verde,1998,23.90465
Cape Verde,1999,22.950433333333333
Cape Verde,2000,23.186783333333334
Cape Verde,2001,23.667241666666666
Cape Verde,2002,23.539575
Cape Verde,2003,23.46998333333333
Cape Verde,2004,23.58765
Cape Verde,2005,23.899616666666663
Cape Verde,2006,23.423925
Cape Verde,2007,23.512258333333335
Cape Verde,2008,23.67815
Cape Verde,2009,23.137516666666667
Cape Verde,2010,24.130075
Cape Verde,2011,23.393658333333335
Cape Verde,2012,23.495408333333334
Cape Verde,2013,23.562299999999997
Cape Verde,2014,23.356708333333334
Cape Verde,2015,23.503808333333335
Cape Verde,2016,23.73783333333333
Central African Republic,1901,24.7419
Central African Republic,1902,24.823241666666664
Central African Republic,1903,24.848141666666667
Central African Republic,1904,24.764841666666666
Central African Republic,1905,24.915008333333333
Central African Republic,1906,24.91095
Central African Republic,1907,24.91111666666667
Central African Republic,1908,24.745191666666667
Central African Republic,1909,25.022199999999998
Central African Republic,1910,24.32874166666667
Central African Republic,1911,24.601575
Central African Republic,1912,24.519050000000004
Central African Republic,1913,24.266733333333335
Central African Republic,1914,24.945233333333334
Central African Republic,1915,24.793858333333333
Central African Republic,1916,24.285825
Central African Republic,1917,24.4027
Central African Republic,1918,25.088466666666665
Central African Republic,1919,25.536208333333335
Central African Republic,1920,24.035674999999998
Central African Republic,1921,24.656925
Central African Republic,1922,24.115016666666666
Central African Republic,1923,24.74514166666667
Central African Republic,1924,25.248358333333332
Central African Republic,1925,25.000766666666667
Central African Republic,1926,25.328125
Central African Republic,1927,25.413225
Central African Republic,1928,25.544083333333333
Central African Republic,1929,24.476200000000002
Central African Republic,1930,24.805475
Central African Republic,1931,25.47690833333333
Central African Republic,1932,25.38376666666667
Central African Republic,1933,25.767174999999998
Central African Republic,1934,25.332583333333332
Central African Republic,1935,25.251908333333333
Central African Republic,1936,25.626558333333335
Central African Republic,1937,25.560041666666667
Central African Republic,1938,25.741
Central African Republic,1939,25.476525
Central African Republic,1940,25.152116666666668
Central African Republic,1941,25.667975
Central African Republic,1942,25.44841666666667
Central African Republic,1943,24.810475
Central African Republic,1944,25.015958333333334
Central African Republic,1945,25.031449999999996
Central African Republic,1946,25.081950000000003
Central African Republic,1947,25.262491666666666
Central African Republic,1948,24.903875
Central African Republic,1949,24.899191666666667
Central African Republic,1950,24.639958333333336
Central African Republic,1951,25.05265833333333
Central African Republic,1952,25.321358333333333
Central African Republic,1953,25.123091666666667
Central African Republic,1954,24.914091666666664
Central African Republic,1955,24.75299166666667
Central African Republic,1956,24.813433333333332
Central African Republic,1957,25.130724999999998
Central African Republic,1958,25.544808333333332
Central African Republic,1959,25.25679166666667
Central African Republic,1960,25.248475
Central African Republic,1961,24.991591666666665
Central African Republic,1962,25.015925
Central African Republic,1963,25.197433333333333
Central African Republic,1964,24.900558333333333
Central African Republic,1965,25.126133333333332
Central African Republic,1966,25.092391666666668
Central African Republic,1967,24.596966666666663
Central African Republic,1968,24.907108333333337
Central African Republic,1969,25.26970833333333
Central African Republic,1970,25.229308333333336
Central African Republic,1971,24.375341666666667
Central African Republic,1972,24.809033333333332
Central African Republic,1973,25.014041666666667
Central African Republic,1974,24.34885
Central African Republic,1975,24.379616666666667
Central African Republic,1976,24.506283333333332
Central African Republic,1977,24.692341666666668
Central African Republic,1978,24.641991666666666
Central African Republic,1979,24.984949999999998
Central African Republic,1980,25.03340833333333
Central African Republic,1981,24.81805
Central African Republic,1982,24.823766666666668
Central African Republic,1983,25.19043333333333
Central African Republic,1984,24.754483333333337
Central African Republic,1985,24.854866666666666
Central African Republic,1986,24.986708333333336
Central African Republic,1987,25.318383333333333
Central African Republic,1988,25.066816666666668
Central African Republic,1989,24.735891666666664
Central African Republic,1990,25.318816666666667
Central African Republic,1991,25.144166666666667
Central African Republic,1992,24.721466666666668
Central African Republic,1993,24.843116666666663
Central African Republic,1994,24.767266666666668
Central African Republic,1995,25.149441666666664
Central African Republic,1996,25.03555833333333
Central African Republic,1997,25.813149999999997
Central African Republic,1998,25.71868333333333
Central African Republic,1999,24.89209166666667
Central African Republic,2000,25.199983333333336
Central African Republic,2001,25.2226
Central African Republic,2002,25.275808333333334
Central African Republic,2003,25.519108333333335
Central African Republic,2004,25.722250000000003
Central African Republic,2005,25.861666666666665
Central African Republic,2006,25.548199999999998
Central African Republic,2007,25.64895
Central African Republic,2008,25.378791666666668
Central African Republic,2009,25.85845833333333
Central African Republic,2010,25.940700000000003
Central African Republic,2011,25.51386666666667
Central African Republic,2012,25.4318
Central African Republic,2013,25.558908333333335
Central African Republic,2014,25.473858333333336
Central African Republic,2015,25.508683333333334
Central African Republic,2016,25.705074999999997
Chad,1901,26.695141666666668
Chad,1902,26.61775
Chad,1903,26.540725
Chad,1904,26.6022
Chad,1905,26.60775
Chad,1906,26.68995
Chad,1907,26.611424999999997
Chad,1908,26.577416666666664
Chad,1909,26.694016666666666
Chad,1910,26.322999999999997
Chad,1911,26.441491666666668
Chad,1912,26.363
Chad,1913,26.27178333333333
Chad,1914,26.655616666666663
Chad,1915,26.62575
Chad,1916,26.257883333333336
Chad,1917,26.317316666666667
Chad,1918,27.104041666666664
Chad,1919,27.503833333333333
Chad,1920,25.706925
Chad,1921,26.42096666666667
Chad,1922,25.661233333333332
Chad,1923,26.8048
Chad,1924,27.102333333333334
Chad,1925,26.687466666666666
Chad,1926,27.249775
Chad,1927,27.377058333333334
Chad,1928,27.353008333333335
Chad,1929,26.398799999999998
Chad,1930,27.052333333333333
Chad,1931,27.743775
Chad,1932,27.329216666666667
Chad,1933,27.613525
Chad,1934,27.262508333333333
Chad,1935,27.329583333333332
Chad,1936,27.480266666666665
Chad,1937,27.450858333333333
Chad,1938,27.753091666666666
Chad,1939,27.480208333333334
Chad,1940,27.000591666666665
Chad,1941,27.25345
Chad,1942,27.037958333333336
Chad,1943,26.364050000000002
Chad,1944,26.566091666666665
Chad,1945,26.27208333333333
Chad,1946,26.35014166666667
Chad,1947,26.816950000000002
Chad,1948,26.13139166666667
Chad,1949,25.863799999999998
Chad,1950,25.6588
Chad,1951,26.18564166666667
Chad,1952,26.357016666666667
Chad,1953,26.132058333333333
Chad,1954,26.183525
Chad,1955,26.222066666666667
Chad,1956,26.05763333333333
Chad,1957,26.30056666666667
Chad,1958,26.627533333333332
Chad,1959,26.161966666666668
Chad,1960,26.53311666666667
Chad,1961,25.8111
Chad,1962,26.486075
Chad,1963,26.748491666666666
Chad,1964,26.16595
Chad,1965,26.25425
Chad,1966,26.594666666666665
Chad,1967,26.060433333333336
Chad,1968,26.339466666666667
Chad,1969,27.189333333333334
Chad,1970,26.49015
Chad,1971,26.186558333333334
Chad,1972,26.885208333333335
Chad,1973,27.060291666666668
Chad,1974,26.346275000000002
Chad,1975,26.482533333333333
Chad,1976,26.921466666666664
Chad,1977,26.245008333333335
Chad,1978,26.68534166666667
Chad,1979,27.165816666666668
Chad,1980,27.047524999999997
Chad,1981,26.757908333333333
Chad,1982,26.853325
Chad,1983,26.812316666666664
Chad,1984,27.102658333333334
Chad,1985,26.872024999999997
Chad,1986,26.952550000000002
Chad,1987,27.205849999999998
Chad,1988,26.73143333333333
Chad,1989,26.439666666666668
Chad,1990,27.017058333333335
Chad,1991,27.293525000000002
Chad,1992,26.588508333333333
Chad,1993,27.103825
Chad,1994,26.831933333333335
Chad,1995,27.1414
Chad,1996,27.402108333333334
Chad,1997,27.684308333333334
Chad,1998,27.726466666666667
Chad,1999,27.474241666666668
Chad,2000,27.114616666666667
Chad,2001,27.131508333333333
Chad,2002,27.25895
Chad,2003,27.661133333333336
Chad,2004,27.7962
Chad,2005,27.944875
Chad,2006,27.725516666666667
Chad,2007,27.6905
Chad,2008,27.529525000000003
Chad,2009,28.15425833333333
Chad,2010,28.48890833333333
Chad,2011,27.707716666666666
Chad,2012,27.690983333333335
Chad,2013,27.79880833333333
Chad,2014,27.765183333333336
Chad,2015,27.65585833333333
Chad,2016,28.025658333333336
Chile,1901,9.000975
Chile,1902,8.386045833333332
Chile,1903,8.246933333333333
Chile,1904,8.523855833333334
Chile,1905,8.0440925
Chile,1906,8.115125
Chile,1907,7.68629
Chile,1908,7.965426666666667
Chile,1909,7.8214250000000005
Chile,1910,8.105776666666667
Chile,1911,7.995894166666666
Chile,1912,8.5261125
Chile,1913,8.657635833333332
Chile,1914,8.151441666666667
Chile,1915,8.312965
Chile,1916,8.4080325
Chile,1917,8.522539166666666
Chile,1918,8.2033775
Chile,1919,8.711569166666667
Chile,1920,8.582425
Chile,1921,8.138215833333334
Chile,1922,8.257928333333334
Chile,1923,7.948175
Chile,1924,8.401295833333334
Chile,1925,8.217968333333333
Chile,1926,8.3709
Chile,1927,8.378204166666666
Chile,1928,8.076880833333334
Chile,1929,8.4119775
Chile,1930,8.429044166666666
Chile,1931,7.970221666666667
Chile,1932,8.2892225
Chile,1933,8.046110833333334
Chile,1934,7.970444166666667
Chile,1935,8.087525000000001
Chile,1936,8.051009166666667
Chile,1937,7.949436666666667
Chile,1938,7.7562975
Chile,1939,8.024980000000001
Chile,1940,8.055238333333334
Chile,1941,8.126069166666666
Chile,1942,8.060830833333332
Chile,1943,8.444049999999999
Chile,1944,8.574161666666667
Chile,1945,8.722735
Chile,1946,8.126599166666667
Chile,1947,8.200024166666667
Chile,1948,8.046561666666667
Chile,1949,8.193165833333333
Chile,1950,7.935340833333334
Chile,1951,8.45217
Chile,1952,8.623136666666667
Chile,1953,8.481311666666667
Chile,1954,8.112569166666667
Chile,1955,7.960474166666667
Chile,1956,8.012254166666667
Chile,1957,8.339035
Chile,1958,8.330198333333334
Chile,1959,8.042869166666668
Chile,1960,8.41368
Chile,1961,8.058014166666666
Chile,1962,8.554998333333334
Chile,1963,8.126368333333334
Chile,1964,7.992000833333333
Chile,1965,8.237328333333332
Chile,1966,8.095211666666666
Chile,1967,8.154115
Chile,1968,8.452175833333333
Chile,1969,8.425004166666666
Chile,1970,8.280828333333334
Chile,1971,7.669204166666667
Chile,1972,8.005154166666667
Chile,1973,7.947511666666667
Chile,1974,7.912356666666667
Chile,1975,8.002371666666667
Chile,1976,7.765669166666666
Chile,1977,8.420376666666668
Chile,1978,8.498778333333334
Chile,1979,8.355789166666666
Chile,1980,8.345549166666666
Chile,1981,8.402660833333334
Chile,1982,8.356272500000001
Chile,1983,8.523640833333333
Chile,1984,7.766858333333334
Chile,1985,8.5437925
Chile,1986,8.3043675
Chile,1987,8.7548025
Chile,1988,8.168233333333333
Chile,1989,8.525710833333333
Chile,1990,8.374931666666667
Chile,1991,8.1746175
Chile,1992,8.132774166666666
Chile,1993,8.435058333333332
Chile,1994,8.58336
Chile,1995,8.296743333333334
Chile,1996,8.378638333333333
Chile,1997,8.626498333333332
Chile,1998,8.903881666666667
Chile,1999,8.373395
Chile,2000,7.910688333333333
Chile,2001,8.227404166666666
Chile,2002,8.072336666666667
Chile,2003,8.561853333333334
Chile,2004,8.77546
Chile,2005,8.2710375
Chile,2006,8.648243333333333
Chile,2007,7.908261666666667
Chile,2008,8.6839825
Chile,2009,8.509470833333333
Chile,2010,8.187509166666667
Chile,2011,8.494979166666667
Chile,2012,8.631189166666667
Chile,2013,8.723325
Chile,2014,8.548038333333333
Chile,2015,8.8212575
Chile,2016,8.936416666666666
China,1901,6.035217500000001
China,1902,6.171240833333333
China,1903,5.8545475
China,1904,5.914930833333333
China,1905,5.675214999999999
China,1906,5.824578333333334
China,1907,5.827185
China,1908,5.9599891666666664
China,1909,5.982895833333333
China,1910,5.5650525
China,1911,5.7076275
China,1912,5.714045
China,1913,5.656281666666666
China,1914,6.321899999999999
China,1915,5.978067499999999
China,1916,5.921220833333334
China,1917,5.781715000000001
China,1918,5.721626666666666
China,1919,6.065975833333333
China,1920,5.9985575
China,1921,6.103624166666667
China,1922,6.300005
China,1923,6.308951666666666
China,1924,6.296891666666666
China,1925,6.2221616666666675
China,1926,6.355593333333332
China,1927,6.268814166666666
China,1928,6.268809999999999
China,1929,6.008489166666667
China,1930,6.115658333333333
China,1931,6.040820833333334
China,1932,6.553638333333333
China,1933,6.273529166666666
China,1934,5.9730575
China,1935,6.379936666666667
China,1936,5.819084166666666
China,1937,6.069665833333333
China,1938,6.502616666666667
China,1939,6.58039
China,1940,6.5946475
China,1941,6.905951666666667
China,1942,6.6249225
China,1943,6.554974166666667
China,1944,6.196359166666666
China,1945,6.366216666666666
China,1946,6.903209166666667
China,1947,6.247433333333333
China,1948,6.7264341666666665
China,1949,6.393205833333333
China,1950,6.0852233333333325
China,1951,6.171049166666667
China,1952,6.0158225
China,1953,6.527610833333333
China,1954,5.824026666666666
China,1955,6.236913333333334
China,1956,5.738344166666667
China,1957,5.771035833333333
China,1958,6.4506733333333335
China,1959,6.409753333333334
China,1960,6.245525
China,1961,6.469598333333334
China,1962,6.165324999999999
China,1963,6.423345833333333
China,1964,6.0577875
China,1965,6.118859166666667
China,1966,6.243379999999999
China,1967,5.804403333333333
China,1968,6.095603333333333
China,1969,5.733104166666666
China,1970,5.923078333333333
China,1971,6.250065
China,1972,6.169021666666667
China,1973,6.548315
China,1974,6.040813333333333
China,1975,6.5468841666666675
China,1976,5.882444166666667
China,1977,6.232641666666667
China,1978,6.486386666666667
China,1979,6.514291666666666
China,1980,6.395590833333333
China,1981,6.4282225
China,1982,6.654743333333333
China,1983,6.40731
China,1984,5.9797725
China,1985,6.1997425
China,1986,6.32847
China,1987,6.630869999999999
China,1988,6.7425725000000005
China,1989,6.7106775
China,1990,6.997842500000001
China,1991,6.576699166666667
China,1992,6.348806666666667
China,1993,6.3952608333333325
China,1994,6.983019166666666
China,1995,6.752750833333334
China,1996,6.417824166666667
China,1997,6.843258333333334
China,1998,7.503825
China,1999,7.299525833333333
China,2000,6.7375175
China,2001,7.0967416666666665
China,2002,7.325199166666667
China,2003,7.021541666666667
China,2004,7.3244541666666665
China,2005,6.960239166666667
China,2006,7.491441666666667
China,2007,7.724509166666667
China,2008,7.179789166666667
China,2009,7.298839166666666
China,2010,7.0611025
China,2011,6.900825833333333
China,2012,6.588599166666666
China,2013,7.225885833333334
China,2014,7.036260833333333
China,2015,7.48339
China,2016,7.4453225
Colombia,1901,24.158466666666666
Colombia,1902,23.819958333333332
Colombia,1903,23.903058333333334
Colombia,1904,23.897341666666666
Colombia,1905,23.71381666666667
Colombia,1906,23.724741666666663
Colombia,1907,23.95115
Colombia,1908,23.665216666666666
Colombia,1909,23.82088333333333
Colombia,1910,23.837675
Colombia,1911,23.94158333333333
Colombia,1912,23.825408333333332
Colombia,1913,24.096500000000002
Colombia,1914,23.871333333333336
Colombia,1915,24.775591666666667
Colombia,1916,24.50554166666667
Colombia,1917,24.110116666666666
Colombia,1918,24.04935
Colombia,1919,23.850041666666666
Colombia,1920,23.803016666666664
Colombia,1921,23.846474999999998
Colombia,1922,23.720208333333332
Colombia,1923,24.030433333333335
Colombia,1924,24.205491666666664
Colombia,1925,23.962966666666663
Colombia,1926,24.5732
Colombia,1927,24.059833333333334
Colombia,1928,24.199133333333336
Colombia,1929,24.231308333333335
Colombia,1930,24.314441666666667
Colombia,1931,24.56543333333333
Colombia,1932,24.284991666666667
Colombia,1933,24.270858333333333
Colombia,1934,24.240724999999998
Colombia,1935,24.289758333333335
Colombia,1936,24.564966666666667
Colombia,1937,24.489616666666667
Colombia,1938,24.224808333333332
Colombia,1939,24.321816666666667
Colombia,1940,24.634775
Colombia,1941,25.102241666666668
Colombia,1942,24.371883333333333
Colombia,1943,24.189325
Colombia,1944,24.23895
Colombia,1945,24.251825
Colombia,1946,24.310383333333334
Colombia,1947,24.580633333333335
Colombia,1948,24.522716666666668
Colombia,1949,24.179149999999996
Colombia,1950,23.795933333333334
Colombia,1951,24.28324166666667
Colombia,1952,24.454933333333333
Colombia,1953,24.447558333333333
Colombia,1954,23.93704166666667
Colombia,1955,23.998516666666664
Colombia,1956,24.02655
Colombia,1957,24.619116666666667
Colombia,1958,25.07851666666667
Colombia,1959,24.7043
Colombia,1960,24.581175
Colombia,1961,24.596641666666667
Colombia,1962,24.486475
Colombia,1963,24.657858333333333
Colombia,1964,24.345091666666665
Colombia,1965,24.400941666666668
Colombia,1966,24.514274999999998
Colombia,1967,24.1109
Colombia,1968,24.109291666666667
Colombia,1969,24.651466666666668
Colombia,1970,24.353800000000003
Colombia,1971,23.812541666666664
Colombia,1972,24.493800000000004
Colombia,1973,24.388491666666667
Colombia,1974,23.8225
Colombia,1975,23.76710833333333
Colombia,1976,23.999624999999998
Colombia,1977,24.508366666666664
Colombia,1978,24.375633333333337
Colombia,1979,24.450225
Colombia,1980,24.680316666666666
Colombia,1981,24.390041666666665
Colombia,1982,24.507316666666668
Colombia,1983,25.080016666666666
Colombia,1984,24.18355
Colombia,1985,24.191433333333332
Colombia,1986,24.33735833333333
Colombia,1987,24.952383333333334
Colombia,1988,24.529591666666665
Colombia,1989,24.115366666666663
Colombia,1990,24.538066666666666
Colombia,1991,24.640825000000003
Colombia,1992,24.78379166666667
Colombia,1993,24.602491666666666
Colombia,1994,24.527283333333333
Colombia,1995,24.744799999999998
Colombia,1996,24.3759
Colombia,1997,24.79263333333333
Colombia,1998,25.092633333333335
Colombia,1999,24.224225
Colombia,2000,24.198741666666667
Colombia,2001,24.61769166666667
Colombia,2002,24.78656666666667
Colombia,2003,24.859525
Colombia,2004,24.656858333333332
Colombia,2005,24.747041666666664
Colombia,2006,24.595175
Colombia,2007,24.515525
Colombia,2008,24.26715833333333
Colombia,2009,24.750649999999997
Colombia,2010,24.959141666666667
Colombia,2011,24.632683333333333
Colombia,2012,24.81125
Colombia,2013,24.963283333333333
Colombia,2014,25.06426666666667
Colombia,2015,25.40840833333333
Colombia,2016,25.47451666666667
Comoros,1901,25.262725
Comoros,1902,25.656333333333333
Comoros,1903,25.393183333333337
Comoros,1904,25.224566666666664
Comoros,1905,25.45574166666667
Comoros,1906,25.201908333333332
Comoros,1907,25.25023333333333
Comoros,1908,25.606908333333333
Comoros,1909,25.362191666666664
Comoros,1910,25.2142
Comoros,1911,25.424066666666665
Comoros,1912,25.655466666666666
Comoros,1913,26.10506666666667
Comoros,1914,26.280066666666666
Comoros,1915,26.296733333333332
Comoros,1916,25.69673333333333
Comoros,1917,25.57173333333333
Comoros,1918,25.896733333333334
Comoros,1919,26.1634
Comoros,1920,25.85506666666667
Comoros,1921,25.780066666666666
Comoros,1922,25.496733333333335
Comoros,1923,26.463399999999996
Comoros,1924,26.205066666666667
Comoros,1925,26.121733333333335
Comoros,1926,26.460866666666664
Comoros,1927,25.8412
Comoros,1928,26.119858333333337
Comoros,1929,26.24055
Comoros,1930,25.756833333333333
Comoros,1931,25.9884
Comoros,1932,25.610874999999997
Comoros,1933,25.559524999999997
Comoros,1934,25.48290833333333
Comoros,1935,25.419316666666663
Comoros,1936,25.758975000000003
Comoros,1937,25.817608333333336
Comoros,1938,25.884941666666666
Comoros,1939,25.596083333333336
Comoros,1940,25.403975
Comoros,1941,25.729341666666667
Comoros,1942,25.672983333333335
Comoros,1943,25.131816666666666
Comoros,1944,25.669641666666667
Comoros,1945,25.549899999999997
Comoros,1946,25.412308333333332
Comoros,1947,25.579725
Comoros,1948,25.801091666666665
Comoros,1949,25.639658333333333
Comoros,1950,25.4676
Comoros,1951,25.667083333333334
Comoros,1952,25.75615833333333
Comoros,1953,25.729641666666666
Comoros,1954,25.626616666666667
Comoros,1955,25.433283333333335
Comoros,1956,25.211474999999997
Comoros,1957,25.411733333333334
Comoros,1958,25.662674999999997
Comoros,1959,25.433116666666667
Comoros,1960,25.346875
Comoros,1961,25.941833333333335
Comoros,1962,25.441433333333332
Comoros,1963,25.19419166666667
Comoros,1964,25.1606
Comoros,1965,25.048525
Comoros,1966,25.692558333333334
Comoros,1967,25.621574999999996
Comoros,1968,25.155308333333334
Comoros,1969,25.780975
Comoros,1970,25.621358333333333
Comoros,1971,24.997958333333333
Comoros,1972,25.261016666666666
Comoros,1973,25.229766666666666
Comoros,1974,24.808075000000002
Comoros,1975,25.015358333333335
Comoros,1976,25.101725000000002
Comoros,1977,25.515249999999998
Comoros,1978,25.335933333333333
Comoros,1979,25.400216666666665
Comoros,1980,25.391891666666666
Comoros,1981,25.152
Comoros,1982,25.35845833333333
Comoros,1983,25.493416666666665
Comoros,1984,24.879424999999998
Comoros,1985,24.9888
Comoros,1986,25.151758333333333
Comoros,1987,25.612366666666663
Comoros,1988,25.62754166666667
Comoros,1989,25.111075
Comoros,1990,25.438091666666665
Comoros,1991,25.348583333333334
Comoros,1992,25.517291666666665
Comoros,1993,25.383825
Comoros,1994,25.629191666666667
Comoros,1995,25.588966666666664
Comoros,1996,25.374283333333334
Comoros,1997,25.67634166666667
Comoros,1998,25.980383333333332
Comoros,1999,25.551283333333334
Comoros,2000,25.504108333333335
Comoros,2001,25.806233333333335
Comoros,2002,25.66509166666667
Comoros,2003,25.769491666666667
Comoros,2004,25.590575
Comoros,2005,25.953166666666664
Comoros,2006,25.73595
Comoros,2007,26.032974999999997
Comoros,2008,25.591691666666666
Comoros,2009,25.9508
Comoros,2010,26.045883333333332
Comoros,2011,25.86329166666667
Comoros,2012,25.759975
Comoros,2013,25.791775
Comoros,2014,25.827133333333336
Comoros,2015,26.082083333333333
Comoros,2016,25.73560833333333
Congo (Democratic Republic Of The),1901,24.010099999999998
Congo (Democratic Republic Of The),1902,24.164233333333332
Congo (Democratic Republic Of The),1903,24.120616666666667
Congo (Democratic Republic Of The),1904,23.890675
Congo (Democratic Republic Of The),1905,24.008008333333333
Congo (Democratic Republic Of The),1906,23.725866666666665
Congo (Democratic Republic Of The),1907,23.673433333333335
Congo (Democratic Republic Of The),1908,23.913091666666663
Congo (Democratic Republic Of The),1909,23.666725
Congo (Democratic Republic Of The),1910,23.490733333333335
Congo (Democratic Republic Of The),1911,23.769741666666665
Congo (Democratic Republic Of The),1912,23.69555
Congo (Democratic Republic Of The),1913,23.5693
Congo (Democratic Republic Of The),1914,23.835158333333336
Congo (Democratic Republic Of The),1915,23.73999166666667
Congo (Democratic Republic Of The),1916,23.548875
Congo (Democratic Republic Of The),1917,23.458241666666666
Congo (Democratic Republic Of The),1918,23.420775000000003
Congo (Democratic Republic Of The),1919,23.589266666666663
Congo (Democratic Republic Of The),1920,23.545708333333334
Congo (Democratic Republic Of The),1921,23.91875
Congo (Democratic Republic Of The),1922,23.970699999999997
Congo (Democratic Republic Of The),1923,23.882324999999998
Congo (Democratic Republic Of The),1924,24.044233333333334
Congo (Democratic Republic Of The),1925,23.865925
Congo (Democratic Republic Of The),1926,24.031283333333334
Congo (Democratic Republic Of The),1927,23.97608333333333
Congo (Democratic Republic Of The),1928,24.219666666666665
Congo (Democratic Republic Of The),1929,23.504658333333335
Congo (Democratic Republic Of The),1930,23.545383333333334
Congo (Democratic Republic Of The),1931,24.03900833333333
Congo (Democratic Republic Of The),1932,23.763525
Congo (Democratic Republic Of The),1933,23.873724999999997
Congo (Democratic Republic Of The),1934,23.834141666666667
Congo (Democratic Republic Of The),1935,23.84766666666667
Congo (Democratic Republic Of The),1936,23.80249166666667
Congo (Democratic Republic Of The),1937,23.80418333333333
Congo (Democratic Republic Of The),1938,23.956599999999998
Congo (Democratic Republic Of The),1939,23.938208333333336
Congo (Democratic Republic Of The),1940,24.116699999999998
Congo (Democratic Republic Of The),1941,24.54425833333333
Congo (Democratic Republic Of The),1942,24.323841666666667
Congo (Democratic Republic Of The),1943,23.91649166666667
Congo (Democratic Republic Of The),1944,24.174625000000002
Congo (Democratic Republic Of The),1945,24.06925
Congo (Democratic Republic Of The),1946,24.04035
Congo (Democratic Republic Of The),1947,24.12738333333333
Congo (Democratic Republic Of The),1948,23.952074999999997
Congo (Democratic Republic Of The),1949,24.353808333333333
Congo (Democratic Republic Of The),1950,23.828691666666668
Congo (Democratic Republic Of The),1951,23.905649999999998
Congo (Democratic Republic Of The),1952,24.111816666666666
Congo (Democratic Republic Of The),1953,24.0103
Congo (Democratic Republic Of The),1954,23.813425
Congo (Democratic Republic Of The),1955,23.750266666666665
Congo (Democratic Republic Of The),1956,23.705933333333334
Congo (Democratic Republic Of The),1957,24.0369
Congo (Democratic Republic Of The),1958,24.260666666666665
Congo (Democratic Republic Of The),1959,24.015933333333333
Congo (Democratic Republic Of The),1960,23.90431666666667
Congo (Democratic Republic Of The),1961,23.851641666666666
Congo (Democratic Republic Of The),1962,23.859358333333333
Congo (Democratic Republic Of The),1963,23.937416666666667
Congo (Democratic Republic Of The),1964,23.86708333333333
Congo (Democratic Republic Of The),1965,23.922833333333333
Congo (Democratic Republic Of The),1966,24.098558333333333
Congo (Democratic Republic Of The),1967,23.847525
Congo (Democratic Republic Of The),1968,23.826741666666667
Congo (Democratic Republic Of The),1969,24.244474999999998
Congo (Democratic Republic Of The),1970,24.154183333333336
Congo (Democratic Republic Of The),1971,23.788241666666664
Congo (Democratic Republic Of The),1972,23.972283333333333
Congo (Democratic Republic Of The),1973,24.089983333333333
Congo (Democratic Republic Of The),1974,23.707683333333335
Congo (Democratic Republic Of The),1975,23.710491666666666
Congo (Democratic Republic Of The),1976,23.774116666666668
Congo (Democratic Republic Of The),1977,24.11225
Congo (Democratic Republic Of The),1978,24.06705
Congo (Democratic Republic Of The),1979,24.117108333333334
Congo (Democratic Republic Of The),1980,24.144616666666668
Congo (Democratic Republic Of The),1981,24.14415
Congo (Democratic Republic Of The),1982,24.116641666666666
Congo (Democratic Republic Of The),1983,24.465241666666667
Congo (Democratic Republic Of The),1984,24.150433333333336
Congo (Democratic Republic Of The),1985,24.047974999999997
Congo (Democratic Republic Of The),1986,24.078541666666666
Congo (Democratic Republic Of The),1987,24.652683333333332
Congo (Democratic Republic Of The),1988,24.408066666666667
Congo (Democratic Republic Of The),1989,24.013566666666666
Congo (Democratic Republic Of The),1990,24.378716666666666
Congo (Democratic Republic Of The),1991,24.231483333333333
Congo (Democratic Republic Of The),1992,24.12760833333333
Congo (Democratic Republic Of The),1993,24.127483333333334
Congo (Democratic Republic Of The),1994,24.115466666666666
Congo (Democratic Republic Of The),1995,24.587891666666664
Congo (Democratic Republic Of The),1996,24.169966666666667
Congo (Democratic Republic Of The),1997,24.556925000000003
Congo (Democratic Republic Of The),1998,24.762325
Congo (Democratic Republic Of The),1999,24.081058333333335
Congo (Democratic Republic Of The),2000,24.356458333333332
Congo (Democratic Republic Of The),2001,24.633816666666664
Congo (Democratic Republic Of The),2002,24.756733333333333
Congo (Democratic Republic Of The),2003,24.77140833333333
Congo (Democratic Republic Of The),2004,24.801141666666666
Congo (Democratic Republic Of The),2005,25.068741666666668
Congo (Democratic Republic Of The),2006,24.6677
Congo (Democratic Republic Of The),2007,24.664583333333336
Congo (Democratic Republic Of The),2008,24.479225
Congo (Democratic Republic Of The),2009,24.780216666666664
Congo (Democratic Republic Of The),2010,24.93586666666667
Congo (Democratic Republic Of The),2011,24.384491666666666
Congo (Democratic Republic Of The),2012,24.361541666666668
Congo (Democratic Republic Of The),2013,24.55565
Congo (Democratic Republic Of The),2014,24.503516666666666
Congo (Democratic Republic Of The),2015,24.586725
Congo (Democratic Republic Of The),2016,24.90825
Congo (Republic Of The),1901,24.189975
Congo (Republic Of The),1902,24.397325
Congo (Republic Of The),1903,24.569850000000002
Congo (Republic Of The),1904,24.250358333333335
Congo (Republic Of The),1905,24.656066666666664
Congo (Republic Of The),1906,24.548166666666663
Congo (Republic Of The),1907,24.626566666666665
Congo (Republic Of The),1908,24.173333333333332
Congo (Republic Of The),1909,24.907066666666665
Congo (Republic Of The),1910,24.202008333333335
Congo (Republic Of The),1911,24.669383333333332
Congo (Republic Of The),1912,24.716791666666666
Congo (Republic Of The),1913,24.281816666666668
Congo (Republic Of The),1914,24.665725
Congo (Republic Of The),1915,24.392174999999998
Congo (Republic Of The),1916,24.339166666666667
Congo (Republic Of The),1917,24.418674999999997
Congo (Republic Of The),1918,24.392191666666665
Congo (Republic Of The),1919,24.37895
Congo (Republic Of The),1920,24.398791666666668
Congo (Republic Of The),1921,24.398816666666665
Congo (Republic Of The),1922,24.3789
Congo (Republic Of The),1923,24.345783333333333
Congo (Republic Of The),1924,24.5181
Congo (Republic Of The),1925,24.398816666666665
Congo (Republic Of The),1926,24.412075
Congo (Republic Of The),1927,24.438575
Congo (Republic Of The),1928,24.50485
Congo (Republic Of The),1929,24.31265833333333
Congo (Republic Of The),1930,24.43194166666667
Congo (Republic Of The),1931,24.484966666666665
Congo (Republic Of The),1932,24.299408333333332
Congo (Republic Of The),1933,24.56449166666667
Congo (Republic Of The),1934,24.604233333333337
Congo (Republic Of The),1935,24.478324999999998
Congo (Republic Of The),1936,24.359075
Congo (Republic Of The),1937,24.630750000000003
Congo (Republic Of The),1938,24.458475000000004
Congo (Republic Of The),1939,24.5181
Congo (Republic Of The),1940,24.43195
Congo (Republic Of The),1941,25.17011666666667
Congo (Republic Of The),1942,24.978866666666665
Congo (Republic Of The),1943,24.379541666666668
Congo (Republic Of The),1944,24.9729
Congo (Republic Of The),1945,24.83990833333333
Congo (Republic Of The),1946,24.705791666666666
Congo (Republic Of The),1947,24.984683333333333
Congo (Republic Of The),1948,24.549933333333332
Congo (Republic Of The),1949,24.942316666666667
Congo (Republic Of The),1950,24.67034166666667
Congo (Republic Of The),1951,24.775891666666666
Congo (Republic Of The),1952,24.76794166666667
Congo (Republic Of The),1953,24.715966666666663
Congo (Republic Of The),1954,24.48183333333333
Congo (Republic Of The),1955,24.487
Congo (Republic Of The),1956,24.494716666666665
Congo (Republic Of The),1957,24.739341666666665
Congo (Republic Of The),1958,24.789875
Congo (Republic Of The),1959,24.74813333333333
Congo (Republic Of The),1960,24.69513333333333
Congo (Republic Of The),1961,24.353883333333332
Congo (Republic Of The),1962,24.54131666666667
Congo (Republic Of The),1963,24.683308333333333
Congo (Republic Of The),1964,24.484075
Congo (Republic Of The),1965,24.55565
Congo (Republic Of The),1966,24.787925
Congo (Republic Of The),1967,24.485024999999997
Congo (Republic Of The),1968,24.549358333333334
Congo (Republic Of The),1969,24.86775
Congo (Republic Of The),1970,24.774433333333334
Congo (Republic Of The),1971,24.30825
Congo (Republic Of The),1972,24.483575000000002
Congo (Republic Of The),1973,24.587366666666668
Congo (Republic Of The),1974,24.0038
Congo (Republic Of The),1975,24.075666666666667
Congo (Republic Of The),1976,23.880016666666666
Congo (Republic Of The),1977,24.338258333333332
Congo (Republic Of The),1978,24.211166666666667
Congo (Republic Of The),1979,24.784891666666667
Congo (Republic Of The),1980,24.543274999999998
Congo (Republic Of The),1981,24.713575000000002
Congo (Republic Of The),1982,24.518808333333336
Congo (Republic Of The),1983,24.941208333333332
Congo (Republic Of The),1984,24.79925
Congo (Republic Of The),1985,24.64539166666667
Congo (Republic Of The),1986,24.66215
Congo (Republic Of The),1987,25.168916666666664
Congo (Republic Of The),1988,24.932824999999998
Congo (Republic Of The),1989,24.670375000000003
Congo (Republic Of The),1990,24.890758333333334
Congo (Republic Of The),1991,24.655066666666666
Congo (Republic Of The),1992,24.384666666666664
Congo (Republic Of The),1993,24.485108333333333
Congo (Republic Of The),1994,24.495058333333333
Congo (Republic Of The),1995,24.808516666666666
Congo (Republic Of The),1996,24.3954
Congo (Republic Of The),1997,24.626716666666667
Congo (Republic Of The),1998,25.3609
Congo (Republic Of The),1999,24.583841666666668
Congo (Republic Of The),2000,24.588858333333334
Congo (Republic Of The),2001,24.825366666666667
Congo (Republic Of The),2002,24.908641666666668
Congo (Republic Of The),2003,24.864116666666664
Congo (Republic Of The),2004,25.07643333333333
Congo (Republic Of The),2005,25.026974999999997
Congo (Republic Of The),2006,24.995066666666663
Congo (Republic Of The),2007,24.910225
Congo (Republic Of The),2008,24.766525
Congo (Republic Of The),2009,24.936616666666666
Congo (Republic Of The),2010,25.268341666666668
Congo (Republic Of The),2011,24.825366666666667
Congo (Republic Of The),2012,24.841066666666666
Congo (Republic Of The),2013,24.957408333333333
Congo (Republic Of The),2014,24.913541666666664
Congo (Republic Of The),2015,25.005174999999998
Congo (Republic Of The),2016,25.361925
Costa Rica,1901,24.413341666666668
Costa Rica,1902,24.421966666666666
Costa Rica,1903,24.4231
Costa Rica,1904,24.413341666666668
Costa Rica,1905,24.413341666666668
Costa Rica,1906,24.386300000000002
Costa Rica,1907,24.396666666666665
Costa Rica,1908,24.396075
Costa Rica,1909,24.411600000000004
Costa Rica,1910,24.325875
Costa Rica,1911,24.389750000000003
Costa Rica,1912,24.40240833333333
Costa Rica,1913,24.36730833333333
Costa Rica,1914,24.367866666666668
Costa Rica,1915,24.386866666666666
Costa Rica,1916,24.374200000000002
Costa Rica,1917,24.413341666666668
Costa Rica,1918,24.416208333333334
Costa Rica,1919,24.396075
Costa Rica,1920,24.399525
Costa Rica,1921,24.384291666666666
Costa Rica,1922,24.432641666666665
Costa Rica,1923,24.301391666666664
Costa Rica,1924,24.365775
Costa Rica,1925,24.25508333333333
Costa Rica,1926,24.50684166666667
Costa Rica,1927,24.392333333333337
Costa Rica,1928,24.389558333333337
Costa Rica,1929,24.435475
Costa Rica,1930,24.4028
Costa Rica,1931,24.604108333333333
Costa Rica,1932,24.504066666666663
Costa Rica,1933,24.32620833333333
Costa Rica,1934,24.351141666666667
Costa Rica,1935,24.250758333333334
Costa Rica,1936,24.892016666666667
Costa Rica,1937,24.599666666666668
Costa Rica,1938,23.804141666666666
Costa Rica,1939,24.193816666666667
Costa Rica,1940,24.1437
Costa Rica,1941,24.67001666666667
Costa Rica,1942,24.270333333333337
Costa Rica,1943,23.7479
Costa Rica,1944,23.973591666666668
Costa Rica,1945,24.236016666666668
Costa Rica,1946,24.353916666666667
Costa Rica,1947,24.407358333333335
Costa Rica,1948,24.256816666666666
Costa Rica,1949,23.94605
Costa Rica,1950,23.612458333333333
Costa Rica,1951,24.45188333333333
Costa Rica,1952,24.566675
Costa Rica,1953,24.615266666666667
Costa Rica,1954,24.093575
Costa Rica,1955,24.1396
Costa Rica,1956,24.864008333333334
Costa Rica,1957,25.208933333333334
Costa Rica,1958,25.26648333333333
Costa Rica,1959,24.8888
Costa Rica,1960,24.850225
Costa Rica,1961,24.4072
Costa Rica,1962,24.126033333333336
Costa Rica,1963,24.583158333333333
Costa Rica,1964,24.464066666666668
Costa Rica,1965,24.725508333333334
Costa Rica,1966,24.747625
Costa Rica,1967,24.363833333333332
Costa Rica,1968,24.129475
Costa Rica,1969,24.42674166666667
Costa Rica,1970,24.029858333333333
Costa Rica,1971,23.8162
Costa Rica,1972,24.398899999999998
Costa Rica,1973,24.433133333333334
Costa Rica,1974,23.894008333333332
Costa Rica,1975,23.551991666666666
Costa Rica,1976,23.905649999999998
Costa Rica,1977,24.0076
Costa Rica,1978,24.445741666666667
Costa Rica,1979,24.547150000000002
Costa Rica,1980,24.633825
Costa Rica,1981,24.442725
Costa Rica,1982,24.711399999999998
Costa Rica,1983,25.13060833333333
Costa Rica,1984,24.226783333333334
Costa Rica,1985,24.392083333333332
Costa Rica,1986,24.579283333333333
Costa Rica,1987,25.09353333333333
Costa Rica,1988,24.677591666666668
Costa Rica,1989,24.377641666666666
Costa Rica,1990,24.787625000000002
Costa Rica,1991,24.698608333333336
Costa Rica,1992,24.809483333333333
Costa Rica,1993,24.72368333333333
Costa Rica,1994,24.780608333333333
Costa Rica,1995,24.66639166666667
Costa Rica,1996,24.491766666666667
Costa Rica,1997,25.093374999999998
Costa Rica,1998,25.170291666666667
Costa Rica,1999,24.271041666666665
Costa Rica,2000,24.539783333333332
Costa Rica,2001,25.036600000000004
Costa Rica,2002,25.303875
Costa Rica,2003,25.244699999999998
Costa Rica,2004,24.990066666666667
Costa Rica,2005,24.823108333333334
Costa Rica,2006,25.024116666666668
Costa Rica,2007,24.843033333333334
Costa Rica,2008,24.692325
Costa Rica,2009,25.184725
Costa Rica,2010,25.048541666666665
Costa Rica,2011,24.828100000000003
Costa Rica,2012,24.884091666666666
Costa Rica,2013,25.051908333333333
Costa Rica,2014,25.195916666666665
Costa Rica,2015,25.257641666666668
Costa Rica,2016,25.302991666666667
Cote D'Ivoire,1901,26.662458333333333
Cote D'Ivoire,1902,26.649141666666665
Cote D'Ivoire,1903,26.576875
Cote D'Ivoire,1904,26.439608333333336
Cote D'Ivoire,1905,26.355099999999997
Cote D'Ivoire,1906,26.491791666666668
Cote D'Ivoire,1907,26.246483333333334
Cote D'Ivoire,1908,26.468875
Cote D'Ivoire,1909,26.401691666666668
Cote D'Ivoire,1910,26.660508333333336
Cote D'Ivoire,1911,26.2285
Cote D'Ivoire,1912,26.793125
Cote D'Ivoire,1913,26.528758333333332
Cote D'Ivoire,1914,26.678241666666665
Cote D'Ivoire,1915,26.45714166666667
Cote D'Ivoire,1916,26.049133333333334
Cote D'Ivoire,1917,26.083258333333333
Cote D'Ivoire,1918,25.78119166666667
Cote D'Ivoire,1919,26.24898333333333
Cote D'Ivoire,1920,26.39000833333333
Cote D'Ivoire,1921,26.366016666666667
Cote D'Ivoire,1922,26.223333333333333
Cote D'Ivoire,1923,26.17549166666667
Cote D'Ivoire,1924,26.253541666666667
Cote D'Ivoire,1925,25.946875000000002
Cote D'Ivoire,1926,26.28879166666667
Cote D'Ivoire,1927,25.487883333333333
Cote D'Ivoire,1928,25.436966666666667
Cote D'Ivoire,1929,25.38835
Cote D'Ivoire,1930,25.756508333333333
Cote D'Ivoire,1931,26.427533333333333
Cote D'Ivoire,1932,26.25865
Cote D'Ivoire,1933,26.279291666666666
Cote D'Ivoire,1934,26.432941666666665
Cote D'Ivoire,1935,26.391458333333333
Cote D'Ivoire,1936,26.223175
Cote D'Ivoire,1937,27.02776666666667
Cote D'Ivoire,1938,27.218491666666665
Cote D'Ivoire,1939,26.80089166666667
Cote D'Ivoire,1940,26.55316666666667
Cote D'Ivoire,1941,26.792958333333335
Cote D'Ivoire,1942,26.463525
Cote D'Ivoire,1943,26.136108333333336
Cote D'Ivoire,1944,26.630283333333335
Cote D'Ivoire,1945,26.5108
Cote D'Ivoire,1946,26.238091666666666
Cote D'Ivoire,1947,26.460166666666666
Cote D'Ivoire,1948,26.11715
Cote D'Ivoire,1949,26.484575000000003
Cote D'Ivoire,1950,26.134641666666667
Cote D'Ivoire,1951,26.515933333333333
Cote D'Ivoire,1952,26.5005
Cote D'Ivoire,1953,26.529700000000002
Cote D'Ivoire,1954,26.272333333333336
Cote D'Ivoire,1955,26.176175
Cote D'Ivoire,1956,26.172725
Cote D'Ivoire,1957,26.454241666666665
Cote D'Ivoire,1958,26.538283333333336
Cote D'Ivoire,1959,26.444616666666665
Cote D'Ivoire,1960,26.36691666666667
Cote D'Ivoire,1961,26.3019
Cote D'Ivoire,1962,26.2901
Cote D'Ivoire,1963,26.568775000000002
Cote D'Ivoire,1964,26.10738333333333
Cote D'Ivoire,1965,26.082408333333333
Cote D'Ivoire,1966,26.481841666666668
Cote D'Ivoire,1967,26.10245
Cote D'Ivoire,1968,26.38065
Cote D'Ivoire,1969,26.709933333333336
Cote D'Ivoire,1970,26.621416666666665
Cote D'Ivoire,1971,25.801666666666666
Cote D'Ivoire,1972,26.042808333333337
Cote D'Ivoire,1973,26.524291666666667
Cote D'Ivoire,1974,25.923358333333336
Cote D'Ivoire,1975,25.821141666666666
Cote D'Ivoire,1976,25.60275
Cote D'Ivoire,1977,26.210266666666666
Cote D'Ivoire,1978,25.99213333333333
Cote D'Ivoire,1979,26.310283333333334
Cote D'Ivoire,1980,26.307033333333333
Cote D'Ivoire,1981,26.384625
Cote D'Ivoire,1982,26.003608333333332
Cote D'Ivoire,1983,26.627866666666666
Cote D'Ivoire,1984,26.476074999999998
Cote D'Ivoire,1985,26.265424999999997
Cote D'Ivoire,1986,26.121916666666667
Cote D'Ivoire,1987,27.1056
Cote D'Ivoire,1988,26.584875
Cote D'Ivoire,1989,26.431449999999998
Cote D'Ivoire,1990,26.543175
Cote D'Ivoire,1991,26.42380833333333
Cote D'Ivoire,1992,26.265916666666666
Cote D'Ivoire,1993,26.403666666666666
Cote D'Ivoire,1994,26.347916666666666
Cote D'Ivoire,1995,26.597033333333332
Cote D'Ivoire,1996,26.564541666666667
Cote D'Ivoire,1997,26.606041666666666
Cote D'Ivoire,1998,27.153958333333335
Cote D'Ivoire,1999,26.494608333333332
Cote D'Ivoire,2000,26.512033333333335
Cote D'Ivoire,2001,26.651908333333335
Cote D'Ivoire,2002,26.81735833333333
Cote D'Ivoire,2003,26.80473333333333
Cote D'Ivoire,2004,26.778358333333333
Cote D'Ivoire,2005,26.962716666666665
Cote D'Ivoire,2006,26.744083333333332
Cote D'Ivoire,2007,26.87901666666667
Cote D'Ivoire,2008,26.393108333333334
Cote D'Ivoire,2009,26.862108333333335
Cote D'Ivoire,2010,27.16825833333333
Cote D'Ivoire,2011,26.801550000000002
Cote D'Ivoire,2012,26.510883333333336
Cote D'Ivoire,2013,26.768016666666668
Cote D'Ivoire,2014,26.79395
Cote D'Ivoire,2015,26.97683333333333
Cote D'Ivoire,2016,27.254041666666666
Croatia,1901,9.620313333333334
Croatia,1902,9.611008333333332
Croatia,1903,10.2367075
Croatia,1904,10.494113333333333
Croatia,1905,9.998698333333333
Croatia,1906,9.9078875
Croatia,1907,9.923463333333334
Croatia,1908,9.467540000000001
Croatia,1909,9.699504166666665
Croatia,1910,10.45408
Croatia,1911,10.618944166666667
Croatia,1912,9.657241666666666
Croatia,1913,9.969355833333333
Croatia,1914,9.549373333333333
Croatia,1915,9.962043333333334
Croatia,1916,10.812768333333333
Croatia,1917,9.822976666666667
Croatia,1918,10.166504999999999
Croatia,1919,9.653036666666667
Croatia,1920,10.71767
Croatia,1921,10.64791
Croatia,1922,9.715789166666665
Croatia,1923,10.6628425
Croatia,1924,9.677444166666666
Croatia,1925,10.095428333333333
Croatia,1926,10.790469166666666
Croatia,1927,10.791504166666668
Croatia,1928,10.540783333333334
Croatia,1929,9.77793
Croatia,1930,10.893915
Croatia,1931,9.825205833333333
Croatia,1932,10.182826666666667
Croatia,1933,9.310551666666667
Croatia,1934,11.260248333333335
Croatia,1935,10.18795
Croatia,1936,10.591310833333333
Croatia,1937,10.488468333333334
Croatia,1938,10.241565
Croatia,1939,10.3908825
Croatia,1940,8.700335
Croatia,1941,9.246150833333333
Croatia,1942,9.852928333333333
Croatia,1943,10.887506666666667
Croatia,1944,10.0307725
Croatia,1945,10.755017500000001
Croatia,1946,11.016568333333334
Croatia,1947,10.847415
Croatia,1948,10.723237500000002
Croatia,1949,10.868260833333332
Croatia,1950,11.324128333333334
Croatia,1951,11.328480833333332
Croatia,1952,10.653070833333333
Croatia,1953,10.502710833333333
Croatia,1954,9.599484166666667
Croatia,1955,9.98572
Croatia,1956,9.331795833333333
Croatia,1957,10.662530833333333
Croatia,1958,10.91102
Croatia,1959,10.588038333333333
Croatia,1960,10.695055833333333
Croatia,1961,11.150759166666667
Croatia,1962,9.7759975
Croatia,1963,10.003295833333333
Croatia,1964,10.038119166666666
Croatia,1965,9.8368025
Croatia,1966,10.853045
Croatia,1967,10.681173333333334
Croatia,1968,10.476494166666667
Croatia,1969,9.937895833333334
Croatia,1970,10.088108333333333
Croatia,1971,10.304504166666666
Croatia,1972,10.336691666666667
Croatia,1973,10.140443333333334
Croatia,1974,10.639523333333333
Croatia,1975,10.7778525
Croatia,1976,9.991709166666666
Croatia,1977,10.7982625
Croatia,1978,9.568405
Croatia,1979,10.603085833333333
Croatia,1980,9.570618333333334
Croatia,1981,10.450655
Croatia,1982,10.816839166666666
Croatia,1983,10.884125
Croatia,1984,10.0519
Croatia,1985,9.987035833333334
Croatia,1986,10.234539166666666
Croatia,1987,10.132809166666666
Croatia,1988,10.812015833333334
Croatia,1989,10.906995833333333
Croatia,1990,11.263424166666667
Croatia,1991,10.225853333333333
Croatia,1992,11.444540833333333
Croatia,1993,10.850259166666667
Croatia,1994,12.110446666666666
Croatia,1995,10.852828333333333
Croatia,1996,10.135299999999999
Croatia,1997,10.863039166666667
Croatia,1998,11.171790833333333
Croatia,1999,11.234033333333334
Croatia,2000,12.221705833333333
Croatia,2001,11.261745833333334
Croatia,2002,11.892687500000001
Croatia,2003,11.381075000000001
Croatia,2004,10.907990833333335
Croatia,2005,10.447583333333332
Croatia,2006,11.302253333333333
Croatia,2007,12.140775
Croatia,2008,11.993008333333334
Croatia,2009,11.88041
Croatia,2010,10.973871666666668
Croatia,2011,11.868869166666668
Croatia,2012,12.053194166666666
Croatia,2013,11.758191666666667
Croatia,2014,12.413215833333332
Croatia,2015,12.276413333333332
Croatia,2016,11.911625
Cuba,1901,24.138191666666668
Cuba,1902,24.833516666666668
Cuba,1903,24.663241666666668
Cuba,1904,24.597066666666667
Cuba,1905,25.152616666666663
Cuba,1906,24.6045
Cuba,1907,24.990291666666668
Cuba,1908,24.929199999999998
Cuba,1909,24.815233333333335
Cuba,1910,23.902775000000002
Cuba,1911,25.220858333333336
Cuba,1912,25.390891666666665
Cuba,1913,25.050016666666664
Cuba,1914,24.699524999999998
Cuba,1915,24.69045
Cuba,1916,24.746958333333335
Cuba,1917,24.499266666666667
Cuba,1918,24.955
Cuba,1919,25.06975
Cuba,1920,24.846249999999998
Cuba,1921,25.241241666666667
Cuba,1922,25.194033333333334
Cuba,1923,25.05165
Cuba,1924,25.311158333333335
Cuba,1925,25.392216666666666
Cuba,1926,25.207158333333336
Cuba,1927,25.153541666666666
Cuba,1928,24.83729166666667
Cuba,1929,25.421725
Cuba,1930,24.871433333333332
Cuba,1931,24.772591666666667
Cuba,1932,25.313991666666666
Cuba,1933,25.336008333333336
Cuba,1934,24.999891666666667
Cuba,1935,24.938
Cuba,1936,25.2204
Cuba,1937,25.21859166666667
Cuba,1938,25.120716666666667
Cuba,1939,25.323941666666666
Cuba,1940,24.543608333333335
Cuba,1941,25.15295
Cuba,1942,25.059
Cuba,1943,24.87263333333333
Cuba,1944,25.035058333333335
Cuba,1945,25.007125000000002
Cuba,1946,25.295891666666666
Cuba,1947,25.226966666666666
Cuba,1948,25.73584166666667
Cuba,1949,25.14925
Cuba,1950,24.702725
Cuba,1951,24.874166666666667
Cuba,1952,25.025233333333333
Cuba,1953,25.207616666666667
Cuba,1954,24.947725000000002
Cuba,1955,24.924508333333335
Cuba,1956,24.885333333333335
Cuba,1957,25.393758333333334
Cuba,1958,25.04981666666667
Cuba,1959,25.4963
Cuba,1960,25.0853
Cuba,1961,25.390883333333335
Cuba,1962,25.16655
Cuba,1963,25.075625
Cuba,1964,25.444
Cuba,1965,25.285291666666666
Cuba,1966,24.91394166666667
Cuba,1967,25.128516666666666
Cuba,1968,24.6032
Cuba,1969,24.967616666666668
Cuba,1970,24.818141666666666
Cuba,1971,25.032600000000002
Cuba,1972,25.332758333333334
Cuba,1973,25.159133333333333
Cuba,1974,25.1632
Cuba,1975,25.4329
Cuba,1976,24.796108333333333
Cuba,1977,24.982108333333333
Cuba,1978,25.059749999999998
Cuba,1979,25.24399166666667
Cuba,1980,25.308308333333333
Cuba,1981,25.070966666666667
Cuba,1982,25.743825
Cuba,1983,25.341441666666668
Cuba,1984,25.147558333333333
Cuba,1985,25.281633333333332
Cuba,1986,25.468791666666664
Cuba,1987,25.652116666666668
Cuba,1988,25.548208333333335
Cuba,1989,25.645750000000003
Cuba,1990,26.067141666666668
Cuba,1991,26.08504166666667
Cuba,1992,25.71545
Cuba,1993,25.810841666666665
Cuba,1994,26.244408333333336
Cuba,1995,25.812783333333332
Cuba,1996,25.361891666666665
Cuba,1997,25.9756
Cuba,1998,26.04648333333333
Cuba,1999,25.675758333333334
Cuba,2000,25.703658333333333
Cuba,2001,25.82081666666667
Cuba,2002,26.130883333333333
Cuba,2003,26.118416666666665
Cuba,2004,25.9033
Cuba,2005,25.855925
Cuba,2006,25.913658333333334
Cuba,2007,25.975791666666666
Cuba,2008,25.68818333333333
Cuba,2009,25.9036
Cuba,2010,25.36039166666667
Cuba,2011,25.866491666666665
Cuba,2012,25.753125
Cuba,2013,25.896516666666667
Cuba,2014,26.026141666666664
Cuba,2015,26.611816666666666
Cuba,2016,26.209958333333333
Cyprus,1901,18.668892500000002
Cyprus,1902,18.10320833333333
Cyprus,1903,17.413148333333336
Cyprus,1904,17.704383333333332
Cyprus,1905,17.99674166666667
Cyprus,1906,18.189785833333335
Cyprus,1907,17.459580833333334
Cyprus,1908,17.606210833333332
Cyprus,1909,18.8213125
Cyprus,1910,17.87601666666667
Cyprus,1911,17.4796425
Cyprus,1912,17.899416666666667
Cyprus,1913,17.893139166666668
Cyprus,1914,18.225833333333334
Cyprus,1915,18.929775
Cyprus,1916,19.242300833333335
Cyprus,1917,18.693575
Cyprus,1918,18.62365
Cyprus,1919,18.920525
Cyprus,1920,18.209543333333333
Cyprus,1921,17.741499166666667
Cyprus,1922,18.839008333333336
Cyprus,1923,19.097358333333332
Cyprus,1924,18.651815833333334
Cyprus,1925,18.877043333333333
Cyprus,1926,18.937833333333334
Cyprus,1927,19.188783333333333
Cyprus,1928,19.036588333333334
Cyprus,1929,18.4787025
Cyprus,1930,19.23095
Cyprus,1931,18.880950000000002
Cyprus,1932,18.76781666666667
Cyprus,1933,17.860937500000002
Cyprus,1934,18.798781666666667
Cyprus,1935,19.122025
Cyprus,1936,18.8578225
Cyprus,1937,19.282430833333333
Cyprus,1938,18.553438333333332
Cyprus,1939,19.235941666666665
Cyprus,1940,18.886816666666665
Cyprus,1941,18.923984166666667
Cyprus,1942,18.837891666666668
Cyprus,1943,18.479570833333334
Cyprus,1944,18.736594166666666
Cyprus,1945,18.412525833333333
Cyprus,1946,19.139858333333333
Cyprus,1947,19.584091666666666
Cyprus,1948,18.154816666666665
Cyprus,1949,18.0098275
Cyprus,1950,18.601315833333334
Cyprus,1951,19.183541666666667
Cyprus,1952,19.231133333333332
Cyprus,1953,18.124485833333335
Cyprus,1954,19.09303
Cyprus,1955,19.659683333333334
Cyprus,1956,18.399741666666667
Cyprus,1957,18.9046725
Cyprus,1958,19.101341666666666
Cyprus,1959,18.185263333333335
Cyprus,1960,19.563025
Cyprus,1961,18.696116666666665
Cyprus,1962,19.75865
Cyprus,1963,19.235516666666665
Cyprus,1964,18.4347675
Cyprus,1965,18.743033333333333
Cyprus,1966,19.8336
Cyprus,1967,18.056939166666666
Cyprus,1968,19.12487833333333
Cyprus,1969,19.259566666666668
Cyprus,1970,19.353275
Cyprus,1971,18.763691666666666
Cyprus,1972,18.259330000000002
Cyprus,1973,18.980922500000002
Cyprus,1974,18.8279625
Cyprus,1975,18.382195
Cyprus,1976,18.072413333333333
Cyprus,1977,18.56129
Cyprus,1978,18.975816666666667
Cyprus,1979,19.215758333333333
Cyprus,1980,18.380576666666666
Cyprus,1981,19.05335
Cyprus,1982,18.040733333333332
Cyprus,1983,18.24015916666667
Cyprus,1984,18.457642500000002
Cyprus,1985,18.860493333333334
Cyprus,1986,18.887608333333333
Cyprus,1987,18.521375
Cyprus,1988,18.455183333333334
Cyprus,1989,18.6261275
Cyprus,1990,18.704943333333333
Cyprus,1991,18.675475000000002
Cyprus,1992,17.64318
Cyprus,1993,18.600958333333335
Cyprus,1994,19.539404166666667
Cyprus,1995,18.906908333333334
Cyprus,1996,19.188383333333334
Cyprus,1997,18.345744166666666
Cyprus,1998,19.7631475
Cyprus,1999,19.873958333333334
Cyprus,2000,19.1694025
Cyprus,2001,20.216525
Cyprus,2002,19.402094166666668
Cyprus,2003,19.572955833333335
Cyprus,2004,19.366975
Cyprus,2005,19.327458333333333
Cyprus,2006,19.182119166666666
Cyprus,2007,19.61785
Cyprus,2008,19.715008333333333
Cyprus,2009,19.725225
Cyprus,2010,21.007475
Cyprus,2011,19.203133333333334
Cyprus,2012,19.986344166666665
Cyprus,2013,20.038958333333333
Cyprus,2014,20.181083333333333
Cyprus,2015,19.72245
Cyprus,2016,20.277916666666666
Czech Republic,1901,7.011463333333334
Czech Republic,1902,6.4973600000000005
Czech Republic,1903,7.682141666666666
Czech Republic,1904,7.810646666666667
Czech Republic,1905,7.4391925
Czech Republic,1906,7.585821666666667
Czech Republic,1907,7.291014166666667
Czech Republic,1908,6.864129999999999
Czech Republic,1909,6.758235833333334
Czech Republic,1910,7.692025
Czech Republic,1911,8.175389166666667
Czech Republic,1912,6.9096408333333335
Czech Republic,1913,7.560919166666667
Czech Republic,1914,7.440459166666667
Czech Republic,1915,7.2648883333333325
Czech Republic,1916,8.079420833333334
Czech Republic,1917,7.026754166666667
Czech Republic,1918,8.0174725
Czech Republic,1919,6.808800833333334
Czech Republic,1920,8.006923333333333
Czech Republic,1921,8.1898875
Czech Republic,1922,6.579293333333333
Czech Republic,1923,7.529691666666667
Czech Republic,1924,6.729884166666667
Czech Republic,1925,7.576106666666667
Czech Republic,1926,8.11084
Czech Republic,1927,7.514905
Czech Republic,1928,7.771795
Czech Republic,1929,6.9762958333333325
Czech Republic,1930,8.112559166666665
Czech Republic,1931,6.878778333333333
Czech Republic,1932,7.65774
Czech Republic,1933,6.5807199999999995
Czech Republic,1934,8.937531666666667
Czech Republic,1935,7.586308333333334
Czech Republic,1936,7.783311666666666
Czech Republic,1937,7.986244166666666
Czech Republic,1938,7.938486666666666
Czech Republic,1939,7.637503333333334
Czech Republic,1940,5.725923333333333
Czech Republic,1941,6.3245625
Czech Republic,1942,6.731554166666666
Czech Republic,1943,8.0854
Czech Republic,1944,7.478226666666667
Czech Republic,1945,8.046345833333334
Czech Republic,1946,7.972075833333332
Czech Republic,1947,7.801874166666667
Czech Republic,1948,8.261944166666668
Czech Republic,1949,8.276361666666666
Czech Republic,1950,8.173218333333333
Czech Republic,1951,8.53713
Czech Republic,1952,7.5141333333333336
Czech Republic,1953,8.437188333333333
Czech Republic,1954,7.017518333333334
Czech Republic,1955,7.092319166666667
Czech Republic,1956,6.514526666666666
Czech Republic,1957,8.153010833333333
Czech Republic,1958,7.878351666666667
Czech Republic,1959,8.23016
Czech Republic,1960,7.8341175000000005
Czech Republic,1961,8.4087225
Czech Republic,1962,6.841755833333334
Czech Republic,1963,6.870744999999999
Czech Republic,1964,7.456848333333333
Czech Republic,1965,6.896685833333334
Czech Republic,1966,8.260595833333333
Czech Republic,1967,8.473741666666667
Czech Republic,1968,7.8077708333333335
Czech Republic,1969,7.292246666666666
Czech Republic,1970,7.327674166666667
Czech Republic,1971,7.943385
Czech Republic,1972,7.647460833333334
Czech Republic,1973,7.765739166666667
Czech Republic,1974,8.428019166666667
Czech Republic,1975,8.506748333333332
Czech Republic,1976,7.8101650000000005
Czech Republic,1977,8.20715
Czech Republic,1978,7.289375833333334
Czech Republic,1979,7.599731666666667
Czech Republic,1980,6.842196666666666
Czech Republic,1981,7.948674166666667
Czech Republic,1982,8.355456666666667
Czech Republic,1983,8.739395
Czech Republic,1984,7.534709166666667
Czech Republic,1985,7.0031791666666665
Czech Republic,1986,7.590893333333334
Czech Republic,1987,7.106651666666667
Czech Republic,1988,8.486574166666665
Czech Republic,1989,8.940995833333334
Czech Republic,1990,8.922569166666667
Czech Republic,1991,7.763167500000001
Czech Republic,1992,8.985541666666668
Czech Republic,1993,8.143175833333332
Czech Republic,1994,9.330516666666666
Czech Republic,1995,8.33655
Czech Republic,1996,6.728055833333333
Czech Republic,1997,8.071515
Czech Republic,1998,8.600765833333332
Czech Republic,1999,8.7917
Czech Republic,2000,9.584830833333333
Czech Republic,2001,8.365120833333334
Czech Republic,2002,9.144675833333332
Czech Republic,2003,8.723819166666667
Czech Republic,2004,8.41035
Czech Republic,2005,8.218499166666666
Czech Republic,2006,8.745494166666665
Czech Republic,2007,9.5658675
Czech Republic,2008,9.366936666666666
Czech Republic,2009,8.960038333333333
Czech Republic,2010,7.715129999999999
Czech Republic,2011,9.20946
Czech Republic,2012,8.980630833333334
Czech Republic,2013,8.574591666666667
Czech Republic,2014,10.081369166666667
Czech Republic,2015,9.902455
Czech Republic,2016,9.361318333333333
Democratic People'S Republic Of Korea,1901,5.286780833333334
Democratic People'S Republic Of Korea,1902,5.452475
Democratic People'S Republic Of Korea,1903,5.589375
Democratic People'S Republic Of Korea,1904,5.370126666666667
Democratic People'S Republic Of Korea,1905,5.354189166666667
Democratic People'S Republic Of Korea,1906,4.6976025
Democratic People'S Republic Of Korea,1907,5.026765
Democratic People'S Republic Of Korea,1908,4.677128333333333
Democratic People'S Republic Of Korea,1909,4.509469166666666
Democratic People'S Republic Of Korea,1910,4.2166025
Democratic People'S Republic Of Korea,1911,4.580739166666667
Democratic People'S Republic Of Korea,1912,4.330461666666666
Democratic People'S Republic Of Korea,1913,4.2123558333333335
Democratic People'S Republic Of Korea,1914,5.637019166666666
Democratic People'S Republic Of Korea,1915,4.253925
Democratic People'S Republic Of Korea,1916,4.79014
Democratic People'S Republic Of Korea,1917,4.182549166666667
Democratic People'S Republic Of Korea,1918,4.676620833333334
Democratic People'S Republic Of Korea,1919,4.999536666666667
Democratic People'S Republic Of Korea,1920,5.456081666666667
Democratic People'S Republic Of Korea,1921,4.95873
Democratic People'S Republic Of Korea,1922,4.817355
Democratic People'S Republic Of Korea,1923,4.629799166666667
Democratic People'S Republic Of Korea,1924,4.824091666666667
Democratic People'S Republic Of Korea,1925,4.957703333333334
Democratic People'S Republic Of Korea,1926,4.832100833333333
Democratic People'S Republic Of Korea,1927,4.995800833333334
Democratic People'S Republic Of Korea,1928,4.8576925
Democratic People'S Republic Of Korea,1929,4.9629441666666665
Democratic People'S Republic Of Korea,1930,5.436565000000001
Democratic People'S Republic Of Korea,1931,4.508545833333334
Democratic People'S Republic Of Korea,1932,5.383200833333333
Democratic People'S Republic Of Korea,1933,4.7251908333333335
Democratic People'S Republic Of Korea,1934,4.716856666666667
Democratic People'S Republic Of Korea,1935,5.550840833333333
Democratic People'S Republic Of Korea,1936,4.204478333333333
Democratic People'S Republic Of Korea,1937,5.2731575
Democratic People'S Republic Of Korea,1938,5.316115833333334
Democratic People'S Republic Of Korea,1939,5.846366666666667
Democratic People'S Republic Of Korea,1940,5.201133333333334
Democratic People'S Republic Of Korea,1941,5.102164166666667
Democratic People'S Republic Of Korea,1942,5.249792500000001
Democratic People'S Republic Of Korea,1943,5.661430833333334
Democratic People'S Republic Of Korea,1944,5.178298333333333
Democratic People'S Republic Of Korea,1945,4.5065575
Democratic People'S Republic Of Korea,1946,5.619205
Democratic People'S Republic Of Korea,1947,3.896478333333333
Democratic People'S Republic Of Korea,1948,5.8927875
Democratic People'S Republic Of Korea,1949,5.610641666666666
Democratic People'S Republic Of Korea,1950,5.7039675
Democratic People'S Republic Of Korea,1951,5.6557875
Democratic People'S Republic Of Korea,1952,5.176498333333334
Democratic People'S Republic Of Korea,1953,5.224969166666667
Democratic People'S Republic Of Korea,1954,4.972643333333334
Democratic People'S Republic Of Korea,1955,5.526841666666667
Democratic People'S Republic Of Korea,1956,4.1781033333333335
Democratic People'S Republic Of Korea,1957,4.442988333333333
Democratic People'S Republic Of Korea,1958,5.4355633333333335
Democratic People'S Republic Of Korea,1959,6.028395
Democratic People'S Republic Of Korea,1960,5.555705
Democratic People'S Republic Of Korea,1961,6.135338333333333
Democratic People'S Republic Of Korea,1962,5.312953333333334
Democratic People'S Republic Of Korea,1963,5.146995
Democratic People'S Republic Of Korea,1964,5.305501666666667
Democratic People'S Republic Of Korea,1965,4.954795833333334
Democratic People'S Republic Of Korea,1966,5.154575833333333
Democratic People'S Republic Of Korea,1967,5.347246666666666
Democratic People'S Republic Of Korea,1968,5.362340833333334
Democratic People'S Republic Of Korea,1969,4.3336425
Democratic People'S Republic Of Korea,1970,5.0057583333333335
Democratic People'S Republic Of Korea,1971,5.143409166666667
Democratic People'S Republic Of Korea,1972,5.269940833333333
Democratic People'S Republic Of Korea,1973,5.782754166666667
Democratic People'S Republic Of Korea,1974,4.806849166666667
Democratic People'S Republic Of Korea,1975,6.099965
Democratic People'S Republic Of Korea,1976,4.967350000000001
Democratic People'S Republic Of Korea,1977,5.441700833333333
Democratic People'S Republic Of Korea,1978,5.869885
Democratic People'S Republic Of Korea,1979,5.980419166666667
Democratic People'S Republic Of Korea,1980,4.823519166666666
Democratic People'S Republic Of Korea,1981,5.0984074999999995
Democratic People'S Republic Of Korea,1982,6.205440833333333
Democratic People'S Republic Of Korea,1983,5.913715
Democratic People'S Republic Of Korea,1984,5.164565
Democratic People'S Republic Of Korea,1985,5.324625
Democratic People'S Republic Of Korea,1986,5.0372675
Democratic People'S Republic Of Korea,1987,5.5415125000000005
Democratic People'S Republic Of Korea,1988,5.835346666666666
Democratic People'S Republic Of Korea,1989,6.343275833333333
Democratic People'S Republic Of Korea,1990,6.378631666666667
Democratic People'S Republic Of Korea,1991,5.76804
Democratic People'S Republic Of Korea,1992,5.9620299999999995
Democratic People'S Republic Of Korea,1993,5.5610108333333335
Democratic People'S Republic Of Korea,1994,6.663847499999999
Democratic People'S Republic Of Korea,1995,6.106704166666667
Democratic People'S Republic Of Korea,1996,5.689545833333334
Democratic People'S Republic Of Korea,1997,6.351014166666666
Democratic People'S Republic Of Korea,1998,6.984083333333333
Democratic People'S Republic Of Korea,1999,6.484440833333333
Democratic People'S Republic Of Korea,2000,5.922469166666667
Democratic People'S Republic Of Korea,2001,6.200853333333334
Democratic People'S Republic Of Korea,2002,6.436453333333333
Democratic People'S Republic Of Korea,2003,6.316693333333333
Democratic People'S Republic Of Korea,2004,6.902144166666666
Democratic People'S Republic Of Korea,2005,5.741615
Democratic People'S Republic Of Korea,2006,6.198568333333333
Democratic People'S Republic Of Korea,2007,6.931889999999999
Democratic People'S Republic Of Korea,2008,6.658925
Democratic People'S Republic Of Korea,2009,6.058980000000001
Democratic People'S Republic Of Korea,2010,5.6285525000000005
Democratic People'S Republic Of Korea,2011,5.6552783333333325
Democratic People'S Republic Of Korea,2012,5.477753333333333
Democratic People'S Republic Of Korea,2013,5.9394825
Democratic People'S Republic Of Korea,2014,6.634389166666666
Democratic People'S Republic Of Korea,2015,6.866218333333333
Democratic People'S Republic Of Korea,2016,6.680758333333333
Denmark,1901,7.599128333333333
Denmark,1902,6.363615
Denmark,1903,7.6072675
Denmark,1904,7.486360833333333
Denmark,1905,7.5179825
Denmark,1906,8.021148333333334
Denmark,1907,7.069026666666667
Denmark,1908,7.470140833333333
Denmark,1909,6.6207225
Denmark,1910,8.337541666666667
Denmark,1911,8.508995
Denmark,1912,7.356149166666667
Denmark,1913,8.2543975
Denmark,1914,8.621019166666667
Denmark,1915,6.7097991666666665
Denmark,1916,7.572840833333333
Denmark,1917,7.163893333333333
Denmark,1918,7.736338333333333
Denmark,1919,6.64951
Denmark,1920,8.00314
Denmark,1921,8.343386666666667
Denmark,1922,6.478171666666667
Denmark,1923,6.895513333333334
Denmark,1924,6.995831666666667
Denmark,1925,8.023835833333333
Denmark,1926,7.8908491666666665
Denmark,1927,7.245662499999999
Denmark,1928,7.289728333333334
Denmark,1929,6.698903333333333
Denmark,1930,8.35258
Denmark,1931,6.986161666666667
Denmark,1932,8.201259166666667
Denmark,1933,7.9777525
Denmark,1934,9.1524475
Denmark,1935,8.058728333333333
Denmark,1936,8.070975833333334
Denmark,1937,7.988780000000001
Denmark,1938,8.789494166666666
Denmark,1939,8.178496666666666
Denmark,1940,6.1681808333333334
Denmark,1941,6.328220833333334
Denmark,1942,6.003605833333334
Denmark,1943,8.549535833333334
Denmark,1944,8.173895833333333
Denmark,1945,8.551295833333333
Denmark,1946,7.759153333333333
Denmark,1947,7.412299166666666
Denmark,1948,8.507708333333333
Denmark,1949,9.096144166666667
Denmark,1950,8.16864
Denmark,1951,8.0946975
Denmark,1952,7.198684166666666
Denmark,1953,8.748418333333333
Denmark,1954,7.366578333333333
Denmark,1955,7.330933333333334
Denmark,1956,6.719269166666667
Denmark,1957,8.042296666666667
Denmark,1958,7.349351666666667
Denmark,1959,8.760489166666668
Denmark,1960,7.663368333333334
Denmark,1961,8.463125
Denmark,1962,6.9842975
Denmark,1963,6.687830833333333
Denmark,1964,7.513439166666667
Denmark,1965,7.025155833333333
Denmark,1966,7.169634166666667
Denmark,1967,8.430425
Denmark,1968,7.9057941666666665
Denmark,1969,7.360074166666667
Denmark,1970,6.974865833333333
Denmark,1971,8.18105
Denmark,1972,7.818269166666667
Denmark,1973,8.166614166666667
Denmark,1974,8.490774166666666
Denmark,1975,8.93812
Denmark,1976,7.7214625
Denmark,1977,7.884564999999999
Denmark,1978,7.5282599999999995
Denmark,1979,6.641556666666666
Denmark,1980,7.288691666666668
Denmark,1981,7.405085
Denmark,1982,8.104719166666667
Denmark,1983,8.516926666666667
Denmark,1984,7.983525833333334
Denmark,1985,6.546251666666667
Denmark,1986,7.0921825
Denmark,1987,6.5871908333333336
Denmark,1988,8.562919166666667
Denmark,1989,9.321094166666667
Denmark,1990,9.434357499999999
Denmark,1991,8.255366666666667
Denmark,1992,9.046951666666667
Denmark,1993,7.7107225
Denmark,1994,8.658364166666667
Denmark,1995,8.356155
Denmark,1996,6.832255833333334
Denmark,1997,8.4391675
Denmark,1998,8.188863333333334
Denmark,1999,8.900819166666667
Denmark,2000,9.248085833333333
Denmark,2001,8.264739166666667
Denmark,2002,9.106281666666666
Denmark,2003,8.618799166666667
Denmark,2004,8.6548225
Denmark,2005,8.727361666666667
Denmark,2006,9.316860833333333
Denmark,2007,9.472544166666667
Denmark,2008,9.488893333333333
Denmark,2009,8.829409166666666
Denmark,2010,7.055909166666667
Denmark,2011,9.028149166666667
Denmark,2012,8.439059166666667
Denmark,2013,8.557525
Denmark,2014,10.172110833333333
Denmark,2015,9.208226666666667
Denmark,2016,9.056101666666667
Djibouti,1901,28.350975000000002
Djibouti,1902,27.82218333333333
Djibouti,1903,27.965475
Djibouti,1904,27.74190833333333
Djibouti,1905,27.593016666666667
Djibouti,1906,27.91125
Djibouti,1907,27.537991666666667
Djibouti,1908,28.18263333333333
Djibouti,1909,27.232725000000002
Djibouti,1910,28.216391666666667
Djibouti,1911,28.182533333333335
Djibouti,1912,26.854591666666664
Djibouti,1913,27.12385
Djibouti,1914,27.80880833333333
Djibouti,1915,27.84329166666667
Djibouti,1916,27.262600000000003
Djibouti,1917,27.487475
Djibouti,1918,27.599216666666667
Djibouti,1919,27.919541666666664
Djibouti,1920,27.037108333333332
Djibouti,1921,27.544466666666665
Djibouti,1922,28.00991666666667
Djibouti,1923,27.109291666666667
Djibouti,1924,28.570925
Djibouti,1925,27.978516666666668
Djibouti,1926,27.81205
Djibouti,1927,28.002441666666666
Djibouti,1928,28.77809166666667
Djibouti,1929,27.733583333333332
Djibouti,1930,27.1868
Djibouti,1931,28.296691666666664
Djibouti,1932,27.6529
Djibouti,1933,28.101758333333333
Djibouti,1934,27.728283333333334
Djibouti,1935,27.778566666666666
Djibouti,1936,27.95651666666667
Djibouti,1937,28.198141666666668
Djibouti,1938,27.810299999999998
Djibouti,1939,28.450316666666666
Djibouti,1940,28.640891666666665
Djibouti,1941,27.785058333333335
Djibouti,1942,27.389258333333334
Djibouti,1943,26.683425
Djibouti,1944,27.290725
Djibouti,1945,26.99485
Djibouti,1946,27.623041666666666
Djibouti,1947,27.878808333333335
Djibouti,1948,27.232425000000003
Djibouti,1949,26.980158333333332
Djibouti,1950,27.175008333333334
Djibouti,1951,27.663891666666668
Djibouti,1952,27.576966666666667
Djibouti,1953,27.984808333333334
Djibouti,1954,28.126050000000003
Djibouti,1955,28.12330833333333
Djibouti,1956,27.4999
Djibouti,1957,27.259666666666664
Djibouti,1958,27.762966666666667
Djibouti,1959,27.690775000000002
Djibouti,1960,27.486391666666666
Djibouti,1961,27.4123
Djibouti,1962,27.1888
Djibouti,1963,27.639675
Djibouti,1964,27.234641666666665
Djibouti,1965,27.333608333333334
Djibouti,1966,27.59584166666667
Djibouti,1967,27.169166666666666
Djibouti,1968,27.215241666666667
Djibouti,1969,27.861658333333335
Djibouti,1970,27.83299166666667
Djibouti,1971,27.339083333333335
Djibouti,1972,27.744633333333336
Djibouti,1973,28.180175000000002
Djibouti,1974,27.438016666666666
Djibouti,1975,27.696016666666665
Djibouti,1976,27.891208333333335
Djibouti,1977,27.905733333333334
Djibouti,1978,27.908416666666668
Djibouti,1979,28.022958333333335
Djibouti,1980,28.493658333333332
Djibouti,1981,27.490225
Djibouti,1982,27.725633333333334
Djibouti,1983,27.826283333333333
Djibouti,1984,27.33056666666667
Djibouti,1985,27.63506666666667
Djibouti,1986,27.727966666666664
Djibouti,1987,27.940825
Djibouti,1988,28.106975000000002
Djibouti,1989,27.584158333333335
Djibouti,1990,28.1272
Djibouti,1991,28.0117
Djibouti,1992,27.672433333333334
Djibouti,1993,27.584625
Djibouti,1994,27.764416666666666
Djibouti,1995,28.006016666666667
Djibouti,1996,28.049899999999997
Djibouti,1997,28.011166666666668
Djibouti,1998,28.491341666666667
Djibouti,1999,27.741408333333336
Djibouti,2000,28.078374999999998
Djibouti,2001,28.07110833333333
Djibouti,2002,28.588224999999998
Djibouti,2003,28.388441666666665
Djibouti,2004,28.237925
Djibouti,2005,28.279566666666668
Djibouti,2006,28.216491666666666
Djibouti,2007,28.102175
Djibouti,2008,27.857975
Djibouti,2009,28.828633333333332
Djibouti,2010,28.712566666666664
Djibouti,2011,28.55555
Djibouti,2012,28.65919166666667
Djibouti,2013,28.61855
Djibouti,2014,28.434908333333336
Djibouti,2015,29.057374999999997
Djibouti,2016,28.802558333333334
Dominica,1901,23.952458333333336
Dominica,1902,23.577725
Dominica,1903,23.672391666666666
Dominica,1904,23.17385833333333
Dominica,1905,23.50593333333333
Dominica,1906,23.381625
Dominica,1907,23.079933333333333
Dominica,1908,23.271433333333334
Dominica,1909,23.155225
Dominica,1910,23.150916666666664
Dominica,1911,23.230283333333333
Dominica,1912,23.534633333333332
Dominica,1913,22.8468
Dominica,1914,23.145349999999997
Dominica,1915,23.703525
Dominica,1916,23.201400000000003
Dominica,1917,23.158383333333333
Dominica,1918,23.247175
Dominica,1919,23.255208333333332
Dominica,1920,23.109841666666668
Dominica,1921,23.211191666666664
Dominica,1922,23.055425
Dominica,1923,23.325541666666666
Dominica,1924,23.585125
Dominica,1925,23.33020833333333
Dominica,1926,23.843833333333333
Dominica,1927,23.410124999999997
Dominica,1928,23.472275
Dominica,1929,23.171208333333336
Dominica,1930,23.390516666666667
Dominica,1931,24.059358333333336
Dominica,1932,24.081791666666664
Dominica,1933,23.63976666666667
Dominica,1934,23.560108333333332
Dominica,1935,23.7011
Dominica,1936,23.934391666666667
Dominica,1937,24.15285
Dominica,1938,23.674925
Dominica,1939,23.856233333333336
Dominica,1940,24.512408333333337
Dominica,1941,24.53911666666667
Dominica,1942,24.523516666666666
Dominica,1943,23.955524999999998
Dominica,1944,24.147025
Dominica,1945,23.771191666666667
Dominica,1946,23.861791666666665
Dominica,1947,24.210216666666668
Dominica,1948,24.1852
Dominica,1949,23.9371
Dominica,1950,23.752441666666666
Dominica,1951,23.902883333333335
Dominica,1952,23.947258333333334
Dominica,1953,23.897858333333332
Dominica,1954,23.621241666666666
Dominica,1955,23.69535
Dominica,1956,23.640841666666663
Dominica,1957,23.779883333333334
Dominica,1958,24.263416666666668
Dominica,1959,24.005191666666665
Dominica,1960,24.099324999999997
Dominica,1961,23.98035833333333
Dominica,1962,23.971641666666667
Dominica,1963,24.203825
Dominica,1964,23.896316666666667
Dominica,1965,23.941599999999998
Dominica,1966,24.114833333333333
Dominica,1967,23.846275000000002
Dominica,1968,23.900825
Dominica,1969,24.449408333333334
Dominica,1970,24.211633333333335
Dominica,1971,23.801233333333332
Dominica,1972,23.994341666666667
Dominica,1973,24.213066666666666
Dominica,1974,23.824608333333334
Dominica,1975,23.844066666666667
Dominica,1976,23.783966666666668
Dominica,1977,24.259475
Dominica,1978,24.417208333333335
Dominica,1979,24.511458333333334
Dominica,1980,24.760433333333335
Dominica,1981,24.803316666666664
Dominica,1982,24.50408333333333
Dominica,1983,24.947016666666666
Dominica,1984,24.431749999999997
Dominica,1985,24.430758333333333
Dominica,1986,24.527124999999998
Dominica,1987,25.262358333333335
Dominica,1988,24.956691666666668
Dominica,1989,24.548066666666667
Dominica,1990,24.880408333333335
Dominica,1991,24.77339166666667
Dominica,1992,24.70215
Dominica,1993,24.918175
Dominica,1994,24.804125
Dominica,1995,24.97768333333333
Dominica,1996,24.6108
Dominica,1997,24.87506666666667
Dominica,1998,25.312641666666664
Dominica,1999,24.806475000000002
Dominica,2000,24.604891666666663
Dominica,2001,24.942333333333334
Dominica,2002,24.981425
Dominica,2003,24.96095
Dominica,2004,24.709699999999998
Dominica,2005,25.102566666666664
Dominica,2006,25.001083333333337
Dominica,2007,24.99823333333333
Dominica,2008,24.618883333333333
Dominica,2009,25.011200000000002
Dominica,2010,25.434091666666664
Dominica,2011,24.99416666666667
Dominica,2012,25.035791666666668
Dominica,2013,25.07035
Dominica,2014,24.998433333333335
Dominica,2015,25.27931666666667
Dominica,2016,25.323383333333336
Dominican Republic,1901,23.637041666666665
Dominican Republic,1902,23.328699999999998
Dominican Republic,1903,23.3721
Dominican Republic,1904,22.926666666666666
Dominican Republic,1905,23.374174999999997
Dominican Republic,1906,23.074849999999998
Dominican Republic,1907,22.823058333333336
Dominican Republic,1908,22.953875
Dominican Republic,1909,22.821858333333335
Dominican Republic,1910,22.729408333333335
Dominican Republic,1911,22.89245
Dominican Republic,1912,23.288616666666666
Dominican Republic,1913,22.663625
Dominican Republic,1914,22.938266666666667
Dominican Republic,1915,23.517666666666667
Dominican Republic,1916,23.069933333333335
Dominican Republic,1917,22.678483333333332
Dominican Republic,1918,22.81074166666667
Dominican Republic,1919,23.056316666666664
Dominican Republic,1920,22.835941666666667
Dominican Republic,1921,22.763958333333335
Dominican Republic,1922,22.60445
Dominican Republic,1923,23.10784166666667
Dominican Republic,1924,23.691999999999997
Dominican Republic,1925,23.103058333333333
Dominican Republic,1926,23.692575
Dominican Republic,1927,23.31243333333333
Dominican Republic,1928,23.298291666666668
Dominican Republic,1929,23.033483333333333
Dominican Republic,1930,23.17805
Dominican Republic,1931,23.776833333333332
Dominican Republic,1932,23.705524999999998
Dominican Republic,1933,23.65965833333333
Dominican Republic,1934,23.355891666666665
Dominican Republic,1935,23.156558333333333
Dominican Republic,1936,23.469741666666668
Dominican Republic,1937,23.503741666666667
Dominican Republic,1938,23.177899999999998
Dominican Republic,1939,23.395866666666667
Dominican Republic,1940,23.833849999999998
Dominican Republic,1941,23.967858333333336
Dominican Republic,1942,24.058175000000002
Dominican Republic,1943,23.485125
Dominican Republic,1944,23.524275
Dominican Republic,1945,23.006841666666663
Dominican Republic,1946,23.2279
Dominican Republic,1947,23.560241666666666
Dominican Republic,1948,23.730391666666666
Dominican Republic,1949,23.08690833333333
Dominican Republic,1950,22.85553333333333
Dominican Republic,1951,23.38585
Dominican Republic,1952,23.477249999999998
Dominican Republic,1953,23.568558333333332
Dominican Republic,1954,23.49036666666667
Dominican Republic,1955,23.197958333333332
Dominican Republic,1956,23.151958333333337
Dominican Republic,1957,23.927841666666666
Dominican Republic,1958,24.286083333333334
Dominican Republic,1959,24.12915
Dominican Republic,1960,24.398041666666668
Dominican Republic,1961,23.98730833333333
Dominican Republic,1962,24.01748333333333
Dominican Republic,1963,24.144883333333336
Dominican Republic,1964,24.124399999999998
Dominican Republic,1965,23.625333333333334
Dominican Republic,1966,23.825275
Dominican Republic,1967,23.6185
Dominican Republic,1968,23.612391666666667
Dominican Republic,1969,24.074708333333334
Dominican Republic,1970,23.806625
Dominican Republic,1971,23.6024
Dominican Republic,1972,23.9183
Dominican Republic,1973,24.065291666666667
Dominican Republic,1974,23.52038333333333
Dominican Republic,1975,23.655375000000003
Dominican Republic,1976,23.444708333333335
Dominican Republic,1977,23.847008333333335
Dominican Republic,1978,23.783875
Dominican Republic,1979,23.861
Dominican Republic,1980,24.42749166666667
Dominican Republic,1981,24.16071666666667
Dominican Republic,1982,23.953999999999997
Dominican Republic,1983,24.391716666666667
Dominican Republic,1984,23.678575
Dominican Republic,1985,23.686441666666667
Dominican Republic,1986,23.855949999999996
Dominican Republic,1987,24.286158333333333
Dominican Republic,1988,24.235333333333333
Dominican Republic,1989,23.951741666666667
Dominican Republic,1990,24.2411
Dominican Republic,1991,24.288525000000003
Dominican Republic,1992,24.42835
Dominican Republic,1993,24.364716666666666
Dominican Republic,1994,24.632791666666666
Dominican Republic,1995,24.576125
Dominican Republic,1996,24.24455
Dominican Republic,1997,24.764741666666666
Dominican Republic,1998,24.885791666666666
Dominican Republic,1999,24.359575000000003
Dominican Republic,2000,24.292483333333333
Dominican Republic,2001,24.50039166666667
Dominican Republic,2002,24.68541666666667
Dominican Republic,2003,24.7176
Dominican Republic,2004,24.3971
Dominican Republic,2005,24.429716666666668
Dominican Republic,2006,24.418341666666667
Dominican Republic,2007,24.247799999999998
Dominican Republic,2008,23.90908333333333
Dominican Republic,2009,24.386025
Dominican Republic,2010,24.48251666666667
Dominican Republic,2011,23.965108333333333
Dominican Republic,2012,24.339916666666667
Dominican Republic,2013,24.491474999999998
Dominican Republic,2014,24.833383333333334
Dominican Republic,2015,25.070525
Dominican Republic,2016,24.85535
Ecuador,1901,21.491075
Ecuador,1902,21.491075
Ecuador,1903,21.491075
Ecuador,1904,21.491075
Ecuador,1905,21.491075
Ecuador,1906,21.491075
Ecuador,1907,21.491075
Ecuador,1908,21.491075
Ecuador,1909,21.491075
Ecuador,1910,20.863975
Ecuador,1911,21.183675
Ecuador,1912,21.482866666666666
Ecuador,1913,21.659125
Ecuador,1914,21.482866666666666
Ecuador,1915,21.678733333333337
Ecuador,1916,21.225583333333333
Ecuador,1917,21.544749999999997
Ecuador,1918,21.491991666666667
Ecuador,1919,21.34351666666667
Ecuador,1920,20.954158333333332
Ecuador,1921,20.534233333333333
Ecuador,1922,21.39678333333333
Ecuador,1923,21.20060833333333
Ecuador,1924,21.39440833333333
Ecuador,1925,21.120341666666665
Ecuador,1926,21.7523
Ecuador,1927,21.387349999999998
Ecuador,1928,21.418491666666668
Ecuador,1929,21.489050000000002
Ecuador,1930,21.52331666666667
Ecuador,1931,21.782049999999998
Ecuador,1932,21.409891666666667
Ecuador,1933,21.306233333333335
Ecuador,1934,21.15070833333333
Ecuador,1935,21.347108333333335
Ecuador,1936,21.691550000000003
Ecuador,1937,21.4876
Ecuador,1938,21.36335
Ecuador,1939,21.343883333333334
Ecuador,1940,21.217866666666666
Ecuador,1941,22.348208333333332
Ecuador,1942,21.463058333333333
Ecuador,1943,22.289475
Ecuador,1944,22.46045833333333
Ecuador,1945,22.076449999999998
Ecuador,1946,21.940408333333334
Ecuador,1947,21.639300000000002
Ecuador,1948,21.7745
Ecuador,1949,21.181233333333335
Ecuador,1950,20.698083333333333
Ecuador,1951,21.480675
Ecuador,1952,21.166933333333333
Ecuador,1953,21.457916666666666
Ecuador,1954,20.816325
Ecuador,1955,20.902816666666666
Ecuador,1956,20.85915
Ecuador,1957,21.97746666666667
Ecuador,1958,21.509308333333333
Ecuador,1959,21.460691666666666
Ecuador,1960,21.2909
Ecuador,1961,21.264983333333333
Ecuador,1962,21.349841666666666
Ecuador,1963,21.504825
Ecuador,1964,21.06435
Ecuador,1965,21.608283333333333
Ecuador,1966,21.376483333333336
Ecuador,1967,20.960425
Ecuador,1968,20.982925
Ecuador,1969,21.835333333333335
Ecuador,1970,21.33474166666667
Ecuador,1971,20.853925
Ecuador,1972,22.155058333333333
Ecuador,1973,21.045333333333332
Ecuador,1974,20.695433333333334
Ecuador,1975,20.6217
Ecuador,1976,21.298066666666667
Ecuador,1977,21.472725
Ecuador,1978,21.377416666666665
Ecuador,1979,21.6246
Ecuador,1980,21.47745833333333
Ecuador,1981,21.63365
Ecuador,1982,22.275025
Ecuador,1983,22.678008333333334
Ecuador,1984,21.50231666666667
Ecuador,1985,21.293116666666666
Ecuador,1986,21.58113333333333
Ecuador,1987,22.386200000000002
Ecuador,1988,21.683325
Ecuador,1989,21.402941666666667
Ecuador,1990,21.894625
Ecuador,1991,21.819999999999997
Ecuador,1992,21.818383333333333
Ecuador,1993,21.700091666666665
Ecuador,1994,21.546616666666665
Ecuador,1995,21.921975
Ecuador,1996,21.34590833333333
Ecuador,1997,22.396974999999998
Ecuador,1998,22.557241666666666
Ecuador,1999,21.233375
Ecuador,2000,21.070666666666668
Ecuador,2001,21.240183333333334
Ecuador,2002,21.809575
Ecuador,2003,21.637908333333332
Ecuador,2004,21.652316666666668
Ecuador,2005,21.417816666666667
Ecuador,2006,21.618350000000003
Ecuador,2007,21.042125
Ecuador,2008,21.36915833333333
Ecuador,2009,22.010908333333333
Ecuador,2010,21.765658333333334
Ecuador,2011,21.445283333333332
Ecuador,2012,21.685883333333333
Ecuador,2013,21.504350000000002
Ecuador,2014,21.999758333333332
Ecuador,2015,22.496858333333336
Ecuador,2016,22.330383333333334
Egypt,1901,22.208158333333333
Egypt,1902,21.511508333333335
Egypt,1903,20.567325
Egypt,1904,21.170608333333334
Egypt,1905,21.627816666666664
Egypt,1906,22.18873333333333
Egypt,1907,21.499241666666666
Egypt,1908,21.781925
Egypt,1909,22.786758333333335
Egypt,1910,21.698383333333336
Egypt,1911,21.640575
Egypt,1912,21.636983333333333
Egypt,1913,21.431166666666666
Egypt,1914,22.1545
Egypt,1915,23.155608333333333
Egypt,1916,23.107491666666665
Egypt,1917,22.479433333333333
Egypt,1918,22.418766666666667
Egypt,1919,22.82218333333333
Egypt,1920,21.913208333333333
Egypt,1921,22.08895
Egypt,1922,22.628766666666667
Egypt,1923,22.52479166666667
Egypt,1924,22.57580833333333
Egypt,1925,22.552333333333333
Egypt,1926,22.328691666666668
Egypt,1927,22.84561666666667
Egypt,1928,23.108008333333334
Egypt,1929,22.444716666666665
Egypt,1930,22.851166666666668
Egypt,1931,22.871691666666667
Egypt,1932,22.809391666666667
Egypt,1933,22.536216666666665
Egypt,1934,22.8398
Egypt,1935,22.871941666666668
Egypt,1936,23.249575000000004
Egypt,1937,23.056816666666666
Egypt,1938,22.341458333333335
Egypt,1939,23.159683333333334
Egypt,1940,22.843125
Egypt,1941,22.904516666666666
Egypt,1942,22.684308333333334
Egypt,1943,22.168875
Egypt,1944,22.30835
Egypt,1945,21.801033333333333
Egypt,1946,22.496016666666666
Egypt,1947,22.850233333333335
Egypt,1948,21.666708333333332
Egypt,1949,21.62545
Egypt,1950,22.176441666666665
Egypt,1951,22.350583333333333
Egypt,1952,22.475066666666667
Egypt,1953,21.90009166666667
Egypt,1954,21.944374999999997
Egypt,1955,22.668008333333333
Egypt,1956,22.30580833333333
Egypt,1957,22.30973333333333
Egypt,1958,22.599766666666667
Egypt,1959,21.578958333333333
Egypt,1960,22.889908333333334
Egypt,1961,21.663175
Egypt,1962,22.847091666666667
Egypt,1963,22.87325
Egypt,1964,21.590858333333333
Egypt,1965,21.9593
Egypt,1966,22.661058333333333
Egypt,1967,21.4949
Egypt,1968,22.109566666666666
Egypt,1969,22.704633333333334
Egypt,1970,21.957066666666666
Egypt,1971,21.937408333333334
Egypt,1972,22.059133333333335
Egypt,1973,22.008991666666663
Egypt,1974,22.122466666666668
Egypt,1975,21.974333333333334
Egypt,1976,22.219525
Egypt,1977,22.059375000000003
Egypt,1978,22.273858333333333
Egypt,1979,22.893866666666668
Egypt,1980,22.421975
Egypt,1981,22.164783333333332
Egypt,1982,21.753825000000003
Egypt,1983,21.490658333333332
Egypt,1984,22.256141666666664
Egypt,1985,22.599166666666665
Egypt,1986,22.3014
Egypt,1987,22.168783333333334
Egypt,1988,22.522916666666664
Egypt,1989,22.180616666666666
Egypt,1990,22.395799999999998
Egypt,1991,22.36530833333333
Egypt,1992,21.777841666666664
Egypt,1993,22.617183333333333
Egypt,1994,22.620800000000003
Egypt,1995,22.581341666666663
Egypt,1996,22.835825
Egypt,1997,22.303925000000003
Egypt,1998,23.128508333333333
Egypt,1999,23.19005
Egypt,2000,22.345691666666667
Egypt,2001,23.046733333333332
Egypt,2002,23.194141666666667
Egypt,2003,23.027966666666668
Egypt,2004,23.066108333333332
Egypt,2005,23.077941666666664
Egypt,2006,22.980633333333333
Egypt,2007,23.143958333333334
Egypt,2008,23.511675
Egypt,2009,23.404799999999998
Egypt,2010,24.727050000000002
Egypt,2011,22.87185
Egypt,2012,23.532008333333334
Egypt,2013,23.38778333333333
Egypt,2014,23.630916666666668
Egypt,2015,23.53470833333333
Egypt,2016,23.54365
El Salvador,1901,23.622533333333333
El Salvador,1902,23.849858333333334
El Salvador,1903,23.862433333333332
El Salvador,1904,23.66435
El Salvador,1905,23.807058333333334
El Salvador,1906,23.342241666666666
El Salvador,1907,23.492024999999998
El Salvador,1908,23.479041666666664
El Salvador,1909,23.696166666666667
El Salvador,1910,22.47305833333333
El Salvador,1911,23.408925
El Salvador,1912,23.615808333333334
El Salvador,1913,23.103258333333333
El Salvador,1914,23.11600833333333
El Salvador,1915,23.377391666666668
El Salvador,1916,23.20103333333333
El Salvador,1917,23.40534166666667
El Salvador,1918,23.72853333333333
El Salvador,1919,23.467525
El Salvador,1920,23.51
El Salvador,1921,23.346774999999997
El Salvador,1922,23.968941666666666
El Salvador,1923,23.639333333333337
El Salvador,1924,23.509266666666665
El Salvador,1925,23.433000000000003
El Salvador,1926,23.662241666666663
El Salvador,1927,23.74495
El Salvador,1928,23.67409166666667
El Salvador,1929,23.89186666666667
El Salvador,1930,23.413625
El Salvador,1931,23.751833333333334
El Salvador,1932,23.795275
El Salvador,1933,23.69935
El Salvador,1934,23.613208333333333
El Salvador,1935,23.565025000000002
El Salvador,1936,24.143758333333334
El Salvador,1937,23.849675
El Salvador,1938,23.131116666666667
El Salvador,1939,23.505966666666666
El Salvador,1940,23.434616666666667
El Salvador,1941,23.52785
El Salvador,1942,23.375766666666667
El Salvador,1943,22.807541666666665
El Salvador,1944,23.267583333333334
El Salvador,1945,23.5347
El Salvador,1946,23.540966666666666
El Salvador,1947,23.64470833333333
El Salvador,1948,23.445741666666667
El Salvador,1949,23.303283333333336
El Salvador,1950,22.864366666666665
El Salvador,1951,23.550083333333333
El Salvador,1952,23.656050000000004
El Salvador,1953,23.811449999999997
El Salvador,1954,23.216791666666666
El Salvador,1955,23.301775000000003
El Salvador,1956,23.292125
El Salvador,1957,23.837708333333335
El Salvador,1958,24.273758333333333
El Salvador,1959,23.97028333333333
El Salvador,1960,23.690466666666666
El Salvador,1961,23.57766666666667
El Salvador,1962,23.257775
El Salvador,1963,23.3784
El Salvador,1964,23.554599999999997
El Salvador,1965,23.60585
El Salvador,1966,23.594066666666667
El Salvador,1967,23.32874166666667
El Salvador,1968,23.100624999999997
El Salvador,1969,23.745641666666668
El Salvador,1970,23.473650000000003
El Salvador,1971,23.259583333333335
El Salvador,1972,23.87765
El Salvador,1973,23.734266666666667
El Salvador,1974,23.32420833333333
El Salvador,1975,23.595333333333333
El Salvador,1976,23.562516666666667
El Salvador,1977,24.096324999999997
El Salvador,1978,23.913458333333335
El Salvador,1979,23.836233333333336
El Salvador,1980,24.10683333333333
El Salvador,1981,23.80780833333333
El Salvador,1982,24.032300000000003
El Salvador,1983,24.3913
El Salvador,1984,23.555833333333336
El Salvador,1985,23.877258333333334
El Salvador,1986,23.883925
El Salvador,1987,24.380683333333334
El Salvador,1988,24.26024166666667
El Salvador,1989,23.956441666666667
El Salvador,1990,24.100191666666664
El Salvador,1991,24.10269166666667
El Salvador,1992,24.18405
El Salvador,1993,23.96965833333333
El Salvador,1994,24.257233333333332
El Salvador,1995,24.091466666666665
El Salvador,1996,23.724149999999998
El Salvador,1997,24.407008333333334
El Salvador,1998,24.50968333333333
El Salvador,1999,23.6829
El Salvador,2000,23.997516666666666
El Salvador,2001,24.411475
El Salvador,2002,24.54885833333333
El Salvador,2003,24.603458333333332
El Salvador,2004,24.568275
El Salvador,2005,24.542258333333333
El Salvador,2006,24.460708333333333
El Salvador,2007,24.24224166666667
El Salvador,2008,24.45374166666667
El Salvador,2009,24.769108333333335
El Salvador,2010,24.438816666666668
El Salvador,2011,24.45934166666667
El Salvador,2012,24.419966666666667
El Salvador,2013,24.37505833333333
El Salvador,2014,24.512199999999996
El Salvador,2015,24.939316666666667
El Salvador,2016,25.000725
Equatorial Guinea,1901,24.177991666666667
Equatorial Guinea,1902,24.3925
Equatorial Guinea,1903,24.56488333333333
Equatorial Guinea,1904,24.2608
Equatorial Guinea,1905,24.693749999999998
Equatorial Guinea,1906,24.63045
Equatorial Guinea,1907,24.681258333333332
Equatorial Guinea,1908,24.20159166666667
Equatorial Guinea,1909,24.942008333333334
Equatorial Guinea,1910,24.16378333333333
Equatorial Guinea,1911,24.633558333333337
Equatorial Guinea,1912,24.74044166666667
Equatorial Guinea,1913,24.25509166666667
Equatorial Guinea,1914,24.717083333333335
Equatorial Guinea,1915,24.423550000000002
Equatorial Guinea,1916,24.389733333333336
Equatorial Guinea,1917,24.440458333333336
Equatorial Guinea,1918,24.423550000000002
Equatorial Guinea,1919,24.41509166666667
Equatorial Guinea,1920,24.428675
Equatorial Guinea,1921,24.427775
Equatorial Guinea,1922,24.415300000000002
Equatorial Guinea,1923,24.397199999999998
Equatorial Guinea,1924,24.498416666666667
Equatorial Guinea,1925,24.392641666666666
Equatorial Guinea,1926,24.447100000000002
Equatorial Guinea,1927,24.455474999999996
Equatorial Guinea,1928,24.47230833333333
Equatorial Guinea,1929,24.322616666666665
Equatorial Guinea,1930,24.475608333333337
Equatorial Guinea,1931,24.548141666666666
Equatorial Guinea,1932,24.40918333333333
Equatorial Guinea,1933,24.5585
Equatorial Guinea,1934,24.582566666666665
Equatorial Guinea,1935,24.5108
Equatorial Guinea,1936,24.402208333333334
Equatorial Guinea,1937,24.613116666666667
Equatorial Guinea,1938,24.51635
Equatorial Guinea,1939,24.555391666666665
Equatorial Guinea,1940,24.450475
Equatorial Guinea,1941,25.200591666666668
Equatorial Guinea,1942,25.02615833333333
Equatorial Guinea,1943,24.395725
Equatorial Guinea,1944,25.057066666666667
Equatorial Guinea,1945,25.12754166666667
Equatorial Guinea,1946,24.821166666666667
Equatorial Guinea,1947,25.130908333333334
Equatorial Guinea,1948,24.68925
Equatorial Guinea,1949,25.125033333333334
Equatorial Guinea,1950,25.0438
Equatorial Guinea,1951,24.87330833333333
Equatorial Guinea,1952,24.730866666666667
Equatorial Guinea,1953,24.704475000000002
Equatorial Guinea,1954,24.2948
Equatorial Guinea,1955,24.4759
Equatorial Guinea,1956,24.334083333333336
Equatorial Guinea,1957,24.717191666666665
Equatorial Guinea,1958,24.5996
Equatorial Guinea,1959,24.701916666666666
Equatorial Guinea,1960,24.732366666666667
Equatorial Guinea,1961,24.506866666666667
Equatorial Guinea,1962,24.599766666666667
Equatorial Guinea,1963,24.915758333333333
Equatorial Guinea,1964,24.544183333333333
Equatorial Guinea,1965,24.496475
Equatorial Guinea,1966,24.833458333333336
Equatorial Guinea,1967,24.60944166666667
Equatorial Guinea,1968,24.573725
Equatorial Guinea,1969,24.761583333333334
Equatorial Guinea,1970,24.712333333333333
Equatorial Guinea,1971,24.29325
Equatorial Guinea,1972,24.38215
Equatorial Guinea,1973,24.741733333333332
Equatorial Guinea,1974,24.254041666666666
Equatorial Guinea,1975,24.283733333333334
Equatorial Guinea,1976,24.017666666666667
Equatorial Guinea,1977,24.50545
Equatorial Guinea,1978,24.458849999999998
Equatorial Guinea,1979,24.7907
Equatorial Guinea,1980,24.82410833333333
Equatorial Guinea,1981,24.464591666666667
Equatorial Guinea,1982,24.300083333333333
Equatorial Guinea,1983,24.585925
Equatorial Guinea,1984,24.67025
Equatorial Guinea,1985,24.383625
Equatorial Guinea,1986,24.270274999999998
Equatorial Guinea,1987,24.935775000000003
Equatorial Guinea,1988,24.713583333333332
Equatorial Guinea,1989,24.66508333333333
Equatorial Guinea,1990,24.84985
Equatorial Guinea,1991,24.59051666666667
Equatorial Guinea,1992,24.388983333333332
Equatorial Guinea,1993,24.596091666666666
Equatorial Guinea,1994,24.553966666666668
Equatorial Guinea,1995,24.826558333333335
Equatorial Guinea,1996,24.576908333333336
Equatorial Guinea,1997,24.506516666666666
Equatorial Guinea,1998,25.225533333333335
Equatorial Guinea,1999,24.755566666666667
Equatorial Guinea,2000,24.82505
Equatorial Guinea,2001,24.896475
Equatorial Guinea,2002,25.07428333333333
Equatorial Guinea,2003,25.110433333333333
Equatorial Guinea,2004,25.095983333333333
Equatorial Guinea,2005,24.99815
Equatorial Guinea,2006,25.038816666666666
Equatorial Guinea,2007,25.050425
Equatorial Guinea,2008,24.857408333333336
Equatorial Guinea,2009,24.9843
Equatorial Guinea,2010,25.162591666666668
Equatorial Guinea,2011,24.88479166666667
Equatorial Guinea,2012,24.920475
Equatorial Guinea,2013,24.913391666666666
Equatorial Guinea,2014,24.940066666666667
Equatorial Guinea,2015,25.095183333333335
Equatorial Guinea,2016,25.378408333333336
Eritrea,1901,27.194783333333334
Eritrea,1902,26.2414
Eritrea,1903,25.970466666666667
Eritrea,1904,26.13008333333333
Eritrea,1905,25.931449999999998
Eritrea,1906,26.47051666666667
Eritrea,1907,26.02445833333333
Eritrea,1908,26.3108
Eritrea,1909,26.18733333333333
Eritrea,1910,26.201075
Eritrea,1911,26.38508333333333
Eritrea,1912,25.8767
Eritrea,1913,25.52548333333333
Eritrea,1914,26.364525
Eritrea,1915,26.780441666666665
Eritrea,1916,25.684375
Eritrea,1917,25.742975
Eritrea,1918,25.838708333333333
Eritrea,1919,26.668375
Eritrea,1920,25.2242
Eritrea,1921,25.76300833333333
Eritrea,1922,25.815883333333332
Eritrea,1923,25.641583333333333
Eritrea,1924,26.321291666666667
Eritrea,1925,25.976066666666668
Eritrea,1926,26.102641666666667
Eritrea,1927,26.573850000000004
Eritrea,1928,27.29535
Eritrea,1929,26.151966666666667
Eritrea,1930,25.98945833333333
Eritrea,1931,26.695633333333333
Eritrea,1932,26.125141666666664
Eritrea,1933,26.829674999999998
Eritrea,1934,26.216066666666666
Eritrea,1935,26.423066666666667
Eritrea,1936,26.97385
Eritrea,1937,26.512733333333333
Eritrea,1938,26.376883333333335
Eritrea,1939,27.269216666666665
Eritrea,1940,27.318641666666664
Eritrea,1941,26.203275
Eritrea,1942,25.761491666666668
Eritrea,1943,24.870841666666667
Eritrea,1944,25.560675
Eritrea,1945,25.273516666666666
Eritrea,1946,25.538858333333334
Eritrea,1947,25.889825000000002
Eritrea,1948,25.338091666666667
Eritrea,1949,25.147058333333334
Eritrea,1950,25.59221666666667
Eritrea,1951,25.580458333333336
Eritrea,1952,26.039083333333334
Eritrea,1953,26.043541666666666
Eritrea,1954,26.142108333333336
Eritrea,1955,26.309316666666664
Eritrea,1956,25.6559
Eritrea,1957,25.749233333333333
Eritrea,1958,26.176308333333335
Eritrea,1959,25.70266666666667
Eritrea,1960,26.11645
Eritrea,1961,25.3677
Eritrea,1962,25.83350833333333
Eritrea,1963,26.177458333333334
Eritrea,1964,25.292550000000002
Eritrea,1965,25.8335
Eritrea,1966,26.103174999999997
Eritrea,1967,25.319983333333337
Eritrea,1968,25.4952
Eritrea,1969,26.499408333333335
Eritrea,1970,26.08366666666667
Eritrea,1971,25.471383333333335
Eritrea,1972,25.946866666666665
Eritrea,1973,26.501091666666667
Eritrea,1974,26.012441666666664
Eritrea,1975,26.130566666666667
Eritrea,1976,26.47545
Eritrea,1977,26.229108333333333
Eritrea,1978,26.450916666666668
Eritrea,1979,26.78695
Eritrea,1980,26.97635
Eritrea,1981,26.292991666666666
Eritrea,1982,26.162175
Eritrea,1983,26.274841666666664
Eritrea,1984,26.744249999999997
Eritrea,1985,26.51669166666667
Eritrea,1986,26.434833333333334
Eritrea,1987,26.713400000000004
Eritrea,1988,26.680941666666666
Eritrea,1989,26.00815
Eritrea,1990,26.873825
Eritrea,1991,26.530591666666666
Eritrea,1992,25.841016666666665
Eritrea,1993,26.479758333333333
Eritrea,1994,26.359483333333333
Eritrea,1995,26.171916666666664
Eritrea,1996,26.609791666666666
Eritrea,1997,26.6443
Eritrea,1998,26.96920833333333
Eritrea,1999,26.868475
Eritrea,2000,26.79924166666667
Eritrea,2001,26.890075
Eritrea,2002,27.285691666666665
Eritrea,2003,27.029691666666665
Eritrea,2004,26.922158333333332
Eritrea,2005,27.137733333333333
Eritrea,2006,26.785366666666665
Eritrea,2007,26.716025000000002
Eritrea,2008,26.937833333333334
Eritrea,2009,27.594325
Eritrea,2010,27.693625
Eritrea,2011,27.159750000000003
Eritrea,2012,27.336158333333334
Eritrea,2013,27.393108333333334
Eritrea,2014,27.085425
Eritrea,2015,27.6559
Eritrea,2016,27.543408333333332
Estonia,1901,5.313293333333333
Estonia,1902,2.9738233333333333
Estonia,1903,5.834045833333334
Estonia,1904,4.130458333333333
Estonia,1905,5.1621325
Estonia,1906,5.7440975
Estonia,1907,3.822373333333333
Estonia,1908,4.4633475
Estonia,1909,4.361366666666666
Estonia,1910,6.106392499999999
Estonia,1911,5.193008333333333
Estonia,1912,4.379216666666666
Estonia,1913,5.711685833333333
Estonia,1914,5.799405
Estonia,1915,3.234055
Estonia,1916,4.7421025
Estonia,1917,4.093962500000001
Estonia,1918,4.9097225
Estonia,1919,4.202299166666667
Estonia,1920,6.072846666666667
Estonia,1921,5.251845833333333
Estonia,1922,4.145793333333334
Estonia,1923,4.230090833333334
Estonia,1924,5.0309333333333335
Estonia,1925,5.648252500000001
Estonia,1926,4.462215
Estonia,1927,4.6319775
Estonia,1928,4.5788874999999996
Estonia,1929,4.244868333333334
Estonia,1930,6.192629166666666
Estonia,1931,4.09051
Estonia,1932,5.698969166666667
Estonia,1933,4.494405
Estonia,1934,6.939649166666666
Estonia,1935,5.435610833333334
Estonia,1936,6.109475833333334
Estonia,1937,5.9418625
Estonia,1938,6.666134166666667
Estonia,1939,5.60786
Estonia,1940,3.3136625
Estonia,1941,2.5217183333333333
Estonia,1942,2.7033958333333334
Estonia,1943,6.182028333333334
Estonia,1944,5.734820833333334
Estonia,1945,4.69851
Estonia,1946,4.875338333333333
Estonia,1947,4.1773925
Estonia,1948,5.644583333333333
Estonia,1949,6.652216666666667
Estonia,1950,5.143665833333333
Estonia,1951,5.0476275
Estonia,1952,4.333054166666666
Estonia,1953,5.560441666666667
Estonia,1954,4.935886666666667
Estonia,1955,4.222494999999999
Estonia,1956,3.4312458333333336
Estonia,1957,5.535711666666667
Estonia,1958,4.2750908333333335
Estonia,1959,5.9163
Estonia,1960,4.833524166666667
Estonia,1961,6.378119166666667
Estonia,1962,4.5089508333333335
Estonia,1963,4.213898333333333
Estonia,1964,5.059095833333333
Estonia,1965,4.365257499999999
Estonia,1966,4.010986666666667
Estonia,1967,5.332705000000001
Estonia,1968,4.5754075
Estonia,1969,3.866518333333333
Estonia,1970,4.301093333333333
Estonia,1971,5.322960833333333
Estonia,1972,5.897050833333334
Estonia,1973,5.424724166666667
Estonia,1974,6.254102499999999
Estonia,1975,6.869796666666667
Estonia,1976,3.8151566666666668
Estonia,1977,4.704314166666667
Estonia,1978,3.9053383333333334
Estonia,1979,4.764472499999999
Estonia,1980,4.4872625
Estonia,1981,5.1277325
Estonia,1982,5.551584166666667
Estonia,1983,6.187935833333333
Estonia,1984,5.842471666666667
Estonia,1985,3.551225833333333
Estonia,1986,4.956226666666667
Estonia,1987,3.3305841666666667
Estonia,1988,5.754201666666667
Estonia,1989,7.186740833333334
Estonia,1990,6.673311666666667
Estonia,1991,6.197723333333333
Estonia,1992,6.430850833333333
Estonia,1993,5.275464166666667
Estonia,1994,5.3751999999999995
Estonia,1995,6.166169166666666
Estonia,1996,4.7256975
Estonia,1997,5.907519166666667
Estonia,1998,5.391159999999999
Estonia,1999,6.498974166666667
Estonia,2000,7.0749925000000005
Estonia,2001,6.0313349999999994
Estonia,2002,6.225961666666667
Estonia,2003,5.754989166666667
Estonia,2004,5.987170833333333
Estonia,2005,6.0537341666666675
Estonia,2006,6.514881666666667
Estonia,2007,6.651374166666667
Estonia,2008,7.248088333333333
Estonia,2009,6.0052875000000006
Estonia,2010,4.890131666666666
Estonia,2011,6.879858333333334
Estonia,2012,5.555390833333334
Estonia,2013,6.7092025
Estonia,2014,6.915310000000001
Estonia,2015,7.351688333333333
Estonia,2016,6.499305
Ethiopia,1901,23.097716666666667
Ethiopia,1902,22.651958333333337
Ethiopia,1903,22.766233333333332
Ethiopia,1904,22.380399999999998
Ethiopia,1905,22.298775000000003
Ethiopia,1906,22.617716666666666
Ethiopia,1907,22.300308333333334
Ethiopia,1908,22.961233333333336
Ethiopia,1909,21.970583333333334
Ethiopia,1910,22.757941666666667
Ethiopia,1911,22.670491666666667
Ethiopia,1912,21.476041666666664
Ethiopia,1913,21.476200000000002
Ethiopia,1914,22.112925
Ethiopia,1915,22.320308333333333
Ethiopia,1916,21.60954166666667
Ethiopia,1917,21.674216666666666
Ethiopia,1918,21.745383333333333
Ethiopia,1919,22.051233333333332
Ethiopia,1920,21.234058333333333
Ethiopia,1921,22.323683333333335
Ethiopia,1922,22.656266666666667
Ethiopia,1923,22.0282
Ethiopia,1924,23.334425
Ethiopia,1925,22.682125
Ethiopia,1926,22.621350000000003
Ethiopia,1927,22.8263
Ethiopia,1928,23.481566666666666
Ethiopia,1929,21.998041666666666
Ethiopia,1930,21.693991666666665
Ethiopia,1931,22.7026
Ethiopia,1932,21.927616666666665
Ethiopia,1933,22.738583333333334
Ethiopia,1934,22.350725
Ethiopia,1935,22.4004
Ethiopia,1936,22.555633333333333
Ethiopia,1937,22.692575
Ethiopia,1938,22.423133333333336
Ethiopia,1939,23.069991666666667
Ethiopia,1940,23.218408333333333
Ethiopia,1941,22.628866666666667
Ethiopia,1942,22.463775
Ethiopia,1943,21.989808333333333
Ethiopia,1944,22.35954166666667
Ethiopia,1945,22.126375
Ethiopia,1946,22.532541666666663
Ethiopia,1947,22.65555833333333
Ethiopia,1948,22.14985
Ethiopia,1949,21.9759
Ethiopia,1950,21.98313333333333
Ethiopia,1951,22.647741666666665
Ethiopia,1952,22.84560833333333
Ethiopia,1953,23.079091666666667
Ethiopia,1954,23.072125
Ethiopia,1955,23.032566666666668
Ethiopia,1956,22.22265
Ethiopia,1957,22.260416666666668
Ethiopia,1958,22.64255833333333
Ethiopia,1959,22.495883333333335
Ethiopia,1960,22.354725000000002
Ethiopia,1961,22.034875
Ethiopia,1962,22.05795
Ethiopia,1963,22.35355
Ethiopia,1964,21.912908333333334
Ethiopia,1965,22.285899999999998
Ethiopia,1966,22.421058333333335
Ethiopia,1967,21.9143
Ethiopia,1968,21.919625
Ethiopia,1969,22.63299166666667
Ethiopia,1970,22.580291666666668
Ethiopia,1971,22.07250833333333
Ethiopia,1972,22.527749999999997
Ethiopia,1973,22.914975
Ethiopia,1974,22.244024999999997
Ethiopia,1975,22.380491666666668
Ethiopia,1976,22.683533333333333
Ethiopia,1977,22.688683333333334
Ethiopia,1978,22.704158333333336
Ethiopia,1979,22.83921666666667
Ethiopia,1980,23.186775
Ethiopia,1981,22.456925
Ethiopia,1982,22.61045833333333
Ethiopia,1983,22.815183333333334
Ethiopia,1984,22.586483333333334
Ethiopia,1985,22.475849999999998
Ethiopia,1986,22.69145
Ethiopia,1987,22.960741666666667
Ethiopia,1988,22.858416666666667
Ethiopia,1989,22.277041666666666
Ethiopia,1990,22.860641666666666
Ethiopia,1991,22.888116666666665
Ethiopia,1992,22.57305
Ethiopia,1993,22.5495
Ethiopia,1994,22.66679166666667
Ethiopia,1995,22.917833333333334
Ethiopia,1996,22.920708333333334
Ethiopia,1997,22.944425
Ethiopia,1998,23.176358333333337
Ethiopia,1999,22.567833333333336
Ethiopia,2000,22.930316666666666
Ethiopia,2001,23.043466666666664
Ethiopia,2002,23.482225
Ethiopia,2003,23.249325
Ethiopia,2004,23.221258333333335
Ethiopia,2005,23.242266666666666
Ethiopia,2006,23.185366666666667
Ethiopia,2007,23.068141666666666
Ethiopia,2008,22.923316666666665
Ethiopia,2009,23.707216666666667
Ethiopia,2010,23.524150000000002
Ethiopia,2011,23.46135
Ethiopia,2012,23.329525
Ethiopia,2013,23.485883333333334
Ethiopia,2014,23.359558333333336
Ethiopia,2015,23.8428
Ethiopia,2016,23.718458333333334
Faroe Islands,1901,6.0094375
Faroe Islands,1902,5.357573333333334
Faroe Islands,1903,5.491969999999999
Faroe Islands,1904,5.9359166666666665
Faroe Islands,1905,5.997183333333333
Faroe Islands,1906,5.5242949999999995
Faroe Islands,1907,5.4124783333333335
Faroe Islands,1908,6.192681666666666
Faroe Islands,1909,5.429136666666667
Faroe Islands,1910,5.781185
Faroe Islands,1911,6.283048333333333
Faroe Islands,1912,5.844264166666666
Faroe Islands,1913,6.319611666666667
Faroe Islands,1914,6.1777058333333335
Faroe Islands,1915,5.488250833333333
Faroe Islands,1916,5.847609166666667
Faroe Islands,1917,5.2830924999999995
Faroe Islands,1918,5.898908333333334
Faroe Islands,1919,5.095770833333333
Faroe Islands,1920,6.264781666666667
Faroe Islands,1921,6.133594166666666
Faroe Islands,1922,5.610591666666667
Faroe Islands,1923,5.566914999999999
Faroe Islands,1924,6.067653333333333
Faroe Islands,1925,5.810996666666667
Faroe Islands,1926,6.446341666666666
Faroe Islands,1927,5.7582475
Faroe Islands,1928,6.060925
Faroe Islands,1929,6.2182708333333325
Faroe Islands,1930,6.2428349999999995
Faroe Islands,1931,5.923329166666666
Faroe Islands,1932,6.309449166666667
Faroe Islands,1933,7.027479166666667
Faroe Islands,1934,6.718275833333333
Faroe Islands,1935,6.333664166666666
Faroe Islands,1936,6.341788333333334
Faroe Islands,1937,6.4451600000000004
Faroe Islands,1938,6.736475833333333
Faroe Islands,1939,6.7285008333333325
Faroe Islands,1940,6.2882375
Faroe Islands,1941,6.389415
Faroe Islands,1942,6.196164166666667
Faroe Islands,1943,6.482569166666667
Faroe Islands,1944,6.0718491666666665
Faroe Islands,1945,7.066339166666666
Faroe Islands,1946,6.949915
Faroe Islands,1947,6.2394991666666675
Faroe Islands,1948,6.525978333333334
Faroe Islands,1949,6.478105833333333
Faroe Islands,1950,6.336235833333333
Faroe Islands,1951,6.001694166666667
Faroe Islands,1952,5.841240833333334
Faroe Islands,1953,7.188424166666667
Faroe Islands,1954,6.289221666666666
Faroe Islands,1955,6.084092500000001
Faroe Islands,1956,6.35377
Faroe Islands,1957,6.416526666666666
Faroe Islands,1958,6.1832199999999995
Faroe Islands,1959,7.129958333333334
Faroe Islands,1960,6.990889166666666
Faroe Islands,1961,6.731526666666667
Faroe Islands,1962,5.933644999999999
Faroe Islands,1963,6.1186058333333335
Faroe Islands,1964,6.584233333333334
Faroe Islands,1965,5.6205425
Faroe Islands,1966,5.811594166666667
Faroe Islands,1967,6.005945833333333
Faroe Islands,1968,5.682329166666666
Faroe Islands,1969,5.557778333333334
Faroe Islands,1970,5.685368333333333
Faroe Islands,1971,6.356653333333334
Faroe Islands,1972,6.80979
Faroe Islands,1973,5.8410425
Faroe Islands,1974,6.691132499999999
Faroe Islands,1975,6.1543
Faroe Islands,1976,6.52356
Faroe Islands,1977,6.049695833333334
Faroe Islands,1978,5.962905
Faroe Islands,1979,5.056470833333333
Faroe Islands,1980,6.160410833333334
Faroe Islands,1981,5.481039166666666
Faroe Islands,1982,6.29807
Faroe Islands,1983,5.886245833333334
Faroe Islands,1984,6.6488725
Faroe Islands,1985,5.735928333333334
Faroe Islands,1986,5.981976666666667
Faroe Islands,1987,6.434662499999999
Faroe Islands,1988,6.199613333333333
Faroe Islands,1989,6.473325833333334
Faroe Islands,1990,6.707089166666666
Faroe Islands,1991,6.962675
Faroe Islands,1992,6.579586666666667
Faroe Islands,1993,6.022547499999999
Faroe Islands,1994,6.135281666666667
Faroe Islands,1995,5.899510833333333
Faroe Islands,1996,6.355225833333333
Faroe Islands,1997,6.8954733333333325
Faroe Islands,1998,6.324675833333333
Faroe Islands,1999,6.401789999999999
Faroe Islands,2000,6.512921666666667
Faroe Islands,2001,6.550068333333333
Faroe Islands,2002,7.198585833333333
Faroe Islands,2003,7.512205000000001
Faroe Islands,2004,7.16488
Faroe Islands,2005,6.692445
Faroe Islands,2006,7.313187500000001
Faroe Islands,2007,6.995439166666666
Faroe Islands,2008,6.827496666666668
Faroe Islands,2009,7.298924166666667
Faroe Islands,2010,6.277659166666666
Faroe Islands,2011,7.102211666666666
Faroe Islands,2012,6.5300375
Faroe Islands,2013,6.748001666666667
Faroe Islands,2014,7.759920833333333
Faroe Islands,2015,6.813920833333333
Faroe Islands,2016,7.153535000000001
Federated States Of Micronesia,1901,27.0556
Federated States Of Micronesia,1902,27.0556
Federated States Of Micronesia,1903,27.0556
Federated States Of Micronesia,1904,27.0556
Federated States Of Micronesia,1905,27.0556
Federated States Of Micronesia,1906,27.0556
Federated States Of Micronesia,1907,27.0556
Federated States Of Micronesia,1908,27.0556
Federated States Of Micronesia,1909,27.0556
Federated States Of Micronesia,1910,27.0556
Federated States Of Micronesia,1911,27.0556
Federated States Of Micronesia,1912,27.0556
Federated States Of Micronesia,1913,27.0556
Federated States Of Micronesia,1914,27.0556
Federated States Of Micronesia,1915,27.0556
Federated States Of Micronesia,1916,27.0556
Federated States Of Micronesia,1917,27.0556
Federated States Of Micronesia,1918,27.0556
Federated States Of Micronesia,1919,27.0556
Federated States Of Micronesia,1920,27.0556
Federated States Of Micronesia,1921,27.05650833333333
Federated States Of Micronesia,1922,27.08696666666667
Federated States Of Micronesia,1923,26.96750833333333
Federated States Of Micronesia,1924,27.058875
Federated States Of Micronesia,1925,27.092091666666665
Federated States Of Micronesia,1926,26.73261666666667
Federated States Of Micronesia,1927,27.033516666666667
Federated States Of Micronesia,1928,26.538375000000002
Federated States Of Micronesia,1929,26.46643333333333
Federated States Of Micronesia,1930,26.43134166666667
Federated States Of Micronesia,1931,26.643341666666668
Federated States Of Micronesia,1932,26.434425
Federated States Of Micronesia,1933,26.451491666666666
Federated States Of Micronesia,1934,26.546158333333334
Federated States Of Micronesia,1935,26.929591666666667
Federated States Of Micronesia,1936,27.064449999999997
Federated States Of Micronesia,1937,26.927216666666666
Federated States Of Micronesia,1938,26.924341666666667
Federated States Of Micronesia,1939,27.657175
Federated States Of Micronesia,1940,27.7625
Federated States Of Micronesia,1941,26.75469166666667
Federated States Of Micronesia,1942,26.60083333333333
Federated States Of Micronesia,1943,26.4055
Federated States Of Micronesia,1944,27.459325000000003
Federated States Of Micronesia,1945,27.348791666666667
Federated States Of Micronesia,1946,27.338516666666667
Federated States Of Micronesia,1947,27.586091666666665
Federated States Of Micronesia,1948,27.342408333333335
Federated States Of Micronesia,1949,27.067016666666664
Federated States Of Micronesia,1950,27.074908333333337
Federated States Of Micronesia,1951,26.99636666666667
Federated States Of Micronesia,1952,27.132841666666668
Federated States Of Micronesia,1953,27.148475
Federated States Of Micronesia,1954,26.83275833333333
Federated States Of Micronesia,1955,26.517025
Federated States Of Micronesia,1956,26.64661666666667
Federated States Of Micronesia,1957,27.185999999999996
Federated States Of Micronesia,1958,26.999725
Federated States Of Micronesia,1959,26.878808333333335
Federated States Of Micronesia,1960,26.877016666666666
Federated States Of Micronesia,1961,26.81534166666667
Federated States Of Micronesia,1962,26.84605
Federated States Of Micronesia,1963,26.858366666666665
Federated States Of Micronesia,1964,26.72565
Federated States Of Micronesia,1965,26.731308333333335
Federated States Of Micronesia,1966,26.993516666666668
Federated States Of Micronesia,1967,26.817041666666668
Federated States Of Micronesia,1968,26.692116666666667
Federated States Of Micronesia,1969,26.798091666666664
Federated States Of Micronesia,1970,27.03194166666667
Federated States Of Micronesia,1971,26.549108333333333
Federated States Of Micronesia,1972,26.833166666666667
Federated States Of Micronesia,1973,27.16855
Federated States Of Micronesia,1974,26.813358333333337
Federated States Of Micronesia,1975,26.797875
Federated States Of Micronesia,1976,26.74455
Federated States Of Micronesia,1977,27.339958333333332
Federated States Of Micronesia,1978,27.20850833333333
Federated States Of Micronesia,1979,27.3095
Federated States Of Micronesia,1980,27.416183333333333
Federated States Of Micronesia,1981,27.460733333333334
Federated States Of Micronesia,1982,27.220408333333335
Federated States Of Micronesia,1983,27.570841666666666
Federated States Of Micronesia,1984,27.436558333333334
Federated States Of Micronesia,1985,27.248275000000003
Federated States Of Micronesia,1986,27.303775
Federated States Of Micronesia,1987,27.288608333333332
Federated States Of Micronesia,1988,27.258266666666668
Federated States Of Micronesia,1989,27.138608333333334
Federated States Of Micronesia,1990,27.227950000000003
Federated States Of Micronesia,1991,26.92725833333333
Federated States Of Micronesia,1992,27.01406666666667
Federated States Of Micronesia,1993,26.75361666666667
Federated States Of Micronesia,1994,27.114116666666664
Federated States Of Micronesia,1995,27.239075
Federated States Of Micronesia,1996,27.05275
Federated States Of Micronesia,1997,26.884316666666667
Federated States Of Micronesia,1998,26.911824999999997
Federated States Of Micronesia,1999,26.663925000000003
Federated States Of Micronesia,2000,27.051475
Federated States Of Micronesia,2001,27.302066666666665
Federated States Of Micronesia,2002,27.419116666666667
Federated States Of Micronesia,2003,27.2279
Federated States Of Micronesia,2004,27.377574999999997
Federated States Of Micronesia,2005,27.47875
Federated States Of Micronesia,2006,27.384608333333333
Federated States Of Micronesia,2007,27.340400000000002
Federated States Of Micronesia,2008,27.00968333333333
Federated States Of Micronesia,2009,27.1759
Federated States Of Micronesia,2010,27.071866666666665
Federated States Of Micronesia,2011,27.263033333333336
Federated States Of Micronesia,2012,27.44705
Federated States Of Micronesia,2013,27.83985
Federated States Of Micronesia,2014,27.413891666666668
Federated States Of Micronesia,2015,27.409616666666665
Federated States Of Micronesia,2016,27.819775000000003
Fiji,1901,23.895591666666665
Fiji,1902,23.895574999999997
Fiji,1903,23.724483333333335
Fiji,1904,23.547666666666668
Fiji,1905,23.604699999999998
Fiji,1906,23.918400000000002
Fiji,1907,23.610408333333336
Fiji,1908,23.621808333333334
Fiji,1909,23.456383333333335
Fiji,1910,23.52485833333333
Fiji,1911,23.918400000000002
Fiji,1912,24.180783333333334
Fiji,1913,24.060999999999996
Fiji,1914,24.232116666666666
Fiji,1915,23.827158333333333
Fiji,1916,23.64464166666667
Fiji,1917,23.559075000000004
Fiji,1918,23.690258333333333
Fiji,1919,24.214991666666666
Fiji,1920,24.180758333333333
Fiji,1921,23.964016666666666
Fiji,1922,24.061000000000003
Fiji,1923,23.838549999999998
Fiji,1924,24.060975
Fiji,1925,23.941225
Fiji,1926,24.20929166666667
Fiji,1927,24.226408333333335
Fiji,1928,24.129458333333332
Fiji,1929,24.100933333333334
Fiji,1930,24.14655
Fiji,1931,23.93551666666667
Fiji,1932,24.118425000000002
Fiji,1933,23.946758333333335
Fiji,1934,24.038208333333333
Fiji,1935,24.147475
Fiji,1936,24.31611666666667
Fiji,1937,23.9187
Fiji,1938,23.95381666666667
Fiji,1939,23.874741666666665
Fiji,1940,24.238591666666665
Fiji,1941,24.248375
Fiji,1942,24.143533333333334
Fiji,1943,24.248558333333335
Fiji,1944,24.167983333333336
Fiji,1945,24.011300000000002
Fiji,1946,24.388983333333332
Fiji,1947,24.5125
Fiji,1948,24.174625000000002
Fiji,1949,24.353825
Fiji,1950,24.207933333333333
Fiji,1951,23.992125
Fiji,1952,24.353408333333334
Fiji,1953,24.29579166666667
Fiji,1954,24.274291666666667
Fiji,1955,24.115733333333335
Fiji,1956,24.085975
Fiji,1957,24.124116666666666
Fiji,1958,24.279300000000003
Fiji,1959,24.47876666666667
Fiji,1960,24.2704
Fiji,1961,24.498266666666666
Fiji,1962,24.228116666666665
Fiji,1963,24.217675
Fiji,1964,24.417308333333335
Fiji,1965,23.627349999999996
Fiji,1966,23.851858333333336
Fiji,1967,23.951316666666667
Fiji,1968,23.988983333333334
Fiji,1969,24.251050000000003
Fiji,1970,24.12585
Fiji,1971,23.882883333333336
Fiji,1972,23.778274999999997
Fiji,1973,24.30988333333333
Fiji,1974,24.04615
Fiji,1975,24.28225
Fiji,1976,23.986949999999997
Fiji,1977,23.9237
Fiji,1978,23.80295
Fiji,1979,23.97145
Fiji,1980,23.902683333333332
Fiji,1981,24.290916666666664
Fiji,1982,24.293725
Fiji,1983,24.443141666666666
Fiji,1984,24.609108333333335
Fiji,1985,24.492425
Fiji,1986,23.999866666666666
Fiji,1987,24.223691666666667
Fiji,1988,24.849966666666663
Fiji,1989,24.2504
Fiji,1990,24.391841666666668
Fiji,1991,24.021266666666666
Fiji,1992,24.010283333333334
Fiji,1993,23.633499999999998
Fiji,1994,23.826016666666664
Fiji,1995,24.16371666666667
Fiji,1996,24.310991666666666
Fiji,1997,24.381891666666665
Fiji,1998,24.727050000000002
Fiji,1999,24.194599999999998
Fiji,2000,24.517300000000002
Fiji,2001,24.558066666666665
Fiji,2002,24.44935
Fiji,2003,24.38169166666667
Fiji,2004,24.40794166666667
Fiji,2005,24.558558333333334
Fiji,2006,24.380516666666665
Fiji,2007,24.883516666666665
Fiji,2008,24.31543333333333
Fiji,2009,24.058083333333332
Fiji,2010,24.620033333333335
Fiji,2011,24.371583333333334
Fiji,2012,24.125133333333334
Fiji,2013,24.415858333333333
Fiji,2014,24.242191666666667
Fiji,2015,24.201158333333336
Fiji,2016,24.717308333333335
Finland,1901,1.5380291666666668
Finland,1902,-1.0346224999999998
Finland,1903,1.730605833333333
Finland,1904,0.3979650000000001
Finland,1905,1.3380624999999997
Finland,1906,1.7393116666666668
Finland,1907,0.9542633333333335
Finland,1908,1.0585149999999999
Finland,1909,0.9749116666666668
Finland,1910,2.023175833333333
Finland,1911,1.6526266666666665
Finland,1912,0.13753833333333332
Finland,1913,1.5611833333333334
Finland,1914,1.7768274999999998
Finland,1915,-1.0098258333333332
Finland,1916,1.0033524999999999
Finland,1917,0.17601500000000034
Finland,1918,1.3520775
Finland,1919,0.6153674999999996
Finland,1920,2.977548333333333
Finland,1921,1.5607300000000002
Finland,1922,0.9801449999999999
Finland,1923,0.8066866666666668
Finland,1924,1.8318908333333337
Finland,1925,1.787636666666667
Finland,1926,0.457425
Finland,1927,0.7813875000000001
Finland,1928,1.0734058333333334
Finland,1929,1.2824541666666667
Finland,1930,2.660179166666667
Finland,1931,1.1204416666666666
Finland,1932,2.4031766666666665
Finland,1933,1.3056891666666668
Finland,1934,3.420861666666666
Finland,1935,2.015905
Finland,1936,2.1920625
Finland,1937,2.922265
Finland,1938,3.7829866666666665
Finland,1939,1.9002400000000002
Finland,1940,0.3063091666666664
Finland,1941,-0.7523174999999999
Finland,1942,-0.1800391666666669
Finland,1943,3.001383333333333
Finland,1944,2.418405
Finland,1945,1.1329308333333332
Finland,1946,1.7971533333333334
Finland,1947,0.9545583333333333
Finland,1948,2.2688475
Finland,1949,2.9324575
Finland,1950,2.0303825
Finland,1951,1.453706666666667
Finland,1952,1.0095349999999998
Finland,1953,2.6209075
Finland,1954,2.1551108333333335
Finland,1955,-0.35603333333333326
Finland,1956,-0.15154166666666655
Finland,1957,1.91447
Finland,1958,0.4380908333333333
Finland,1959,2.4374316666666664
Finland,1960,1.6232625
Finland,1961,2.8389358333333337
Finland,1962,0.8036508333333332
Finland,1963,1.1502933333333334
Finland,1964,1.7678341666666668
Finland,1965,0.7633249999999997
Finland,1966,-0.40052166666666683
Finland,1967,1.8635208333333333
Finland,1968,0.35693249999999993
Finland,1969,0.42884833333333344
Finland,1970,1.0745899999999997
Finland,1971,0.7277591666666666
Finland,1972,2.7121491666666664
Finland,1973,1.4931358333333336
Finland,1974,3.1950325
Finland,1975,2.8305116666666668
Finland,1976,0.2838441666666666
Finland,1977,1.0080733333333334
Finland,1978,-0.024014166666666743
Finland,1979,1.2799191666666667
Finland,1980,0.7013283333333332
Finland,1981,0.6914333333333333
Finland,1982,1.702685
Finland,1983,1.8294433333333335
Finland,1984,2.2627508333333335
Finland,1985,-0.6460866666666668
Finland,1986,1.0290308333333333
Finland,1987,-0.26899916666666646
Finland,1988,1.6815275000000003
Finland,1989,3.5168883333333336
Finland,1990,2.8240358333333333
Finland,1991,2.1579808333333332
Finland,1992,2.5760791666666667
Finland,1993,1.6301633333333332
Finland,1994,1.6050666666666666
Finland,1995,2.196935
Finland,1996,1.5194283333333332
Finland,1997,2.0873333333333335
Finland,1998,1.0852899999999999
Finland,1999,2.1597508333333333
Finland,2000,3.337543333333333
Finland,2001,1.9091683333333334
Finland,2002,2.013090833333333
Finland,2003,2.3109383333333335
Finland,2004,2.4218433333333333
Finland,2005,3.080414166666667
Finland,2006,2.7551816666666666
Finland,2007,2.935099166666667
Finland,2008,3.0419666666666667
Finland,2009,2.2796991666666666
Finland,2010,0.9631666666666668
Finland,2011,3.405584166666667
Finland,2012,1.6795491666666666
Finland,2013,3.2710225000000004
Finland,2014,3.4057816666666665
Finland,2015,3.524423333333333
Finland,2016,3.1043775
France,1901,9.697941666666667
France,1902,9.805872500000001
France,1903,10.090309166666666
France,1904,10.432770833333334
France,1905,9.823573333333334
France,1906,10.248193333333333
France,1907,10.0006525
France,1908,9.890119166666667
France,1909,9.500640833333334
France,1910,10.157237499999999
France,1911,11.025588333333333
France,1912,10.18255
France,1913,10.636744166666666
France,1914,10.276669166666666
France,1915,10.111415
France,1916,10.373215833333333
France,1917,9.4451575
France,1918,10.370495833333333
France,1919,9.816469166666666
France,1920,10.689551666666667
France,1921,11.2055925
France,1922,9.848084166666666
France,1923,10.61099
France,1924,10.2091425
France,1925,10.1227125
France,1926,10.9075975
France,1927,10.505748333333333
France,1928,11.028213333333333
France,1929,10.240764166666667
France,1930,10.894359166666666
France,1931,9.98091
France,1932,10.288973333333333
France,1933,10.243544166666666
France,1934,10.982163333333332
France,1935,10.460108333333332
France,1936,10.519294166666667
France,1937,10.931907500000001
France,1938,10.507559166666667
France,1939,10.358978333333333
France,1940,9.7595125
France,1941,9.817943333333334
France,1942,10.235785833333333
France,1943,11.297649166666666
France,1944,10.4693825
France,1945,11.292856666666665
France,1946,10.573621666666666
France,1947,11.375703333333334
France,1948,11.042040833333333
France,1949,11.458035833333334
France,1950,10.9359625
France,1951,10.55757
France,1952,10.727053333333332
France,1953,10.694749999999999
France,1954,10.2085675
France,1955,10.657755
France,1956,9.697661666666667
France,1957,10.672894999999999
France,1958,10.633205
France,1959,11.436740833333333
France,1960,10.703535
France,1961,11.382840833333333
France,1962,9.82939
France,1963,9.407125833333334
France,1964,10.5050325
France,1965,10.004964166666666
France,1966,10.811285
France,1967,10.699026666666667
France,1968,10.334977499999999
France,1969,10.272244166666667
France,1970,10.394714166666667
France,1971,10.415985000000001
France,1972,10.114378333333333
France,1973,10.40639
France,1974,10.7112725
France,1975,10.609715
France,1976,10.958725833333332
France,1977,10.6183575
France,1978,10.114139166666666
France,1979,10.343275833333333
France,1980,9.938756666666666
France,1981,10.631498333333333
France,1982,11.340495833333334
France,1983,11.073098333333334
France,1984,10.405613333333333
France,1985,10.050288333333333
France,1986,10.318173333333334
France,1987,10.305304999999999
France,1988,11.183238333333334
France,1989,11.724139166666667
France,1990,11.765655
France,1991,10.754585
France,1992,11.105659166666667
France,1993,10.771772499999999
France,1994,11.977424166666665
France,1995,11.586616666666666
France,1996,10.5934775
France,1997,11.849255833333332
France,1998,11.312666666666667
France,1999,11.720349999999998
France,2000,11.888568333333334
France,2001,11.417185833333333
France,2002,11.867035000000001
France,2003,11.8987675
France,2004,11.383712500000001
France,2005,11.350787500000001
France,2006,11.915509166666666
France,2007,11.643284166666668
France,2008,11.337159166666666
France,2009,11.695545000000001
France,2010,10.625238333333334
France,2011,12.323240833333335
France,2012,11.5415175
France,2013,11.084975
France,2014,12.500744166666665
France,2015,12.164351666666667
France,2016,11.765049166666666
Gabon,1901,24.5827
Gabon,1902,24.7677
Gabon,1903,24.960075
Gabon,1904,24.646625
Gabon,1905,25.06595833333333
Gabon,1906,24.979783333333334
Gabon,1907,25.045083333333334
Gabon,1908,24.552133333333334
Gabon,1909,25.305183333333332
Gabon,1910,24.571825
Gabon,1911,25.043400000000002
Gabon,1912,25.147850000000002
Gabon,1913,24.655716666666667
Gabon,1914,25.082183333333333
Gabon,1915,24.72791666666667
Gabon,1916,24.663974999999997
Gabon,1917,24.759900000000002
Gabon,1918,24.72791666666667
Gabon,1919,24.711933333333334
Gabon,1920,24.73590833333333
Gabon,1921,24.735916666666668
Gabon,1922,24.711933333333334
Gabon,1923,24.671966666666666
Gabon,1924,24.879783333333332
Gabon,1925,24.735916666666668
Gabon,1926,24.751900000000003
Gabon,1927,24.783875
Gabon,1928,24.863799999999998
Gabon,1929,24.632
Gabon,1930,24.775875
Gabon,1931,24.839825
Gabon,1932,24.616016666666667
Gabon,1933,24.93574166666667
Gabon,1934,24.983708333333336
Gabon,1935,24.831833333333332
Gabon,1936,24.68795833333333
Gabon,1937,25.015675
Gabon,1938,24.807858333333332
Gabon,1939,24.879791666666666
Gabon,1940,24.775883333333336
Gabon,1941,25.505666666666666
Gabon,1942,25.333533333333335
Gabon,1943,24.743291666666664
Gabon,1944,25.429158333333334
Gabon,1945,25.391175
Gabon,1946,25.113975
Gabon,1947,25.471808333333332
Gabon,1948,25.02971666666667
Gabon,1949,25.446616666666667
Gabon,1950,25.263183333333334
Gabon,1951,25.352091666666666
Gabon,1952,25.238833333333332
Gabon,1953,25.226858333333336
Gabon,1954,24.873225
Gabon,1955,25.03055833333333
Gabon,1956,24.94604166666667
Gabon,1957,25.251724999999997
Gabon,1958,25.128508333333333
Gabon,1959,25.215183333333332
Gabon,1960,25.320674999999998
Gabon,1961,24.971249999999998
Gabon,1962,25.078608333333335
Gabon,1963,25.338741666666667
Gabon,1964,25.062725
Gabon,1965,25.027108333333334
Gabon,1966,25.374008333333336
Gabon,1967,25.064341666666667
Gabon,1968,25.04818333333333
Gabon,1969,25.311566666666664
Gabon,1970,25.178541666666664
Gabon,1971,24.78339166666667
Gabon,1972,24.74685
Gabon,1973,24.97723333333333
Gabon,1974,24.487358333333333
Gabon,1975,24.537075
Gabon,1976,24.249399999999998
Gabon,1977,24.72746666666667
Gabon,1978,24.626625
Gabon,1979,25.128991666666668
Gabon,1980,25.053133333333335
Gabon,1981,24.912441666666666
Gabon,1982,24.675283333333336
Gabon,1983,25.139325
Gabon,1984,25.194083333333335
Gabon,1985,24.855941666666666
Gabon,1986,24.796833333333336
Gabon,1987,25.371858333333336
Gabon,1988,25.201758333333334
Gabon,1989,25.103966666666665
Gabon,1990,25.228333333333335
Gabon,1991,25.047674999999998
Gabon,1992,24.799716666666665
Gabon,1993,25.004716666666667
Gabon,1994,24.9575
Gabon,1995,25.205516666666668
Gabon,1996,24.897450000000003
Gabon,1997,24.976866666666666
Gabon,1998,25.741241666666667
Gabon,1999,25.1777
Gabon,2000,25.176041666666666
Gabon,2001,25.3036
Gabon,2002,25.451391666666666
Gabon,2003,25.423066666666667
Gabon,2004,25.474283333333332
Gabon,2005,25.406975
Gabon,2006,25.443591666666666
Gabon,2007,25.425916666666666
Gabon,2008,25.254208333333334
Gabon,2009,25.38254166666667
Gabon,2010,25.613166666666668
Gabon,2011,25.265658333333334
Gabon,2012,25.332683333333335
Gabon,2013,25.3562
Gabon,2014,25.352308333333337
Gabon,2015,25.467333333333332
Gabon,2016,25.791349999999998
Gambia,1901,27.362291666666668
Gambia,1902,27.703016666666667
Gambia,1903,27.528541666666666
Gambia,1904,27.238491666666665
Gambia,1905,27.427625000000003
Gambia,1906,27.564224999999997
Gambia,1907,26.701941666666666
Gambia,1908,27.618408333333335
Gambia,1909,27.359133333333332
Gambia,1910,27.52795
Gambia,1911,27.227841666666666
Gambia,1912,27.442041666666668
Gambia,1913,27.52938333333333
Gambia,1914,27.083658333333332
Gambia,1915,27.677233333333334
Gambia,1916,27.01494166666667
Gambia,1917,27.135199999999998
Gambia,1918,27.489433333333334
Gambia,1919,27.950924999999998
Gambia,1920,27.170958333333335
Gambia,1921,27.01054166666667
Gambia,1922,26.621775
Gambia,1923,27.28548333333333
Gambia,1924,26.877866666666666
Gambia,1925,27.208608333333334
Gambia,1926,27.461091666666665
Gambia,1927,27.088125
Gambia,1928,26.74461666666667
Gambia,1929,26.647341666666666
Gambia,1930,26.694999999999997
Gambia,1931,27.430899999999998
Gambia,1932,27.335850000000004
Gambia,1933,27.39656666666667
Gambia,1934,27.130441666666666
Gambia,1935,27.089558333333333
Gambia,1936,27.4248
Gambia,1937,27.500983333333334
Gambia,1938,27.56759166666667
Gambia,1939,27.30725
Gambia,1940,27.36791666666667
Gambia,1941,27.588333333333335
Gambia,1942,27.286141666666666
Gambia,1943,27.064775
Gambia,1944,27.651
Gambia,1945,27.874483333333334
Gambia,1946,27.304925
Gambia,1947,27.356041666666666
Gambia,1948,27.283374999999996
Gambia,1949,27.34351666666667
Gambia,1950,27.177083333333332
Gambia,1951,27.023433333333333
Gambia,1952,26.865841666666668
Gambia,1953,27.074341666666665
Gambia,1954,27.005683333333334
Gambia,1955,27.211616666666668
Gambia,1956,26.917316666666665
Gambia,1957,26.955541666666665
Gambia,1958,27.439733333333333
Gambia,1959,27.162333333333333
Gambia,1960,27.318966666666668
Gambia,1961,27.308291666666666
Gambia,1962,27.438149999999997
Gambia,1963,27.55116666666667
Gambia,1964,27.355925
Gambia,1965,26.964675
Gambia,1966,27.377266666666667
Gambia,1967,26.679941666666664
Gambia,1968,27.023033333333334
Gambia,1969,27.958624999999998
Gambia,1970,27.72961666666667
Gambia,1971,26.742166666666666
Gambia,1972,27.201558333333335
Gambia,1973,27.399649999999998
Gambia,1974,26.592975
Gambia,1975,26.700466666666667
Gambia,1976,26.652075
Gambia,1977,27.394091666666668
Gambia,1978,27.083941666666664
Gambia,1979,27.441291666666668
Gambia,1980,27.391983333333332
Gambia,1981,27.472708333333333
Gambia,1982,26.982258333333334
Gambia,1983,27.952025000000003
Gambia,1984,27.2984
Gambia,1985,27.185458333333333
Gambia,1986,27.085800000000003
Gambia,1987,27.749925
Gambia,1988,27.480016666666668
Gambia,1989,27.238533333333333
Gambia,1990,27.85705
Gambia,1991,27.685708333333334
Gambia,1992,27.600025
Gambia,1993,27.677791666666668
Gambia,1994,27.362341666666666
Gambia,1995,27.673058333333334
Gambia,1996,27.98923333333333
Gambia,1997,28.108800000000002
Gambia,1998,28.517358333333334
Gambia,1999,27.579466666666665
Gambia,2000,27.73274166666667
Gambia,2001,28.097525
Gambia,2002,28.140175
Gambia,2003,28.054533333333335
Gambia,2004,28.164658333333335
Gambia,2005,28.342858333333336
Gambia,2006,27.941575
Gambia,2007,28.09459166666667
Gambia,2008,28.059716666666663
Gambia,2009,27.689700000000002
Gambia,2010,28.507475
Gambia,2011,27.919625
Gambia,2012,27.9455
Gambia,2013,28.04211666666667
Gambia,2014,28.02508333333333
Gambia,2015,28.123266666666666
Gambia,2016,28.370416666666667
Georgia,1901,7.055633333333333
Georgia,1902,5.991485833333333
Georgia,1903,6.197759166666667
Georgia,1904,5.744044166666666
Georgia,1905,6.203388333333333
Georgia,1906,6.474044166666666
Georgia,1907,5.501824166666666
Georgia,1908,5.431044166666667
Georgia,1909,6.611395833333333
Georgia,1910,6.523890833333333
Georgia,1911,4.674435833333333
Georgia,1912,6.3117616666666665
Georgia,1913,6.021989166666667
Georgia,1914,6.45432
Georgia,1915,6.8329733333333325
Georgia,1916,6.6824075
Georgia,1917,6.897891666666666
Georgia,1918,6.6590125
Georgia,1919,6.703763333333334
Georgia,1920,5.1325883333333335
Georgia,1921,5.525901666666667
Georgia,1922,6.849230833333333
Georgia,1923,6.99721
Georgia,1924,6.634545
Georgia,1925,6.722134166666667
Georgia,1926,6.369759166666667
Georgia,1927,6.322510833333333
Georgia,1928,5.28199
Georgia,1929,5.662795833333333
Georgia,1930,6.9104616666666665
Georgia,1931,5.722639999999999
Georgia,1932,5.729790833333333
Georgia,1933,5.339661666666667
Georgia,1934,6.028929166666667
Georgia,1935,6.823965833333333
Georgia,1936,6.6010775
Georgia,1937,7.176261666666666
Georgia,1938,6.873255
Georgia,1939,6.6241275
Georgia,1940,6.782352500000001
Georgia,1941,6.311276666666667
Georgia,1942,5.959975
Georgia,1943,6.191905833333333
Georgia,1944,6.6603125
Georgia,1945,5.37939
Georgia,1946,6.097235
Georgia,1947,6.9847475
Georgia,1948,6.226003333333334
Georgia,1949,5.627420833333333
Georgia,1950,5.9692175
Georgia,1951,6.50241
Georgia,1952,6.871440833333334
Georgia,1953,5.9011125
Georgia,1954,6.605530000000001
Georgia,1955,7.469085833333334
Georgia,1956,4.992094166666667
Georgia,1957,6.9229191666666665
Georgia,1958,6.337104166666666
Georgia,1959,5.3401749999999995
Georgia,1960,6.605742500000001
Georgia,1961,6.879466666666667
Georgia,1962,7.5789575000000005
Georgia,1963,6.5364700000000004
Georgia,1964,5.635994166666666
Georgia,1965,6.0803183333333335
Georgia,1966,8.416465833333334
Georgia,1967,5.905949166666667
Georgia,1968,6.647005833333334
Georgia,1969,5.708243333333333
Georgia,1970,7.113789166666667
Georgia,1971,6.807100833333333
Georgia,1972,5.849867499999999
Georgia,1973,5.707055
Georgia,1974,6.1014925
Georgia,1975,6.7328975
Georgia,1976,5.602468333333333
Georgia,1977,6.125231666666667
Georgia,1978,6.374741666666666
Georgia,1979,7.490314166666667
Georgia,1980,6.580203333333333
Georgia,1981,7.412951666666667
Georgia,1982,5.744494166666667
Georgia,1983,6.378834166666667
Georgia,1984,6.336629166666667
Georgia,1985,6.01789
Georgia,1986,6.716704166666667
Georgia,1987,6.123345833333333
Georgia,1988,6.150808333333333
Georgia,1989,7.070304166666666
Georgia,1990,6.685516666666667
Georgia,1991,6.56524
Georgia,1992,5.009338333333333
Georgia,1993,5.357963333333333
Georgia,1994,6.3512474999999995
Georgia,1995,7.063903333333333
Georgia,1996,6.871968333333334
Georgia,1997,6.452591666666667
Georgia,1998,7.4995775
Georgia,1999,7.597101666666667
Georgia,2000,7.031806666666667
Georgia,2001,7.689509166666667
Georgia,2002,6.679506666666666
Georgia,2003,6.581839166666666
Georgia,2004,6.822559166666667
Georgia,2005,6.987455
Georgia,2006,7.080638333333333
Georgia,2007,6.856138333333333
Georgia,2008,6.770231666666667
Georgia,2009,7.082701666666666
Georgia,2010,8.692138333333334
Georgia,2011,6.419435
Georgia,2012,7.370136666666666
Georgia,2013,7.1552283333333335
Georgia,2014,8.0428675
Georgia,2015,7.61412
Georgia,2016,7.252515833333334
Germany,1901,7.814768333333333
Germany,1902,7.3301541666666665
Germany,1903,8.4298275
Germany,1904,8.500146666666668
Germany,1905,8.0760475
Germany,1906,8.436951666666667
Germany,1907,7.98486
Germany,1908,7.664090000000001
Germany,1909,7.412602499999999
Germany,1910,8.514996666666667
Germany,1911,9.206594166666667
Germany,1912,8.060310833333334
Germany,1913,8.666391666666668
Germany,1914,8.661210833333334
Germany,1915,8.001678333333333
Germany,1916,8.540125833333333
Germany,1917,7.682690833333333
Germany,1918,8.6796425
Germany,1919,7.4561641666666665
Germany,1920,8.8069075
Germany,1921,9.147128333333333
Germany,1922,7.332068333333333
Germany,1923,8.159243333333333
Germany,1924,7.735990833333333
Germany,1925,8.459895000000001
Germany,1926,8.858409166666666
Germany,1927,8.200144166666666
Germany,1928,8.511780833333333
Germany,1929,7.829976666666667
Germany,1930,8.959770833333334
Germany,1931,7.620238333333334
Germany,1932,8.480311666666667
Germany,1933,7.815246666666667
Germany,1934,9.334
Germany,1935,8.461241666666666
Germany,1936,8.513798333333334
Germany,1937,8.673585000000001
Germany,1938,8.771465000000001
Germany,1939,8.4483575
Germany,1940,6.87123
Germany,1941,7.258993333333334
Germany,1942,7.472615
Germany,1943,9.0470875
Germany,1944,8.374443333333334
Germany,1945,8.990133333333333
Germany,1946,8.551499166666668
Germany,1947,8.7531575
Germany,1948,9.209267500000001
Germany,1949,9.338731666666666
Germany,1950,8.838225
Germany,1951,8.9256025
Germany,1952,8.128630833333334
Germany,1953,9.139819166666667
Germany,1954,7.870531666666667
Germany,1955,7.776110833333333
Germany,1956,7.2307999999999995
Germany,1957,8.795135833333333
Germany,1958,8.406369166666666
Germany,1959,9.245138333333333
Germany,1960,8.550625833333333
Germany,1961,9.124684166666666
Germany,1962,7.379371666666667
Germany,1963,7.317525
Germany,1964,8.318566666666667
Germany,1965,7.643514166666667
Germany,1966,8.612954166666666
Germany,1967,9.07448
Germany,1968,8.350160833333334
Germany,1969,7.9409175
Germany,1970,7.875020833333334
Germany,1971,8.65055
Germany,1972,8.078165833333333
Germany,1973,8.43656
Germany,1974,8.976618333333333
Germany,1975,9.087329166666667
Germany,1976,8.612129166666668
Germany,1977,8.7816425
Germany,1978,7.977243333333333
Germany,1979,7.893812499999999
Germany,1980,7.766406666666668
Germany,1981,8.375756666666666
Germany,1982,9.159240833333333
Germany,1983,9.301025000000001
Germany,1984,8.234954166666666
Germany,1985,7.708910833333333
Germany,1986,8.163438333333334
Germany,1987,7.686226666666666
Germany,1988,9.27841
Germany,1989,9.795908333333333
Germany,1990,9.805418333333334
Germany,1991,8.681505
Germany,1992,9.645158333333333
Germany,1993,8.717293333333332
Germany,1994,9.8808975
Germany,1995,9.1360675
Germany,1996,7.492319999999999
Germany,1997,9.160516666666666
Germany,1998,9.2713
Germany,1999,9.717500833333334
Germany,2000,10.099335833333333
Germany,2001,9.185679166666667
Germany,2002,9.7550425
Germany,2003,9.521808333333333
Germany,2004,9.1535975
Germany,2005,9.236941666666667
Germany,2006,9.791305833333334
Germany,2007,10.083964166666666
Germany,2008,9.764500833333333
Germany,2009,9.490326666666666
Germany,2010,8.159329999999999
Germany,2011,9.989761666666666
Germany,2012,9.414195833333332
Germany,2013,9.024396666666666
Germany,2014,10.635453333333333
Germany,2015,10.271996666666666
Germany,2016,9.882784166666665
Ghana,1901,26.582449999999998
Ghana,1902,26.85445833333333
Ghana,1903,27.224325000000004
Ghana,1904,27.245475
Ghana,1905,26.748883333333335
Ghana,1906,27.452550000000002
Ghana,1907,27.006833333333333
Ghana,1908,27.136341666666667
Ghana,1909,26.953058333333335
Ghana,1910,27.299725
Ghana,1911,26.675700000000003
Ghana,1912,27.319566666666663
Ghana,1913,27.350283333333334
Ghana,1914,27.865574999999996
Ghana,1915,26.314708333333332
Ghana,1916,25.64531666666667
Ghana,1917,25.9443
Ghana,1918,25.684866666666665
Ghana,1919,27.221966666666663
Ghana,1920,27.290125
Ghana,1921,27.24321666666667
Ghana,1922,26.592408333333335
Ghana,1923,26.858525
Ghana,1924,27.172575
Ghana,1925,26.698383333333336
Ghana,1926,27.197675
Ghana,1927,26.379191666666667
Ghana,1928,26.417325
Ghana,1929,26.262766666666668
Ghana,1930,27.061508333333336
Ghana,1931,27.555266666666668
Ghana,1932,27.515883333333335
Ghana,1933,27.42526666666667
Ghana,1934,27.499483333333334
Ghana,1935,27.6224
Ghana,1936,27.11775833333333
Ghana,1937,28.427933333333332
Ghana,1938,28.823525
Ghana,1939,27.95905
Ghana,1940,27.342
Ghana,1941,27.808608333333336
Ghana,1942,27.524708333333333
Ghana,1943,27.13025
Ghana,1944,27.565383333333333
Ghana,1945,27.260916666666663
Ghana,1946,27.029425
Ghana,1947,27.432850000000002
Ghana,1948,26.96620833333333
Ghana,1949,27.516000000000002
Ghana,1950,26.895075000000002
Ghana,1951,27.452591666666667
Ghana,1952,27.273958333333336
Ghana,1953,27.17826666666667
Ghana,1954,26.886983333333333
Ghana,1955,26.7998
Ghana,1956,26.838925
Ghana,1957,27.028283333333334
Ghana,1958,27.234133333333332
Ghana,1959,27.22855
Ghana,1960,27.075383333333335
Ghana,1961,26.971608333333332
Ghana,1962,26.963449999999998
Ghana,1963,27.2833
Ghana,1964,26.867791666666665
Ghana,1965,26.99036666666667
Ghana,1966,27.316316666666665
Ghana,1967,26.9718
Ghana,1968,27.218833333333333
Ghana,1969,27.522125
Ghana,1970,27.382583333333333
Ghana,1971,26.607958333333332
Ghana,1972,26.896066666666666
Ghana,1973,27.375091666666666
Ghana,1974,26.6799
Ghana,1975,26.561925000000002
Ghana,1976,26.487641666666665
Ghana,1977,27.173333333333332
Ghana,1978,26.880366666666664
Ghana,1979,27.176299999999998
Ghana,1980,27.060275
Ghana,1981,27.479333333333333
Ghana,1982,27.260041666666666
Ghana,1983,27.784575
Ghana,1984,27.648658333333334
Ghana,1985,27.47950833333333
Ghana,1986,27.34160833333333
Ghana,1987,28.23615
Ghana,1988,27.709991666666667
Ghana,1989,27.454316666666667
Ghana,1990,27.775216666666665
Ghana,1991,27.233249999999998
Ghana,1992,27.073125
Ghana,1993,27.322025
Ghana,1994,27.218475
Ghana,1995,27.465149999999998
Ghana,1996,27.395075000000002
Ghana,1997,27.422441666666668
Ghana,1998,27.964825
Ghana,1999,27.356675
Ghana,2000,27.506541666666667
Ghana,2001,27.622500000000002
Ghana,2002,27.66955833333333
Ghana,2003,27.723691666666667
Ghana,2004,27.607641666666666
Ghana,2005,27.900425
Ghana,2006,27.748558333333335
Ghana,2007,27.7257
Ghana,2008,27.427558333333334
Ghana,2009,27.77509166666667
Ghana,2010,28.098041666666663
Ghana,2011,27.768775
Ghana,2012,27.53634166666667
Ghana,2013,27.725483333333333
Ghana,2014,27.845883333333333
Ghana,2015,27.970250000000004
Ghana,2016,28.219275
Greece,1901,13.677439166666666
Greece,1902,13.48737
Greece,1903,13.635092499999999
Greece,1904,13.546399166666667
Greece,1905,13.557513333333333
Greece,1906,13.46463
Greece,1907,13.150304166666666
Greece,1908,13.101684999999998
Greece,1909,13.6046225
Greece,1910,13.655240833333332
Greece,1911,13.424025833333333
Greece,1912,13.337045833333333
Greece,1913,13.293275000000001
Greece,1914,13.116165833333334
Greece,1915,13.952494999999999
Greece,1916,14.5030075
Greece,1917,13.766565833333333
Greece,1918,13.727599166666666
Greece,1919,13.754680833333333
Greece,1920,13.470679166666665
Greece,1921,13.3859975
Greece,1922,13.891895833333335
Greece,1923,14.444537500000001
Greece,1924,13.695747500000001
Greece,1925,14.016385
Greece,1926,14.503883333333334
Greece,1927,14.831854166666666
Greece,1928,14.0975275
Greece,1929,13.360604166666667
Greece,1930,14.274890833333332
Greece,1931,13.87892
Greece,1932,13.755223333333333
Greece,1933,12.7873125
Greece,1934,14.391957499999998
Greece,1935,14.010843333333334
Greece,1936,14.156062499999999
Greece,1937,14.601043333333335
Greece,1938,13.922650833333334
Greece,1939,14.149138333333333
Greece,1940,13.075619166666668
Greece,1941,13.501085000000002
Greece,1942,13.463115833333333
Greece,1943,13.878637499999998
Greece,1944,13.642578333333333
Greece,1945,13.951772499999999
Greece,1946,14.446741666666666
Greece,1947,14.486105833333333
Greece,1948,13.415608333333333
Greece,1949,13.281418333333333
Greece,1950,14.509035833333334
Greece,1951,14.468993333333335
Greece,1952,14.799291666666667
Greece,1953,13.340810833333334
Greece,1954,13.633540000000002
Greece,1955,14.3500925
Greece,1956,13.403000833333335
Greece,1957,13.982498333333332
Greece,1958,14.298494166666666
Greece,1959,13.388844166666667
Greece,1960,14.465385
Greece,1961,14.286792499999999
Greece,1962,14.425524166666667
Greece,1963,14.339640000000001
Greece,1964,13.666714166666667
Greece,1965,13.633575833333333
Greece,1966,14.6192175
Greece,1967,13.807515833333333
Greece,1968,14.036634166666666
Greece,1969,13.88732
Greece,1970,14.07287
Greece,1971,13.580300000000001
Greece,1972,13.565261666666666
Greece,1973,13.593022500000002
Greece,1974,13.463281666666667
Greece,1975,13.543578333333334
Greece,1976,13.0409025
Greece,1977,14.087607499999999
Greece,1978,13.412090000000001
Greece,1979,13.988938333333332
Greece,1980,13.303379166666666
Greece,1981,13.748304166666665
Greece,1982,13.557758333333334
Greece,1983,13.302016666666667
Greece,1984,13.50491
Greece,1985,13.744069166666668
Greece,1986,13.873931666666666
Greece,1987,13.60515
Greece,1988,13.889258333333332
Greece,1989,13.5647875
Greece,1990,14.272835
Greece,1991,13.154006666666668
Greece,1992,13.434220833333333
Greece,1993,13.640976666666667
Greece,1994,14.619968333333333
Greece,1995,13.785224999999999
Greece,1996,13.493695833333334
Greece,1997,13.491285
Greece,1998,14.260335833333334
Greece,1999,14.818721666666667
Greece,2000,14.553324166666668
Greece,2001,14.714456666666665
Greece,2002,14.447445833333333
Greece,2003,14.222432499999998
Greece,2004,14.205581666666667
Greece,2005,13.857259999999998
Greece,2006,13.918161666666668
Greece,2007,14.670629166666666
Greece,2008,14.710408333333334
Greece,2009,14.603378333333334
Greece,2010,15.114976666666665
Greece,2011,14.001310833333333
Greece,2012,14.878096666666666
Greece,2013,14.952948333333334
Greece,2014,14.809920833333335
Greece,2015,14.550146666666668
Greece,2016,15.006540000000001
Greenland,1901,-18.226516666666665
Greenland,1902,-18.593541666666667
Greenland,1903,-18.753216666666667
Greenland,1904,-18.987083333333334
Greenland,1905,-18.330391666666667
Greenland,1906,-19.483158333333332
Greenland,1907,-19.434058333333333
Greenland,1908,-18.1584
Greenland,1909,-18.568041666666666
Greenland,1910,-19.66293333333333
Greenland,1911,-18.82806666666667
Greenland,1912,-18.504825
Greenland,1913,-18.777125
Greenland,1914,-20.379516666666667
Greenland,1915,-19.029591666666665
Greenland,1916,-18.39525
Greenland,1917,-19.83073333333333
Greenland,1918,-20.037766666666666
Greenland,1919,-19.257158333333333
Greenland,1920,-18.94559166666667
Greenland,1921,-18.99813333333333
Greenland,1922,-18.537683333333334
Greenland,1923,-17.722483333333333
Greenland,1924,-17.842466666666667
Greenland,1925,-17.68145
Greenland,1926,-17.442133333333334
Greenland,1927,-17.614908333333332
Greenland,1928,-16.632516666666668
Greenland,1929,-16.847683333333332
Greenland,1930,-16.885433333333335
Greenland,1931,-17.245933333333333
Greenland,1932,-16.813275
Greenland,1933,-16.537983333333333
Greenland,1934,-17.045175
Greenland,1935,-16.9412
Greenland,1936,-17.106183333333334
Greenland,1937,-17.345499999999998
Greenland,1938,-17.700016666666667
Greenland,1939,-16.944925
Greenland,1940,-17.295908333333333
Greenland,1941,-17.027316666666668
Greenland,1942,-17.354775
Greenland,1943,-18.434466666666665
Greenland,1944,-17.874983333333333
Greenland,1945,-17.26285
Greenland,1946,-16.77595833333333
Greenland,1947,-16.347375
Greenland,1948,-18.111391666666666
Greenland,1949,-18.281516666666665
Greenland,1950,-18.172941666666667
Greenland,1951,-18.647341666666666
Greenland,1952,-17.589816666666668
Greenland,1953,-17.764216666666666
Greenland,1954,-17.713408333333334
Greenland,1955,-18.171116666666666
Greenland,1956,-18.248325
Greenland,1957,-17.783775000000002
Greenland,1958,-17.417424999999998
Greenland,1959,-18.07260833333333
Greenland,1960,-17.1616
Greenland,1961,-18.323325
Greenland,1962,-17.430308333333333
Greenland,1963,-17.911491666666667
Greenland,1964,-18.106991666666666
Greenland,1965,-17.46025
Greenland,1966,-18.649441666666668
Greenland,1967,-18.329183333333333
Greenland,1968,-18.750008333333334
Greenland,1969,-18.17170833333333
Greenland,1970,-18.359325000000002
Greenland,1971,-18.871708333333334
Greenland,1972,-18.420508333333334
Greenland,1973,-18.551775
Greenland,1974,-17.99505
Greenland,1975,-18.9315
Greenland,1976,-17.85245
Greenland,1977,-18.01495
Greenland,1978,-18.228016666666665
Greenland,1979,-18.414825
Greenland,1980,-17.429475
Greenland,1981,-17.539791666666666
Greenland,1982,-18.682416666666665
Greenland,1983,-19.331766666666667
Greenland,1984,-18.699416666666668
Greenland,1985,-17.738675
Greenland,1986,-18.1564
Greenland,1987,-18.347066666666667
Greenland,1988,-17.616108333333333
Greenland,1989,-18.92715
Greenland,1990,-17.871733333333335
Greenland,1991,-17.618891666666666
Greenland,1992,-18.71130833333333
Greenland,1993,-18.513841666666668
Greenland,1994,-18.00294166666667
Greenland,1995,-17.806516666666667
Greenland,1996,-17.134766666666668
Greenland,1997,-17.713208333333334
Greenland,1998,-17.001025000000002
Greenland,1999,-17.734741666666668
Greenland,2000,-17.67935
Greenland,2001,-17.397616666666668
Greenland,2002,-16.835741666666667
Greenland,2003,-16.552441666666667
Greenland,2004,-17.3058
Greenland,2005,-16.071666666666665
Greenland,2006,-16.608025
Greenland,2007,-16.696258333333333
Greenland,2008,-16.903141666666667
Greenland,2009,-16.961166666666667
Greenland,2010,-15.695599999999999
Greenland,2011,-16.447641666666666
Greenland,2012,-16.416091666666667
Greenland,2013,-17.33053333333333
Greenland,2014,-16.275933333333334
Greenland,2015,-17.133141666666667
Greenland,2016,-15.3332
Grenada,1901,26.421308333333332
Grenada,1902,26.056291666666667
Grenada,1903,26.106516666666668
Grenada,1904,25.705766666666666
Grenada,1905,25.931991666666665
Grenada,1906,25.873158333333333
Grenada,1907,25.632116666666665
Grenada,1908,25.731908333333333
Grenada,1909,25.698866666666664
Grenada,1910,25.73175
Grenada,1911,25.805308333333333
Grenada,1912,26.00655
Grenada,1913,25.45605
Grenada,1914,25.604699999999998
Grenada,1915,26.170925
Grenada,1916,25.745350000000002
Grenada,1917,25.9188
Grenada,1918,25.986733333333333
Grenada,1919,25.76335
Grenada,1920,25.572933333333335
Grenada,1921,25.878891666666664
Grenada,1922,25.679133333333336
Grenada,1923,25.844849999999997
Grenada,1924,25.952475000000003
Grenada,1925,25.862191666666664
Grenada,1926,26.362016666666666
Grenada,1927,25.861541666666668
Grenada,1928,25.95334166666667
Grenada,1929,25.70405
Grenada,1930,25.854891666666663
Grenada,1931,26.438666666666666
Grenada,1932,26.619675
Grenada,1933,26.0607
Grenada,1934,26.134908333333332
Grenada,1935,26.119358333333334
Grenada,1936,26.294608333333333
Grenada,1937,26.643916666666666
Grenada,1938,26.202991666666666
Grenada,1939,26.228324999999998
Grenada,1940,26.935991666666666
Grenada,1941,27.011891666666667
Grenada,1942,26.91225833333333
Grenada,1943,26.41231666666667
Grenada,1944,26.6204
Grenada,1945,26.30474166666667
Grenada,1946,26.329400000000003
Grenada,1947,26.62863333333333
Grenada,1948,26.511275
Grenada,1949,26.29443333333333
Grenada,1950,26.07904166666667
Grenada,1951,26.359799999999996
Grenada,1952,26.527033333333335
Grenada,1953,26.377883333333333
Grenada,1954,25.993975000000002
Grenada,1955,26.086408333333335
Grenada,1956,26.093999999999998
Grenada,1957,26.285574999999998
Grenada,1958,26.71995
Grenada,1959,26.49423333333333
Grenada,1960,26.585774999999998
Grenada,1961,26.55258333333333
Grenada,1962,26.419775
Grenada,1963,26.66094166666667
Grenada,1964,26.269366666666667
Grenada,1965,26.319391666666665
Grenada,1966,26.469241666666665
Grenada,1967,26.218433333333333
Grenada,1968,26.2523
Grenada,1969,26.928208333333334
Grenada,1970,26.568791666666666
Grenada,1971,26.070241666666664
Grenada,1972,26.344399999999997
Grenada,1973,26.684233333333335
Grenada,1974,26.260091666666668
Grenada,1975,26.293499999999998
Grenada,1976,26.210766666666668
Grenada,1977,26.677149999999997
Grenada,1978,26.794
Grenada,1979,26.93574166666667
Grenada,1980,27.02694166666667
Grenada,1981,27.09358333333333
Grenada,1982,26.801316666666665
Grenada,1983,27.083716666666664
Grenada,1984,26.575816666666668
Grenada,1985,26.369491666666665
Grenada,1986,26.561858333333333
Grenada,1987,27.561058333333335
Grenada,1988,27.269116666666665
Grenada,1989,26.861500000000003
Grenada,1990,27.259833333333333
Grenada,1991,26.94349166666667
Grenada,1992,26.767083333333332
Grenada,1993,27.101266666666664
Grenada,1994,26.843466666666668
Grenada,1995,27.10268333333333
Grenada,1996,26.753175
Grenada,1997,26.960233333333335
Grenada,1998,27.485983333333333
Grenada,1999,27.003208333333333
Grenada,2000,26.753341666666667
Grenada,2001,27.067850000000004
Grenada,2002,27.099391666666666
Grenada,2003,27.236825
Grenada,2004,27.043674999999997
Grenada,2005,27.401
Grenada,2006,27.260283333333334
Grenada,2007,27.085641666666664
Grenada,2008,27.009375000000002
Grenada,2009,27.37653333333333
Grenada,2010,27.685175
Grenada,2011,27.34195
Grenada,2012,27.27424166666667
Grenada,2013,27.390475
Grenada,2014,27.28455
Grenada,2015,27.551516666666668
Grenada,2016,27.551891666666666
Guatemala,1901,22.9696
Guatemala,1902,23.375966666666667
Guatemala,1903,23.382991666666666
Guatemala,1904,23.0898
Guatemala,1905,23.349324999999997
Guatemala,1906,22.871491666666667
Guatemala,1907,23.030150000000003
Guatemala,1908,23.01325
Guatemala,1909,23.218666666666667
Guatemala,1910,22.00968333333333
Guatemala,1911,22.956058333333335
Guatemala,1912,23.152841666666664
Guatemala,1913,22.646716666666666
Guatemala,1914,22.656908333333334
Guatemala,1915,22.909058333333334
Guatemala,1916,22.720183333333335
Guatemala,1917,22.233716666666666
Guatemala,1918,23.067549999999997
Guatemala,1919,22.875133333333334
Guatemala,1920,22.92096666666667
Guatemala,1921,22.777383333333333
Guatemala,1922,23.363200000000003
Guatemala,1923,23.105774999999998
Guatemala,1924,22.92911666666667
Guatemala,1925,22.815875000000002
Guatemala,1926,23.069983333333337
Guatemala,1927,23.1457
Guatemala,1928,23.098725
Guatemala,1929,23.27524166666667
Guatemala,1930,22.828658333333333
Guatemala,1931,23.167550000000002
Guatemala,1932,23.271816666666666
Guatemala,1933,23.233508333333333
Guatemala,1934,23.061516666666666
Guatemala,1935,23.062008333333335
Guatemala,1936,23.587166666666665
Guatemala,1937,23.322158333333334
Guatemala,1938,22.672250000000002
Guatemala,1939,22.996908333333334
Guatemala,1940,22.954541666666668
Guatemala,1941,23.104166666666668
Guatemala,1942,22.976108333333332
Guatemala,1943,22.502375
Guatemala,1944,22.962866666666667
Guatemala,1945,23.204324999999997
Guatemala,1946,23.166516666666666
Guatemala,1947,23.274908333333332
Guatemala,1948,23.15524166666667
Guatemala,1949,23.016824999999997
Guatemala,1950,22.518333333333334
Guatemala,1951,23.043433333333336
Guatemala,1952,23.135916666666663
Guatemala,1953,23.44683333333333
Guatemala,1954,22.777933333333333
Guatemala,1955,22.925241666666665
Guatemala,1956,22.763566666666666
Guatemala,1957,23.358475
Guatemala,1958,23.699833333333334
Guatemala,1959,23.454700000000003
Guatemala,1960,23.207683333333335
Guatemala,1961,23.137666666666664
Guatemala,1962,22.830816666666667
Guatemala,1963,22.894658333333336
Guatemala,1964,23.074941666666664
Guatemala,1965,22.993875
Guatemala,1966,22.889191666666665
Guatemala,1967,22.846316666666667
Guatemala,1968,22.682374999999997
Guatemala,1969,23.422683333333335
Guatemala,1970,23.155575
Guatemala,1971,23.070858333333334
Guatemala,1972,23.57411666666667
Guatemala,1973,23.414816666666667
Guatemala,1974,22.961833333333335
Guatemala,1975,23.390983333333335
Guatemala,1976,23.09013333333333
Guatemala,1977,23.51278333333333
Guatemala,1978,23.341224999999998
Guatemala,1979,23.32605
Guatemala,1980,23.581191666666665
Guatemala,1981,23.336675
Guatemala,1982,23.58973333333333
Guatemala,1983,23.82005
Guatemala,1984,23.052541666666666
Guatemala,1985,23.379575
Guatemala,1986,23.390675
Guatemala,1987,23.711716666666664
Guatemala,1988,23.644658333333336
Guatemala,1989,23.448833333333337
Guatemala,1990,23.563641666666665
Guatemala,1991,23.658058333333333
Guatemala,1992,23.555575
Guatemala,1993,23.463391666666666
Guatemala,1994,23.772358333333333
Guatemala,1995,23.633399999999998
Guatemala,1996,23.27763333333333
Guatemala,1997,23.915091666666665
Guatemala,1998,24.025283333333334
Guatemala,1999,23.223716666666665
Guatemala,2000,23.568825
Guatemala,2001,23.960250000000002
Guatemala,2002,24.087458333333334
Guatemala,2003,24.183016666666663
Guatemala,2004,24.192941666666666
Guatemala,2005,24.176283333333334
Guatemala,2006,24.04225
Guatemala,2007,23.941325000000003
Guatemala,2008,23.943166666666666
Guatemala,2009,24.265775
Guatemala,2010,23.82813333333333
Guatemala,2011,24.062741666666668
Guatemala,2012,24.161325
Guatemala,2013,24.056725
Guatemala,2014,24.0968
Guatemala,2015,24.542558333333332
Guatemala,2016,24.60235833333333
Guinea,1901,26.1507
Guinea,1902,26.25199166666667
Guinea,1903,25.948025
Guinea,1904,25.7812
Guinea,1905,25.917883333333332
Guinea,1906,25.89708333333333
Guinea,1907,25.57620833333333
Guinea,1908,26.032708333333332
Guinea,1909,25.886191666666665
Guinea,1910,26.117258333333336
Guinea,1911,25.78295
Guinea,1912,26.275358333333333
Guinea,1913,25.967241666666666
Guinea,1914,25.880975000000003
Guinea,1915,26.16795
Guinea,1916,25.718341666666664
Guinea,1917,25.737491666666667
Guinea,1918,25.682108333333332
Guinea,1919,25.876608333333333
Guinea,1920,25.700208333333336
Guinea,1921,25.591908333333336
Guinea,1922,25.50135
Guinea,1923,25.78939166666667
Guinea,1924,25.403741666666665
Guinea,1925,25.565591666666666
Guinea,1926,25.655508333333334
Guinea,1927,25.127025
Guinea,1928,24.951333333333334
Guinea,1929,24.953791666666664
Guinea,1930,25.086933333333334
Guinea,1931,25.693875000000002
Guinea,1932,25.567458333333335
Guinea,1933,25.697175
Guinea,1934,25.68035
Guinea,1935,25.639274999999998
Guinea,1936,25.648308333333333
Guinea,1937,25.942108333333334
Guinea,1938,26.019025
Guinea,1939,25.929824999999997
Guinea,1940,25.875416666666666
Guinea,1941,26.177891666666667
Guinea,1942,25.92758333333333
Guinea,1943,25.549325
Guinea,1944,26.102116666666664
Guinea,1945,26.109949999999998
Guinea,1946,25.806483333333333
Guinea,1947,25.947008333333333
Guinea,1948,25.631091666666666
Guinea,1949,25.80174166666667
Guinea,1950,25.56605
Guinea,1951,25.688791666666663
Guinea,1952,25.585708333333333
Guinea,1953,25.821641666666665
Guinea,1954,25.435150000000004
Guinea,1955,25.484174999999997
Guinea,1956,25.430975
Guinea,1957,25.64475
Guinea,1958,25.791916666666665
Guinea,1959,25.653916666666664
Guinea,1960,25.686449999999997
Guinea,1961,25.453991666666667
Guinea,1962,25.521358333333335
Guinea,1963,25.820400000000003
Guinea,1964,25.503666666666664
Guinea,1965,25.404741666666666
Guinea,1966,25.680683333333334
Guinea,1967,25.361925
Guinea,1968,25.66955833333333
Guinea,1969,26.07935
Guinea,1970,25.858266666666665
Guinea,1971,25.433308333333333
Guinea,1972,25.73389166666667
Guinea,1973,25.973716666666665
Guinea,1974,25.355816666666666
Guinea,1975,25.180224999999997
Guinea,1976,25.11729166666667
Guinea,1977,25.69758333333333
Guinea,1978,25.514258333333334
Guinea,1979,25.803283333333336
Guinea,1980,25.976116666666666
Guinea,1981,25.833433333333332
Guinea,1982,25.543008333333333
Guinea,1983,26.181925000000003
Guinea,1984,25.775141666666666
Guinea,1985,25.766333333333336
Guinea,1986,25.454966666666667
Guinea,1987,26.28446666666667
Guinea,1988,25.819983333333337
Guinea,1989,25.641766666666665
Guinea,1990,25.985883333333334
Guinea,1991,25.980391666666666
Guinea,1992,25.73998333333333
Guinea,1993,25.9391
Guinea,1994,25.574241666666666
Guinea,1995,25.866566666666667
Guinea,1996,26.061733333333333
Guinea,1997,26.035841666666666
Guinea,1998,26.603391666666667
Guinea,1999,25.73585
Guinea,2000,25.899766666666665
Guinea,2001,26.162525000000002
Guinea,2002,26.3948
Guinea,2003,26.336975
Guinea,2004,26.5171
Guinea,2005,26.565466666666666
Guinea,2006,26.303175
Guinea,2007,26.383491666666668
Guinea,2008,26.10845833333333
Guinea,2009,26.14124166666667
Guinea,2010,26.658358333333336
Guinea,2011,26.354983333333333
Guinea,2012,26.09645
Guinea,2013,26.31234166666667
Guinea,2014,26.257766666666665
Guinea,2015,26.449775
Guinea,2016,26.657308333333333
Guinea-Bissau,1901,27.083141666666666
Guinea-Bissau,1902,27.267583333333334
Guinea-Bissau,1903,27.095366666666667
Guinea-Bissau,1904,26.804824999999997
Guinea-Bissau,1905,27.015208333333334
Guinea-Bissau,1906,27.111575000000002
Guinea-Bissau,1907,26.431058333333336
Guinea-Bissau,1908,27.1153
Guinea-Bissau,1909,26.898475
Guinea-Bissau,1910,27.138475
Guinea-Bissau,1911,26.807708333333334
Guinea-Bissau,1912,27.092924999999997
Guinea-Bissau,1913,27.067533333333333
Guinea-Bissau,1914,26.715458333333334
Guinea-Bissau,1915,27.270291666666665
Guinea-Bissau,1916,26.639508333333335
Guinea-Bissau,1917,26.802108333333333
Guinea-Bissau,1918,27.0136
Guinea-Bissau,1919,27.308133333333334
Guinea-Bissau,1920,26.7784
Guinea-Bissau,1921,26.570691666666665
Guinea-Bissau,1922,26.302325
Guinea-Bissau,1923,26.848958333333332
Guinea-Bissau,1924,26.38585
Guinea-Bissau,1925,26.714341666666666
Guinea-Bissau,1926,26.934866666666665
Guinea-Bissau,1927,26.542208333333335
Guinea-Bissau,1928,26.225916666666667
Guinea-Bissau,1929,26.14925
Guinea-Bissau,1930,26.2381
Guinea-Bissau,1931,26.875183333333336
Guinea-Bissau,1932,26.855
Guinea-Bissau,1933,26.9158
Guinea-Bissau,1934,26.668616666666665
Guinea-Bissau,1935,26.609875000000002
Guinea-Bissau,1936,26.889258333333334
Guinea-Bissau,1937,26.9747
Guinea-Bissau,1938,27.072858333333333
Guinea-Bissau,1939,26.867116666666664
Guinea-Bissau,1940,26.928066666666666
Guinea-Bissau,1941,27.145908333333335
Guinea-Bissau,1942,26.896641666666667
Guinea-Bissau,1943,26.609733333333335
Guinea-Bissau,1944,27.201908333333336
Guinea-Bissau,1945,27.345991666666666
Guinea-Bissau,1946,26.842616666666668
Guinea-Bissau,1947,26.870316666666668
Guinea-Bissau,1948,26.752574999999997
Guinea-Bissau,1949,26.833191666666668
Guinea-Bissau,1950,26.649083333333333
Guinea-Bissau,1951,26.728691666666666
Guinea-Bissau,1952,26.608425
Guinea-Bissau,1953,26.852149999999998
Guinea-Bissau,1954,26.608666666666664
Guinea-Bissau,1955,26.779808333333335
Guinea-Bissau,1956,26.5368
Guinea-Bissau,1957,26.663416666666667
Guinea-Bissau,1958,26.9924
Guinea-Bissau,1959,26.797208333333334
Guinea-Bissau,1960,26.90869166666667
Guinea-Bissau,1961,26.695125
Guinea-Bissau,1962,26.861116666666664
Guinea-Bissau,1963,27.0723
Guinea-Bissau,1964,26.787899999999997
Guinea-Bissau,1965,26.539908333333333
Guinea-Bissau,1966,26.841691666666666
Guinea-Bissau,1967,26.29789166666667
Guinea-Bissau,1968,26.587483333333335
Guinea-Bissau,1969,27.33815
Guinea-Bissau,1970,27.1039
Guinea-Bissau,1971,26.348566666666667
Guinea-Bissau,1972,26.786291666666667
Guinea-Bissau,1973,26.941383333333334
Guinea-Bissau,1974,26.25669166666667
Guinea-Bissau,1975,26.221016666666667
Guinea-Bissau,1976,26.22525
Guinea-Bissau,1977,26.830699999999997
Guinea-Bissau,1978,26.538433333333334
Guinea-Bissau,1979,26.840374999999998
Guinea-Bissau,1980,26.903683333333333
Guinea-Bissau,1981,26.940775000000002
Guinea-Bissau,1982,26.599333333333334
Guinea-Bissau,1983,27.38515
Guinea-Bissau,1984,26.820325
Guinea-Bissau,1985,26.76654166666667
Guinea-Bissau,1986,26.635583333333333
Guinea-Bissau,1987,27.207666666666668
Guinea-Bissau,1988,26.967491666666664
Guinea-Bissau,1989,26.708975
Guinea-Bissau,1990,27.2658
Guinea-Bissau,1991,27.193325
Guinea-Bissau,1992,27.039450000000002
Guinea-Bissau,1993,27.162608333333335
Guinea-Bissau,1994,26.860216666666663
Guinea-Bissau,1995,27.20895
Guinea-Bissau,1996,27.439849999999996
Guinea-Bissau,1997,27.56998333333333
Guinea-Bissau,1998,28.034141666666667
Guinea-Bissau,1999,27.117316666666667
Guinea-Bissau,2000,27.233216666666667
Guinea-Bissau,2001,27.554841666666665
Guinea-Bissau,2002,27.63484166666667
Guinea-Bissau,2003,27.568991666666665
Guinea-Bissau,2004,27.72435833333333
Guinea-Bissau,2005,27.84958333333333
Guinea-Bissau,2006,27.462316666666666
Guinea-Bissau,2007,27.582108333333334
Guinea-Bissau,2008,27.54534166666667
Guinea-Bissau,2009,27.21653333333333
Guinea-Bissau,2010,27.993675
Guinea-Bissau,2011,27.479866666666666
Guinea-Bissau,2012,27.451983333333335
Guinea-Bissau,2013,27.535300000000003
Guinea-Bissau,2014,27.532875
Guinea-Bissau,2015,27.640316666666667
Guinea-Bissau,2016,27.899483333333333
Guyana,1901,25.937175
Guyana,1902,25.849383333333336
Guyana,1903,25.84495
Guyana,1904,25.454483333333332
Guyana,1905,25.722624999999997
Guyana,1906,25.667241666666666
Guyana,1907,25.442149999999998
Guyana,1908,25.596858333333333
Guyana,1909,25.581316666666666
Guyana,1910,25.628125
Guyana,1911,25.554691666666667
Guyana,1912,25.9061
Guyana,1913,25.379283333333333
Guyana,1914,25.367100000000004
Guyana,1915,25.708183333333334
Guyana,1916,25.222075
Guyana,1917,25.056475000000002
Guyana,1918,25.29641666666667
Guyana,1919,25.44344166666667
Guyana,1920,25.312933333333334
Guyana,1921,25.236866666666668
Guyana,1922,25.131933333333333
Guyana,1923,25.194466666666667
Guyana,1924,25.219633333333334
Guyana,1925,25.317858333333334
Guyana,1926,25.741500000000002
Guyana,1927,25.20905833333333
Guyana,1928,25.277974999999998
Guyana,1929,25.073800000000002
Guyana,1930,25.30215
Guyana,1931,25.84398333333333
Guyana,1932,25.742225
Guyana,1933,25.310550000000003
Guyana,1934,25.254025
Guyana,1935,25.490308333333335
Guyana,1936,25.581858333333333
Guyana,1937,25.715866666666667
Guyana,1938,25.529883333333334
Guyana,1939,25.588675
Guyana,1940,26.12785
Guyana,1941,26.211299999999998
Guyana,1942,26.159683333333334
Guyana,1943,25.728083333333334
Guyana,1944,25.923675
Guyana,1945,25.862624999999998
Guyana,1946,25.710316666666667
Guyana,1947,25.936091666666666
Guyana,1948,25.627216666666666
Guyana,1949,25.365775
Guyana,1950,25.443741666666668
Guyana,1951,25.742766666666668
Guyana,1952,25.928591666666666
Guyana,1953,25.789583333333336
Guyana,1954,25.399075
Guyana,1955,25.404658333333334
Guyana,1956,25.301133333333336
Guyana,1957,25.7462
Guyana,1958,26.126425
Guyana,1959,25.644133333333333
Guyana,1960,25.678616666666667
Guyana,1961,25.583933333333334
Guyana,1962,25.586541666666665
Guyana,1963,25.840316666666666
Guyana,1964,26.013783333333333
Guyana,1965,25.71359166666667
Guyana,1966,25.927775
Guyana,1967,25.445858333333334
Guyana,1968,25.390475
Guyana,1969,25.946783333333332
Guyana,1970,25.578075
Guyana,1971,25.364591666666666
Guyana,1972,25.925216666666667
Guyana,1973,26.04178333333333
Guyana,1974,25.647841666666665
Guyana,1975,25.65386666666667
Guyana,1976,25.684133333333335
Guyana,1977,26.092541666666666
Guyana,1978,26.053075000000003
Guyana,1979,26.260724999999997
Guyana,1980,26.232116666666666
Guyana,1981,25.64018333333333
Guyana,1982,25.614883333333335
Guyana,1983,25.755258333333334
Guyana,1984,25.097375
Guyana,1985,25.349633333333333
Guyana,1986,25.786908333333333
Guyana,1987,26.317791666666665
Guyana,1988,25.823916666666666
Guyana,1989,25.550383333333333
Guyana,1990,26.006125
Guyana,1991,25.65731666666667
Guyana,1992,25.295291666666667
Guyana,1993,25.359241666666666
Guyana,1994,25.470175
Guyana,1995,26.217941666666665
Guyana,1996,25.839391666666668
Guyana,1997,26.05525833333333
Guyana,1998,26.58020833333333
Guyana,1999,25.891916666666663
Guyana,2000,25.882133333333332
Guyana,2001,26.189475
Guyana,2002,25.8653
Guyana,2003,26.382683333333333
Guyana,2004,26.135025
Guyana,2005,26.3253
Guyana,2006,26.224249999999998
Guyana,2007,26.024708333333333
Guyana,2008,25.940775000000002
Guyana,2009,26.238191666666665
Guyana,2010,26.522191666666668
Guyana,2011,26.03295
Guyana,2012,25.921216666666666
Guyana,2013,25.97453333333333
Guyana,2014,26.246775
Guyana,2015,26.622075
Guyana,2016,26.448133333333335
Haiti,1901,24.035591666666665
Haiti,1902,23.951999999999998
Haiti,1903,23.957250000000002
Haiti,1904,23.61254166666667
Haiti,1905,24.073241666666664
Haiti,1906,23.713291666666667
Haiti,1907,23.621108333333336
Haiti,1908,23.69934166666667
Haiti,1909,23.569458333333333
Haiti,1910,23.299383333333335
Haiti,1911,23.739583333333332
Haiti,1912,24.085841666666667
Haiti,1913,23.5665
Haiti,1914,23.661325
Haiti,1915,24.084333333333333
Haiti,1916,23.751925
Haiti,1917,23.4025
Haiti,1918,23.615408333333335
Haiti,1919,23.822558333333333
Haiti,1920,23.613558333333334
Haiti,1921,23.654866666666667
Haiti,1922,23.507566666666666
Haiti,1923,23.85305
Haiti,1924,24.379975
Haiti,1925,23.970125
Haiti,1926,24.376141666666665
Haiti,1927,24.053383333333333
Haiti,1928,23.968508333333332
Haiti,1929,23.916833333333333
Haiti,1930,23.894058333333334
Haiti,1931,24.302833333333336
Haiti,1932,24.375075
Haiti,1933,24.39565
Haiti,1934,24.05555
Haiti,1935,23.895466666666668
Haiti,1936,24.211583333333333
Haiti,1937,24.203441666666667
Haiti,1938,23.9464
Haiti,1939,24.143725
Haiti,1940,24.363791666666668
Haiti,1941,24.566366666666667
Haiti,1942,24.609058333333333
Haiti,1943,24.130108333333336
Haiti,1944,24.118658333333332
Haiti,1945,23.708775
Haiti,1946,23.876175
Haiti,1947,24.214583333333334
Haiti,1948,24.459166666666665
Haiti,1949,23.679941666666668
Haiti,1950,23.431625
Haiti,1951,23.950125
Haiti,1952,24.127916666666668
Haiti,1953,24.223200000000002
Haiti,1954,24.24891666666667
Haiti,1955,23.89656666666667
Haiti,1956,23.92170833333333
Haiti,1957,24.65409166666667
Haiti,1958,24.924583333333334
Haiti,1959,24.866666666666664
Haiti,1960,24.984075
Haiti,1961,24.679291666666668
Haiti,1962,24.690866666666665
Haiti,1963,24.737875000000003
Haiti,1964,24.754333333333335
Haiti,1965,24.258966666666666
Haiti,1966,24.470091666666665
Haiti,1967,24.167458333333332
Haiti,1968,24.130566666666667
Haiti,1969,24.566374999999997
Haiti,1970,24.286733333333334
Haiti,1971,24.152833333333334
Haiti,1972,24.449708333333334
Haiti,1973,24.58145
Haiti,1974,24.004091666666667
Haiti,1975,24.22628333333333
Haiti,1976,24.0355
Haiti,1977,24.46145
Haiti,1978,24.350375
Haiti,1979,24.477108333333334
Haiti,1980,24.944766666666666
Haiti,1981,24.72265833333333
Haiti,1982,24.58820833333333
Haiti,1983,25.024925
Haiti,1984,24.41124166666667
Haiti,1985,24.405641666666668
Haiti,1986,24.52123333333333
Haiti,1987,25.039649999999998
Haiti,1988,24.980208333333334
Haiti,1989,24.683733333333336
Haiti,1990,25.073708333333332
Haiti,1991,25.013075
Haiti,1992,25.148341666666667
Haiti,1993,25.032541666666663
Haiti,1994,25.36146666666667
Haiti,1995,25.208524999999998
Haiti,1996,24.814733333333333
Haiti,1997,25.361099999999997
Haiti,1998,25.42085
Haiti,1999,24.977966666666664
Haiti,2000,24.995949999999997
Haiti,2001,25.211016666666666
Haiti,2002,25.379216666666665
Haiti,2003,25.451108333333334
Haiti,2004,25.182725
Haiti,2005,25.187691666666666
Haiti,2006,25.208066666666667
Haiti,2007,24.865333333333336
Haiti,2008,24.54501666666667
Haiti,2009,25.003591666666665
Haiti,2010,25.08745
Haiti,2011,24.606083333333334
Haiti,2012,24.867500000000003
Haiti,2013,24.9489
Haiti,2014,25.417166666666663
Haiti,2015,25.740966666666665
Haiti,2016,25.501583333333333
Honduras,1901,22.84968333333333
Honduras,1902,23.485258333333334
Honduras,1903,23.4749
Honduras,1904,23.097625000000004
Honduras,1905,23.536941666666667
Honduras,1906,23.026616666666666
Honduras,1907,23.214624999999998
Honduras,1908,23.167266666666666
Honduras,1909,23.325999999999997
Honduras,1910,22.20058333333333
Honduras,1911,23.20635
Honduras,1912,23.4524
Honduras,1913,22.960583333333332
Honduras,1914,22.94735
Honduras,1915,23.147466666666663
Honduras,1916,23.044375
Honduras,1917,23.130141666666663
Honduras,1918,23.5344
Honduras,1919,23.304891666666666
Honduras,1920,23.285058333333335
Honduras,1921,23.210766666666668
Honduras,1922,23.71976666666667
Honduras,1923,23.4379
Honduras,1924,23.322924999999998
Honduras,1925,23.320733333333333
Honduras,1926,23.411058333333333
Honduras,1927,23.468949999999996
Honduras,1928,23.293558333333333
Honduras,1929,23.59155
Honduras,1930,23.104716666666665
Honduras,1931,23.314833333333336
Honduras,1932,23.493291666666664
Honduras,1933,23.448275
Honduras,1934,23.26025
Honduras,1935,23.284975
Honduras,1936,23.745949999999997
Honduras,1937,23.514266666666668
Honduras,1938,22.912733333333335
Honduras,1939,23.228858333333335
Honduras,1940,23.082375
Honduras,1941,23.288625
Honduras,1942,23.155433333333335
Honduras,1943,22.674891666666667
Honduras,1944,23.057783333333333
Honduras,1945,23.303974999999998
Honduras,1946,23.36145833333333
Honduras,1947,23.503716666666666
Honduras,1948,23.300925000000003
Honduras,1949,23.129875
Honduras,1950,22.652383333333333
Honduras,1951,23.363933333333335
Honduras,1952,23.48459166666667
Honduras,1953,23.56549166666667
Honduras,1954,23.011191666666665
Honduras,1955,23.152158333333333
Honduras,1956,23.136416666666666
Honduras,1957,23.729783333333334
Honduras,1958,24.101416666666665
Honduras,1959,23.80671666666667
Honduras,1960,23.49195
Honduras,1961,23.34005833333333
Honduras,1962,23.065875000000002
Honduras,1963,23.2183
Honduras,1964,23.351733333333332
Honduras,1965,23.379258333333336
Honduras,1966,23.310841666666665
Honduras,1967,22.980316666666667
Honduras,1968,22.771874999999998
Honduras,1969,23.31865833333333
Honduras,1970,22.948125
Honduras,1971,22.791683333333335
Honduras,1972,23.386
Honduras,1973,23.326475000000002
Honduras,1974,22.918225000000003
Honduras,1975,23.313166666666664
Honduras,1976,23.28464166666667
Honduras,1977,23.762841666666663
Honduras,1978,23.586575
Honduras,1979,23.616799999999998
Honduras,1980,23.860091666666666
Honduras,1981,23.539925
Honduras,1982,23.719908333333333
Honduras,1983,24.12484166666667
Honduras,1984,23.364058333333332
Honduras,1985,23.675458333333335
Honduras,1986,23.615066666666667
Honduras,1987,24.075783333333334
Honduras,1988,23.99195
Honduras,1989,23.714375
Honduras,1990,23.801466666666666
Honduras,1991,23.803775
Honduras,1992,23.905266666666666
Honduras,1993,23.708625
Honduras,1994,23.915916666666664
Honduras,1995,23.837275
Honduras,1996,23.4708
Honduras,1997,24.085316666666667
Honduras,1998,24.153125
Honduras,1999,23.37698333333333
Honduras,2000,23.6113
Honduras,2001,24.040850000000002
Honduras,2002,24.184808333333333
Honduras,2003,24.212866666666667
Honduras,2004,24.12895
Honduras,2005,24.11685833333333
Honduras,2006,24.074541666666665
Honduras,2007,23.901475
Honduras,2008,24.09414166666667
Honduras,2009,24.392274999999998
Honduras,2010,24.071849999999998
Honduras,2011,24.116975
Honduras,2012,23.992408333333334
Honduras,2013,24.023408333333332
Honduras,2014,24.092924999999997
Honduras,2015,24.515033333333335
Honduras,2016,24.536541666666665
Hungary,1901,9.442190833333333
Hungary,1902,8.83282
Hungary,1903,9.965835
Hungary,1904,9.89527
Hungary,1905,9.646819166666667
Hungary,1906,9.745204166666666
Hungary,1907,9.356963333333333
Hungary,1908,9.061668333333333
Hungary,1909,9.429851666666666
Hungary,1910,10.287999166666667
Hungary,1911,10.253445
Hungary,1912,9.074591666666667
Hungary,1913,9.523414166666667
Hungary,1914,9.1495625
Hungary,1915,9.6752275
Hungary,1916,10.462137499999999
Hungary,1917,9.502705833333332
Hungary,1918,9.973539166666667
Hungary,1919,9.284165833333333
Hungary,1920,10.051515833333333
Hungary,1921,10.169055833333333
Hungary,1922,8.974563333333334
Hungary,1923,10.394475
Hungary,1924,9.104583333333332
Hungary,1925,9.888779166666668
Hungary,1926,10.538096666666666
Hungary,1927,10.261019166666665
Hungary,1928,10.030414166666667
Hungary,1929,9.172713333333332
Hungary,1930,10.63449
Hungary,1931,9.424066666666667
Hungary,1932,9.66977
Hungary,1933,8.754377499999999
Hungary,1934,11.2094075
Hungary,1935,9.86239
Hungary,1936,10.304273333333333
Hungary,1937,10.331460833333333
Hungary,1938,10.113228333333334
Hungary,1939,10.179165
Hungary,1940,7.849531666666667
Hungary,1941,8.685443333333334
Hungary,1942,9.054503333333333
Hungary,1943,10.308308333333335
Hungary,1944,9.863596666666666
Hungary,1945,10.2356525
Hungary,1946,10.573355833333332
Hungary,1947,10.241716666666667
Hungary,1948,10.278455833333334
Hungary,1949,10.455620833333333
Hungary,1950,10.780666666666667
Hungary,1951,11.020805833333334
Hungary,1952,10.172070833333333
Hungary,1953,10.132833333333334
Hungary,1954,9.083138333333332
Hungary,1955,9.453360833333333
Hungary,1956,8.727291666666668
Hungary,1957,10.2310475
Hungary,1958,10.318728333333333
Hungary,1959,10.152844166666666
Hungary,1960,10.2348775
Hungary,1961,10.645739166666667
Hungary,1962,9.282427499999999
Hungary,1963,9.290288333333333
Hungary,1964,9.298791666666666
Hungary,1965,9.002806666666666
Hungary,1966,10.508976666666667
Hungary,1967,10.297815
Hungary,1968,10.1756175
Hungary,1969,9.489836666666667
Hungary,1970,9.593516666666668
Hungary,1971,9.97373
Hungary,1972,10.080055833333335
Hungary,1973,9.796845833333334
Hungary,1974,10.382899166666666
Hungary,1975,10.479091666666667
Hungary,1976,9.609349166666666
Hungary,1977,10.2657825
Hungary,1978,9.120376666666667
Hungary,1979,10.2282275
Hungary,1980,8.885951666666665
Hungary,1981,10.1411325
Hungary,1982,10.216730833333333
Hungary,1983,10.698013333333334
Hungary,1984,9.743573333333334
Hungary,1985,9.084775
Hungary,1986,9.804185833333333
Hungary,1987,9.517810833333334
Hungary,1988,10.212148333333333
Hungary,1989,10.630236666666667
Hungary,1990,10.814809166666668
Hungary,1991,9.632419166666667
Hungary,1992,10.872625
Hungary,1993,10.142739166666667
Hungary,1994,11.515590000000001
Hungary,1995,10.3691675
Hungary,1996,9.433322500000001
Hungary,1997,10.011838333333333
Hungary,1998,10.501335
Hungary,1999,10.654714166666666
Hungary,2000,11.692064166666666
Hungary,2001,10.577315833333333
Hungary,2002,11.4092675
Hungary,2003,10.556580833333333
Hungary,2004,10.361383333333334
Hungary,2005,9.963252500000001
Hungary,2006,10.627205
Hungary,2007,11.791106666666666
Hungary,2008,11.637868333333335
Hungary,2009,11.4544525
Hungary,2010,10.47654
Hungary,2011,11.0044375
Hungary,2012,11.414027500000001
Hungary,2013,11.303618333333333
Hungary,2014,12.161360833333333
Hungary,2015,11.889761666666667
Hungary,2016,11.342458333333333
Iceland,1901,1.664766666666667
Iceland,1902,0.6978708333333333
Iceland,1903,0.6556108333333334
Iceland,1904,1.4284633333333332
Iceland,1905,1.4041141666666668
Iceland,1906,0.7884958333333333
Iceland,1907,0.5587391666666667
Iceland,1908,1.9489991666666668
Iceland,1909,1.4183933333333334
Iceland,1910,0.9691425000000001
Iceland,1911,1.5609624999999998
Iceland,1912,1.4900941666666665
Iceland,1913,1.6483866666666669
Iceland,1914,0.8756633333333333
Iceland,1915,1.3481516666666666
Iceland,1916,1.3210058333333334
Iceland,1917,0.6002083333333332
Iceland,1918,0.8254075
Iceland,1919,0.47436249999999996
Iceland,1920,1.3290641666666667
Iceland,1921,1.0175466666666668
Iceland,1922,1.5246591666666667
Iceland,1923,1.3362375000000002
Iceland,1924,1.3962275000000002
Iceland,1925,1.5219208333333334
Iceland,1926,2.0905758333333337
Iceland,1927,1.9450683333333334
Iceland,1928,2.5648816666666665
Iceland,1929,2.5157058333333335
Iceland,1930,1.8336583333333334
Iceland,1931,1.7115741666666666
Iceland,1932,2.452446666666667
Iceland,1933,3.090779166666667
Iceland,1934,2.3699533333333336
Iceland,1935,2.0100041666666666
Iceland,1936,1.8513083333333331
Iceland,1937,2.054275
Iceland,1938,2.2277191666666667
Iceland,1939,2.8423775
Iceland,1940,1.9898108333333333
Iceland,1941,2.845239166666667
Iceland,1942,2.263873333333333
Iceland,1943,1.4505408333333334
Iceland,1944,1.5730008333333334
Iceland,1945,2.7828666666666666
Iceland,1946,2.898638333333333
Iceland,1947,2.0653191666666664
Iceland,1948,2.0458425
Iceland,1949,1.2180925
Iceland,1950,1.8136758333333336
Iceland,1951,1.3223833333333335
Iceland,1952,1.5428983333333333
Iceland,1953,2.6136008333333334
Iceland,1954,1.9578066666666667
Iceland,1955,1.6300266666666667
Iceland,1956,2.35805
Iceland,1957,2.084745
Iceland,1958,1.8111991666666667
Iceland,1959,2.3928491666666667
Iceland,1960,2.7440650000000004
Iceland,1961,2.14321
Iceland,1962,1.6068591666666665
Iceland,1963,1.61054
Iceland,1964,2.5049925
Iceland,1965,1.380588333333333
Iceland,1966,0.8203225
Iceland,1967,0.8687308333333332
Iceland,1968,0.9654841666666667
Iceland,1969,0.6116824999999999
Iceland,1970,1.00943
Iceland,1971,1.3333716666666666
Iceland,1972,2.6169516666666666
Iceland,1973,1.0902016666666665
Iceland,1974,2.3852491666666666
Iceland,1975,1.42397
Iceland,1976,2.2037416666666667
Iceland,1977,1.5844500000000001
Iceland,1978,1.7114399999999999
Iceland,1979,-0.04422000000000004
Iceland,1980,1.7191008333333333
Iceland,1981,0.5379274999999999
Iceland,1982,1.3080533333333333
Iceland,1983,0.7658316666666666
Iceland,1984,2.0219133333333335
Iceland,1985,1.4076575
Iceland,1986,1.4495675
Iceland,1987,2.62651
Iceland,1988,1.1867366666666668
Iceland,1989,1.3243675
Iceland,1990,1.6999125
Iceland,1991,2.5148658333333334
Iceland,1992,1.7389866666666667
Iceland,1993,1.6514941666666667
Iceland,1994,1.5240908333333334
Iceland,1995,1.0336816666666666
Iceland,1996,2.235564166666667
Iceland,1997,2.18154
Iceland,1998,1.5459675
Iceland,1999,1.7429916666666667
Iceland,2000,2.080951666666667
Iceland,2001,2.3078783333333335
Iceland,2002,2.56536
Iceland,2003,3.2738774999999998
Iceland,2004,2.9211266666666664
Iceland,2005,2.1087249999999997
Iceland,2006,2.6966316666666668
Iceland,2007,2.5719833333333333
Iceland,2008,2.3364024999999997
Iceland,2009,2.5852783333333336
Iceland,2010,2.7629216666666667
Iceland,2011,2.4130458333333333
Iceland,2012,2.537135833333333
Iceland,2013,2.2094708333333335
Iceland,2014,3.3201066666666663
Iceland,2015,1.9222858333333335
Iceland,2016,3.2062241666666664
India,1901,24.033733333333334
India,1902,24.29341666666667
India,1903,23.737516666666664
India,1904,23.786875
India,1905,23.60083333333333
India,1906,23.880441666666666
India,1907,23.730249999999998
India,1908,23.787966666666666
India,1909,23.677991666666667
India,1910,23.564441666666667
India,1911,23.900783333333333
India,1912,24.043666666666667
India,1913,23.74475
India,1914,23.860941666666665
India,1915,24.275808333333334
India,1916,23.888575
India,1917,23.220991666666666
India,1918,23.826400000000003
India,1919,23.861975
India,1920,24.038733333333337
India,1921,24.323449999999998
India,1922,24.01875
India,1923,24.0142
India,1924,24.17504166666667
India,1925,23.7088
India,1926,23.867649999999998
India,1927,23.771766666666668
India,1928,24.168591666666668
India,1929,23.984008333333335
India,1930,23.84188333333333
India,1931,24.20759166666667
India,1932,24.081558333333334
India,1933,23.595425000000002
India,1934,23.7816
India,1935,23.819958333333332
India,1936,23.860858333333336
India,1937,23.73821666666667
India,1938,23.93179166666667
India,1939,23.972891666666666
India,1940,23.945674999999998
India,1941,24.692608333333336
India,1942,24.220008333333336
India,1943,23.914733333333334
India,1944,23.920891666666666
India,1945,23.682833333333335
India,1946,24.17771666666667
India,1947,24.269608333333334
India,1948,24.16773333333333
India,1949,24.013566666666666
India,1950,23.657358333333335
India,1951,24.164983333333335
India,1952,24.332766666666668
India,1953,24.54615
India,1954,24.10615833333333
India,1955,23.908966666666668
India,1956,23.864166666666666
India,1957,23.9182
India,1958,24.613416666666666
India,1959,24.159041666666667
India,1960,24.15125833333333
India,1961,23.782691666666665
India,1962,23.856716666666667
India,1963,24.006416666666667
India,1964,24.012566666666668
India,1965,24.099816666666666
India,1966,24.3608
India,1967,23.944158333333334
India,1968,23.83089166666667
India,1969,24.41801666666667
India,1970,24.042316666666665
India,1971,23.570849999999997
India,1972,24.142958333333336
India,1973,24.271349999999998
India,1974,24.042266666666666
India,1975,23.730949999999996
India,1976,24.067016666666664
India,1977,24.205241666666666
India,1978,23.993816666666664
India,1979,24.4645
India,1980,24.493466666666666
India,1981,24.130724999999998
India,1982,24.1238
India,1983,23.869866666666667
India,1984,24.069558333333333
India,1985,24.370541666666668
India,1986,24.148583333333335
India,1987,24.646075
India,1988,24.646016666666668
India,1989,24.030775000000002
India,1990,24.147116666666665
India,1991,24.19633333333333
India,1992,24.100233333333335
India,1993,24.344233333333335
India,1994,24.208566666666666
India,1995,24.36113333333333
India,1996,24.423491666666667
India,1997,23.933891666666668
India,1998,24.68058333333333
India,1999,24.583849999999998
India,2000,24.475266666666666
India,2001,24.631975
India,2002,24.8639
India,2003,24.615791666666667
India,2004,24.702524999999998
India,2005,24.45720833333333
India,2006,24.791600000000003
India,2007,24.725025000000002
India,2008,24.514891666666667
India,2009,25.239425
India,2010,25.173358333333336
India,2011,24.579708333333333
India,2012,24.52586666666667
India,2013,24.382316666666668
India,2014,24.49206666666667
India,2015,24.61968333333333
India,2016,25.039533333333335
Indonesia,1901,25.547325
Indonesia,1902,25.480766666666668
Indonesia,1903,25.472266666666666
Indonesia,1904,25.297275
Indonesia,1905,25.5334
Indonesia,1906,25.599033333333335
Indonesia,1907,25.312316666666664
Indonesia,1908,25.472641666666664
Indonesia,1909,25.52616666666667
Indonesia,1910,25.467966666666666
Indonesia,1911,25.697216666666666
Indonesia,1912,25.875983333333334
Indonesia,1913,25.7226
Indonesia,1914,25.89163333333333
Indonesia,1915,25.953841666666666
Indonesia,1916,25.668533333333333
Indonesia,1917,25.624808333333334
Indonesia,1918,25.360416666666666
Indonesia,1919,25.715083333333336
Indonesia,1920,25.843041666666664
Indonesia,1921,25.611900000000002
Indonesia,1922,25.584733333333332
Indonesia,1923,25.544308333333333
Indonesia,1924,25.694175
Indonesia,1925,25.516833333333334
Indonesia,1926,25.913833333333333
Indonesia,1927,25.808841666666666
Indonesia,1928,25.824983333333336
Indonesia,1929,25.460041666666665
Indonesia,1930,25.738883333333334
Indonesia,1931,25.954633333333334
Indonesia,1932,25.654233333333334
Indonesia,1933,25.71513333333333
Indonesia,1934,25.564533333333333
Indonesia,1935,25.723191666666665
Indonesia,1936,25.801583333333337
Indonesia,1937,25.75323333333333
Indonesia,1938,25.750416666666666
Indonesia,1939,25.66979166666667
Indonesia,1940,25.7205
Indonesia,1941,26.019833333333334
Indonesia,1942,25.834783333333334
Indonesia,1943,25.34080833333333
Indonesia,1944,25.481075
Indonesia,1945,25.557591666666667
Indonesia,1946,25.785375000000002
Indonesia,1947,25.91209166666667
Indonesia,1948,25.811891666666668
Indonesia,1949,25.64646666666667
Indonesia,1950,25.699175
Indonesia,1951,25.754625
Indonesia,1952,25.762075
Indonesia,1953,25.780116666666668
Indonesia,1954,25.64940833333333
Indonesia,1955,25.61498333333333
Indonesia,1956,25.504033333333336
Indonesia,1957,25.783175
Indonesia,1958,25.9751
Indonesia,1959,25.725391666666667
Indonesia,1960,25.759891666666665
Indonesia,1961,25.606866666666665
Indonesia,1962,25.574375
Indonesia,1963,25.64255833333333
Indonesia,1964,25.663300000000003
Indonesia,1965,25.546066666666665
Indonesia,1966,25.771591666666666
Indonesia,1967,25.56148333333333
Indonesia,1968,25.630266666666667
Indonesia,1969,25.887191666666666
Indonesia,1970,25.82806666666667
Indonesia,1971,25.581225
Indonesia,1972,25.844641666666664
Indonesia,1973,26.034958333333332
Indonesia,1974,25.642458333333334
Indonesia,1975,25.679775000000003
Indonesia,1976,25.455616666666668
Indonesia,1977,25.614366666666665
Indonesia,1978,25.738258333333334
Indonesia,1979,25.851916666666668
Indonesia,1980,25.8575
Indonesia,1981,25.958475000000004
Indonesia,1982,25.866875000000004
Indonesia,1983,26.118908333333334
Indonesia,1984,25.552083333333332
Indonesia,1985,25.81335833333333
Indonesia,1986,25.924783333333334
Indonesia,1987,26.196033333333332
Indonesia,1988,26.0806
Indonesia,1989,25.8957
Indonesia,1990,26.171049999999997
Indonesia,1991,26.079116666666668
Indonesia,1992,26.104783333333334
Indonesia,1993,26.053974999999998
Indonesia,1994,26.071383333333333
Indonesia,1995,26.12908333333333
Indonesia,1996,26.129566666666665
Indonesia,1997,26.236841666666667
Indonesia,1998,26.698725
Indonesia,1999,26.076941666666666
Indonesia,2000,26.15225
Indonesia,2001,26.256050000000002
Indonesia,2002,26.41910833333333
Indonesia,2003,26.256091666666666
Indonesia,2004,26.237041666666666
Indonesia,2005,26.296116666666666
Indonesia,2006,26.116083333333336
Indonesia,2007,26.137433333333334
Indonesia,2008,26.00529166666667
Indonesia,2009,26.31815
Indonesia,2010,26.426075
Indonesia,2011,26.166425
Indonesia,2012,26.333358333333333
Indonesia,2013,26.427216666666666
Indonesia,2014,26.37901666666667
Indonesia,2015,26.494816666666665
Indonesia,2016,26.775833333333335
Iran,1901,17.25090583333333
Iran,1902,16.9656
Iran,1903,16.08823333333333
Iran,1904,16.266485833333334
Iran,1905,16.244304166666666
Iran,1906,16.464135833333334
Iran,1907,15.996140833333333
Iran,1908,16.256568333333334
Iran,1909,16.855010833333335
Iran,1910,16.213636666666666
Iran,1911,15.321915833333334
Iran,1912,16.578773333333334
Iran,1913,16.3505075
Iran,1914,16.977421666666668
Iran,1915,17.423430833333335
Iran,1916,16.377892499999998
Iran,1917,16.96192
Iran,1918,16.2503525
Iran,1919,16.679946666666666
Iran,1920,15.95923
Iran,1921,16.488073333333332
Iran,1922,17.125155
Iran,1923,16.384591666666665
Iran,1924,16.697990833333332
Iran,1925,16.859889166666665
Iran,1926,16.660845833333333
Iran,1927,16.721001666666666
Iran,1928,16.051645
Iran,1929,15.956296666666667
Iran,1930,16.065275833333335
Iran,1931,15.882625833333334
Iran,1932,15.975488333333333
Iran,1933,16.09181333333333
Iran,1934,15.835040833333332
Iran,1935,16.570865
Iran,1936,16.631755
Iran,1937,16.464981666666667
Iran,1938,16.928514166666666
Iran,1939,16.9494225
Iran,1940,17.4481375
Iran,1941,17.531253333333336
Iran,1942,16.9173675
Iran,1943,16.200650833333334
Iran,1944,17.14948
Iran,1945,16.251269166666667
Iran,1946,16.612008333333332
Iran,1947,17.346795833333335
Iran,1948,16.7464125
Iran,1949,15.769946666666668
Iran,1950,15.826644166666666
Iran,1951,16.985155833333334
Iran,1952,16.9157975
Iran,1953,17.06127916666667
Iran,1954,16.934075833333335
Iran,1955,17.304450833333334
Iran,1956,16.556836666666666
Iran,1957,16.001026666666665
Iran,1958,17.191938333333333
Iran,1959,16.509964166666666
Iran,1960,16.92523
Iran,1961,16.989815833333335
Iran,1962,17.043153333333333
Iran,1963,17.49482
Iran,1964,16.0672975
Iran,1965,16.94830333333333
Iran,1966,17.659029166666667
Iran,1967,16.5270875
Iran,1968,16.757561666666668
Iran,1969,16.603380833333333
Iran,1970,17.588314166666667
Iran,1971,17.049149166666666
Iran,1972,15.498062500000001
Iran,1973,16.882673333333333
Iran,1974,16.059504999999998
Iran,1975,16.601800833333332
Iran,1976,16.501695833333333
Iran,1977,17.3647775
Iran,1978,17.272180833333334
Iran,1979,17.29545
Iran,1980,17.34609
Iran,1981,17.474462499999998
Iran,1982,16.285986666666666
Iran,1983,16.926138333333334
Iran,1984,16.60553833333333
Iran,1985,17.044496666666667
Iran,1986,16.59696166666667
Iran,1987,17.338231666666665
Iran,1988,17.378981666666668
Iran,1989,16.736922500000002
Iran,1990,17.296303333333334
Iran,1991,17.15843166666667
Iran,1992,16.135500833333335
Iran,1993,16.82517
Iran,1994,17.362270833333334
Iran,1995,17.502241666666666
Iran,1996,17.227540833333332
Iran,1997,17.499348333333334
Iran,1998,18.285948333333334
Iran,1999,18.324550833333333
Iran,2000,18.04018
Iran,2001,18.3302525
Iran,2002,17.9382675
Iran,2003,17.678855000000002
Iran,2004,17.876995833333336
Iran,2005,17.655360833333333
Iran,2006,17.927038333333332
Iran,2007,17.491105
Iran,2008,17.64784583333333
Iran,2009,17.803950833333335
Iran,2010,18.73694
Iran,2011,17.628556666666665
Iran,2012,17.535398333333333
Iran,2013,18.183805833333334
Iran,2014,18.043090833333334
Iran,2015,18.4800725
Iran,2016,18.63737
Iraq,1901,21.713329166666668
Iraq,1902,21.24594
Iraq,1903,20.442912500000002
Iraq,1904,20.691736666666667
Iraq,1905,20.738316666666666
Iraq,1906,20.8684825
Iraq,1907,20.402921666666668
Iraq,1908,20.497631666666667
Iraq,1909,21.37085
Iraq,1910,20.7774
Iraq,1911,19.653535
Iraq,1912,21.085835
Iraq,1913,20.674814166666668
Iraq,1914,21.216741666666667
Iraq,1915,21.60976666666667
Iraq,1916,21.548103333333334
Iraq,1917,21.634961666666666
Iraq,1918,21.2025725
Iraq,1919,21.5488
Iraq,1920,20.728780833333335
Iraq,1921,20.684296666666665
Iraq,1922,21.692647500000003
Iraq,1923,21.533469999999998
Iraq,1924,21.683561666666666
Iraq,1925,21.467006666666666
Iraq,1926,21.3102175
Iraq,1927,21.426216666666665
Iraq,1928,21.032713333333334
Iraq,1929,21.037208333333332
Iraq,1930,21.846805833333335
Iraq,1931,21.088201666666667
Iraq,1932,21.1340575
Iraq,1933,20.43441
Iraq,1934,20.927695833333335
Iraq,1935,21.885315000000002
Iraq,1936,21.42492833333333
Iraq,1937,21.730657500000003
Iraq,1938,21.397216666666665
Iraq,1939,21.631691666666665
Iraq,1940,21.8873475
Iraq,1941,21.586668333333336
Iraq,1942,21.415404166666665
Iraq,1943,21.119479166666668
Iraq,1944,21.508579166666667
Iraq,1945,20.81459166666667
Iraq,1946,21.183725833333334
Iraq,1947,22.141566666666666
Iraq,1948,20.915915833333333
Iraq,1949,20.597150833333334
Iraq,1950,20.8410825
Iraq,1951,21.664446666666667
Iraq,1952,21.8991525
Iraq,1953,21.084361666666666
Iraq,1954,21.83612666666667
Iraq,1955,22.389225
Iraq,1956,21.0152125
Iraq,1957,21.205633333333335
Iraq,1958,21.644949999999998
Iraq,1959,20.869855833333332
Iraq,1960,22.079624999999997
Iraq,1961,21.558489166666664
Iraq,1962,22.635160833333334
Iraq,1963,21.8650225
Iraq,1964,20.744710833333333
Iraq,1965,21.4927625
Iraq,1966,22.605800000000002
Iraq,1967,20.6066775
Iraq,1968,21.458555833333335
Iraq,1969,21.714453333333335
Iraq,1970,22.11310333333333
Iraq,1971,21.288259166666666
Iraq,1972,20.143538333333336
Iraq,1973,21.2744075
Iraq,1974,20.913789166666668
Iraq,1975,21.148663333333335
Iraq,1976,21.027003333333333
Iraq,1977,21.528337500000003
Iraq,1978,21.85175
Iraq,1979,22.3462325
Iraq,1980,21.335661666666667
Iraq,1981,21.717478333333332
Iraq,1982,20.484205
Iraq,1983,20.82321
Iraq,1984,21.346525
Iraq,1985,21.514359166666665
Iraq,1986,21.68735
Iraq,1987,21.985991666666667
Iraq,1988,21.293471666666665
Iraq,1989,21.29852083333333
Iraq,1990,21.571807500000002
Iraq,1991,21.782809999999998
Iraq,1992,20.395880833333333
Iraq,1993,21.367665
Iraq,1994,22.381370833333335
Iraq,1995,21.993469166666667
Iraq,1996,22.569631666666666
Iraq,1997,21.577731666666665
Iraq,1998,22.91602333333333
Iraq,1999,22.928833333333333
Iraq,2000,22.355205833333333
Iraq,2001,22.863808333333335
Iraq,2002,22.2373875
Iraq,2003,22.316308333333335
Iraq,2004,22.228993333333335
Iraq,2005,22.229708333333335
Iraq,2006,22.351705
Iraq,2007,22.251595
Iraq,2008,22.411842500000002
Iraq,2009,22.3295375
Iraq,2010,23.856358333333333
Iraq,2011,21.863100000000003
Iraq,2012,22.620770833333335
Iraq,2013,22.146989166666668
Iraq,2014,22.76655083333333
Iraq,2015,23.005199166666667
Iraq,2016,22.933791666666664
Ireland,1901,8.744013333333333
Ireland,1902,8.8006175
Ireland,1903,8.757446666666667
Ireland,1904,8.7418225
Ireland,1905,8.949546666666667
Ireland,1906,8.9464625
Ireland,1907,8.618432499999999
Ireland,1908,9.305145
Ireland,1909,8.564259166666666
Ireland,1910,8.805001666666668
Ireland,1911,9.311019166666666
Ireland,1912,8.879458333333334
Ireland,1913,9.112495833333334
Ireland,1914,9.293829166666667
Ireland,1915,8.6200825
Ireland,1916,8.876478333333333
Ireland,1917,8.38701
Ireland,1918,9.156508333333333
Ireland,1919,8.385875
Ireland,1920,9.19547
Ireland,1921,10.149565833333332
Ireland,1922,8.6151425
Ireland,1923,8.855343333333334
Ireland,1924,9.000129166666666
Ireland,1925,8.796119166666667
Ireland,1926,9.4452475
Ireland,1927,9.026146666666667
Ireland,1928,9.236094166666666
Ireland,1929,9.070373333333334
Ireland,1930,8.876564166666666
Ireland,1931,9.073535
Ireland,1932,9.312890833333332
Ireland,1933,9.644596666666667
Ireland,1934,9.62182
Ireland,1935,9.259088333333333
Ireland,1936,9.201251666666666
Ireland,1937,9.066799999999999
Ireland,1938,9.572864166666667
Ireland,1939,9.406617500000001
Ireland,1940,9.326811666666666
Ireland,1941,8.984835
Ireland,1942,9.160716666666668
Ireland,1943,9.738689166666667
Ireland,1944,9.514877499999999
Ireland,1945,10.146465000000001
Ireland,1946,9.232000000000001
Ireland,1947,9.147603333333334
Ireland,1948,9.748160833333333
Ireland,1949,10.258049166666668
Ireland,1950,9.112283333333332
Ireland,1951,8.901505833333333
Ireland,1952,9.027871666666668
Ireland,1953,9.652196666666667
Ireland,1954,9.072995
Ireland,1955,9.202661666666666
Ireland,1956,9.002978333333333
Ireland,1957,9.636410833333334
Ireland,1958,9.271335833333334
Ireland,1959,10.017395833333333
Ireland,1960,9.222400833333333
Ireland,1961,9.372873333333333
Ireland,1962,8.5456175
Ireland,1963,8.351699166666666
Ireland,1964,9.305201666666667
Ireland,1965,8.624337500000001
Ireland,1966,9.180645
Ireland,1967,9.029010833333333
Ireland,1968,9.120996666666667
Ireland,1969,8.8796375
Ireland,1970,9.132059166666666
Ireland,1971,9.659868333333334
Ireland,1972,8.788874166666668
Ireland,1973,9.420213333333333
Ireland,1974,9.036869166666667
Ireland,1975,9.630613333333333
Ireland,1976,9.441241666666667
Ireland,1977,9.146563333333333
Ireland,1978,9.223333333333334
Ireland,1979,8.478977500000001
Ireland,1980,9.100043333333334
Ireland,1981,9.168189166666666
Ireland,1982,9.377183333333333
Ireland,1983,9.617278333333333
Ireland,1984,9.303920833333335
Ireland,1985,8.683544166666666
Ireland,1986,8.285343333333334
Ireland,1987,8.993298333333334
Ireland,1988,9.407233333333332
Ireland,1989,9.869884166666667
Ireland,1990,9.875341666666666
Ireland,1991,9.35026
Ireland,1992,9.322468333333333
Ireland,1993,9.151931666666668
Ireland,1994,9.3591575
Ireland,1995,9.935406666666667
Ireland,1996,9.050779166666667
Ireland,1997,10.113795
Ireland,1998,9.939937500000001
Ireland,1999,9.921244166666666
Ireland,2000,9.563104166666667
Ireland,2001,9.4720225
Ireland,2002,9.832030833333333
Ireland,2003,9.935135
Ireland,2004,9.810171666666667
Ireland,2005,9.923459166666666
Ireland,2006,10.039568333333333
Ireland,2007,10.204004166666667
Ireland,2008,9.548812499999999
Ireland,2009,9.569558333333333
Ireland,2010,8.632196666666667
Ireland,2011,9.697940833333332
Ireland,2012,9.440356666666666
Ireland,2013,9.665421666666667
Ireland,2014,10.019260000000001
Ireland,2015,9.514744166666667
Ireland,2016,9.649166666666668
Israel,1901,19.030166666666666
Israel,1902,18.6926
Israel,1903,17.5592475
Israel,1904,18.16685
Israel,1905,18.356475
Israel,1906,18.63918333333333
Israel,1907,17.941448333333334
Israel,1908,18.076866666666668
Israel,1909,19.331333333333333
Israel,1910,18.147775
Israel,1911,17.973878333333335
Israel,1912,18.368965
Israel,1913,18.464541666666666
Israel,1914,18.872333333333334
Israel,1915,19.552433333333333
Israel,1916,19.770108333333333
Israel,1917,19.260683333333333
Israel,1918,19.119791666666668
Israel,1919,19.498883333333335
Israel,1920,19.0025225
Israel,1921,18.3783
Israel,1922,19.377733333333335
Israel,1923,19.543733333333332
Israel,1924,19.37324166666667
Israel,1925,19.4569375
Israel,1926,19.279441666666667
Israel,1927,19.620784166666667
Israel,1928,19.92096666666667
Israel,1929,19.273566666666667
Israel,1930,19.776475
Israel,1931,19.553441666666668
Israel,1932,19.653958333333332
Israel,1933,18.9439
Israel,1934,19.581081666666666
Israel,1935,19.92833333333333
Israel,1936,19.818450000000002
Israel,1937,19.917563333333334
Israel,1938,19.0568
Israel,1939,19.976658333333333
Israel,1940,19.657258333333335
Israel,1941,19.922908333333336
Israel,1942,19.647916666666667
Israel,1943,19.160275000000002
Israel,1944,19.329183333333333
Israel,1945,18.809525833333335
Israel,1946,19.639916666666668
Israel,1947,20.123316666666668
Israel,1948,18.698608333333333
Israel,1949,18.5658725
Israel,1950,18.958450833333334
Israel,1951,19.907233333333334
Israel,1952,20.010175
Israel,1953,19.088791666666665
Israel,1954,19.671408333333336
Israel,1955,20.049541666666666
Israel,1956,19.212799999999998
Israel,1957,19.301816666666667
Israel,1958,19.773775
Israel,1959,18.675830833333332
Israel,1960,20.375533333333333
Israel,1961,19.111416666666667
Israel,1962,20.426983333333332
Israel,1963,20.081516666666666
Israel,1964,18.833065
Israel,1965,19.419316666666667
Israel,1966,20.08160833333333
Israel,1967,18.564191666666666
Israel,1968,19.467483333333334
Israel,1969,19.745416666666667
Israel,1970,19.401258333333335
Israel,1971,19.022941666666664
Israel,1972,18.88825
Israel,1973,19.133558333333333
Israel,1974,19.100360833333333
Israel,1975,19.101991666666667
Israel,1976,19.036316666666668
Israel,1977,19.230574999999998
Israel,1978,19.48828333333333
Israel,1979,19.934191666666667
Israel,1980,19.370708333333333
Israel,1981,19.3389
Israel,1982,18.63544166666667
Israel,1983,18.526020833333334
Israel,1984,19.1016
Israel,1985,19.635591666666667
Israel,1986,19.356849999999998
Israel,1987,19.330116666666665
Israel,1988,19.4398
Israel,1989,19.266084166666666
Israel,1990,19.584675
Israel,1991,19.5826
Israel,1992,18.594585
Israel,1993,19.493225833333334
Israel,1994,20.05839166666667
Israel,1995,19.65825
Israel,1996,20.224441666666667
Israel,1997,19.506641666666667
Israel,1998,20.69794166666667
Israel,1999,20.452458333333333
Israel,2000,19.703708333333335
Israel,2001,20.551041666666666
Israel,2002,20.40178333333333
Israel,2003,20.29693333333333
Israel,2004,20.162716666666665
Israel,2005,20.073308333333333
Israel,2006,19.948866666666667
Israel,2007,20.220724999999998
Israel,2008,20.513365
Israel,2009,20.653008333333332
Israel,2010,21.984325
Israel,2011,20.118358333333333
Israel,2012,20.904408333333333
Israel,2013,20.7348
Israel,2014,20.700166666666668
Israel,2015,20.650158333333334
Israel,2016,20.99905
Italy,1901,11.014638333333332
Italy,1902,11.296843333333333
Italy,1903,11.334220833333333
Italy,1904,11.82562
Italy,1905,11.159545833333333
Italy,1906,11.184983333333333
Italy,1907,11.209919166666667
Italy,1908,11.011004166666666
Italy,1909,10.8816775
Italy,1910,11.257158333333335
Italy,1911,11.836979999999999
Italy,1912,11.143025
Italy,1913,11.487431666666666
Italy,1914,11.202159166666666
Italy,1915,11.258901666666667
Italy,1916,11.786030000000002
Italy,1917,11.100611666666667
Italy,1918,11.285132500000001
Italy,1919,11.023820833333334
Italy,1920,12.215216666666668
Italy,1921,12.019083333333333
Italy,1922,11.329420833333332
Italy,1923,11.827124166666666
Italy,1924,11.573841666666667
Italy,1925,11.44041
Italy,1926,12.0651625
Italy,1927,12.162392500000001
Italy,1928,12.0584925
Italy,1929,11.354489166666667
Italy,1930,12.032418333333334
Italy,1931,11.308044166666667
Italy,1932,11.549164166666666
Italy,1933,11.016925
Italy,1934,12.167755
Italy,1935,11.493971666666667
Italy,1936,11.727103333333334
Italy,1937,11.851996666666667
Italy,1938,11.517728333333332
Italy,1939,11.501275
Italy,1940,10.618505833333334
Italy,1941,10.977920833333334
Italy,1942,11.7415825
Italy,1943,12.472082499999999
Italy,1944,11.35909
Italy,1945,12.128018333333335
Italy,1946,12.0008075
Italy,1947,12.362892500000001
Italy,1948,12.044141666666667
Italy,1949,12.152736666666668
Italy,1950,12.376739166666667
Italy,1951,12.100933333333332
Italy,1952,11.93163
Italy,1953,11.766440833333334
Italy,1954,11.212202499999998
Italy,1955,11.747785833333333
Italy,1956,10.922739166666666
Italy,1957,11.857005833333332
Italy,1958,12.003198333333332
Italy,1959,12.023839166666667
Italy,1960,11.858335000000002
Italy,1961,12.3687475
Italy,1962,11.4191725
Italy,1963,11.398033333333332
Italy,1964,11.774235833333334
Italy,1965,11.183055833333334
Italy,1966,11.843166666666667
Italy,1967,11.807849166666665
Italy,1968,11.587976666666668
Italy,1969,11.442583333333333
Italy,1970,11.555394166666666
Italy,1971,11.602545
Italy,1972,11.554514166666666
Italy,1973,11.599230833333332
Italy,1974,11.681334999999999
Italy,1975,11.724977500000001
Italy,1976,11.413834999999999
Italy,1977,11.839329166666666
Italy,1978,11.153455833333332
Italy,1979,11.789925833333333
Italy,1980,11.131381666666668
Italy,1981,11.557395
Italy,1982,12.324615
Italy,1983,11.958462500000001
Italy,1984,11.3769625
Italy,1985,11.8239375
Italy,1986,11.995299166666667
Italy,1987,11.940113333333334
Italy,1988,12.338863333333334
Italy,1989,12.057030833333334
Italy,1990,12.469500833333335
Italy,1991,11.705156666666667
Italy,1992,12.354455833333333
Italy,1993,12.10252
Italy,1994,13.032296666666667
Italy,1995,12.025575833333333
Italy,1996,11.761805833333334
Italy,1997,12.54013
Italy,1998,12.425290833333333
Italy,1999,12.548528333333332
Italy,2000,12.866760833333332
Italy,2001,12.639316666666666
Italy,2002,12.869173333333334
Italy,2003,12.937468333333333
Italy,2004,12.407938333333334
Italy,2005,12.00343
Italy,2006,12.738265
Italy,2007,12.957777499999999
Italy,2008,12.805285833333334
Italy,2009,12.860480833333334
Italy,2010,12.218101666666668
Italy,2011,13.110474166666668
Italy,2012,12.922456666666667
Italy,2013,12.638957499999998
Italy,2014,13.366889166666667
Italy,2015,13.3164125
Italy,2016,13.130942500000002
Jamaica,1901,23.951999999999998
Jamaica,1902,24.450716666666665
Jamaica,1903,24.32359166666667
Jamaica,1904,24.202608333333334
Jamaica,1905,24.76363333333333
Jamaica,1906,24.218933333333336
Jamaica,1907,24.4733
Jamaica,1908,24.456725000000002
Jamaica,1909,24.355491666666666
Jamaica,1910,23.586558333333333
Jamaica,1911,24.71304166666667
Jamaica,1912,24.920775000000003
Jamaica,1913,24.5911
Jamaica,1914,24.309791666666666
Jamaica,1915,24.403341666666666
Jamaica,1916,24.359733333333335
Jamaica,1917,24.066566666666663
Jamaica,1918,24.510525
Jamaica,1919,24.631516666666666
Jamaica,1920,24.418441666666666
Jamaica,1921,24.749483333333334
Jamaica,1922,24.66594166666667
Jamaica,1923,24.64485
Jamaica,1924,24.96645
Jamaica,1925,24.935991666666666
Jamaica,1926,24.860416666666666
Jamaica,1927,24.774908333333332
Jamaica,1928,24.479083333333335
Jamaica,1929,24.995283333333333
Jamaica,1930,24.4996
Jamaica,1931,24.438066666666668
Jamaica,1932,24.928791666666665
Jamaica,1933,25.053833333333333
Jamaica,1934,24.7336
Jamaica,1935,24.67018333333333
Jamaica,1936,24.93665
Jamaica,1937,24.84730833333333
Jamaica,1938,24.645841666666666
Jamaica,1939,24.85381666666667
Jamaica,1940,24.526508333333336
Jamaica,1941,24.933666666666667
Jamaica,1942,24.882941666666667
Jamaica,1943,24.570716666666666
Jamaica,1944,24.484741666666665
Jamaica,1945,24.30456666666667
Jamaica,1946,24.456675
Jamaica,1947,24.714383333333334
Jamaica,1948,25.04286666666667
Jamaica,1949,24.330983333333332
Jamaica,1950,24.03175
Jamaica,1951,24.455416666666665
Jamaica,1952,24.705575
Jamaica,1953,24.772841666666665
Jamaica,1954,24.627008333333333
Jamaica,1955,24.367683333333332
Jamaica,1956,24.476758333333333
Jamaica,1957,24.938841666666665
Jamaica,1958,25.04595
Jamaica,1959,25.1373
Jamaica,1960,24.91125
Jamaica,1961,24.961725
Jamaica,1962,24.883025
Jamaica,1963,24.837183333333332
Jamaica,1964,24.951158333333336
Jamaica,1965,24.674283333333335
Jamaica,1966,24.765033333333335
Jamaica,1967,24.524258333333332
Jamaica,1968,24.467474999999997
Jamaica,1969,24.853233333333332
Jamaica,1970,24.486366666666665
Jamaica,1971,24.447541666666666
Jamaica,1972,24.774375000000003
Jamaica,1973,24.902808333333336
Jamaica,1974,24.339241666666666
Jamaica,1975,24.572791666666664
Jamaica,1976,24.658433333333335
Jamaica,1977,25.068308333333334
Jamaica,1978,24.93766666666667
Jamaica,1979,24.882066666666663
Jamaica,1980,25.174108333333333
Jamaica,1981,25.057016666666666
Jamaica,1982,25.115933333333334
Jamaica,1983,25.2713
Jamaica,1984,24.850708333333333
Jamaica,1985,24.767966666666666
Jamaica,1986,24.787725
Jamaica,1987,25.509058333333332
Jamaica,1988,25.318391666666667
Jamaica,1989,24.994375
Jamaica,1990,25.547908333333336
Jamaica,1991,25.3359
Jamaica,1992,25.654516666666666
Jamaica,1993,25.623050000000003
Jamaica,1994,25.821141666666666
Jamaica,1995,25.570533333333334
Jamaica,1996,25.177608333333335
Jamaica,1997,25.775675000000003
Jamaica,1998,25.793058333333335
Jamaica,1999,25.463558333333335
Jamaica,2000,25.528225000000003
Jamaica,2001,25.727858333333334
Jamaica,2002,25.880591666666664
Jamaica,2003,25.989525
Jamaica,2004,25.834566666666664
Jamaica,2005,25.788625
Jamaica,2006,25.880366666666664
Jamaica,2007,25.622533333333333
Jamaica,2008,25.357658333333333
Jamaica,2009,25.650608333333334
Jamaica,2010,25.530266666666666
Jamaica,2011,25.404116666666667
Jamaica,2012,25.47555
Jamaica,2013,25.56374166666667
Jamaica,2014,25.876708333333337
Jamaica,2015,26.06650833333333
Jamaica,2016,25.889816666666665
Japan,1901,9.76092
Japan,1902,9.691143333333335
Japan,1903,9.942255
Japan,1904,9.927507499999999
Japan,1905,9.776031666666666
Japan,1906,9.313064166666667
Japan,1907,9.521759166666667
Japan,1908,9.209574166666666
Japan,1909,9.5185425
Japan,1910,9.517108333333333
Japan,1911,10.136368333333333
Japan,1912,9.651821666666667
Japan,1913,9.13014
Japan,1914,10.607199166666666
Japan,1915,10.205345833333334
Japan,1916,10.68305
Japan,1917,9.538995833333333
Japan,1918,9.748965
Japan,1919,10.073194166666667
Japan,1920,10.337058333333333
Japan,1921,9.70199
Japan,1922,10.2692025
Japan,1923,10.096009166666667
Japan,1924,9.794350833333333
Japan,1925,9.92667
Japan,1926,9.460306666666666
Japan,1927,9.917183333333332
Japan,1928,10.236395833333333
Japan,1929,9.946370833333333
Japan,1930,10.467980833333334
Japan,1931,9.692051666666666
Japan,1932,10.171975833333333
Japan,1933,10.156081666666667
Japan,1934,9.642218333333334
Japan,1935,10.029246666666667
Japan,1936,9.728165833333334
Japan,1937,10.4183325
Japan,1938,10.25527
Japan,1939,10.170414166666667
Japan,1940,10.062815833333334
Japan,1941,10.001615
Japan,1942,10.107043333333333
Japan,1943,10.067465833333333
Japan,1944,9.792879166666667
Japan,1945,9.2770075
Japan,1946,10.486755833333333
Japan,1947,9.4895875
Japan,1948,10.913576666666666
Japan,1949,10.218549166666667
Japan,1950,10.630050833333334
Japan,1951,10.231059166666666
Japan,1952,10.018300833333333
Japan,1953,10.077479166666667
Japan,1954,10.355730833333332
Japan,1955,10.851528333333334
Japan,1956,10.16797
Japan,1957,10.210906666666666
Japan,1958,10.697034166666667
Japan,1959,11.094685833333335
Japan,1960,10.706628333333335
Japan,1961,11.186260833333334
Japan,1962,10.619616666666667
Japan,1963,10.407979166666667
Japan,1964,10.622610833333333
Japan,1965,10.026333333333334
Japan,1966,10.43631
Japan,1967,10.568189166666667
Japan,1968,10.501609166666666
Japan,1969,10.185621666666666
Japan,1970,10.276935
Japan,1971,10.2422575
Japan,1972,10.797284166666666
Japan,1973,10.626771666666667
Japan,1974,10.074774166666666
Japan,1975,10.674335000000001
Japan,1976,10.102304166666668
Japan,1977,10.566575
Japan,1978,10.8459425
Japan,1979,11.165610000000001
Japan,1980,10.151059166666666
Japan,1981,9.982656666666667
Japan,1982,10.682659166666667
Japan,1983,10.469420000000001
Japan,1984,10.034118333333334
Japan,1985,10.6365125
Japan,1986,10.023324166666667
Japan,1987,10.876800000000001
Japan,1988,10.317303333333333
Japan,1989,11.273419166666665
Japan,1990,11.935230833333334
Japan,1991,11.2856075
Japan,1992,10.969435833333334
Japan,1993,10.511664999999999
Japan,1994,11.694824166666665
Japan,1995,10.993556666666665
Japan,1996,10.574900833333333
Japan,1997,11.237715833333333
Japan,1998,11.720316666666667
Japan,1999,11.599891666666666
Japan,2000,11.375715833333333
Japan,2001,10.98532
Japan,2002,11.350846666666667
Japan,2003,11.013828333333334
Japan,2004,11.958797500000001
Japan,2005,11.05663
Japan,2006,11.263286666666666
Japan,2007,11.694632499999999
Japan,2008,11.4151775
Japan,2009,11.465723333333335
Japan,2010,11.759870833333332
Japan,2011,11.318910833333334
Japan,2012,11.119136666666668
Japan,2013,11.491659166666667
Japan,2014,11.271365000000001
Japan,2015,11.8047175
Japan,2016,11.875195
Jordan,1901,18.2165325
Jordan,1902,17.918835833333333
Jordan,1903,16.758935833333332
Jordan,1904,17.3567975
Jordan,1905,17.53884916666667
Jordan,1906,17.8378375
Jordan,1907,17.146138333333333
Jordan,1908,17.268137499999998
Jordan,1909,18.512858333333334
Jordan,1910,17.3743475
Jordan,1911,17.1245775
Jordan,1912,17.612893333333332
Jordan,1913,17.634129166666668
Jordan,1914,18.069791666666667
Jordan,1915,18.740578333333335
Jordan,1916,18.94180916666667
Jordan,1917,18.482215
Jordan,1918,18.295108333333335
Jordan,1919,18.69278
Jordan,1920,18.149475
Jordan,1921,17.536355833333335
Jordan,1922,18.583685
Jordan,1923,18.743655
Jordan,1924,18.567944166666667
Jordan,1925,18.652600833333334
Jordan,1926,18.426135
Jordan,1927,18.76211916666667
Jordan,1928,19.042794166666667
Jordan,1929,18.443675833333334
Jordan,1930,18.971278333333334
Jordan,1931,18.679548333333333
Jordan,1932,18.809609166666664
Jordan,1933,18.039270833333333
Jordan,1934,18.681456666666666
Jordan,1935,19.137448333333335
Jordan,1936,18.965081666666666
Jordan,1937,19.11068
Jordan,1938,18.267071666666666
Jordan,1939,19.099209166666665
Jordan,1940,18.83533
Jordan,1941,19.048973333333333
Jordan,1942,18.782639166666666
Jordan,1943,18.295714999999998
Jordan,1944,18.495699166666668
Jordan,1945,17.97511
Jordan,1946,18.7468825
Jordan,1947,19.325190833333334
Jordan,1948,17.852796666666666
Jordan,1949,17.717205
Jordan,1950,18.124096666666667
Jordan,1951,19.139998333333335
Jordan,1952,19.2113925
Jordan,1953,18.28558083333333
Jordan,1954,18.94671333333333
Jordan,1955,19.385066666666667
Jordan,1956,18.447275833333332
Jordan,1957,18.4905825
Jordan,1958,18.937284166666668
Jordan,1959,17.848694166666665
Jordan,1960,19.546891666666667
Jordan,1961,18.296896666666665
Jordan,1962,19.656135000000003
Jordan,1963,19.245541666666664
Jordan,1964,17.983554166666668
Jordan,1965,18.631681666666665
Jordan,1966,19.296053333333333
Jordan,1967,17.587946666666667
Jordan,1968,18.573723333333334
Jordan,1969,18.91897416666667
Jordan,1970,18.571704999999998
Jordan,1971,18.147998333333334
Jordan,1972,17.939106666666667
Jordan,1973,18.27881916666667
Jordan,1974,18.219980833333334
Jordan,1975,18.149593333333332
Jordan,1976,18.075120000000002
Jordan,1977,18.363229999999998
Jordan,1978,18.6818425
Jordan,1979,19.140585833333333
Jordan,1980,18.517268333333334
Jordan,1981,18.55160916666667
Jordan,1982,17.735885
Jordan,1983,17.730349166666667
Jordan,1984,18.259735
Jordan,1985,18.809298333333334
Jordan,1986,18.609240833333335
Jordan,1987,18.663610833333333
Jordan,1988,18.596632500000002
Jordan,1989,18.5057675
Jordan,1990,18.7736175
Jordan,1991,18.7408375
Jordan,1992,17.65084
Jordan,1993,18.599365833333334
Jordan,1994,19.246364166666666
Jordan,1995,18.887043333333335
Jordan,1996,19.4354175
Jordan,1997,18.5729425
Jordan,1998,19.934806666666667
Jordan,1999,19.74205
Jordan,2000,18.97500666666667
Jordan,2001,19.827975833333333
Jordan,2002,19.5902675
Jordan,2003,19.513464166666665
Jordan,2004,19.392129166666667
Jordan,2005,19.305183333333336
Jordan,2006,19.214340833333335
Jordan,2007,19.484795000000002
Jordan,2008,19.693099999999998
Jordan,2009,19.709590833333333
Jordan,2010,21.302308333333333
Jordan,2011,19.170741666666668
Jordan,2012,19.989425
Jordan,2013,19.744041666666664
Jordan,2014,19.771008333333334
Jordan,2015,19.830264166666666
Jordan,2016,20.199518333333334
Kazakhstan,1901,5.432790833333333
Kazakhstan,1902,5.533617500000001
Kazakhstan,1903,4.7265291666666664
Kazakhstan,1904,5.507404999999999
Kazakhstan,1905,4.914119166666667
Kazakhstan,1906,5.573238333333333
Kazakhstan,1907,4.480701666666666
Kazakhstan,1908,4.245134166666667
Kazakhstan,1909,5.7320325
Kazakhstan,1910,5.3119008333333335
Kazakhstan,1911,4.7958316666666665
Kazakhstan,1912,5.0650825
Kazakhstan,1913,5.777499166666668
Kazakhstan,1914,6.007348333333333
Kazakhstan,1915,6.5185275
Kazakhstan,1916,5.104425833333333
Kazakhstan,1917,5.839355
Kazakhstan,1918,4.7897533333333335
Kazakhstan,1919,4.738326666666667
Kazakhstan,1920,4.6573649999999995
Kazakhstan,1921,5.732031666666667
Kazakhstan,1922,6.104657499999999
Kazakhstan,1923,6.10463
Kazakhstan,1924,5.492096666666666
Kazakhstan,1925,6.602865
Kazakhstan,1926,5.48179
Kazakhstan,1927,5.296445
Kazakhstan,1928,4.347585
Kazakhstan,1929,4.317984166666666
Kazakhstan,1930,5.117881666666666
Kazakhstan,1931,4.6353175
Kazakhstan,1932,5.8664725
Kazakhstan,1933,4.751300833333333
Kazakhstan,1934,4.168175833333334
Kazakhstan,1935,5.217311666666666
Kazakhstan,1936,5.467954166666666
Kazakhstan,1937,4.827984166666667
Kazakhstan,1938,5.559879166666666
Kazakhstan,1939,5.672978333333333
Kazakhstan,1940,6.137006666666667
Kazakhstan,1941,5.436360833333333
Kazakhstan,1942,5.014418333333333
Kazakhstan,1943,4.8451975
Kazakhstan,1944,6.190881666666666
Kazakhstan,1945,4.490455833333334
Kazakhstan,1946,5.2731775
Kazakhstan,1947,5.495438333333333
Kazakhstan,1948,6.156994166666666
Kazakhstan,1949,4.689631666666666
Kazakhstan,1950,4.339465
Kazakhstan,1951,5.4348125000000005
Kazakhstan,1952,4.961181666666667
Kazakhstan,1953,5.662694166666667
Kazakhstan,1954,4.004304166666667
Kazakhstan,1955,6.078249166666667
Kazakhstan,1956,4.886671666666667
Kazakhstan,1957,5.467105833333334
Kazakhstan,1958,5.402854166666667
Kazakhstan,1959,4.6550025
Kazakhstan,1960,4.43091
Kazakhstan,1961,6.423315833333334
Kazakhstan,1962,6.7700325
Kazakhstan,1963,6.73124
Kazakhstan,1964,5.056250833333333
Kazakhstan,1965,6.3084549999999995
Kazakhstan,1966,5.890418333333333
Kazakhstan,1967,6.082703333333334
Kazakhstan,1968,5.4860741666666675
Kazakhstan,1969,3.9024783333333333
Kazakhstan,1970,5.625828333333334
Kazakhstan,1971,6.414595833333333
Kazakhstan,1972,4.467200833333333
Kazakhstan,1973,6.099783333333334
Kazakhstan,1974,5.362166666666667
Kazakhstan,1975,6.649570833333333
Kazakhstan,1976,4.715543333333334
Kazakhstan,1977,6.1393125
Kazakhstan,1978,6.040920833333334
Kazakhstan,1979,6.282043333333333
Kazakhstan,1980,5.774025833333333
Kazakhstan,1981,6.836127499999999
Kazakhstan,1982,6.327908333333333
Kazakhstan,1983,7.687245
Kazakhstan,1984,4.987495
Kazakhstan,1985,5.58381
Kazakhstan,1986,5.773586666666667
Kazakhstan,1987,5.4898825
Kazakhstan,1988,6.447043333333333
Kazakhstan,1989,6.756660833333334
Kazakhstan,1990,6.939875000000001
Kazakhstan,1991,6.8289575000000005
Kazakhstan,1992,5.966785833333333
Kazakhstan,1993,5.012721666666667
Kazakhstan,1994,5.7019899999999994
Kazakhstan,1995,7.486221666666666
Kazakhstan,1996,5.198206666666667
Kazakhstan,1997,7.093066666666666
Kazakhstan,1998,6.4300475
Kazakhstan,1999,7.187314166666667
Kazakhstan,2000,6.906374166666667
Kazakhstan,2001,7.045955
Kazakhstan,2002,7.521060833333333
Kazakhstan,2003,6.350223333333333
Kazakhstan,2004,7.651355833333334
Kazakhstan,2005,7.224371666666666
Kazakhstan,2006,7.173847500000001
Kazakhstan,2007,7.427550833333332
Kazakhstan,2008,7.302879999999999
Kazakhstan,2009,6.632885833333333
Kazakhstan,2010,7.066050000000001
Kazakhstan,2011,5.984970833333333
Kazakhstan,2012,6.515955000000001
Kazakhstan,2013,7.922595
Kazakhstan,2014,6.1918008333333345
Kazakhstan,2015,7.622869166666667
Kazakhstan,2016,7.624554166666667
Kenya,1901,24.175250000000002
Kenya,1902,24.540208333333336
Kenya,1903,24.4726
Kenya,1904,23.694458333333333
Kenya,1905,23.84035833333333
Kenya,1906,23.543833333333335
Kenya,1907,23.634725
Kenya,1908,24.519733333333335
Kenya,1909,22.9135
Kenya,1910,23.059458333333335
Kenya,1911,23.254525
Kenya,1912,22.8573
Kenya,1913,22.624866666666666
Kenya,1914,23.094183333333334
Kenya,1915,23.169858333333334
Kenya,1916,22.653983333333333
Kenya,1917,22.218508333333332
Kenya,1918,22.517408333333332
Kenya,1919,22.608225
Kenya,1920,22.551083333333334
Kenya,1921,24.297575
Kenya,1922,24.34645
Kenya,1923,23.979425000000003
Kenya,1924,25.79240833333333
Kenya,1925,24.857891666666664
Kenya,1926,24.654108333333337
Kenya,1927,24.58814166666667
Kenya,1928,25.0936
Kenya,1929,22.448449999999998
Kenya,1930,22.654075000000002
Kenya,1931,23.78255833333333
Kenya,1932,23.077033333333333
Kenya,1933,23.549058333333335
Kenya,1934,23.591391666666667
Kenya,1935,23.521133333333335
Kenya,1936,23.350575000000003
Kenya,1937,23.5973
Kenya,1938,23.575666666666667
Kenya,1939,23.981466666666666
Kenya,1940,24.364316666666667
Kenya,1941,24.150883333333336
Kenya,1942,24.196791666666666
Kenya,1943,24.082491666666666
Kenya,1944,24.41055833333333
Kenya,1945,24.3627
Kenya,1946,24.3766
Kenya,1947,24.1619
Kenya,1948,24.128375000000002
Kenya,1949,24.197141666666667
Kenya,1950,23.738816666666665
Kenya,1951,24.440091666666664
Kenya,1952,24.893033333333335
Kenya,1953,24.83865
Kenya,1954,24.607200000000002
Kenya,1955,24.541725
Kenya,1956,24.063541666666666
Kenya,1957,24.474733333333333
Kenya,1958,24.664358333333336
Kenya,1959,24.496783333333337
Kenya,1960,24.37595
Kenya,1961,24.488991666666667
Kenya,1962,24.210975
Kenya,1963,24.11225
Kenya,1964,23.999366666666663
Kenya,1965,24.14169166666667
Kenya,1966,24.402533333333334
Kenya,1967,24.100741666666668
Kenya,1968,23.540975
Kenya,1969,24.4389
Kenya,1970,24.524225
Kenya,1971,23.969133333333332
Kenya,1972,24.618708333333334
Kenya,1973,24.798891666666666
Kenya,1974,24.281775
Kenya,1975,24.286475
Kenya,1976,24.588808333333333
Kenya,1977,24.503608333333332
Kenya,1978,24.339591666666667
Kenya,1979,24.421225000000003
Kenya,1980,24.691008333333333
Kenya,1981,24.553025
Kenya,1982,24.456699999999998
Kenya,1983,24.962225
Kenya,1984,24.437299999999997
Kenya,1985,24.297316666666664
Kenya,1986,24.528216666666665
Kenya,1987,24.989891666666665
Kenya,1988,24.886075
Kenya,1989,24.237508333333334
Kenya,1990,24.553508333333337
Kenya,1991,24.707333333333334
Kenya,1992,24.61329166666667
Kenya,1993,24.503433333333334
Kenya,1994,24.551933333333334
Kenya,1995,24.898366666666664
Kenya,1996,24.81435
Kenya,1997,24.7908
Kenya,1998,24.964716666666664
Kenya,1999,24.864733333333334
Kenya,2000,24.904749999999996
Kenya,2001,25.095758333333333
Kenya,2002,25.478066666666667
Kenya,2003,25.45435833333333
Kenya,2004,25.31244166666667
Kenya,2005,25.32981666666667
Kenya,2006,25.2572
Kenya,2007,25.05950833333333
Kenya,2008,24.965766666666667
Kenya,2009,25.61305833333333
Kenya,2010,25.4422
Kenya,2011,25.328391666666665
Kenya,2012,25.24515
Kenya,2013,25.182175
Kenya,2014,25.41145
Kenya,2015,25.537633333333332
Kenya,2016,25.756608333333332
Kiribati,1901,27.505741666666665
Kiribati,1902,27.505741666666665
Kiribati,1903,27.505741666666665
Kiribati,1904,27.505741666666665
Kiribati,1905,27.505741666666665
Kiribati,1906,27.505741666666665
Kiribati,1907,27.505741666666665
Kiribati,1908,27.505741666666665
Kiribati,1909,27.505741666666665
Kiribati,1910,27.505741666666665
Kiribati,1911,27.505741666666665
Kiribati,1912,27.505741666666665
Kiribati,1913,27.505741666666665
Kiribati,1914,27.505741666666665
Kiribati,1915,27.505741666666665
Kiribati,1916,27.505741666666665
Kiribati,1917,27.505741666666665
Kiribati,1918,27.505741666666665
Kiribati,1919,27.505741666666665
Kiribati,1920,27.505741666666665
Kiribati,1921,27.505741666666665
Kiribati,1922,28.097408333333334
Kiribati,1923,28.35574166666667
Kiribati,1924,28.08074166666667
Kiribati,1925,28.105741666666663
Kiribati,1926,27.505741666666665
Kiribati,1927,27.505741666666665
Kiribati,1928,27.505741666666665
Kiribati,1929,28.039075
Kiribati,1930,28.23074166666667
Kiribati,1931,27.505741666666665
Kiribati,1932,27.505741666666665
Kiribati,1933,27.505741666666665
Kiribati,1934,27.505741666666665
Kiribati,1935,27.505741666666665
Kiribati,1936,27.505741666666665
Kiribati,1937,27.505741666666665
Kiribati,1938,27.505741666666665
Kiribati,1939,27.505741666666665
Kiribati,1940,27.505741666666665
Kiribati,1941,27.505741666666665
Kiribati,1942,27.505741666666665
Kiribati,1943,27.505741666666665
Kiribati,1944,27.505741666666665
Kiribati,1945,27.505741666666665
Kiribati,1946,27.505741666666665
Kiribati,1947,27.505741666666665
Kiribati,1948,27.505741666666665
Kiribati,1949,27.505741666666665
Kiribati,1950,27.505741666666665
Kiribati,1951,27.547408333333333
Kiribati,1952,27.047408333333333
Kiribati,1953,26.664075
Kiribati,1954,26.872408333333336
Kiribati,1955,27.14740833333333
Kiribati,1956,27.055741666666666
Kiribati,1957,27.039075
Kiribati,1958,27.364075
Kiribati,1959,27.505741666666665
Kiribati,1960,27.505741666666665
Kiribati,1961,27.505741666666665
Kiribati,1962,27.505741666666665
Kiribati,1963,27.814075000000003
Kiribati,1964,27.505741666666665
Kiribati,1965,27.505741666666665
Kiribati,1966,27.505741666666665
Kiribati,1967,27.539075
Kiribati,1968,27.505741666666665
Kiribati,1969,27.872408333333336
Kiribati,1970,27.314075
Kiribati,1971,26.730741666666663
Kiribati,1972,27.439075
Kiribati,1973,27.014075000000002
Kiribati,1974,27.20574166666667
Kiribati,1975,26.980741666666663
Kiribati,1976,27.197408333333332
Kiribati,1977,27.872408333333336
Kiribati,1978,27.572408333333332
Kiribati,1979,27.655741666666668
Kiribati,1980,27.864075
Kiribati,1981,27.464074999999998
Kiribati,1982,27.889075000000002
Kiribati,1983,27.822408333333332
Kiribati,1984,27.322408333333332
Kiribati,1985,27.45574166666667
Kiribati,1986,27.70574166666667
Kiribati,1987,28.130741666666665
Kiribati,1988,27.472408333333334
Kiribati,1989,27.130741666666665
Kiribati,1990,27.539075
Kiribati,1991,27.505741666666665
Kiribati,1992,27.505741666666665
Kiribati,1993,27.505741666666665
Kiribati,1994,27.505741666666665
Kiribati,1995,27.505741666666665
Kiribati,1996,27.505741666666665
Kiribati,1997,27.505741666666665
Kiribati,1998,27.505741666666665
Kiribati,1999,27.505741666666665
Kiribati,2000,27.505741666666665
Kiribati,2001,27.505741666666665
Kiribati,2002,27.505741666666665
Kiribati,2003,27.505741666666665
Kiribati,2004,27.505741666666665
Kiribati,2005,27.505741666666665
Kiribati,2006,27.505741666666665
Kiribati,2007,27.505741666666665
Kiribati,2008,27.505741666666665
Kiribati,2009,27.505741666666665
Kiribati,2010,27.505741666666665
Kiribati,2011,27.505741666666665
Kiribati,2012,27.505741666666665
Kiribati,2013,27.505741666666665
Kiribati,2014,27.505741666666665
Kiribati,2015,27.505741666666665
Kiribati,2016,27.505741666666665
Kuwait,1901,25.585825
Kuwait,1902,25.037300000000002
Kuwait,1903,24.0733
Kuwait,1904,24.478083333333334
Kuwait,1905,24.327616666666668
Kuwait,1906,24.334783333333334
Kuwait,1907,24.177616666666665
Kuwait,1908,24.709591666666668
Kuwait,1909,25.084833333333332
Kuwait,1910,24.07043333333333
Kuwait,1911,23.292157500000002
Kuwait,1912,24.386233333333333
Kuwait,1913,24.129775
Kuwait,1914,24.733608333333333
Kuwait,1915,24.993750000000002
Kuwait,1916,24.666841666666667
Kuwait,1917,24.82196666666667
Kuwait,1918,24.421475
Kuwait,1919,25.052933333333332
Kuwait,1920,24.717258333333334
Kuwait,1921,24.943233333333335
Kuwait,1922,25.169233333333334
Kuwait,1923,24.732799999999997
Kuwait,1924,25.43235833333333
Kuwait,1925,24.6364875
Kuwait,1926,24.849875
Kuwait,1927,25.018991666666665
Kuwait,1928,24.884208333333333
Kuwait,1929,24.776433333333333
Kuwait,1930,24.907441666666667
Kuwait,1931,24.749633333333335
Kuwait,1932,24.469483333333333
Kuwait,1933,24.176941666666668
Kuwait,1934,24.469708333333333
Kuwait,1935,25.251324999999998
Kuwait,1936,24.695825
Kuwait,1937,24.852792500000003
Kuwait,1938,24.916416666666667
Kuwait,1939,24.83105833333333
Kuwait,1940,25.291241666666664
Kuwait,1941,25.059183333333333
Kuwait,1942,25.111108333333334
Kuwait,1943,24.526816666666665
Kuwait,1944,24.97311666666667
Kuwait,1945,24.525499999999997
Kuwait,1946,25.043158333333334
Kuwait,1947,25.667075
Kuwait,1948,24.745491666666666
Kuwait,1949,24.179025
Kuwait,1950,24.458699999999997
Kuwait,1951,25.49005
Kuwait,1952,25.416441666666667
Kuwait,1953,25.056308333333334
Kuwait,1954,25.418558333333333
Kuwait,1955,25.449675
Kuwait,1956,24.813675
Kuwait,1957,24.731041666666666
Kuwait,1958,25.269000000000002
Kuwait,1959,24.54095
Kuwait,1960,25.54035
Kuwait,1961,24.840458333333334
Kuwait,1962,25.940141666666666
Kuwait,1963,25.36360833333333
Kuwait,1964,24.371680833333333
Kuwait,1965,25.398349999999997
Kuwait,1966,25.987008333333335
Kuwait,1967,24.313766666666666
Kuwait,1968,25.103691666666666
Kuwait,1969,25.41435833333333
Kuwait,1970,25.453383333333335
Kuwait,1971,24.940091666666664
Kuwait,1972,24.003258333333335
Kuwait,1973,25.070008333333334
Kuwait,1974,24.617275000000003
Kuwait,1975,24.836758333333336
Kuwait,1976,24.688341666666663
Kuwait,1977,25.34935833333333
Kuwait,1978,25.245191666666667
Kuwait,1979,25.848125
Kuwait,1980,25.245958333333334
Kuwait,1981,25.4168
Kuwait,1982,24.426083333333334
Kuwait,1983,24.630683333333334
Kuwait,1984,25.05164166666667
Kuwait,1985,25.220383333333334
Kuwait,1986,25.187633333333334
Kuwait,1987,25.692175000000002
Kuwait,1988,25.309966666666668
Kuwait,1989,24.979635000000002
Kuwait,1990,25.406958333333336
Kuwait,1991,25.387424999999997
Kuwait,1992,24.420241666666666
Kuwait,1993,25.305400000000002
Kuwait,1994,25.884191666666666
Kuwait,1995,25.34483333333333
Kuwait,1996,26.01778333333333
Kuwait,1997,25.304599999999997
Kuwait,1998,26.531691666666664
Kuwait,1999,26.631983333333334
Kuwait,2000,26.064216666666667
Kuwait,2001,26.551416666666668
Kuwait,2002,26.274725
Kuwait,2003,26.279666666666667
Kuwait,2004,26.07144166666667
Kuwait,2005,25.9174
Kuwait,2006,26.207224999999998
Kuwait,2007,26.197275
Kuwait,2008,26.246341666666666
Kuwait,2009,26.335958333333334
Kuwait,2010,27.414658333333335
Kuwait,2011,25.95680833333333
Kuwait,2012,26.331975
Kuwait,2013,25.667600000000004
Kuwait,2014,26.328950000000003
Kuwait,2015,26.80315
Kuwait,2016,26.852783333333335
Kyrgyzstan,1901,1.3741166666666667
Kyrgyzstan,1902,1.939375
Kyrgyzstan,1903,0.31170833333333325
Kyrgyzstan,1904,1.6129208333333331
Kyrgyzstan,1905,0.7420983333333333
Kyrgyzstan,1906,1.7467249999999999
Kyrgyzstan,1907,0.970135
Kyrgyzstan,1908,1.4476558333333331
Kyrgyzstan,1909,2.4436316666666666
Kyrgyzstan,1910,1.7004416666666666
Kyrgyzstan,1911,1.7126358333333334
Kyrgyzstan,1912,2.3328433333333334
Kyrgyzstan,1913,1.4929716666666666
Kyrgyzstan,1914,2.6797091666666666
Kyrgyzstan,1915,3.081555
Kyrgyzstan,1916,1.897495
Kyrgyzstan,1917,2.7699883333333335
Kyrgyzstan,1918,1.3354000000000001
Kyrgyzstan,1919,1.3190558333333333
Kyrgyzstan,1920,0.3030391666666666
Kyrgyzstan,1921,1.3241941666666668
Kyrgyzstan,1922,2.6067075
Kyrgyzstan,1923,1.5789558333333333
Kyrgyzstan,1924,1.9159708333333334
Kyrgyzstan,1925,2.3537141666666668
Kyrgyzstan,1926,2.2789858333333335
Kyrgyzstan,1927,2.2275708333333335
Kyrgyzstan,1928,1.1188066666666667
Kyrgyzstan,1929,0.6243225000000002
Kyrgyzstan,1930,0.9531000000000004
Kyrgyzstan,1931,0.8970816666666664
Kyrgyzstan,1932,1.414248333333333
Kyrgyzstan,1933,1.679615
Kyrgyzstan,1934,0.31521333333333335
Kyrgyzstan,1935,0.7293541666666662
Kyrgyzstan,1936,1.2299466666666665
Kyrgyzstan,1937,0.5942633333333336
Kyrgyzstan,1938,1.9861541666666664
Kyrgyzstan,1939,2.2420458333333335
Kyrgyzstan,1940,2.901075
Kyrgyzstan,1941,3.3513716666666666
Kyrgyzstan,1942,1.9083766666666664
Kyrgyzstan,1943,1.5356308333333335
Kyrgyzstan,1944,1.9888833333333331
Kyrgyzstan,1945,1.1496891666666662
Kyrgyzstan,1946,1.8761691666666664
Kyrgyzstan,1947,2.348406666666667
Kyrgyzstan,1948,1.6587641666666666
Kyrgyzstan,1949,0.7324208333333333
Kyrgyzstan,1950,0.9204891666666667
Kyrgyzstan,1951,1.1576341666666667
Kyrgyzstan,1952,1.3942174999999999
Kyrgyzstan,1953,1.6602816666666669
Kyrgyzstan,1954,0.5454875
Kyrgyzstan,1955,2.1859358333333336
Kyrgyzstan,1956,2.0799183333333335
Kyrgyzstan,1957,0.9457125000000003
Kyrgyzstan,1958,2.0009583333333336
Kyrgyzstan,1959,1.6175083333333333
Kyrgyzstan,1960,1.2796041666666669
Kyrgyzstan,1961,2.4321399999999995
Kyrgyzstan,1962,2.2404166666666665
Kyrgyzstan,1963,2.8519166666666664
Kyrgyzstan,1964,1.210125
Kyrgyzstan,1965,2.528329166666667
Kyrgyzstan,1966,2.3491283333333333
Kyrgyzstan,1967,1.8037433333333333
Kyrgyzstan,1968,2.1634583333333333
Kyrgyzstan,1969,0.9224500000000003
Kyrgyzstan,1970,2.4441975
Kyrgyzstan,1971,2.8966766666666666
Kyrgyzstan,1972,0.9949866666666667
Kyrgyzstan,1973,2.621208333333333
Kyrgyzstan,1974,1.5498858333333334
Kyrgyzstan,1975,2.2032
Kyrgyzstan,1976,1.99709
Kyrgyzstan,1977,2.7699433333333334
Kyrgyzstan,1978,2.5583041666666664
Kyrgyzstan,1979,2.67211
Kyrgyzstan,1980,3.220193333333333
Kyrgyzstan,1981,2.6257075
Kyrgyzstan,1982,2.232346666666667
Kyrgyzstan,1983,3.0122675
Kyrgyzstan,1984,1.5270141666666668
Kyrgyzstan,1985,2.158243333333333
Kyrgyzstan,1986,2.4052625
Kyrgyzstan,1987,2.4192199999999997
Kyrgyzstan,1988,2.807049166666667
Kyrgyzstan,1989,1.9961208333333331
Kyrgyzstan,1990,3.0658083333333335
Kyrgyzstan,1991,2.4936191666666665
Kyrgyzstan,1992,2.369775
Kyrgyzstan,1993,1.7482991666666667
Kyrgyzstan,1994,2.4287641666666664
Kyrgyzstan,1995,2.7030049999999997
Kyrgyzstan,1996,1.8698391666666667
Kyrgyzstan,1997,3.3665758333333335
Kyrgyzstan,1998,2.9510183333333333
Kyrgyzstan,1999,3.4350008333333335
Kyrgyzstan,2000,3.4425424999999996
Kyrgyzstan,2001,3.542196666666667
Kyrgyzstan,2002,3.5764333333333327
Kyrgyzstan,2003,2.6113425
Kyrgyzstan,2004,3.8697208333333335
Kyrgyzstan,2005,3.329485
Kyrgyzstan,2006,3.7778708333333335
Kyrgyzstan,2007,3.931949166666667
Kyrgyzstan,2008,3.4568766666666666
Kyrgyzstan,2009,3.2176775
Kyrgyzstan,2010,3.510600833333333
Kyrgyzstan,2011,3.1771883333333335
Kyrgyzstan,2012,2.5786066666666665
Kyrgyzstan,2013,3.8604916666666664
Kyrgyzstan,2014,2.5607525
Kyrgyzstan,2015,3.839105
Kyrgyzstan,2016,3.925733333333333
Laos,1901,23.375574999999998
Laos,1902,23.382108333333335
Laos,1903,23.007583333333333
Laos,1904,22.876658333333335
Laos,1905,23.88694166666667
Laos,1906,23.962766666666667
Laos,1907,23.110766666666667
Laos,1908,23.18733333333333
Laos,1909,23.306066666666666
Laos,1910,23.030158333333333
Laos,1911,23.501158333333333
Laos,1912,23.27175
Laos,1913,22.982741666666666
Laos,1914,23.32183333333333
Laos,1915,23.218658333333334
Laos,1916,23.047941666666663
Laos,1917,22.866433333333333
Laos,1918,23.173933333333334
Laos,1919,23.53594166666667
Laos,1920,23.323558333333335
Laos,1921,23.335158333333336
Laos,1922,23.66133333333333
Laos,1923,23.584441666666667
Laos,1924,23.622958333333333
Laos,1925,23.098725
Laos,1926,23.668000000000003
Laos,1927,23.477308333333337
Laos,1928,23.6369
Laos,1929,23.68988333333333
Laos,1930,23.491333333333333
Laos,1931,23.9541
Laos,1932,23.473041666666663
Laos,1933,23.646833333333333
Laos,1934,23.27541666666667
Laos,1935,23.861958333333334
Laos,1936,23.270508333333336
Laos,1937,23.662516666666665
Laos,1938,23.085841666666667
Laos,1939,22.993141666666663
Laos,1940,23.410916666666665
Laos,1941,24.101699999999997
Laos,1942,23.781566666666667
Laos,1943,23.394975000000002
Laos,1944,23.379583333333333
Laos,1945,23.399316666666667
Laos,1946,23.721625
Laos,1947,23.655124999999998
Laos,1948,23.40615
Laos,1949,23.478508333333334
Laos,1950,23.19565833333333
Laos,1951,23.202975
Laos,1952,23.381600000000002
Laos,1953,23.397125
Laos,1954,23.257575
Laos,1955,22.763183333333334
Laos,1956,22.818325
Laos,1957,23.343325000000004
Laos,1958,23.427283333333335
Laos,1959,23.498724999999997
Laos,1960,23.567008333333334
Laos,1961,23.28215833333333
Laos,1962,22.96121666666667
Laos,1963,23.022616666666664
Laos,1964,23.08605833333333
Laos,1965,23.291741666666667
Laos,1966,23.795841666666664
Laos,1967,22.990750000000002
Laos,1968,23.318241666666665
Laos,1969,23.520291666666665
Laos,1970,23.257116666666665
Laos,1971,22.663516666666666
Laos,1972,23.391216666666665
Laos,1973,23.570441666666667
Laos,1974,22.959183333333332
Laos,1975,23.31775
Laos,1976,23.092125
Laos,1977,23.24429166666667
Laos,1978,23.526525000000003
Laos,1979,23.975733333333334
Laos,1980,23.895533333333333
Laos,1981,23.179666666666666
Laos,1982,23.176558333333332
Laos,1983,23.421841666666666
Laos,1984,23.187316666666664
Laos,1985,23.179383333333334
Laos,1986,23.199633333333335
Laos,1987,23.72485
Laos,1988,23.388516666666664
Laos,1989,23.294741666666667
Laos,1990,23.542291666666667
Laos,1991,24.116108333333333
Laos,1992,23.56464166666667
Laos,1993,23.6734
Laos,1994,23.862558333333336
Laos,1995,23.655199999999997
Laos,1996,23.292025
Laos,1997,23.777516666666667
Laos,1998,24.615341666666666
Laos,1999,23.497275000000002
Laos,2000,23.53719166666667
Laos,2001,23.989658333333335
Laos,2002,24.111825
Laos,2003,24.114324999999997
Laos,2004,23.839299999999998
Laos,2005,24.239083333333337
Laos,2006,23.858541666666667
Laos,2007,23.552108333333333
Laos,2008,23.143841666666663
Laos,2009,23.78895
Laos,2010,24.354083333333335
Laos,2011,23.12709166666667
Laos,2012,24.260033333333336
Laos,2013,23.85863333333333
Laos,2014,23.962075
Laos,2015,24.438983333333336
Laos,2016,24.406916666666664
Latvia,1901,5.960728333333333
Latvia,1902,3.875773333333333
Latvia,1903,6.479523333333333
Latvia,1904,4.850474166666667
Latvia,1905,5.726075000000001
Latvia,1906,6.334476666666667
Latvia,1907,4.458294166666667
Latvia,1908,5.027895
Latvia,1909,4.83796
Latvia,1910,6.729861666666667
Latvia,1911,5.820849166666666
Latvia,1912,4.936588333333333
Latvia,1913,6.418656666666667
Latvia,1914,6.429763333333334
Latvia,1915,4.418375833333333
Latvia,1916,5.474516666666666
Latvia,1917,4.701076666666666
Latvia,1918,5.666462499999999
Latvia,1919,4.8191774999999994
Latvia,1920,6.4024391666666665
Latvia,1921,5.979324166666667
Latvia,1922,4.644529166666667
Latvia,1923,5.03604
Latvia,1924,5.176970833333333
Latvia,1925,6.3775275
Latvia,1926,5.468195833333334
Latvia,1927,5.187368333333333
Latvia,1928,5.087746666666667
Latvia,1929,4.530410000000001
Latvia,1930,6.480885833333333
Latvia,1931,4.6921625
Latvia,1932,6.234930833333333
Latvia,1933,4.687376666666666
Latvia,1934,7.404276666666667
Latvia,1935,5.8141375
Latvia,1936,6.663027499999999
Latvia,1937,6.431984166666666
Latvia,1938,7.040214166666668
Latvia,1939,6.323290833333334
Latvia,1940,3.7629716666666666
Latvia,1941,3.30627
Latvia,1942,3.32259
Latvia,1943,6.4953625
Latvia,1944,6.266615833333333
Latvia,1945,5.326906666666667
Latvia,1946,5.433942500000001
Latvia,1947,4.7560158333333336
Latvia,1948,6.2553841666666665
Latvia,1949,7.133201666666667
Latvia,1950,5.7576624999999995
Latvia,1951,5.6412725
Latvia,1952,4.898773333333334
Latvia,1953,5.907873333333334
Latvia,1954,5.272481666666667
Latvia,1955,5.020016666666667
Latvia,1956,3.9865583333333334
Latvia,1957,6.239870833333334
Latvia,1958,5.14121
Latvia,1959,6.379878333333333
Latvia,1960,5.463864999999999
Latvia,1961,6.777243333333334
Latvia,1962,5.0370575
Latvia,1963,4.697663333333333
Latvia,1964,5.465918333333334
Latvia,1965,4.687578333333334
Latvia,1966,4.982266666666667
Latvia,1967,6.016860833333333
Latvia,1968,5.1972475000000005
Latvia,1969,4.231271666666666
Latvia,1970,4.808493333333333
Latvia,1971,6.040535833333333
Latvia,1972,6.293593333333334
Latvia,1973,6.0201325
Latvia,1974,6.502705
Latvia,1975,7.418403333333333
Latvia,1976,4.4049941666666665
Latvia,1977,5.3647475
Latvia,1978,4.693344166666667
Latvia,1979,5.194966666666667
Latvia,1980,4.7791775
Latvia,1981,5.808549166666666
Latvia,1982,6.1170625
Latvia,1983,6.8867825
Latvia,1984,6.221023333333334
Latvia,1985,4.263124166666667
Latvia,1986,5.523196666666667
Latvia,1987,4.0009325
Latvia,1988,6.220244166666666
Latvia,1989,7.696961666666667
Latvia,1990,7.334285
Latvia,1991,6.694680833333333
Latvia,1992,6.998396666666667
Latvia,1993,5.823814166666666
Latvia,1994,6.1286575
Latvia,1995,6.58345
Latvia,1996,5.108648333333334
Latvia,1997,6.337518333333333
Latvia,1998,6.079553333333333
Latvia,1999,7.1824725
Latvia,2000,7.552393333333334
Latvia,2001,6.5690825
Latvia,2002,7.047893333333334
Latvia,2003,6.339917499999999
Latvia,2004,6.465985833333334
Latvia,2005,6.3109649999999995
Latvia,2006,6.9448791666666665
Latvia,2007,7.196574999999999
Latvia,2008,7.706524166666667
Latvia,2009,6.604934166666666
Latvia,2010,5.641425000000001
Latvia,2011,7.239203333333333
Latvia,2012,6.1701925
Latvia,2013,7.0672749999999995
Latvia,2014,7.32358
Latvia,2015,7.899733333333334
Latvia,2016,7.101423333333333
Lebanon,1901,15.478424166666665
Lebanon,1902,15.114969166666667
Lebanon,1903,14.126800000000001
Lebanon,1904,14.590896666666666
Lebanon,1905,14.769856666666668
Lebanon,1906,14.996880833333334
Lebanon,1907,14.320862499999999
Lebanon,1908,14.403905
Lebanon,1909,15.675336666666666
Lebanon,1910,14.650781666666667
Lebanon,1911,14.2246975
Lebanon,1912,14.858959166666667
Lebanon,1913,14.759704166666666
Lebanon,1914,15.172083333333333
Lebanon,1915,15.815634166666667
Lebanon,1916,16.079788333333333
Lebanon,1917,15.654385833333334
Lebanon,1918,15.478943333333333
Lebanon,1919,15.848445833333335
Lebanon,1920,15.205351666666667
Lebanon,1921,14.559890000000001
Lebanon,1922,15.75849
Lebanon,1923,15.949248333333335
Lebanon,1924,15.6993875
Lebanon,1925,15.802611666666666
Lebanon,1926,15.693588333333333
Lebanon,1927,15.939369166666667
Lebanon,1928,16.0027175
Lebanon,1929,15.4942325
Lebanon,1930,16.139431666666667
Lebanon,1931,15.750515
Lebanon,1932,15.815440833333334
Lebanon,1933,14.917349166666668
Lebanon,1934,15.703272499999999
Lebanon,1935,16.2017475
Lebanon,1936,15.923544166666666
Lebanon,1937,16.240630833333334
Lebanon,1938,15.419673333333334
Lebanon,1939,16.15218833333333
Lebanon,1940,15.906889166666666
Lebanon,1941,15.9683525
Lebanon,1942,15.784961666666668
Lebanon,1943,15.3413925
Lebanon,1944,15.635231666666668
Lebanon,1945,15.195328333333334
Lebanon,1946,15.886398333333332
Lebanon,1947,16.501359166666667
Lebanon,1948,14.976870833333335
Lebanon,1949,14.820314166666668
Lebanon,1950,15.342127500000002
Lebanon,1951,16.27819583333333
Lebanon,1952,16.2648675
Lebanon,1953,15.31065
Lebanon,1954,16.193245
Lebanon,1955,16.696534166666666
Lebanon,1956,15.430849166666667
Lebanon,1957,15.7444425
Lebanon,1958,16.093235833333335
Lebanon,1959,15.1202325
Lebanon,1960,16.672991666666665
Lebanon,1961,15.5448525
Lebanon,1962,16.7144775
Lebanon,1963,16.261543333333332
Lebanon,1964,15.245114166666667
Lebanon,1965,15.7561175
Lebanon,1966,16.668039166666667
Lebanon,1967,14.812535833333333
Lebanon,1968,15.979949166666666
Lebanon,1969,16.148721666666667
Lebanon,1970,16.098544166666667
Lebanon,1971,15.4873275
Lebanon,1972,15.026424166666667
Lebanon,1973,15.665776666666666
Lebanon,1974,15.591705833333334
Lebanon,1975,15.298169166666668
Lebanon,1976,15.0679625
Lebanon,1977,15.435468333333333
Lebanon,1978,15.858850833333333
Lebanon,1979,16.1786825
Lebanon,1980,15.385600833333333
Lebanon,1981,15.846300833333332
Lebanon,1982,14.89399
Lebanon,1983,15.014615833333332
Lebanon,1984,15.362050833333333
Lebanon,1985,15.936700833333333
Lebanon,1986,15.830633333333333
Lebanon,1987,15.711046666666666
Lebanon,1988,15.582956666666666
Lebanon,1989,15.796813333333333
Lebanon,1990,15.878414999999999
Lebanon,1991,15.873028333333332
Lebanon,1992,14.713254166666667
Lebanon,1993,15.729434166666666
Lebanon,1994,16.634136666666667
Lebanon,1995,16.040291666666665
Lebanon,1996,16.396375833333334
Lebanon,1997,15.509671666666668
Lebanon,1998,16.998535
Lebanon,1999,16.9382675
Lebanon,2000,16.292844166666665
Lebanon,2001,17.1762525
Lebanon,2002,16.690943333333333
Lebanon,2003,16.723703333333333
Lebanon,2004,16.528355
Lebanon,2005,16.43411
Lebanon,2006,16.308899999999998
Lebanon,2007,16.631600000000002
Lebanon,2008,16.837418333333336
Lebanon,2009,16.843421666666668
Lebanon,2010,18.226633333333332
Lebanon,2011,16.214329166666666
Lebanon,2012,17.0996125
Lebanon,2013,16.929336666666668
Lebanon,2014,16.991179166666665
Lebanon,2015,16.849966666666667
Lebanon,2016,17.288156666666666
Lesotho,1901,11.980771666666667
Lesotho,1902,11.811354166666668
Lesotho,1903,11.844558333333334
Lesotho,1904,11.9235275
Lesotho,1905,11.8876525
Lesotho,1906,11.688179166666666
Lesotho,1907,11.527035
Lesotho,1908,11.730380833333333
Lesotho,1909,11.808300833333334
Lesotho,1910,11.510980000000002
Lesotho,1911,11.8136125
Lesotho,1912,12.211613333333332
Lesotho,1913,12.367365833333333
Lesotho,1914,12.477495
Lesotho,1915,12.210760833333334
Lesotho,1916,12.097395833333332
Lesotho,1917,11.593625833333334
Lesotho,1918,11.9814025
Lesotho,1919,12.343680833333332
Lesotho,1920,12.266459166666666
Lesotho,1921,11.762033333333333
Lesotho,1922,12.433956666666667
Lesotho,1923,12.560789999999999
Lesotho,1924,11.765766666666666
Lesotho,1925,12.265105
Lesotho,1926,12.388751666666666
Lesotho,1927,12.731703333333334
Lesotho,1928,12.359198333333334
Lesotho,1929,12.435018333333334
Lesotho,1930,12.204905000000002
Lesotho,1931,12.673791666666666
Lesotho,1932,12.958465833333333
Lesotho,1933,12.873580833333333
Lesotho,1934,12.908884166666667
Lesotho,1935,11.945242499999999
Lesotho,1936,12.326448333333332
Lesotho,1937,12.778474166666667
Lesotho,1938,12.782226666666666
Lesotho,1939,12.405459166666667
Lesotho,1940,13.003925833333334
Lesotho,1941,13.222236666666667
Lesotho,1942,12.780454166666667
Lesotho,1943,12.038671666666666
Lesotho,1944,12.894597500000001
Lesotho,1945,12.973269166666666
Lesotho,1946,13.143584166666665
Lesotho,1947,12.94891
Lesotho,1948,12.718560833333333
Lesotho,1949,13.031878333333333
Lesotho,1950,12.935151666666668
Lesotho,1951,12.469991666666667
Lesotho,1952,13.0705175
Lesotho,1953,12.605760833333333
Lesotho,1954,12.448816666666666
Lesotho,1955,11.894426666666666
Lesotho,1956,12.572202500000001
Lesotho,1957,12.902845
Lesotho,1958,13.0852875
Lesotho,1959,12.730155833333333
Lesotho,1960,12.829281666666667
Lesotho,1961,13.069852500000001
Lesotho,1962,13.11483
Lesotho,1963,12.665885833333334
Lesotho,1964,12.606230833333333
Lesotho,1965,12.809579999999999
Lesotho,1966,13.145186666666667
Lesotho,1967,12.601879166666668
Lesotho,1968,12.406050833333333
Lesotho,1969,13.209946666666667
Lesotho,1970,13.149745833333332
Lesotho,1971,12.760960833333334
Lesotho,1972,12.929740833333334
Lesotho,1973,12.855398333333333
Lesotho,1974,12.639165
Lesotho,1975,12.494798333333334
Lesotho,1976,12.358815833333333
Lesotho,1977,13.172965
Lesotho,1978,12.788145
Lesotho,1979,13.203313333333334
Lesotho,1980,13.052091666666668
Lesotho,1981,12.354133333333332
Lesotho,1982,13.122863333333333
Lesotho,1983,13.749121666666667
Lesotho,1984,13.32996
Lesotho,1985,13.667923333333334
Lesotho,1986,13.500377499999999
Lesotho,1987,13.505363333333333
Lesotho,1988,12.962491666666667
Lesotho,1989,12.82394
Lesotho,1990,13.079605833333334
Lesotho,1991,13.297139999999999
Lesotho,1992,13.870287499999998
Lesotho,1993,13.593976666666668
Lesotho,1994,12.708143333333332
Lesotho,1995,13.147205
Lesotho,1996,12.628458333333333
Lesotho,1997,12.887009166666667
Lesotho,1998,13.386835
Lesotho,1999,13.866771666666667
Lesotho,2000,12.786010833333334
Lesotho,2001,13.191601666666665
Lesotho,2002,13.2222725
Lesotho,2003,13.55785
Lesotho,2004,13.630698333333333
Lesotho,2005,13.8031225
Lesotho,2006,13.1611275
Lesotho,2007,13.575438333333333
Lesotho,2008,13.678669166666667
Lesotho,2009,13.457273333333333
Lesotho,2010,13.92568
Lesotho,2011,13.257307500000001
Lesotho,2012,13.525805833333331
Lesotho,2013,13.681540833333335
Lesotho,2014,13.774394166666667
Lesotho,2015,14.103011666666667
Lesotho,2016,14.4644225
Liberia,1901,26.112358333333333
Liberia,1902,25.928983333333335
Liberia,1903,25.763875
Liberia,1904,25.47068333333333
Liberia,1905,25.758983333333333
Liberia,1906,25.74206666666667
Liberia,1907,25.521016666666668
Liberia,1908,25.63768333333333
Liberia,1909,25.562091666666664
Liberia,1910,25.89485
Liberia,1911,25.596708333333336
Liberia,1912,26.068308333333334
Liberia,1913,25.704491666666666
Liberia,1914,25.664575
Liberia,1915,26.071325
Liberia,1916,25.774666666666665
Liberia,1917,25.689791666666665
Liberia,1918,25.49599166666667
Liberia,1919,25.294658333333334
Liberia,1920,25.40919166666667
Liberia,1921,25.305566666666667
Liberia,1922,25.436683333333335
Liberia,1923,25.568150000000003
Liberia,1924,25.18755833333333
Liberia,1925,25.144341666666666
Liberia,1926,25.478616666666667
Liberia,1927,24.86520833333333
Liberia,1928,24.669358333333335
Liberia,1929,24.64646666666667
Liberia,1930,24.72655
Liberia,1931,25.23175
Liberia,1932,25.1845
Liberia,1933,25.293925
Liberia,1934,25.312608333333333
Liberia,1935,25.146475
Liberia,1936,25.24213333333333
Liberia,1937,25.592808333333334
Liberia,1938,25.620666666666665
Liberia,1939,25.52179166666667
Liberia,1940,25.553016666666664
Liberia,1941,25.819166666666664
Liberia,1942,25.509108333333334
Liberia,1943,25.300083333333333
Liberia,1944,25.69581666666667
Liberia,1945,25.678875
Liberia,1946,25.431466666666665
Liberia,1947,25.432933333333335
Liberia,1948,25.20528333333333
Liberia,1949,25.443216666666668
Liberia,1950,25.237016666666666
Liberia,1951,25.344266666666666
Liberia,1952,25.380041666666667
Liberia,1953,25.459033333333334
Liberia,1954,25.130516666666665
Liberia,1955,25.192566666666664
Liberia,1956,25.07443333333333
Liberia,1957,25.3661
Liberia,1958,25.411725
Liberia,1959,25.25169166666667
Liberia,1960,25.375483333333335
Liberia,1961,25.21665833333333
Liberia,1962,25.227874999999997
Liberia,1963,25.454916666666666
Liberia,1964,25.138125000000002
Liberia,1965,24.970991666666666
Liberia,1966,25.32643333333333
Liberia,1967,25.137091666666667
Liberia,1968,25.308458333333334
Liberia,1969,25.587566666666664
Liberia,1970,25.470766666666666
Liberia,1971,24.769616666666664
Liberia,1972,25.139283333333335
Liberia,1973,25.54935
Liberia,1974,25.134675
Liberia,1975,24.949991666666666
Liberia,1976,24.751383333333333
Liberia,1977,25.274808333333336
Liberia,1978,25.0962
Liberia,1979,25.413916666666665
Liberia,1980,25.397433333333336
Liberia,1981,25.41655833333333
Liberia,1982,25.108858333333334
Liberia,1983,25.564275
Liberia,1984,25.39355
Liberia,1985,25.208141666666666
Liberia,1986,25.058833333333336
Liberia,1987,25.983249999999998
Liberia,1988,25.536366666666666
Liberia,1989,25.421791666666667
Liberia,1990,25.52593333333333
Liberia,1991,25.42335
Liberia,1992,25.300391666666666
Liberia,1993,25.384366666666665
Liberia,1994,25.299633333333333
Liberia,1995,25.537850000000002
Liberia,1996,25.57081666666667
Liberia,1997,25.606316666666668
Liberia,1998,26.12765
Liberia,1999,25.472133333333332
Liberia,2000,25.495383333333333
Liberia,2001,25.63485
Liberia,2002,25.83984166666667
Liberia,2003,25.840308333333336
Liberia,2004,25.899191666666667
Liberia,2005,25.98053333333333
Liberia,2006,25.84385
Liberia,2007,25.898566666666667
Liberia,2008,25.516208333333335
Liberia,2009,25.800625
Liberia,2010,26.173175
Liberia,2011,25.81126666666667
Liberia,2012,25.517533333333333
Liberia,2013,25.773725
Liberia,2014,25.716675
Liberia,2015,25.8991
Liberia,2016,26.173983333333336
Libya,1901,21.73035833333333
Libya,1902,21.5337
Libya,1903,21.205233333333336
Libya,1904,21.3959
Libya,1905,21.378491666666665
Libya,1906,21.659566666666667
Libya,1907,21.178533333333334
Libya,1908,21.424166666666665
Libya,1909,21.595299999999998
Libya,1910,21.237216666666665
Libya,1911,21.645666666666667
Libya,1912,21.72113333333333
Libya,1913,21.672791666666665
Libya,1914,21.371041666666667
Libya,1915,21.889391666666665
Libya,1916,22.417875
Libya,1917,21.923541666666665
Libya,1918,21.802875
Libya,1919,22.124566666666666
Libya,1920,21.743399999999998
Libya,1921,21.37863333333333
Libya,1922,22.107541666666666
Libya,1923,21.896541666666668
Libya,1924,22.299333333333333
Libya,1925,22.022941666666668
Libya,1926,22.236183333333333
Libya,1927,22.542424999999998
Libya,1928,22.429441666666666
Libya,1929,21.726341666666666
Libya,1930,22.289758333333335
Libya,1931,22.59535
Libya,1932,22.232266666666664
Libya,1933,22.109575000000003
Libya,1934,22.305166666666665
Libya,1935,22.246783333333337
Libya,1936,22.338341666666665
Libya,1937,22.427274999999998
Libya,1938,21.931241666666665
Libya,1939,22.257925
Libya,1940,21.808458333333334
Libya,1941,22.047516666666667
Libya,1942,22.189241666666664
Libya,1943,22.207683333333335
Libya,1944,21.832466666666665
Libya,1945,21.6831
Libya,1946,22.202475000000003
Libya,1947,22.762366666666665
Libya,1948,21.504908333333333
Libya,1949,21.35784166666667
Libya,1950,21.455233333333336
Libya,1951,22.09606666666667
Libya,1952,22.011433333333333
Libya,1953,21.667025
Libya,1954,21.48
Libya,1955,22.608125
Libya,1956,21.63885
Libya,1957,21.812483333333333
Libya,1958,22.156625000000002
Libya,1959,21.560675
Libya,1960,22.363166666666668
Libya,1961,21.392583333333334
Libya,1962,22.016508333333334
Libya,1963,22.286783333333332
Libya,1964,21.699849999999998
Libya,1965,21.672758333333334
Libya,1966,22.046533333333333
Libya,1967,21.490825
Libya,1968,21.94196666666667
Libya,1969,22.449575
Libya,1970,21.752983333333333
Libya,1971,21.625225
Libya,1972,22.041158333333332
Libya,1973,21.585250000000002
Libya,1974,21.69010833333333
Libya,1975,21.620175
Libya,1976,21.612725
Libya,1977,21.90425833333333
Libya,1978,21.873891666666665
Libya,1979,22.325066666666668
Libya,1980,21.90433333333333
Libya,1981,22.01588083333333
Libya,1982,22.111324999999997
Libya,1983,21.713016666666665
Libya,1984,21.929483333333334
Libya,1985,22.107783333333334
Libya,1986,21.959791666666664
Libya,1987,22.15165
Libya,1988,22.516683333333333
Libya,1989,22.07795
Libya,1990,22.381200000000003
Libya,1991,22.087041666666664
Libya,1992,21.735275
Libya,1993,22.373708333333337
Libya,1994,22.381033333333335
Libya,1995,22.476725000000002
Libya,1996,22.5007
Libya,1997,22.496783333333337
Libya,1998,22.862008333333335
Libya,1999,23.198141666666668
Libya,2000,22.402358333333336
Libya,2001,23.036291666666667
Libya,2002,22.939925000000002
Libya,2003,22.916141666666665
Libya,2004,22.872341666666667
Libya,2005,22.85814166666667
Libya,2006,22.790899999999997
Libya,2007,22.9075
Libya,2008,23.03203333333333
Libya,2009,23.002366666666664
Libya,2010,24.068908333333336
Libya,2011,22.713725
Libya,2012,22.945508333333333
Libya,2013,22.9661
Libya,2014,23.231383333333337
Libya,2015,22.874866666666666
Libya,2016,23.331275
Liechtenstein,1901,1.6342541666666666
Liechtenstein,1902,1.9373375
Liechtenstein,1903,2.1257116666666667
Liechtenstein,1904,2.6968674999999998
Liechtenstein,1905,1.9317208333333333
Liechtenstein,1906,2.041195833333333
Liechtenstein,1907,2.0085333333333333
Liechtenstein,1908,1.7210108333333334
Liechtenstein,1909,1.4441383333333333
Liechtenstein,1910,2.0878108333333336
Liechtenstein,1911,2.889444166666667
Liechtenstein,1912,1.9335075000000002
Liechtenstein,1913,2.3086808333333333
Liechtenstein,1914,2.0783358333333335
Liechtenstein,1915,1.9676191666666665
Liechtenstein,1916,2.40387
Liechtenstein,1917,1.5037341666666666
Liechtenstein,1918,2.3629149999999997
Liechtenstein,1919,1.6229450000000003
Liechtenstein,1920,2.9920533333333332
Liechtenstein,1921,3.162035
Liechtenstein,1922,1.6709558333333334
Liechtenstein,1923,2.5700583333333333
Liechtenstein,1924,1.9683950000000001
Liechtenstein,1925,2.0793466666666665
Liechtenstein,1926,2.8088758333333335
Liechtenstein,1927,2.61713
Liechtenstein,1928,2.930078333333334
Liechtenstein,1929,2.1595816666666665
Liechtenstein,1930,2.8761691666666667
Liechtenstein,1931,1.6420433333333335
Liechtenstein,1932,2.2793683333333328
Liechtenstein,1933,1.6938325
Liechtenstein,1934,3.1257858333333335
Liechtenstein,1935,2.2418549999999997
Liechtenstein,1936,2.4779875
Liechtenstein,1937,2.716130833333333
Liechtenstein,1938,2.397804166666667
Liechtenstein,1939,2.1648758333333333
Liechtenstein,1940,1.2806125
Liechtenstein,1941,1.5663041666666668
Liechtenstein,1942,2.244045
Liechtenstein,1943,3.3418375000000005
Liechtenstein,1944,2.0524075
Liechtenstein,1945,3.015905
Liechtenstein,1946,2.7990891666666666
Liechtenstein,1947,3.3425066666666665
Liechtenstein,1948,3.183711666666667
Liechtenstein,1949,3.3313775
Liechtenstein,1950,3.1439033333333337
Liechtenstein,1951,2.947703333333333
Liechtenstein,1952,2.3562658333333335
Liechtenstein,1953,2.986971666666667
Liechtenstein,1954,1.937270833333333
Liechtenstein,1955,2.1078875
Liechtenstein,1956,1.4042658333333333
Liechtenstein,1957,2.761941666666667
Liechtenstein,1958,2.7484966666666666
Liechtenstein,1959,3.318175
Liechtenstein,1960,2.5102583333333333
Liechtenstein,1961,3.5221008333333335
Liechtenstein,1962,1.7954608333333333
Liechtenstein,1963,1.8625975000000004
Liechtenstein,1964,2.7759225
Liechtenstein,1965,1.7426858333333335
Liechtenstein,1966,2.6837033333333333
Liechtenstein,1967,2.7769049999999997
Liechtenstein,1968,2.3839900000000003
Liechtenstein,1969,2.185965
Liechtenstein,1970,2.0554925
Liechtenstein,1971,2.598133333333333
Liechtenstein,1972,2.3495183333333336
Liechtenstein,1973,2.2947
Liechtenstein,1974,2.8040783333333335
Liechtenstein,1975,2.856834166666667
Liechtenstein,1976,2.541749166666667
Liechtenstein,1977,2.778379166666667
Liechtenstein,1978,1.9761300000000002
Liechtenstein,1979,2.3987183333333335
Liechtenstein,1980,1.894565833333333
Liechtenstein,1981,2.4375983333333333
Liechtenstein,1982,3.2279858333333333
Liechtenstein,1983,3.2925166666666663
Liechtenstein,1984,2.1932725
Liechtenstein,1985,2.3204941666666667
Liechtenstein,1986,2.6801083333333335
Liechtenstein,1987,2.4894075
Liechtenstein,1988,3.3112383333333337
Liechtenstein,1989,3.5851433333333333
Liechtenstein,1990,3.6067183333333332
Liechtenstein,1991,2.835155
Liechtenstein,1992,3.607091666666667
Liechtenstein,1993,3.121139166666667
Liechtenstein,1994,4.238400833333333
Liechtenstein,1995,3.0939
Liechtenstein,1996,2.4344275
Liechtenstein,1997,3.6662891666666666
Liechtenstein,1998,3.4060666666666664
Liechtenstein,1999,3.2951916666666663
Liechtenstein,2000,3.9332558333333334
Liechtenstein,2001,3.265849166666667
Liechtenstein,2002,3.96461
Liechtenstein,2003,3.813336666666667
Liechtenstein,2004,3.1652458333333335
Liechtenstein,2005,2.8946891666666663
Liechtenstein,2006,3.7293033333333336
Liechtenstein,2007,3.86031
Liechtenstein,2008,3.5057058333333333
Liechtenstein,2009,3.5769758333333335
Liechtenstein,2010,2.4877516666666666
Liechtenstein,2011,4.353485833333333
Liechtenstein,2012,3.706386666666667
Liechtenstein,2013,3.285785
Liechtenstein,2014,4.49515
Liechtenstein,2015,4.564768333333333
Liechtenstein,2016,3.9833
Lithuania,1901,6.615140833333332
Lithuania,1902,4.621701666666667
Lithuania,1903,7.106505833333333
Lithuania,1904,5.560341666666666
Lithuania,1905,6.37415
Lithuania,1906,6.9552625
Lithuania,1907,5.266231666666667
Lithuania,1908,5.723873333333334
Lithuania,1909,5.508790833333333
Lithuania,1910,7.393175833333333
Lithuania,1911,6.623382500000001
Lithuania,1912,5.594449166666667
Lithuania,1913,7.088439166666666
Lithuania,1914,7.077365
Lithuania,1915,5.4682258333333325
Lithuania,1916,6.319274166666667
Lithuania,1917,5.4475825
Lithuania,1918,6.484195833333334
Lithuania,1919,5.534483333333333
Lithuania,1920,6.919644166666667
Lithuania,1921,6.7851125
Lithuania,1922,5.265774166666667
Lithuania,1923,5.83032
Lithuania,1924,5.629244166666666
Lithuania,1925,7.074840000000001
Lithuania,1926,6.359239166666668
Lithuania,1927,5.826963333333334
Lithuania,1928,5.748615833333333
Lithuania,1929,5.0375000000000005
Lithuania,1930,7.024081666666667
Lithuania,1931,5.443103333333333
Lithuania,1932,6.849084166666667
Lithuania,1933,5.1396025
Lithuania,1934,8.042740833333333
Lithuania,1935,6.407509166666667
Lithuania,1936,7.299636666666667
Lithuania,1937,7.0804575000000005
Lithuania,1938,7.574763333333333
Lithuania,1939,7.092024166666666
Lithuania,1940,4.346148333333333
Lithuania,1941,4.130415
Lithuania,1942,4.17058
Lithuania,1943,7.016315
Lithuania,1944,6.907373333333333
Lithuania,1945,6.044641666666666
Lithuania,1946,6.149501666666667
Lithuania,1947,5.471724166666667
Lithuania,1948,6.985066666666666
Lithuania,1949,7.730698333333333
Lithuania,1950,6.538665833333334
Lithuania,1951,6.516873333333333
Lithuania,1952,5.6009475
Lithuania,1953,6.565202500000001
Lithuania,1954,5.828853333333334
Lithuania,1955,5.85517
Lithuania,1956,4.694419166666667
Lithuania,1957,6.969043333333333
Lithuania,1958,6.0218625
Lithuania,1959,7.0423800000000005
Lithuania,1960,6.25382
Lithuania,1961,7.283359999999999
Lithuania,1962,5.6436225
Lithuania,1963,5.476821666666667
Lithuania,1964,6.009928333333334
Lithuania,1965,5.2626225
Lithuania,1966,6.006640833333333
Lithuania,1967,6.884286666666667
Lithuania,1968,5.9584624999999996
Lithuania,1969,4.853899166666667
Lithuania,1970,5.474116666666666
Lithuania,1971,6.747755833333333
Lithuania,1972,6.856025
Lithuania,1973,6.6610933333333335
Lithuania,1974,6.964890833333333
Lithuania,1975,8.028976666666667
Lithuania,1976,5.138694166666667
Lithuania,1977,6.098095
Lithuania,1978,5.4085600000000005
Lithuania,1979,5.728859166666666
Lithuania,1980,5.1879325
Lithuania,1981,6.412775833333334
Lithuania,1982,6.754086666666667
Lithuania,1983,7.577710833333334
Lithuania,1984,6.742734166666668
Lithuania,1985,4.956546666666667
Lithuania,1986,6.105289166666666
Lithuania,1987,4.684831666666667
Lithuania,1988,6.760013333333333
Lithuania,1989,8.243434166666667
Lithuania,1990,7.988204166666667
Lithuania,1991,7.158519166666667
Lithuania,1992,7.556584166666667
Lithuania,1993,6.416595
Lithuania,1994,6.907822500000001
Lithuania,1995,7.080841666666667
Lithuania,1996,5.598332500000001
Lithuania,1997,6.81497
Lithuania,1998,6.728209166666667
Lithuania,1999,7.785445833333333
Lithuania,2000,8.164232499999999
Lithuania,2001,7.133449166666668
Lithuania,2002,7.8137125
Lithuania,2003,6.900132500000001
Lithuania,2004,6.947184166666666
Lithuania,2005,6.819021666666667
Lithuania,2006,7.417224166666666
Lithuania,2007,7.870829166666667
Lithuania,2008,8.251535
Lithuania,2009,7.189378333333334
Lithuania,2010,6.394191666666667
Lithuania,2011,7.726671666666667
Lithuania,2012,6.857411666666667
Lithuania,2013,7.591351666666667
Lithuania,2014,7.922555
Lithuania,2015,8.4849475
Lithuania,2016,7.759751666666666
Luxembourg,1901,8.174985833333333
Luxembourg,1902,7.926163333333334
Luxembourg,1903,8.687066666666666
Luxembourg,1904,8.7687825
Luxembourg,1905,8.362121666666667
Luxembourg,1906,8.803201666666666
Luxembourg,1907,8.519339166666667
Luxembourg,1908,8.171695
Luxembourg,1909,8.049501666666666
Luxembourg,1910,9.041460833333334
Luxembourg,1911,9.859580833333334
Luxembourg,1912,8.939494166666668
Luxembourg,1913,9.393086666666667
Luxembourg,1914,9.202578333333333
Luxembourg,1915,8.81202
Luxembourg,1916,9.176113333333333
Luxembourg,1917,8.1351375
Luxembourg,1918,9.271050833333334
Luxembourg,1919,8.232093333333333
Luxembourg,1920,9.376686666666666
Luxembourg,1921,9.946929166666667
Luxembourg,1922,8.255628333333332
Luxembourg,1923,8.9857425
Luxembourg,1924,8.566148333333333
Luxembourg,1925,8.957853333333334
Luxembourg,1926,9.397265833333334
Luxembourg,1927,8.793065
Luxembourg,1928,9.263290833333333
Luxembourg,1929,8.455044166666667
Luxembourg,1930,9.457811666666666
Luxembourg,1931,8.415905
Luxembourg,1932,8.985489166666666
Luxembourg,1933,8.677299166666666
Luxembourg,1934,9.864805
Luxembourg,1935,9.198849166666667
Luxembourg,1936,9.078879166666667
Luxembourg,1937,9.340498333333334
Luxembourg,1938,9.2519775
Luxembourg,1939,9.138909166666666
Luxembourg,1940,7.929600833333333
Luxembourg,1941,8.319485
Luxembourg,1942,8.299196666666667
Luxembourg,1943,9.585511666666667
Luxembourg,1944,8.9372825
Luxembourg,1945,9.735959166666666
Luxembourg,1946,9.043890833333334
Luxembourg,1947,9.811929166666667
Luxembourg,1948,9.768641666666666
Luxembourg,1949,10.0370775
Luxembourg,1950,9.31822
Luxembourg,1951,9.091181666666666
Luxembourg,1952,8.679495000000001
Luxembourg,1953,9.1926525
Luxembourg,1954,8.372806666666667
Luxembourg,1955,8.2588575
Luxembourg,1956,7.748365
Luxembourg,1957,9.204385
Luxembourg,1958,8.824539166666666
Luxembourg,1959,9.774455833333333
Luxembourg,1960,9.063725833333333
Luxembourg,1961,9.545286666666668
Luxembourg,1962,7.739249166666666
Luxembourg,1963,7.5210066666666675
Luxembourg,1964,8.864993333333333
Luxembourg,1965,8.135283333333334
Luxembourg,1966,9.071464166666667
Luxembourg,1967,9.162948333333334
Luxembourg,1968,8.521711666666667
Luxembourg,1969,8.616724166666666
Luxembourg,1970,8.575326666666667
Luxembourg,1971,8.974776666666667
Luxembourg,1972,8.476591666666666
Luxembourg,1973,8.906570833333333
Luxembourg,1974,9.320253333333334
Luxembourg,1975,9.261113333333332
Luxembourg,1976,9.514375833333334
Luxembourg,1977,9.187700833333333
Luxembourg,1978,8.313591666666666
Luxembourg,1979,8.4311475
Luxembourg,1980,8.369603333333334
Luxembourg,1981,8.814276666666666
Luxembourg,1982,9.5004525
Luxembourg,1983,9.510091666666666
Luxembourg,1984,8.70219
Luxembourg,1985,8.0175275
Luxembourg,1986,8.449735
Luxembourg,1987,8.263098333333334
Luxembourg,1988,9.6665725
Luxembourg,1989,10.027630833333333
Luxembourg,1990,10.121628333333334
Luxembourg,1991,9.0835575
Luxembourg,1992,9.849883333333333
Luxembourg,1993,9.253815
Luxembourg,1994,10.426607500000001
Luxembourg,1995,9.928893333333333
Luxembourg,1996,8.244213333333333
Luxembourg,1997,9.746856666666666
Luxembourg,1998,9.6607525
Luxembourg,1999,10.230009166666667
Luxembourg,2000,10.4413575
Luxembourg,2001,9.915734166666667
Luxembourg,2002,10.330673333333333
Luxembourg,2003,10.203475833333334
Luxembourg,2004,9.696259166666666
Luxembourg,2005,9.9701225
Luxembourg,2006,10.312495
Luxembourg,2007,10.4649775
Luxembourg,2008,9.932311666666667
Luxembourg,2009,10.052731666666666
Luxembourg,2010,8.782548333333333
Luxembourg,2011,10.614869166666667
Luxembourg,2012,9.867218333333334
Luxembourg,2013,9.352689166666666
Luxembourg,2014,11.125817499999998
Luxembourg,2015,10.558874166666667
Luxembourg,2016,10.195718333333334
Macedonia,1901,9.504340833333334
Macedonia,1902,9.350320833333333
Macedonia,1903,9.898920833333333
Macedonia,1904,9.792025
Macedonia,1905,9.626648333333334
Macedonia,1906,9.621099166666667
Macedonia,1907,9.3700075
Macedonia,1908,9.119884166666667
Macedonia,1909,9.6112675
Macedonia,1910,10.063924166666666
Macedonia,1911,9.819349166666667
Macedonia,1912,9.261813333333334
Macedonia,1913,9.348514166666666
Macedonia,1914,9.090519166666667
Macedonia,1915,9.974685833333334
Macedonia,1916,10.527228333333333
Macedonia,1917,9.731846666666668
Macedonia,1918,9.697096666666667
Macedonia,1919,9.6756075
Macedonia,1920,9.6570975
Macedonia,1921,9.675514999999999
Macedonia,1922,9.5471475
Macedonia,1923,10.655186666666667
Macedonia,1924,9.445770833333333
Macedonia,1925,9.984578333333333
Macedonia,1926,10.540178333333333
Macedonia,1927,10.760829166666667
Macedonia,1928,10.067951666666666
Macedonia,1929,9.305980833333333
Macedonia,1930,10.455429166666667
Macedonia,1931,9.7618275
Macedonia,1932,9.63451
Macedonia,1933,8.679163333333333
Macedonia,1934,10.639868333333334
Macedonia,1935,9.926445
Macedonia,1936,10.2584575
Macedonia,1937,10.554706666666666
Macedonia,1938,9.959824166666667
Macedonia,1939,10.1121025
Macedonia,1940,8.650135833333334
Macedonia,1941,9.254729166666666
Macedonia,1942,9.305984166666667
Macedonia,1943,10.010191666666666
Macedonia,1944,9.681587500000001
Macedonia,1945,10.029658333333334
Macedonia,1946,10.578868333333334
Macedonia,1947,10.492926666666667
Macedonia,1948,9.720116666666668
Macedonia,1949,9.612453333333333
Macedonia,1950,10.823845
Macedonia,1951,10.759775
Macedonia,1952,10.838490833333333
Macedonia,1953,9.486089166666666
Macedonia,1954,9.378244166666667
Macedonia,1955,10.158135
Macedonia,1956,9.1706325
Macedonia,1957,10.077485833333332
Macedonia,1958,10.2943425
Macedonia,1959,9.393071666666666
Macedonia,1960,10.334589166666666
Macedonia,1961,10.308183333333334
Macedonia,1962,10.026399166666666
Macedonia,1963,10.005323333333333
Macedonia,1964,9.598614166666666
Macedonia,1965,9.483158333333334
Macedonia,1966,10.521976666666667
Macedonia,1967,9.734725833333334
Macedonia,1968,9.971394166666666
Macedonia,1969,9.644290833333333
Macedonia,1970,9.837291666666667
Macedonia,1971,9.650474166666667
Macedonia,1972,9.775289166666667
Macedonia,1973,9.51252
Macedonia,1974,9.58434
Macedonia,1975,9.636026666666668
Macedonia,1976,8.986750833333334
Macedonia,1977,10.185163333333334
Macedonia,1978,9.2723725
Macedonia,1979,10.0845225
Macedonia,1980,9.16699
Macedonia,1981,9.708974166666666
Macedonia,1982,9.889624166666666
Macedonia,1983,9.603305833333334
Macedonia,1984,9.47397
Macedonia,1985,9.630059166666667
Macedonia,1986,9.918798333333333
Macedonia,1987,9.817908333333333
Macedonia,1988,10.13783
Macedonia,1989,9.809184166666666
Macedonia,1990,10.527654166666666
Macedonia,1991,9.379994166666668
Macedonia,1992,9.9583775
Macedonia,1993,9.906214166666667
Macedonia,1994,10.943363333333332
Macedonia,1995,9.845455833333334
Macedonia,1996,9.538762499999999
Macedonia,1997,9.699399999999999
Macedonia,1998,10.3481425
Macedonia,1999,10.725881666666666
Macedonia,2000,10.954956666666666
Macedonia,2001,10.7362375
Macedonia,2002,10.791731666666665
Macedonia,2003,10.344349166666666
Macedonia,2004,10.3124175
Macedonia,2005,9.82969
Macedonia,2006,10.083269166666666
Macedonia,2007,10.975455833333333
Macedonia,2008,11.048820833333332
Macedonia,2009,10.884950833333333
Macedonia,2010,10.944390833333335
Macedonia,2011,10.374133333333333
Macedonia,2012,11.129330000000001
Macedonia,2013,11.234595833333332
Macedonia,2014,11.190295833333332
Macedonia,2015,11.066965833333333
Macedonia,2016,11.205188333333334
Madagascar,1901,22.667108333333335
Madagascar,1902,23.13286666666667
Madagascar,1903,22.78633333333333
Madagascar,1904,22.730641666666667
Madagascar,1905,22.830658333333332
Madagascar,1906,22.870291666666663
Madagascar,1907,22.76178333333333
Madagascar,1908,23.14465
Madagascar,1909,22.819983333333337
Madagascar,1910,22.58565
Madagascar,1911,22.620616666666667
Madagascar,1912,23.368133333333333
Madagascar,1913,22.8907
Madagascar,1914,23.0656
Madagascar,1915,23.079025
Madagascar,1916,22.485116666666666
Madagascar,1917,22.356949999999998
Madagascar,1918,22.680291666666665
Madagascar,1919,22.94689166666667
Madagascar,1920,22.64316666666667
Madagascar,1921,22.566858333333332
Madagascar,1922,22.286649999999998
Madagascar,1923,23.244249999999997
Madagascar,1924,22.984658333333332
Madagascar,1925,22.897683333333333
Madagascar,1926,23.768383333333333
Madagascar,1927,22.965708333333335
Madagascar,1928,23.148266666666668
Madagascar,1929,23.241733333333332
Madagascar,1930,22.72628333333333
Madagascar,1931,22.489616666666667
Madagascar,1932,22.450008333333333
Madagascar,1933,22.447166666666664
Madagascar,1934,22.27424166666667
Madagascar,1935,22.541375000000002
Madagascar,1936,22.750266666666665
Madagascar,1937,22.801616666666664
Madagascar,1938,22.84819166666667
Madagascar,1939,22.789841666666664
Madagascar,1940,22.304066666666667
Madagascar,1941,22.572233333333333
Madagascar,1942,22.408358333333336
Madagascar,1943,21.96944166666667
Madagascar,1944,22.403883333333336
Madagascar,1945,22.346408333333333
Madagascar,1946,22.375366666666665
Madagascar,1947,22.439766666666667
Madagascar,1948,22.51308333333333
Madagascar,1949,22.43450833333333
Madagascar,1950,22.06271666666667
Madagascar,1951,21.907683333333335
Madagascar,1952,22.105491666666666
Madagascar,1953,22.052875
Madagascar,1954,22.106333333333335
Madagascar,1955,21.93795
Madagascar,1956,21.888133333333332
Madagascar,1957,22.053175
Madagascar,1958,22.176358333333337
Madagascar,1959,21.957616666666667
Madagascar,1960,21.909858333333332
Madagascar,1961,22.733341666666664
Madagascar,1962,22.148841666666666
Madagascar,1963,21.86153333333333
Madagascar,1964,21.777983333333335
Madagascar,1965,21.641941666666668
Madagascar,1966,22.23646666666667
Madagascar,1967,22.479716666666665
Madagascar,1968,21.801208333333335
Madagascar,1969,22.629416666666668
Madagascar,1970,22.300916666666666
Madagascar,1971,21.764141666666664
Madagascar,1972,21.98936666666667
Madagascar,1973,22.028883333333336
Madagascar,1974,21.70204166666667
Madagascar,1975,21.694108333333332
Madagascar,1976,22.000424999999996
Madagascar,1977,22.293083333333332
Madagascar,1978,22.276116666666667
Madagascar,1979,22.14388333333333
Madagascar,1980,22.193766666666665
Madagascar,1981,22.103408333333334
Madagascar,1982,22.155124999999998
Madagascar,1983,22.46580833333333
Madagascar,1984,21.870225
Madagascar,1985,22.042
Madagascar,1986,21.95575
Madagascar,1987,22.43948333333333
Madagascar,1988,22.396508333333333
Madagascar,1989,22.092183333333335
Madagascar,1990,22.1429
Madagascar,1991,22.329283333333333
Madagascar,1992,22.45090833333333
Madagascar,1993,22.287541666666666
Madagascar,1994,22.608708333333336
Madagascar,1995,22.463216666666668
Madagascar,1996,22.33375
Madagascar,1997,22.561049999999998
Madagascar,1998,22.797458333333335
Madagascar,1999,22.350041666666666
Madagascar,2000,22.526366666666664
Madagascar,2001,22.623724999999997
Madagascar,2002,22.568183333333334
Madagascar,2003,22.7012
Madagascar,2004,22.456999999999997
Madagascar,2005,22.716016666666665
Madagascar,2006,22.702316666666665
Madagascar,2007,22.838333333333335
Madagascar,2008,22.491633333333336
Madagascar,2009,22.819683333333334
Madagascar,2010,23.13893333333333
Madagascar,2011,22.942508333333333
Madagascar,2012,22.77678333333333
Madagascar,2013,22.710866666666664
Madagascar,2014,22.907583333333335
Madagascar,2015,23.003741666666667
Madagascar,2016,22.665241666666663
Malawi,1901,21.530333333333335
Malawi,1902,22.016333333333336
Malawi,1903,22.07228333333333
Malawi,1904,21.228133333333336
Malawi,1905,21.949375
Malawi,1906,21.355633333333333
Malawi,1907,21.207775
Malawi,1908,21.797216666666667
Malawi,1909,21.556416666666667
Malawi,1910,21.117708333333333
Malawi,1911,21.205908333333333
Malawi,1912,21.831833333333332
Malawi,1913,22.00701666666667
Malawi,1914,22.605575
Malawi,1915,22.317766666666667
Malawi,1916,22.196066666666667
Malawi,1917,22.00214166666667
Malawi,1918,21.119541666666667
Malawi,1919,21.368883333333333
Malawi,1920,22.22236666666667
Malawi,1921,21.925383333333333
Malawi,1922,22.70029166666667
Malawi,1923,22.167333333333332
Malawi,1924,21.933475
Malawi,1925,21.64740833333333
Malawi,1926,22.045925
Malawi,1927,21.687983333333335
Malawi,1928,22.221116666666664
Malawi,1929,21.98705
Malawi,1930,21.489
Malawi,1931,22.319366666666667
Malawi,1932,21.70189166666667
Malawi,1933,21.610991666666667
Malawi,1934,21.82104166666667
Malawi,1935,21.428075000000003
Malawi,1936,21.630958333333336
Malawi,1937,21.719533333333334
Malawi,1938,21.94611666666667
Malawi,1939,21.4909
Malawi,1940,21.84335833333333
Malawi,1941,22.248175
Malawi,1942,22.184325
Malawi,1943,21.76579166666667
Malawi,1944,22.004933333333337
Malawi,1945,21.615191666666664
Malawi,1946,21.725099999999998
Malawi,1947,21.897900000000003
Malawi,1948,22.0007
Malawi,1949,22.378416666666666
Malawi,1950,21.582216666666667
Malawi,1951,21.852333333333334
Malawi,1952,21.94395833333333
Malawi,1953,21.8788
Malawi,1954,21.909391666666668
Malawi,1955,21.744208333333333
Malawi,1956,21.46511666666667
Malawi,1957,22.131066666666666
Malawi,1958,22.165291666666665
Malawi,1959,22.151983333333334
Malawi,1960,21.90115833333333
Malawi,1961,21.947408333333332
Malawi,1962,21.59890833333333
Malawi,1963,21.278241666666666
Malawi,1964,21.477216666666667
Malawi,1965,21.194741666666665
Malawi,1966,21.947125
Malawi,1967,21.814400000000003
Malawi,1968,21.6006
Malawi,1969,22.076825
Malawi,1970,22.034683333333334
Malawi,1971,21.593825
Malawi,1972,21.778258333333337
Malawi,1973,21.939449999999997
Malawi,1974,21.28741666666667
Malawi,1975,21.613625
Malawi,1976,21.62601666666667
Malawi,1977,22.148791666666668
Malawi,1978,21.78215
Malawi,1979,21.865958333333335
Malawi,1980,21.81365
Malawi,1981,21.702391666666667
Malawi,1982,21.80180833333333
Malawi,1983,22.806508333333337
Malawi,1984,21.964775
Malawi,1985,21.620225
Malawi,1986,21.721283333333332
Malawi,1987,22.617883333333335
Malawi,1988,22.212391666666665
Malawi,1989,21.813675
Malawi,1990,22.347616666666667
Malawi,1991,22.05689166666667
Malawi,1992,22.580133333333333
Malawi,1993,22.29165
Malawi,1994,22.366633333333336
Malawi,1995,22.728075
Malawi,1996,22.318491666666663
Malawi,1997,22.389975000000003
Malawi,1998,22.739933333333337
Malawi,1999,22.178325
Malawi,2000,22.113333333333333
Malawi,2001,22.45085
Malawi,2002,22.531533333333332
Malawi,2003,22.665633333333332
Malawi,2004,22.42118333333333
Malawi,2005,23.14285
Malawi,2006,22.53470833333333
Malawi,2007,22.599841666666666
Malawi,2008,22.284583333333334
Malawi,2009,22.502075
Malawi,2010,22.991033333333334
Malawi,2011,22.368958333333335
Malawi,2012,22.193025000000002
Malawi,2013,22.353716666666667
Malawi,2014,22.427899999999998
Malawi,2015,22.805666666666667
Malawi,2016,22.668674999999997
Malaysia,1901,25.18303333333333
Malaysia,1902,25.073025
Malaysia,1903,24.828166666666664
Malaysia,1904,24.538208333333333
Malaysia,1905,25.098275
Malaysia,1906,25.1926
Malaysia,1907,24.662449999999996
Malaysia,1908,24.80373333333333
Malaysia,1909,24.809033333333332
Malaysia,1910,24.716908333333333
Malaysia,1911,25.360183333333335
Malaysia,1912,25.551875
Malaysia,1913,25.396041666666665
Malaysia,1914,25.684516666666667
Malaysia,1915,25.670533333333335
Malaysia,1916,25.208275
Malaysia,1917,25.009600000000002
Malaysia,1918,24.80195
Malaysia,1919,25.54681666666667
Malaysia,1920,25.408733333333334
Malaysia,1921,25.157116666666667
Malaysia,1922,25.267016666666667
Malaysia,1923,25.152691666666666
Malaysia,1924,25.201183333333333
Malaysia,1925,25.139191666666665
Malaysia,1926,25.451908333333336
Malaysia,1927,25.358733333333333
Malaysia,1928,25.389233333333333
Malaysia,1929,25.04425833333333
Malaysia,1930,25.478233333333332
Malaysia,1931,25.738575
Malaysia,1932,25.181116666666668
Malaysia,1933,25.27071666666667
Malaysia,1934,25.026025
Malaysia,1935,25.415108333333333
Malaysia,1936,25.432675
Malaysia,1937,25.47820833333333
Malaysia,1938,25.346875
Malaysia,1939,25.281225000000003
Malaysia,1940,25.467208333333332
Malaysia,1941,26.020366666666664
Malaysia,1942,25.187258333333332
Malaysia,1943,24.880391666666668
Malaysia,1944,25.10585
Malaysia,1945,25.140050000000002
Malaysia,1946,25.375758333333334
Malaysia,1947,25.56873333333333
Malaysia,1948,25.458708333333334
Malaysia,1949,25.298383333333334
Malaysia,1950,25.416358333333335
Malaysia,1951,25.339416666666665
Malaysia,1952,25.317758333333334
Malaysia,1953,25.405925
Malaysia,1954,25.22044166666667
Malaysia,1955,25.122408333333336
Malaysia,1956,24.963275
Malaysia,1957,25.355183333333333
Malaysia,1958,25.527116666666668
Malaysia,1959,25.268925
Malaysia,1960,25.33028333333333
Malaysia,1961,25.043058333333335
Malaysia,1962,24.9355
Malaysia,1963,24.99383333333333
Malaysia,1964,25.010166666666667
Malaysia,1965,24.878600000000002
Malaysia,1966,25.16848333333333
Malaysia,1967,24.912883333333337
Malaysia,1968,24.956083333333336
Malaysia,1969,25.187983333333335
Malaysia,1970,25.096341666666664
Malaysia,1971,24.96195833333333
Malaysia,1972,25.347174999999996
Malaysia,1973,25.42925
Malaysia,1974,25.03333333333333
Malaysia,1975,25.024358333333335
Malaysia,1976,24.817999999999998
Malaysia,1977,25.072233333333333
Malaysia,1978,25.212008333333333
Malaysia,1979,25.305891666666668
Malaysia,1980,25.26631666666667
Malaysia,1981,25.408075
Malaysia,1982,25.410508333333336
Malaysia,1983,25.7302
Malaysia,1984,25.01301666666667
Malaysia,1985,25.22060833333333
Malaysia,1986,25.303250000000002
Malaysia,1987,25.644941666666668
Malaysia,1988,25.502775
Malaysia,1989,25.295791666666663
Malaysia,1990,25.649075
Malaysia,1991,25.662591666666668
Malaysia,1992,25.576933333333333
Malaysia,1993,25.483641666666667
Malaysia,1994,25.562591666666666
Malaysia,1995,25.604966666666666
Malaysia,1996,25.520433333333333
Malaysia,1997,25.8417
Malaysia,1998,26.237399999999997
Malaysia,1999,25.59828333333333
Malaysia,2000,25.720983333333333
Malaysia,2001,25.845650000000003
Malaysia,2002,26.039558333333332
Malaysia,2003,25.8439
Malaysia,2004,25.7775
Malaysia,2005,25.838216666666668
Malaysia,2006,25.698466666666665
Malaysia,2007,25.632025
Malaysia,2008,25.449416666666668
Malaysia,2009,25.750941666666666
Malaysia,2010,25.882141666666666
Malaysia,2011,25.669275
Malaysia,2012,25.842074999999998
Malaysia,2013,25.952783333333333
Malaysia,2014,25.83706666666667
Malaysia,2015,26.073241666666664
Malaysia,2016,26.375333333333334
Maldives,1901,27.508333333333336
Maldives,1902,27.474999999999998
Maldives,1903,27.45
Maldives,1904,26.900000000000002
Maldives,1905,27.308333333333334
Maldives,1906,27.425
Maldives,1907,27.075
Maldives,1908,27.09166666666667
Maldives,1909,27.075
Maldives,1910,27.258333333333336
Maldives,1911,27.825
Maldives,1912,27.575
Maldives,1913,27.416666666666668
Maldives,1914,27.675
Maldives,1915,27.733333333333334
Maldives,1916,27.308333333333334
Maldives,1917,27.099999999999998
Maldives,1918,27.275000000000002
Maldives,1919,27.558333333333334
Maldives,1920,27.266666666666666
Maldives,1921,27.441666666666666
Maldives,1922,27.141666666666666
Maldives,1923,26.974999999999998
Maldives,1924,27.191666666666666
Maldives,1925,27.108333333333334
Maldives,1926,27.541666666666668
Maldives,1927,27.266666666666666
Maldives,1928,27.541666666666668
Maldives,1929,27.241666666666664
Maldives,1930,27.40833333333333
Maldives,1931,27.516666666666666
Maldives,1932,27.125
Maldives,1933,26.933333333333334
Maldives,1934,27.083333333333332
Maldives,1935,27.21666666666667
Maldives,1936,27.308333333333334
Maldives,1937,27.541666666666668
Maldives,1938,27.391666666666666
Maldives,1939,27.349999999999998
Maldives,1940,27.491666666666664
Maldives,1941,27.741666666666664
Maldives,1942,27.349999999999998
Maldives,1943,27.016666666666666
Maldives,1944,27.224999999999998
Maldives,1945,27.40833333333333
Maldives,1946,27.316666666666666
Maldives,1947,27.275000000000002
Maldives,1948,27.46666666666667
Maldives,1949,27.2
Maldives,1950,27.175
Maldives,1951,27.3
Maldives,1952,27.46666666666667
Maldives,1953,27.46666666666667
Maldives,1954,27.258333333333336
Maldives,1955,27.166666666666668
Maldives,1956,27.108333333333334
Maldives,1957,27.575000000000003
Maldives,1958,27.758333333333336
Maldives,1959,27.741666666666664
Maldives,1960,27.333333333333332
Maldives,1961,27.691666666666666
Maldives,1962,27.683333333333334
Maldives,1963,27.741666666666664
Maldives,1964,27.349999999999998
Maldives,1965,27.275000000000002
Maldives,1966,27.608333333333334
Maldives,1967,27.391666666666666
Maldives,1968,27.15833333333333
Maldives,1969,27.525000000000002
Maldives,1970,27.358333333333334
Maldives,1971,26.816666666666666
Maldives,1972,27.65833333333333
Maldives,1973,27.724999999999998
Maldives,1974,27.150000000000002
Maldives,1975,27.09166666666667
Maldives,1976,27.675
Maldives,1977,27.766666666666666
Maldives,1978,27.666666666666668
Maldives,1979,27.825000000000003
Maldives,1980,27.875
Maldives,1981,27.816666666666666
Maldives,1982,27.866666666666664
Maldives,1983,28.21666666666667
Maldives,1984,27.633333333333336
Maldives,1985,27.708333333333332
Maldives,1986,27.675
Maldives,1987,28.21666666666667
Maldives,1988,28.125
Maldives,1989,27.633333333333336
Maldives,1990,28.0
Maldives,1991,28.258333333333336
Maldives,1992,28.025000000000002
Maldives,1993,27.95
Maldives,1994,27.991666666666664
Maldives,1995,28.241666666666664
Maldives,1996,27.974999999999998
Maldives,1997,28.308333333333334
Maldives,1998,28.608333333333334
Maldives,1999,28.150000000000002
Maldives,2000,28.041666666666668
Maldives,2001,28.166666666666668
Maldives,2002,28.191666666666666
Maldives,2003,28.40833333333333
Maldives,2004,28.25
Maldives,2005,28.441666666666666
Maldives,2006,28.2
Maldives,2007,28.275000000000002
Maldives,2008,28.0
Maldives,2009,28.391666666666666
Maldives,2010,28.474999999999998
Maldives,2011,28.308333333333334
Maldives,2012,28.483333333333334
Maldives,2013,28.383333333333336
Maldives,2014,28.525000000000002
Maldives,2015,28.516666666666666
Maldives,2016,29.008333333333336
Mali,1901,27.683933333333332
Mali,1902,28.046441666666666
Mali,1903,28.124650000000003
Mali,1904,28.301599999999997
Mali,1905,27.835391666666666
Mali,1906,27.83011666666667
Mali,1907,27.634183333333336
Mali,1908,28.136825
Mali,1909,28.206858333333333
Mali,1910,27.943816666666667
Mali,1911,27.360316666666666
Mali,1912,28.044566666666668
Mali,1913,27.95675
Mali,1914,28.09465
Mali,1915,27.331591666666668
Mali,1916,26.564933333333332
Mali,1917,26.868816666666664
Mali,1918,26.630208333333332
Mali,1919,28.34535
Mali,1920,28.1908
Mali,1921,28.203
Mali,1922,27.48414166666667
Mali,1923,27.492991666666665
Mali,1924,28.1193
Mali,1925,27.945800000000002
Mali,1926,27.739708333333336
Mali,1927,27.08514166666667
Mali,1928,27.263583333333333
Mali,1929,27.174000000000003
Mali,1930,27.622241666666667
Mali,1931,28.291825
Mali,1932,27.746916666666667
Mali,1933,27.723975
Mali,1934,27.806275
Mali,1935,29.07055
Mali,1936,28.480491666666666
Mali,1937,29.352883333333335
Mali,1938,29.378041666666665
Mali,1939,28.945316666666667
Mali,1940,28.463741666666664
Mali,1941,28.794475000000002
Mali,1942,28.729733333333332
Mali,1943,28.106958333333335
Mali,1944,28.543566666666667
Mali,1945,28.313775000000003
Mali,1946,28.182566666666663
Mali,1947,28.726183333333335
Mali,1948,28.09443333333333
Mali,1949,28.627708333333334
Mali,1950,27.679991666666666
Mali,1951,28.45544166666667
Mali,1952,27.8074
Mali,1953,28.04733333333333
Mali,1954,27.758658333333333
Mali,1955,28.162216666666666
Mali,1956,28.050366666666665
Mali,1957,27.82943333333333
Mali,1958,28.378558333333334
Mali,1959,28.318091666666664
Mali,1960,28.01439166666667
Mali,1961,27.7422
Mali,1962,27.9007
Mali,1963,28.213941666666667
Mali,1964,27.974933333333336
Mali,1965,27.75193333333333
Mali,1966,28.2655
Mali,1967,27.747258333333335
Mali,1968,28.101475000000004
Mali,1969,28.7641
Mali,1970,28.45975833333333
Mali,1971,28.216741666666667
Mali,1972,28.32285
Mali,1973,28.43728333333333
Mali,1974,27.652491666666666
Mali,1975,27.684625
Mali,1976,27.557708333333334
Mali,1977,28.3164
Mali,1978,28.48385
Mali,1979,28.51125833333333
Mali,1980,28.7972
Mali,1981,28.411958333333335
Mali,1982,28.188241666666666
Mali,1983,28.90415
Mali,1984,28.63800833333333
Mali,1985,28.50715
Mali,1986,28.193383333333333
Mali,1987,29.220083333333335
Mali,1988,28.448000000000004
Mali,1989,28.3539
Mali,1990,28.96065
Mali,1991,28.4919
Mali,1992,28.165733333333332
Mali,1993,28.697824999999998
Mali,1994,28.035741666666667
Mali,1995,28.573975
Mali,1996,28.900116666666666
Mali,1997,28.86775
Mali,1998,29.139325
Mali,1999,28.441266666666664
Mali,2000,28.7393
Mali,2001,28.951391666666666
Mali,2002,29.08815
Mali,2003,29.08044166666667
Mali,2004,29.177041666666668
Mali,2005,29.30665
Mali,2006,28.918300000000002
Mali,2007,28.999366666666663
Mali,2008,28.520208333333333
Mali,2009,29.170741666666668
Mali,2010,29.541075000000003
Mali,2011,29.166150000000002
Mali,2012,28.725516666666667
Mali,2013,28.972791666666666
Mali,2014,28.985158333333334
Mali,2015,29.0292
Mali,2016,29.285758333333334
Malta,1901,18.5728
Malta,1902,18.639283333333335
Malta,1903,18.14565
Malta,1904,18.382858333333335
Malta,1905,18.098700833333332
Malta,1906,17.975258333333333
Malta,1907,17.92105
Malta,1908,18.216933333333333
Malta,1909,17.9236
Malta,1910,17.909391666666668
Malta,1911,18.531041666666667
Malta,1912,18.312691666666666
Malta,1913,18.739516666666667
Malta,1914,17.961241666666666
Malta,1915,18.423424999999998
Malta,1916,19.017108333333336
Malta,1917,18.470291666666665
Malta,1918,18.12515
Malta,1919,18.253933333333332
Malta,1920,18.917350000000003
Malta,1921,18.354708333333335
Malta,1922,18.870275000000003
Malta,1923,18.427508333333332
Malta,1924,19.022000000000002
Malta,1925,18.57045
Malta,1926,18.895275
Malta,1927,19.20485
Malta,1928,18.894833333333334
Malta,1929,18.0061225
Malta,1930,18.59505
Malta,1931,19.003941666666666
Malta,1932,18.769933333333334
Malta,1933,18.566283333333335
Malta,1934,18.921233333333333
Malta,1935,18.70864166666667
Malta,1936,18.564691666666665
Malta,1937,18.9423
Malta,1938,18.315833333333334
Malta,1939,18.608875
Malta,1940,17.927133333333334
Malta,1941,18.223433333333332
Malta,1942,18.786125000000002
Malta,1943,19.273441666666667
Malta,1944,18.48590833333333
Malta,1945,18.831926666666664
Malta,1946,19.046108333333333
Malta,1947,19.4671
Malta,1948,18.685491666666667
Malta,1949,18.679383333333334
Malta,1950,19.059258333333332
Malta,1951,18.52175
Malta,1952,19.136625
Malta,1953,18.225944166666668
Malta,1954,17.89235
Malta,1955,19.002283333333335
Malta,1956,17.976741666666666
Malta,1957,18.280424999999997
Malta,1958,18.699133333333332
Malta,1959,18.373141666666665
Malta,1960,18.965825
Malta,1961,18.729891666666667
Malta,1962,18.580833333333334
Malta,1963,18.43375
Malta,1964,18.387391666666666
Malta,1965,18.218573333333335
Malta,1966,18.531875
Malta,1967,18.509625
Malta,1968,18.576975
Malta,1969,18.332533333333334
Malta,1970,18.547225
Malta,1971,18.100424999999998
Malta,1972,18.258775
Malta,1973,18.544525
Malta,1974,18.237725
Malta,1975,18.2772
Malta,1976,17.855741666666667
Malta,1977,18.767641666666666
Malta,1978,18.12695
Malta,1979,18.634633333333333
Malta,1980,18.029858333333333
Malta,1981,18.58073333333333
Malta,1982,19.233766666666664
Malta,1983,18.711025
Malta,1984,18.448066666666666
Malta,1985,19.081683333333334
Malta,1986,18.940616666666667
Malta,1987,19.2251
Malta,1988,19.510841666666668
Malta,1989,19.0022
Malta,1990,19.39385
Malta,1991,18.582475
Malta,1992,18.889658333333333
Malta,1993,18.980441666666668
Malta,1994,19.873341666666665
Malta,1995,19.08095833333333
Malta,1996,18.993441666666666
Malta,1997,19.387075
Malta,1998,19.2988
Malta,1999,19.843708333333336
Malta,2000,19.526683333333335
Malta,2001,19.918783333333334
Malta,2002,19.553258333333336
Malta,2003,19.66535
Malta,2004,19.255766666666666
Malta,2005,19.051725
Malta,2006,19.625108333333333
Malta,2007,19.75166666666667
Malta,2008,19.750083333333333
Malta,2009,19.544233333333334
Malta,2010,19.762333333333334
Malta,2011,19.297525
Malta,2012,19.800116666666664
Malta,2013,19.717333333333332
Malta,2014,19.965591666666665
Malta,2015,19.861216666666667
Malta,2016,20.115275
Marshall Islands,1901,27.4075
Marshall Islands,1902,27.4075
Marshall Islands,1903,27.4075
Marshall Islands,1904,27.4075
Marshall Islands,1905,27.4075
Marshall Islands,1906,27.4075
Marshall Islands,1907,27.4075
Marshall Islands,1908,27.4075
Marshall Islands,1909,27.4075
Marshall Islands,1910,27.4075
Marshall Islands,1911,27.4075
Marshall Islands,1912,27.4075
Marshall Islands,1913,27.4075
Marshall Islands,1914,27.4075
Marshall Islands,1915,27.4075
Marshall Islands,1916,27.4075
Marshall Islands,1917,27.4075
Marshall Islands,1918,27.4075
Marshall Islands,1919,27.4075
Marshall Islands,1920,27.4075
Marshall Islands,1921,27.4575
Marshall Islands,1922,27.600833333333338
Marshall Islands,1923,27.090833333333332
Marshall Islands,1924,27.507499999999997
Marshall Islands,1925,27.640833333333333
Marshall Islands,1926,27.374166666666667
Marshall Islands,1927,28.0825
Marshall Islands,1928,27.882499999999997
Marshall Islands,1929,27.4825
Marshall Islands,1930,27.374166666666667
Marshall Islands,1931,27.6575
Marshall Islands,1932,27.923333333333332
Marshall Islands,1933,27.923333333333332
Marshall Islands,1934,27.8575
Marshall Islands,1935,28.03333333333333
Marshall Islands,1936,27.49083333333333
Marshall Islands,1937,27.565833333333334
Marshall Islands,1938,27.699166666666667
Marshall Islands,1939,27.3325
Marshall Islands,1940,27.116666666666664
Marshall Islands,1941,27.3325
Marshall Islands,1942,27.474999999999998
Marshall Islands,1943,27.640833333333333
Marshall Islands,1944,27.099166666666665
Marshall Islands,1945,27.3575
Marshall Islands,1946,27.563333333333333
Marshall Islands,1947,27.636658333333333
Marshall Islands,1948,27.543325
Marshall Islands,1949,27.419166666666666
Marshall Islands,1950,27.50583333333333
Marshall Islands,1951,27.839166666666667
Marshall Islands,1952,28.044999999999998
Marshall Islands,1953,27.981658333333332
Marshall Islands,1954,27.746658333333333
Marshall Islands,1955,27.015833333333333
Marshall Islands,1956,27.320833333333336
Marshall Islands,1957,27.580833333333334
Marshall Islands,1958,27.492499999999996
Marshall Islands,1959,27.495833333333334
Marshall Islands,1960,27.405833333333334
Marshall Islands,1961,27.50916666666667
Marshall Islands,1962,27.455833333333334
Marshall Islands,1963,27.60915833333333
Marshall Islands,1964,27.219166666666666
Marshall Islands,1965,27.319166666666664
Marshall Islands,1966,27.516666666666666
Marshall Islands,1967,27.451666666666668
Marshall Islands,1968,27.33666666666667
Marshall Islands,1969,27.521666666666665
Marshall Islands,1970,27.51
Marshall Islands,1971,27.03333333333333
Marshall Islands,1972,27.34498333333333
Marshall Islands,1973,27.3625
Marshall Islands,1974,27.1925
Marshall Islands,1975,26.885825
Marshall Islands,1976,26.893333333333334
Marshall Islands,1977,27.40416666666667
Marshall Islands,1978,27.36916666666667
Marshall Islands,1979,27.515833333333333
Marshall Islands,1980,27.62
Marshall Islands,1981,27.55
Marshall Islands,1982,27.419166666666666
Marshall Islands,1983,27.554166666666664
Marshall Islands,1984,27.473333333333333
Marshall Islands,1985,27.38
Marshall Islands,1986,27.59
Marshall Islands,1987,27.59499166666667
Marshall Islands,1988,27.48499166666667
Marshall Islands,1989,27.39916666666667
Marshall Islands,1990,27.689991666666668
Marshall Islands,1991,27.375833333333333
Marshall Islands,1992,27.713333333333335
Marshall Islands,1993,27.503333333333334
Marshall Islands,1994,27.7625
Marshall Islands,1995,27.631666666666664
Marshall Islands,1996,27.72583333333333
Marshall Islands,1997,27.838333333333335
Marshall Islands,1998,27.885833333333334
Marshall Islands,1999,27.603333333333335
Marshall Islands,2000,27.770833333333332
Marshall Islands,2001,28.1575
Marshall Islands,2002,28.249166666666667
Marshall Islands,2003,28.257499999999997
Marshall Islands,2004,28.39916666666667
Marshall Islands,2005,28.265833333333333
Marshall Islands,2006,28.165833333333335
Marshall Islands,2007,27.9575
Marshall Islands,2008,27.724166666666665
Marshall Islands,2009,27.890833333333333
Marshall Islands,2010,27.4075
Marshall Islands,2011,27.7825
Marshall Islands,2012,28.290833333333335
Marshall Islands,2013,28.2825
Marshall Islands,2014,28.290833333333335
Marshall Islands,2015,28.2075
Marshall Islands,2016,28.4325
Mauritania,1901,27.298083333333334
Mauritania,1902,27.817766666666667
Mauritania,1903,27.492874999999998
Mauritania,1904,27.496258333333333
Mauritania,1905,27.417625
Mauritania,1906,27.364333333333335
Mauritania,1907,26.849841666666666
Mauritania,1908,27.76875
Mauritania,1909,27.663183333333336
Mauritania,1910,27.51963333333333
Mauritania,1911,27.244241666666667
Mauritania,1912,27.669908333333336
Mauritania,1913,27.554216666666665
Mauritania,1914,27.322824999999998
Mauritania,1915,27.237933333333334
Mauritania,1916,26.740041666666666
Mauritania,1917,26.608541666666667
Mauritania,1918,26.678541666666664
Mauritania,1919,27.972158333333336
Mauritania,1920,26.764300000000002
Mauritania,1921,27.046841666666666
Mauritania,1922,26.743825
Mauritania,1923,27.434749999999998
Mauritania,1924,27.493350000000003
Mauritania,1925,27.353624999999997
Mauritania,1926,27.933275
Mauritania,1927,27.410916666666665
Mauritania,1928,27.176625
Mauritania,1929,27.026625
Mauritania,1930,27.122991666666667
Mauritania,1931,27.752166666666668
Mauritania,1932,27.305341666666667
Mauritania,1933,27.305208333333336
Mauritania,1934,27.636775
Mauritania,1935,28.145833333333332
Mauritania,1936,27.995966666666664
Mauritania,1937,28.259958333333334
Mauritania,1938,28.028225000000003
Mauritania,1939,27.779633333333333
Mauritania,1940,27.814233333333334
Mauritania,1941,27.841191666666663
Mauritania,1942,27.57121666666667
Mauritania,1943,27.464425000000002
Mauritania,1944,27.821425
Mauritania,1945,28.148583333333335
Mauritania,1946,27.547349999999998
Mauritania,1947,28.01471666666667
Mauritania,1948,27.683108333333333
Mauritania,1949,27.754274999999996
Mauritania,1950,27.513891666666666
Mauritania,1951,27.282966666666667
Mauritania,1952,27.10484166666667
Mauritania,1953,27.565083333333334
Mauritania,1954,27.188875
Mauritania,1955,27.831825
Mauritania,1956,27.140491666666666
Mauritania,1957,27.15075
Mauritania,1958,27.757066666666663
Mauritania,1959,27.494725
Mauritania,1960,27.417541666666665
Mauritania,1961,27.744508333333332
Mauritania,1962,27.584433333333333
Mauritania,1963,27.57375833333333
Mauritania,1964,27.695941666666666
Mauritania,1965,27.173025
Mauritania,1966,27.719666666666665
Mauritania,1967,27.097475
Mauritania,1968,27.335291666666667
Mauritania,1969,28.030749999999998
Mauritania,1970,28.05848333333333
Mauritania,1971,27.166083333333333
Mauritania,1972,27.223533333333336
Mauritania,1973,27.759541666666667
Mauritania,1974,27.025766666666666
Mauritania,1975,27.154433333333333
Mauritania,1976,26.881
Mauritania,1977,27.948408333333333
Mauritania,1978,27.89231666666667
Mauritania,1979,28.149183333333337
Mauritania,1980,27.980874999999997
Mauritania,1981,27.974575
Mauritania,1982,27.476333333333333
Mauritania,1983,28.70499166666667
Mauritania,1984,27.752825
Mauritania,1985,27.745966666666664
Mauritania,1986,27.392958333333336
Mauritania,1987,28.855099999999997
Mauritania,1988,27.75
Mauritania,1989,27.924533333333333
Mauritania,1990,28.384866666666667
Mauritania,1991,28.016724999999997
Mauritania,1992,27.79471666666667
Mauritania,1993,27.937166666666666
Mauritania,1994,27.589658333333333
Mauritania,1995,28.153575
Mauritania,1996,28.34176666666667
Mauritania,1997,28.531925
Mauritania,1998,28.769066666666664
Mauritania,1999,27.943
Mauritania,2000,28.193166666666666
Mauritania,2001,28.783258333333333
Mauritania,2002,28.593783333333334
Mauritania,2003,28.50423333333333
Mauritania,2004,28.528899999999997
Mauritania,2005,28.746008333333336
Mauritania,2006,28.49790833333333
Mauritania,2007,28.4033
Mauritania,2008,28.428008333333334
Mauritania,2009,28.4765
Mauritania,2010,29.200675
Mauritania,2011,28.56351666666667
Mauritania,2012,28.248949999999997
Mauritania,2013,28.687758333333335
Mauritania,2014,28.425375000000003
Mauritania,2015,28.65173333333333
Mauritania,2016,28.814616666666666
Mauritius,1901,23.223433333333332
Mauritius,1902,23.678008333333334
Mauritius,1903,23.337091666666666
Mauritius,1904,23.280266666666666
Mauritius,1905,23.377666666666666
Mauritius,1906,23.41825833333333
Mauritius,1907,23.312741666666668
Mauritius,1908,23.686108333333333
Mauritius,1909,23.36955
Mauritius,1910,23.1504
Mauritius,1911,23.182858333333332
Mauritius,1912,23.91339166666667
Mauritius,1913,23.442608333333336
Mauritius,1914,23.61306666666667
Mauritius,1915,23.62930833333333
Mauritius,1916,23.044875
Mauritius,1917,22.923125
Mauritius,1918,23.239683333333332
Mauritius,1919,23.499425000000002
Mauritius,1920,23.1991
Mauritius,1921,23.126050000000003
Mauritius,1922,22.85005
Mauritius,1923,23.79165
Mauritius,1924,23.54003333333333
Mauritius,1925,23.458841666666668
Mauritius,1926,24.424766666666667
Mauritius,1927,23.588725
Mauritius,1928,23.710475
Mauritius,1929,23.84035
Mauritius,1930,23.32896666666667
Mauritius,1931,22.67148333333333
Mauritius,1932,23.069216666666666
Mauritius,1933,23.077341666666666
Mauritius,1934,22.841933333333333
Mauritius,1935,23.247808333333335
Mauritius,1936,23.418266666666668
Mauritius,1937,23.46695
Mauritius,1938,23.499441666666666
Mauritius,1939,23.499433333333332
Mauritius,1940,22.67148333333333
Mauritius,1941,23.28186666666667
Mauritius,1942,23.127416666666665
Mauritius,1943,22.675875
Mauritius,1944,23.111766666666668
Mauritius,1945,23.217933333333335
Mauritius,1946,23.161966666666668
Mauritius,1947,23.260274999999996
Mauritius,1948,23.352216666666667
Mauritius,1949,23.431183333333333
Mauritius,1950,22.713783333333335
Mauritius,1951,22.301374999999997
Mauritius,1952,22.544691666666665
Mauritius,1953,22.612375
Mauritius,1954,22.593275000000002
Mauritius,1955,22.388166666666667
Mauritius,1956,22.265525
Mauritius,1957,22.54126666666667
Mauritius,1958,22.60735
Mauritius,1959,22.399716666666666
Mauritius,1960,22.354366666666664
Mauritius,1961,23.010575
Mauritius,1962,22.21296666666667
Mauritius,1963,22.083975
Mauritius,1964,22.100425
Mauritius,1965,22.09285
Mauritius,1966,22.53016666666667
Mauritius,1967,22.723233333333337
Mauritius,1968,22.17396666666667
Mauritius,1969,23.06065
Mauritius,1970,22.778266666666667
Mauritius,1971,22.399041666666665
Mauritius,1972,22.821941666666664
Mauritius,1973,22.75600833333333
Mauritius,1974,22.13524166666667
Mauritius,1975,22.607691666666668
Mauritius,1976,22.818325
Mauritius,1977,23.132941666666667
Mauritius,1978,22.93835
Mauritius,1979,22.91671666666667
Mauritius,1980,22.87105
Mauritius,1981,22.891508333333334
Mauritius,1982,22.810933333333335
Mauritius,1983,22.788608333333332
Mauritius,1984,22.433716666666665
Mauritius,1985,22.58504166666667
Mauritius,1986,22.674466666666664
Mauritius,1987,23.263808333333333
Mauritius,1988,23.137508333333333
Mauritius,1989,22.707116666666668
Mauritius,1990,22.698616666666666
Mauritius,1991,22.972483333333333
Mauritius,1992,22.645133333333334
Mauritius,1993,22.638225000000002
Mauritius,1994,22.91655
Mauritius,1995,22.823608333333336
Mauritius,1996,22.633825
Mauritius,1997,22.92034166666667
Mauritius,1998,23.264041666666667
Mauritius,1999,22.933725
Mauritius,2000,22.78333333333333
Mauritius,2001,23.129225
Mauritius,2002,23.176550000000002
Mauritius,2003,23.36475
Mauritius,2004,23.188083333333335
Mauritius,2005,23.053216666666668
Mauritius,2006,23.362125000000002
Mauritius,2007,23.4289
Mauritius,2008,23.3309
Mauritius,2009,23.797691666666665
Mauritius,2010,23.82218333333333
Mauritius,2011,23.769274999999997
Mauritius,2012,23.744775
Mauritius,2013,23.60415
Mauritius,2014,23.9669
Mauritius,2015,23.9512
Mauritius,2016,23.738191666666665
Mexico,1901,20.106266666666667
Mexico,1902,20.511616666666665
Mexico,1903,19.55454166666667
Mexico,1904,20.102233333333334
Mexico,1905,19.89003333333333
Mexico,1906,19.936116666666667
Mexico,1907,20.455133333333333
Mexico,1908,20.2893
Mexico,1909,20.325241666666667
Mexico,1910,20.168408333333332
Mexico,1911,20.211858333333335
Mexico,1912,19.537066666666664
Mexico,1913,19.582433333333334
Mexico,1914,19.96455
Mexico,1915,20.121108333333336
Mexico,1916,20.654133333333334
Mexico,1917,20.207183333333333
Mexico,1918,20.120383333333333
Mexico,1919,19.640150000000002
Mexico,1920,19.933633333333333
Mexico,1921,20.43368333333333
Mexico,1922,20.294341666666668
Mexico,1923,20.075058333333335
Mexico,1924,19.891808333333334
Mexico,1925,20.115641666666665
Mexico,1926,20.172575
Mexico,1927,20.65800833333333
Mexico,1928,20.363166666666668
Mexico,1929,20.162166666666668
Mexico,1930,20.036991666666665
Mexico,1931,20.040391666666668
Mexico,1932,20.14656666666667
Mexico,1933,20.613166666666668
Mexico,1934,20.619266666666665
Mexico,1935,20.323958333333334
Mexico,1936,20.336933333333334
Mexico,1937,20.429975
Mexico,1938,20.444708333333335
Mexico,1939,20.370016666666668
Mexico,1940,20.413408333333333
Mexico,1941,20.501366666666666
Mexico,1942,20.558225
Mexico,1943,20.711000000000002
Mexico,1944,20.415066666666664
Mexico,1945,20.896283333333333
Mexico,1946,20.8532
Mexico,1947,20.615416666666665
Mexico,1948,20.839316666666665
Mexico,1949,20.698583333333332
Mexico,1950,21.077433333333335
Mexico,1951,20.816308333333335
Mexico,1952,20.589941666666665
Mexico,1953,20.867183333333333
Mexico,1954,20.929783333333333
Mexico,1955,20.416158333333332
Mexico,1956,20.555141666666668
Mexico,1957,20.890874999999998
Mexico,1958,20.513591666666667
Mexico,1959,20.571808333333333
Mexico,1960,20.508975
Mexico,1961,20.491925
Mexico,1962,20.838025
Mexico,1963,20.683474999999998
Mexico,1964,20.353383333333333
Mexico,1965,20.508241666666667
Mexico,1966,20.114183333333333
Mexico,1967,20.413408333333333
Mexico,1968,20.04985
Mexico,1969,20.691891666666667
Mexico,1970,20.28495
Mexico,1971,20.414716666666667
Mexico,1972,20.766883333333332
Mexico,1973,20.3597
Mexico,1974,20.40425
Mexico,1975,20.228625
Mexico,1976,19.869033333333334
Mexico,1977,20.634633333333333
Mexico,1978,20.443466666666666
Mexico,1979,20.15449166666667
Mexico,1980,20.688933333333335
Mexico,1981,20.54005
Mexico,1982,20.811583333333335
Mexico,1983,20.535825
Mexico,1984,20.404925000000002
Mexico,1985,20.449616666666667
Mexico,1986,20.717766666666666
Mexico,1987,20.312816666666667
Mexico,1988,20.497858333333333
Mexico,1989,20.846275
Mexico,1990,20.892766666666667
Mexico,1991,20.834483333333335
Mexico,1992,20.6302
Mexico,1993,20.91143333333333
Mexico,1994,21.355733333333333
Mexico,1995,21.273358333333334
Mexico,1996,21.158183333333334
Mexico,1997,20.881899999999998
Mexico,1998,21.382775
Mexico,1999,20.983183333333333
Mexico,2000,21.202516666666664
Mexico,2001,20.930641666666666
Mexico,2002,21.129508333333334
Mexico,2003,21.23239166666667
Mexico,2004,20.946258333333333
Mexico,2005,21.293733333333332
Mexico,2006,21.432391666666664
Mexico,2007,21.064075
Mexico,2008,21.026016666666667
Mexico,2009,21.525166666666667
Mexico,2010,20.760716666666667
Mexico,2011,21.534566666666667
Mexico,2012,21.63825
Mexico,2013,21.13035
Mexico,2014,21.345200000000002
Mexico,2015,21.5153
Mexico,2016,21.7131
Moldova,1901,9.753783333333333
Moldova,1902,8.532675833333334
Moldova,1903,10.018704166666668
Moldova,1904,8.997520833333335
Moldova,1905,9.596171666666667
Moldova,1906,9.942388333333334
Moldova,1907,8.532525833333333
Moldova,1908,8.704351666666666
Moldova,1909,9.358495
Moldova,1910,10.275493333333333
Moldova,1911,9.036291666666667
Moldova,1912,8.603865833333334
Moldova,1913,9.629632500000001
Moldova,1914,9.264549166666667
Moldova,1915,9.709155833333332
Moldova,1916,10.236293333333334
Moldova,1917,9.266896666666666
Moldova,1918,10.057689166666666
Moldova,1919,9.206399166666666
Moldova,1920,9.244985833333333
Moldova,1921,9.3998275
Moldova,1922,8.904412500000001
Moldova,1923,10.315281666666667
Moldova,1924,9.0216575
Moldova,1925,10.226999999999999
Moldova,1926,9.832935833333332
Moldova,1927,9.768231666666667
Moldova,1928,8.8542775
Moldova,1929,8.52597
Moldova,1930,10.22903
Moldova,1931,9.008011666666667
Moldova,1932,9.445328333333334
Moldova,1933,7.987609166666666
Moldova,1934,10.494281666666666
Moldova,1935,9.385179166666667
Moldova,1936,10.461266666666667
Moldova,1937,10.251725
Moldova,1938,10.259448333333333
Moldova,1939,10.217218333333333
Moldova,1940,7.975426666666666
Moldova,1941,8.419591666666667
Moldova,1942,7.81867
Moldova,1943,9.453278333333333
Moldova,1944,9.712013333333333
Moldova,1945,8.954795833333334
Moldova,1946,9.961875833333334
Moldova,1947,9.394193333333332
Moldova,1948,9.589671666666666
Moldova,1949,9.896855833333333
Moldova,1950,10.166593333333333
Moldova,1951,10.472554166666667
Moldova,1952,9.769255833333334
Moldova,1953,9.087000833333333
Moldova,1954,8.660308333333333
Moldova,1955,9.403245833333333
Moldova,1956,8.079426666666667
Moldova,1957,9.851165833333333
Moldova,1958,9.882604166666667
Moldova,1959,9.366033333333334
Moldova,1960,10.2311975
Moldova,1961,10.073544166666666
Moldova,1962,9.708003333333334
Moldova,1963,9.034065
Moldova,1964,9.050276666666667
Moldova,1965,8.6590375
Moldova,1966,10.54106
Moldova,1967,9.839098333333334
Moldova,1968,9.752531666666668
Moldova,1969,8.507149166666666
Moldova,1970,9.762269166666666
Moldova,1971,9.743221666666667
Moldova,1972,9.708801666666668
Moldova,1973,9.364745
Moldova,1974,9.833924999999999
Moldova,1975,10.742925833333333
Moldova,1976,8.497795
Moldova,1977,9.7381525
Moldova,1978,8.9341375
Moldova,1979,9.930460833333333
Moldova,1980,8.483774166666667
Moldova,1981,9.876087499999999
Moldova,1982,9.772204166666667
Moldova,1983,10.360964166666667
Moldova,1984,9.358276666666667
Moldova,1985,8.111795833333334
Moldova,1986,9.584115833333334
Moldova,1987,8.276770833333334
Moldova,1988,9.3563275
Moldova,1989,10.853155833333332
Moldova,1990,10.747637500000002
Moldova,1991,9.58205
Moldova,1992,9.859720833333332
Moldova,1993,9.209114999999999
Moldova,1994,10.823730833333334
Moldova,1995,9.8470225
Moldova,1996,8.994713333333333
Moldova,1997,9.054578333333334
Moldova,1998,9.885681666666667
Moldova,1999,10.880133333333333
Moldova,2000,10.912500833333333
Moldova,2001,10.259499166666666
Moldova,2002,10.765644166666666
Moldova,2003,9.631531666666667
Moldova,2004,10.177919166666667
Moldova,2005,10.151366666666666
Moldova,2006,9.915165833333335
Moldova,2007,11.568644166666667
Moldova,2008,11.109281666666668
Moldova,2009,11.094885833333334
Moldova,2010,10.5448275
Moldova,2011,10.264070833333333
Moldova,2012,10.867485833333333
Moldova,2013,10.949031666666668
Moldova,2014,10.931173333333334
Moldova,2015,11.608356666666667
Moldova,2016,11.131456666666667
Monaco,1901,8.466381666666667
Monaco,1902,8.877075
Monaco,1903,8.949579166666666
Monaco,1904,9.627343333333334
Monaco,1905,8.751375833333332
Monaco,1906,8.998869166666667
Monaco,1907,8.977478333333332
Monaco,1908,8.8123375
Monaco,1909,8.414981666666668
Monaco,1910,8.8565175
Monaco,1911,9.742476666666667
Monaco,1912,8.816646666666667
Monaco,1913,9.22179
Monaco,1914,8.839568333333334
Monaco,1915,8.826098333333332
Monaco,1916,9.186095
Monaco,1917,8.405259166666667
Monaco,1918,9.064979166666667
Monaco,1919,8.761098333333333
Monaco,1920,9.834706666666667
Monaco,1921,9.8978925
Monaco,1922,8.7392925
Monaco,1923,9.558579166666666
Monaco,1924,9.146229166666666
Monaco,1925,8.956235
Monaco,1926,9.723455833333334
Monaco,1927,9.546645833333335
Monaco,1928,9.808730833333334
Monaco,1929,9.07263
Monaco,1930,9.641655833333333
Monaco,1931,8.7376225
Monaco,1932,8.970690833333334
Monaco,1933,8.845815
Monaco,1934,9.592481666666666
Monaco,1935,9.156790833333334
Monaco,1936,9.353875
Monaco,1937,9.708175833333334
Monaco,1938,9.151780833333333
Monaco,1939,8.964160833333333
Monaco,1940,8.3877625
Monaco,1941,8.434298333333333
Monaco,1942,9.2747125
Monaco,1943,10.439156666666667
Monaco,1944,9.29054
Monaco,1945,10.165545833333333
Monaco,1946,9.576505833333334
Monaco,1947,10.120518333333333
Monaco,1948,9.821506666666666
Monaco,1949,10.098311666666666
Monaco,1950,9.931909166666665
Monaco,1951,9.462759166666666
Monaco,1952,9.5496975
Monaco,1953,9.5876275
Monaco,1954,8.977903333333332
Monaco,1955,9.578864166666667
Monaco,1956,8.5431825
Monaco,1957,9.33817
Monaco,1958,9.5308175
Monaco,1959,9.940404166666665
Monaco,1960,9.304297499999999
Monaco,1961,10.248318333333334
Monaco,1962,9.026508333333334
Monaco,1963,8.691921666666667
Monaco,1964,9.649423333333333
Monaco,1965,8.893586666666666
Monaco,1966,9.552895
Monaco,1967,9.613598333333334
Monaco,1968,9.201089999999999
Monaco,1969,8.9516475
Monaco,1970,9.283735
Monaco,1971,9.332611666666667
Monaco,1972,9.124989166666667
Monaco,1973,9.361098333333333
Monaco,1974,9.442906666666667
Monaco,1975,9.445951666666668
Monaco,1976,9.427198333333333
Monaco,1977,9.348461666666667
Monaco,1978,8.88859
Monaco,1979,9.428179166666666
Monaco,1980,8.910681666666667
Monaco,1981,9.421793333333333
Monaco,1982,10.135670833333334
Monaco,1983,9.82749
Monaco,1984,8.995403333333334
Monaco,1985,9.295681666666667
Monaco,1986,9.722899166666666
Monaco,1987,9.5458175
Monaco,1988,10.075819166666667
Monaco,1989,10.251509166666667
Monaco,1990,10.3038625
Monaco,1991,9.657205833333334
Monaco,1992,10.015811666666666
Monaco,1993,9.723589166666667
Monaco,1994,10.690123333333332
Monaco,1995,10.022201666666666
Monaco,1996,9.743309166666666
Monaco,1997,10.723459166666666
Monaco,1998,10.192625833333333
Monaco,1999,10.407618333333334
Monaco,2000,10.689133333333332
Monaco,2001,10.39596
Monaco,2002,10.5880375
Monaco,2003,10.8585925
Monaco,2004,10.3046925
Monaco,2005,9.91192
Monaco,2006,10.797895833333333
Monaco,2007,10.667194166666667
Monaco,2008,10.3683125
Monaco,2009,10.816356666666666
Monaco,2010,9.785678333333333
Monaco,2011,11.020674166666666
Monaco,2012,10.630120833333335
Monaco,2013,10.151511666666666
Monaco,2014,11.322749166666668
Monaco,2015,11.135545
Monaco,2016,10.92346
Mongolia,1901,-1.2049700000000005
Mongolia,1902,-1.0906083333333334
Mongolia,1903,-1.4937016666666665
Mongolia,1904,-1.5313983333333336
Mongolia,1905,-1.3886233333333333
Mongolia,1906,-1.4000699999999997
Mongolia,1907,-1.445406666666667
Mongolia,1908,-1.3118575
Mongolia,1909,-1.9087258333333332
Mongolia,1910,-2.0552158333333335
Mongolia,1911,-0.9095991666666668
Mongolia,1912,-2.3636774999999997
Mongolia,1913,-1.0893616666666668
Mongolia,1914,-0.38893249999999985
Mongolia,1915,-1.758731666666667
Mongolia,1916,-1.8131116666666667
Mongolia,1917,-1.2713116666666668
Mongolia,1918,-0.8923758333333334
Mongolia,1919,-1.2473708333333333
Mongolia,1920,-0.9749691666666669
Mongolia,1921,-0.5074499999999996
Mongolia,1922,-1.5550191666666666
Mongolia,1923,-1.2052008333333333
Mongolia,1924,-0.766880833333333
Mongolia,1925,-0.3948533333333331
Mongolia,1926,-0.27114333333333374
Mongolia,1927,-0.9443024999999999
Mongolia,1928,-1.381075833333333
Mongolia,1929,-1.6928391666666673
Mongolia,1930,-1.3726208333333336
Mongolia,1931,-1.7200950000000006
Mongolia,1932,0.12381750000000007
Mongolia,1933,-1.7131583333333336
Mongolia,1934,-1.4280000000000002
Mongolia,1935,-1.1421824999999999
Mongolia,1936,-1.7192450000000001
Mongolia,1937,-1.6799058333333339
Mongolia,1938,-0.8281316666666667
Mongolia,1939,-0.3607008333333333
Mongolia,1940,-0.6278691666666667
Mongolia,1941,-0.4500741666666664
Mongolia,1942,-0.6523991666666665
Mongolia,1943,-0.7350941666666672
Mongolia,1944,-1.5431208333333337
Mongolia,1945,-1.0653933333333336
Mongolia,1946,-0.44362333333333304
Mongolia,1947,-2.251734166666667
Mongolia,1948,-0.39123083333333336
Mongolia,1949,-0.7868975000000006
Mongolia,1950,-0.9386941666666663
Mongolia,1951,-0.8264091666666671
Mongolia,1952,-1.3923850000000002
Mongolia,1953,-0.7487400000000001
Mongolia,1954,-1.6244808333333332
Mongolia,1955,-0.809513333333333
Mongolia,1956,-1.9060024999999996
Mongolia,1957,-1.584088333333333
Mongolia,1958,-0.21699416666666652
Mongolia,1959,-0.8958133333333329
Mongolia,1960,-0.9149625
Mongolia,1961,-0.5339283333333334
Mongolia,1962,-0.38800166666666663
Mongolia,1963,0.3085408333333331
Mongolia,1964,-0.9956141666666666
Mongolia,1965,-0.002303333333333176
Mongolia,1966,-0.6719066666666667
Mongolia,1967,-1.0471316666666668
Mongolia,1968,-1.152294166666667
Mongolia,1969,-1.746253333333333
Mongolia,1970,-1.3239283333333336
Mongolia,1971,-0.8325358333333331
Mongolia,1972,-0.27852999999999994
Mongolia,1973,0.019875000000000014
Mongolia,1974,-1.0672766666666669
Mongolia,1975,-0.08193749999999984
Mongolia,1976,-1.0197566666666669
Mongolia,1977,-0.4444050000000003
Mongolia,1978,0.14894166666666683
Mongolia,1979,0.4007649999999998
Mongolia,1980,-0.48844666666666675
Mongolia,1981,-0.6862683333333338
Mongolia,1982,0.33521666666666644
Mongolia,1983,-0.30009500000000006
Mongolia,1984,-1.5090274999999995
Mongolia,1985,-1.1015291666666662
Mongolia,1986,-0.39887416666666714
Mongolia,1987,-0.5123641666666664
Mongolia,1988,-0.23605416666666645
Mongolia,1989,0.5692500000000001
Mongolia,1990,0.5146500000000002
Mongolia,1991,-0.04395833333333302
Mongolia,1992,0.20963916666666668
Mongolia,1993,-0.31735833333333296
Mongolia,1994,0.6089008333333332
Mongolia,1995,0.7370183333333333
Mongolia,1996,-0.16276166666666678
Mongolia,1997,1.1349425000000004
Mongolia,1998,1.5760458333333336
Mongolia,1999,1.1130649999999997
Mongolia,2000,0.1411741666666666
Mongolia,2001,0.5016700000000004
Mongolia,2002,1.0097233333333333
Mongolia,2003,0.06236999999999959
Mongolia,2004,1.2598958333333332
Mongolia,2005,-0.18925499999999987
Mongolia,2006,0.9824816666666666
Mongolia,2007,2.183323333333333
Mongolia,2008,1.1871341666666668
Mongolia,2009,0.6049383333333337
Mongolia,2010,-0.36901666666666655
Mongolia,2011,-0.1306066666666664
Mongolia,2012,-0.7909424999999999
Mongolia,2013,0.8968250000000002
Mongolia,2014,1.0732508333333335
Mongolia,2015,1.6040616666666667
Mongolia,2016,0.6717025000000002
Morocco,1901,17.42920416666667
Morocco,1902,17.110380833333334
Morocco,1903,17.0553625
Morocco,1904,17.328495
Morocco,1905,16.9221275
Morocco,1906,17.001390833333332
Morocco,1907,16.734917499999998
Morocco,1908,16.996259166666665
Morocco,1909,16.84209
Morocco,1910,16.8482025
Morocco,1911,16.799325
Morocco,1912,16.792645833333335
Morocco,1913,16.817491666666665
Morocco,1914,16.582691666666665
Morocco,1915,16.887272499999998
Morocco,1916,16.779423333333334
Morocco,1917,16.4033725
Morocco,1918,16.574508333333334
Morocco,1919,16.797264166666668
Morocco,1920,16.9276175
Morocco,1921,16.845543333333335
Morocco,1922,16.846840833333335
Morocco,1923,17.028565833333335
Morocco,1924,17.507190833333333
Morocco,1925,16.7795925
Morocco,1926,17.998671666666667
Morocco,1927,17.4107475
Morocco,1928,17.327325
Morocco,1929,17.328944166666666
Morocco,1930,17.612099166666667
Morocco,1931,17.238565833333332
Morocco,1932,16.794285
Morocco,1933,17.345048333333335
Morocco,1934,16.923796666666664
Morocco,1935,17.269387499999997
Morocco,1936,17.1505125
Morocco,1937,18.173515
Morocco,1938,17.517600833333333
Morocco,1939,17.1251
Morocco,1940,17.833115833333334
Morocco,1941,17.671051666666667
Morocco,1942,17.71847
Morocco,1943,17.489237499999998
Morocco,1944,17.587546666666665
Morocco,1945,18.382257499999998
Morocco,1946,17.61184666666667
Morocco,1947,17.955723333333335
Morocco,1948,18.151065
Morocco,1949,17.9810075
Morocco,1950,17.793740833333334
Morocco,1951,17.247275
Morocco,1952,17.554624999999998
Morocco,1953,17.55217083333333
Morocco,1954,17.111209166666665
Morocco,1955,18.305025
Morocco,1956,16.459545000000002
Morocco,1957,17.017654166666667
Morocco,1958,17.561163333333333
Morocco,1959,17.25822
Morocco,1960,17.410009166666665
Morocco,1961,18.123693333333332
Morocco,1962,17.48823666666667
Morocco,1963,17.148233333333334
Morocco,1964,17.535720833333333
Morocco,1965,17.082569166666666
Morocco,1966,17.332516666666667
Morocco,1967,16.99553
Morocco,1968,17.183674999999997
Morocco,1969,17.097230833333334
Morocco,1970,17.390562499999998
Morocco,1971,16.390251666666668
Morocco,1972,16.320695833333335
Morocco,1973,17.066129166666666
Morocco,1974,16.95625
Morocco,1975,16.950681666666664
Morocco,1976,16.800988333333333
Morocco,1977,17.14791333333333
Morocco,1978,17.452485833333334
Morocco,1979,17.310683333333333
Morocco,1980,17.467357500000002
Morocco,1981,17.70009
Morocco,1982,17.420573333333333
Morocco,1983,17.8594875
Morocco,1984,17.230864166666667
Morocco,1985,17.7504275
Morocco,1986,17.20550666666667
Morocco,1987,18.095775
Morocco,1988,17.629793333333335
Morocco,1989,18.0233875
Morocco,1990,18.00773583333333
Morocco,1991,17.2351075
Morocco,1992,17.328577499999998
Morocco,1993,17.0574025
Morocco,1994,17.970179166666668
Morocco,1995,18.4386475
Morocco,1996,17.796758333333333
Morocco,1997,18.373941666666667
Morocco,1998,18.216385833333334
Morocco,1999,17.817655
Morocco,2000,18.109958333333335
Morocco,2001,18.620175
Morocco,2002,18.270866666666667
Morocco,2003,18.429201666666668
Morocco,2004,18.05962166666667
Morocco,2005,18.18865
Morocco,2006,18.487130833333335
Morocco,2007,18.102481666666666
Morocco,2008,18.093039166666667
Morocco,2009,18.643265
Morocco,2010,18.927733333333332
Morocco,2011,18.463733333333334
Morocco,2012,18.367048333333333
Morocco,2013,18.115016666666666
Morocco,2014,18.486741666666667
Morocco,2015,18.565735
Morocco,2016,18.770575
Mozambique,1901,23.278366666666667
Mozambique,1902,23.742874999999998
Mozambique,1903,23.831383333333335
Mozambique,1904,23.012891666666665
Mozambique,1905,23.714983333333333
Mozambique,1906,23.142616666666665
Mozambique,1907,22.97950833333333
Mozambique,1908,23.578783333333334
Mozambique,1909,23.36975
Mozambique,1910,22.858583333333332
Mozambique,1911,22.94165
Mozambique,1912,23.630750000000003
Mozambique,1913,23.82995
Mozambique,1914,24.294916666666666
Mozambique,1915,24.003316666666667
Mozambique,1916,23.903591666666667
Mozambique,1917,23.67085
Mozambique,1918,23.082866666666664
Mozambique,1919,23.293899999999997
Mozambique,1920,23.956166666666665
Mozambique,1921,23.578483333333335
Mozambique,1922,24.230475
Mozambique,1923,23.943316666666664
Mozambique,1924,23.565224999999998
Mozambique,1925,23.444958333333332
Mozambique,1926,23.744791666666668
Mozambique,1927,23.457825
Mozambique,1928,23.843666666666667
Mozambique,1929,23.7888
Mozambique,1930,23.2818
Mozambique,1931,24.069016666666666
Mozambique,1932,23.522775
Mozambique,1933,23.432766666666666
Mozambique,1934,23.679683333333333
Mozambique,1935,23.009308333333333
Mozambique,1936,23.34698333333333
Mozambique,1937,23.53618333333333
Mozambique,1938,23.7165
Mozambique,1939,23.20895833333333
Mozambique,1940,23.726116666666666
Mozambique,1941,24.188658333333333
Mozambique,1942,23.984783333333336
Mozambique,1943,23.570691666666665
Mozambique,1944,23.809033333333332
Mozambique,1945,23.303158333333332
Mozambique,1946,23.56565833333333
Mozambique,1947,23.812483333333333
Mozambique,1948,23.809608333333333
Mozambique,1949,23.96565
Mozambique,1950,23.549991666666667
Mozambique,1951,23.599933333333336
Mozambique,1952,23.80303333333333
Mozambique,1953,23.5804
Mozambique,1954,23.726208333333332
Mozambique,1955,23.436475
Mozambique,1956,23.454224999999997
Mozambique,1957,24.115258333333333
Mozambique,1958,23.95435833333333
Mozambique,1959,23.939116666666667
Mozambique,1960,23.655708333333333
Mozambique,1961,23.848658333333333
Mozambique,1962,23.623716666666667
Mozambique,1963,23.109291666666667
Mozambique,1964,23.303908333333336
Mozambique,1965,23.079966666666667
Mozambique,1966,23.72044166666667
Mozambique,1967,23.615008333333332
Mozambique,1968,23.398425
Mozambique,1969,23.930333333333333
Mozambique,1970,23.955425
Mozambique,1971,23.49253333333333
Mozambique,1972,23.4616
Mozambique,1973,23.677850000000003
Mozambique,1974,23.129091666666667
Mozambique,1975,23.292158333333333
Mozambique,1976,23.33491666666667
Mozambique,1977,23.83928333333333
Mozambique,1978,23.5579
Mozambique,1979,23.606725
Mozambique,1980,23.540666666666667
Mozambique,1981,23.197533333333336
Mozambique,1982,23.510191666666667
Mozambique,1983,24.361908333333332
Mozambique,1984,23.682275
Mozambique,1985,23.491116666666667
Mozambique,1986,23.578125
Mozambique,1987,24.234574999999996
Mozambique,1988,23.90635
Mozambique,1989,23.665816666666668
Mozambique,1990,23.97015
Mozambique,1991,23.902916666666666
Mozambique,1992,24.485708333333335
Mozambique,1993,24.161616666666664
Mozambique,1994,23.916433333333334
Mozambique,1995,24.371616666666668
Mozambique,1996,24.006541666666667
Mozambique,1997,24.033591666666666
Mozambique,1998,24.457975
Mozambique,1999,23.986633333333334
Mozambique,2000,23.874799999999997
Mozambique,2001,24.238916666666668
Mozambique,2002,24.313924999999998
Mozambique,2003,24.446191666666664
Mozambique,2004,24.241608333333332
Mozambique,2005,24.936691666666665
Mozambique,2006,24.377525000000002
Mozambique,2007,24.410208333333333
Mozambique,2008,24.194074999999998
Mozambique,2009,24.31935
Mozambique,2010,24.777541666666664
Mozambique,2011,24.221175
Mozambique,2012,24.097058333333333
Mozambique,2013,24.141458333333333
Mozambique,2014,24.250408333333336
Mozambique,2015,24.6759
Mozambique,2016,24.487408333333335
Myanmar (Burma),1901,22.898274999999998
Myanmar (Burma),1902,22.626891666666666
Myanmar (Burma),1903,22.69796666666667
Myanmar (Burma),1904,22.489900000000002
Myanmar (Burma),1905,22.57389166666667
Myanmar (Burma),1906,22.977433333333334
Myanmar (Burma),1907,22.58559166666667
Myanmar (Burma),1908,22.77694166666667
Myanmar (Burma),1909,22.920975
Myanmar (Burma),1910,22.516566666666666
Myanmar (Burma),1911,22.5534
Myanmar (Burma),1912,22.652216666666664
Myanmar (Burma),1913,22.510175
Myanmar (Burma),1914,22.53605
Myanmar (Burma),1915,22.948383333333336
Myanmar (Burma),1916,22.837708333333335
Myanmar (Burma),1917,22.594908333333333
Myanmar (Burma),1918,22.635341666666665
Myanmar (Burma),1919,23.156425
Myanmar (Burma),1920,22.938266666666667
Myanmar (Burma),1921,22.923666666666666
Myanmar (Burma),1922,23.126458333333332
Myanmar (Burma),1923,22.939833333333336
Myanmar (Burma),1924,23.095341666666666
Myanmar (Burma),1925,22.532816666666665
Myanmar (Burma),1926,23.08465
Myanmar (Burma),1927,22.7923
Myanmar (Burma),1928,23.118799999999997
Myanmar (Burma),1929,23.034033333333337
Myanmar (Burma),1930,22.925541666666664
Myanmar (Burma),1931,23.289225
Myanmar (Burma),1932,23.091800000000003
Myanmar (Burma),1933,23.074133333333332
Myanmar (Burma),1934,22.950675
Myanmar (Burma),1935,23.179283333333334
Myanmar (Burma),1936,22.903450000000003
Myanmar (Burma),1937,23.143333333333334
Myanmar (Burma),1938,22.792783333333333
Myanmar (Burma),1939,22.732241666666667
Myanmar (Burma),1940,22.699008333333335
Myanmar (Burma),1941,23.2878
Myanmar (Burma),1942,23.214858333333336
Myanmar (Burma),1943,22.764075000000002
Myanmar (Burma),1944,23.005724999999998
Myanmar (Burma),1945,22.960925
Myanmar (Burma),1946,23.280533333333334
Myanmar (Burma),1947,23.2497
Myanmar (Burma),1948,22.704566666666665
Myanmar (Burma),1949,22.590175000000002
Myanmar (Burma),1950,22.678175
Myanmar (Burma),1951,22.810675
Myanmar (Burma),1952,22.897908333333334
Myanmar (Burma),1953,22.937741666666668
Myanmar (Burma),1954,22.717641666666665
Myanmar (Burma),1955,22.442208333333337
Myanmar (Burma),1956,22.49829166666667
Myanmar (Burma),1957,22.792558333333332
Myanmar (Burma),1958,23.09405
Myanmar (Burma),1959,22.812458333333336
Myanmar (Burma),1960,23.089416666666665
Myanmar (Burma),1961,22.732158333333334
Myanmar (Burma),1962,22.64045833333333
Myanmar (Burma),1963,22.614283333333333
Myanmar (Burma),1964,22.737241666666666
Myanmar (Burma),1965,22.626958333333334
Myanmar (Burma),1966,23.122525
Myanmar (Burma),1967,22.604691666666668
Myanmar (Burma),1968,22.616024999999997
Myanmar (Burma),1969,22.916741666666667
Myanmar (Burma),1970,22.70736666666667
Myanmar (Burma),1971,22.301141666666666
Myanmar (Burma),1972,22.834908333333335
Myanmar (Burma),1973,22.971999999999998
Myanmar (Burma),1974,22.50900833333333
Myanmar (Burma),1975,22.731375
Myanmar (Burma),1976,22.62885
Myanmar (Burma),1977,22.471841666666666
Myanmar (Burma),1978,22.923008333333332
Myanmar (Burma),1979,23.422283333333336
Myanmar (Burma),1980,23.147816666666667
Myanmar (Burma),1981,22.852091666666666
Myanmar (Burma),1982,22.708791666666666
Myanmar (Burma),1983,22.790916666666664
Myanmar (Burma),1984,22.837
Myanmar (Burma),1985,22.876208333333334
Myanmar (Burma),1986,22.880225
Myanmar (Burma),1987,23.230816666666666
Myanmar (Burma),1988,23.193358333333332
Myanmar (Burma),1989,22.79095
Myanmar (Burma),1990,23.030141666666665
Myanmar (Burma),1991,23.141666666666666
Myanmar (Burma),1992,22.688950000000002
Myanmar (Burma),1993,22.89894166666667
Myanmar (Burma),1994,23.151708333333332
Myanmar (Burma),1995,23.209433333333333
Myanmar (Burma),1996,23.012308333333333
Myanmar (Burma),1997,22.865891666666666
Myanmar (Burma),1998,23.606800000000003
Myanmar (Burma),1999,23.299925
Myanmar (Burma),2000,22.882191666666667
Myanmar (Burma),2001,23.41695833333333
Myanmar (Burma),2002,23.3878
Myanmar (Burma),2003,23.307066666666667
Myanmar (Burma),2004,23.15523333333333
Myanmar (Burma),2005,23.650991666666666
Myanmar (Burma),2006,23.322575
Myanmar (Burma),2007,23.075441666666666
Myanmar (Burma),2008,23.042216666666665
Myanmar (Burma),2009,23.560008333333332
Myanmar (Burma),2010,23.864941666666667
Myanmar (Burma),2011,23.164625
Myanmar (Burma),2012,23.402199999999997
Myanmar (Burma),2013,23.2068
Myanmar (Burma),2014,23.277683333333332
Myanmar (Burma),2015,23.312275
Myanmar (Burma),2016,23.566433333333332
Namibia,1901,19.728075
Namibia,1902,19.60535
Namibia,1903,19.5783
Namibia,1904,19.381008333333334
Namibia,1905,19.746441666666666
Namibia,1906,19.311474999999998
Namibia,1907,19.186083333333332
Namibia,1908,19.591350000000002
Namibia,1909,19.595991666666666
Namibia,1910,19.496925
Namibia,1911,19.617033333333335
Namibia,1912,19.870425
Namibia,1913,19.926908333333333
Namibia,1914,19.979875
Namibia,1915,19.774075
Namibia,1916,19.790491666666668
Namibia,1917,19.545849999999998
Namibia,1918,19.3343
Namibia,1919,19.712408333333332
Namibia,1920,19.860883333333334
Namibia,1921,19.53345
Namibia,1922,20.300349999999998
Namibia,1923,20.0373
Namibia,1924,19.654125
Namibia,1925,19.519941666666668
Namibia,1926,19.734091666666668
Namibia,1927,20.029541666666667
Namibia,1928,20.245633333333334
Namibia,1929,20.139666666666667
Namibia,1930,19.862975000000002
Namibia,1931,20.396425
Namibia,1932,20.184291666666667
Namibia,1933,20.55745
Namibia,1934,19.994558333333334
Namibia,1935,19.529458333333334
Namibia,1936,19.831191666666665
Namibia,1937,19.856791666666666
Namibia,1938,19.797758333333334
Namibia,1939,19.786875
Namibia,1940,20.336158333333334
Namibia,1941,20.740783333333333
Namibia,1942,20.480566666666665
Namibia,1943,19.847541666666668
Namibia,1944,20.39695
Namibia,1945,20.820483333333332
Namibia,1946,20.517591666666664
Namibia,1947,20.477933333333333
Namibia,1948,20.112825
Namibia,1949,20.604691666666668
Namibia,1950,19.986433333333334
Namibia,1951,19.97745
Namibia,1952,20.1828
Namibia,1953,19.827033333333333
Namibia,1954,19.565041666666666
Namibia,1955,19.289658333333332
Namibia,1956,19.42275
Namibia,1957,20.00945
Namibia,1958,20.021183333333333
Namibia,1959,20.096766666666667
Namibia,1960,20.177608333333335
Namibia,1961,19.992308333333334
Namibia,1962,20.000175000000002
Namibia,1963,20.060775
Namibia,1964,19.739333333333335
Namibia,1965,19.85076666666667
Namibia,1966,20.2077
Namibia,1967,19.759816666666666
Namibia,1968,19.680891666666664
Namibia,1969,20.140075
Namibia,1970,20.062608333333333
Namibia,1971,19.801125
Namibia,1972,20.32280833333333
Namibia,1973,20.333833333333335
Namibia,1974,19.35085
Namibia,1975,19.715725
Namibia,1976,19.124208333333332
Namibia,1977,19.984558333333336
Namibia,1978,19.723158333333334
Namibia,1979,20.225108333333335
Namibia,1980,20.313291666666668
Namibia,1981,19.976858333333332
Namibia,1982,20.3448
Namibia,1983,20.646683333333332
Namibia,1984,20.758433333333333
Namibia,1985,20.633958333333332
Namibia,1986,20.48795
Namibia,1987,20.908475
Namibia,1988,20.371241666666666
Namibia,1989,20.220958333333332
Namibia,1990,20.599666666666668
Namibia,1991,20.441533333333336
Namibia,1992,20.83885
Namibia,1993,20.904283333333336
Namibia,1994,20.607683333333334
Namibia,1995,20.888391666666667
Namibia,1996,20.31035
Namibia,1997,20.734825
Namibia,1998,21.026875
Namibia,1999,21.011791666666667
Namibia,2000,20.654799999999998
Namibia,2001,20.784908333333334
Namibia,2002,20.831641666666666
Namibia,2003,21.164983333333335
Namibia,2004,21.1765
Namibia,2005,21.266666666666666
Namibia,2006,20.753058333333332
Namibia,2007,20.851891666666667
Namibia,2008,20.800508333333333
Namibia,2009,21.502325
Namibia,2010,21.348741666666665
Namibia,2011,20.880475
Namibia,2012,21.106733333333334
Namibia,2013,21.208016666666666
Namibia,2014,21.304425
Namibia,2015,21.772274999999997
Namibia,2016,21.73266666666667
Nepal,1901,12.074283333333334
Nepal,1902,12.1329975
Nepal,1903,11.870619166666666
Nepal,1904,11.693982499999999
Nepal,1905,11.222814166666666
Nepal,1906,11.800570833333333
Nepal,1907,11.632011666666665
Nepal,1908,12.047613333333333
Nepal,1909,11.81091
Nepal,1910,11.513225
Nepal,1911,11.635370833333333
Nepal,1912,11.667551666666666
Nepal,1913,11.358263333333333
Nepal,1914,11.594029166666667
Nepal,1915,12.165789166666668
Nepal,1916,11.8178725
Nepal,1917,10.979930833333334
Nepal,1918,11.634695833333332
Nepal,1919,11.546819999999999
Nepal,1920,11.880435
Nepal,1921,12.2383425
Nepal,1922,11.9514025
Nepal,1923,12.1052725
Nepal,1924,12.117294166666667
Nepal,1925,11.375658333333334
Nepal,1926,11.5044925
Nepal,1927,11.589397499999999
Nepal,1928,12.149634166666667
Nepal,1929,11.937121666666668
Nepal,1930,11.7589625
Nepal,1931,12.154503333333333
Nepal,1932,12.1489025
Nepal,1933,11.366620833333334
Nepal,1934,11.723669166666667
Nepal,1935,11.832086666666667
Nepal,1936,11.567121666666667
Nepal,1937,11.586218333333333
Nepal,1938,11.956696666666666
Nepal,1939,11.928454166666667
Nepal,1940,11.864325000000001
Nepal,1941,12.631743333333333
Nepal,1942,12.344409166666667
Nepal,1943,12.213605000000001
Nepal,1944,12.081246666666667
Nepal,1945,11.777270000000001
Nepal,1946,12.26847
Nepal,1947,12.4878475
Nepal,1948,12.124800833333333
Nepal,1949,12.029634999999999
Nepal,1950,11.745203333333334
Nepal,1951,12.283200833333332
Nepal,1952,12.342831666666667
Nepal,1953,12.582764166666665
Nepal,1954,12.228445
Nepal,1955,12.0124625
Nepal,1956,12.176789166666666
Nepal,1957,12.06151
Nepal,1958,12.757390833333332
Nepal,1959,12.2165775
Nepal,1960,12.13485
Nepal,1961,11.855010833333333
Nepal,1962,11.792665
Nepal,1963,11.780434999999999
Nepal,1964,12.142481666666667
Nepal,1965,11.669101666666668
Nepal,1966,12.198858333333334
Nepal,1967,11.642335000000001
Nepal,1968,11.556055
Nepal,1969,12.325094166666666
Nepal,1970,12.191978333333333
Nepal,1971,11.4627025
Nepal,1972,12.049989166666668
Nepal,1973,12.070322500000001
Nepal,1974,12.09543
Nepal,1975,11.8452
Nepal,1976,11.958730000000001
Nepal,1977,11.950163333333334
Nepal,1978,11.602737499999998
Nepal,1979,12.2475325
Nepal,1980,12.234268333333333
Nepal,1981,11.861173333333333
Nepal,1982,11.821045
Nepal,1983,11.559866666666666
Nepal,1984,12.201212499999999
Nepal,1985,12.377318333333333
Nepal,1986,11.642884166666667
Nepal,1987,12.181579999999999
Nepal,1988,12.455847499999999
Nepal,1989,11.905324166666666
Nepal,1990,12.096823333333333
Nepal,1991,11.909290833333332
Nepal,1992,11.756120833333334
Nepal,1993,12.193910833333334
Nepal,1994,12.317657500000001
Nepal,1995,12.396030000000001
Nepal,1996,12.461394166666667
Nepal,1997,11.565821666666666
Nepal,1998,12.6970525
Nepal,1999,12.981856666666667
Nepal,2000,12.496005000000002
Nepal,2001,12.797846666666667
Nepal,2002,12.752576666666668
Nepal,2003,12.653625833333335
Nepal,2004,12.897765
Nepal,2005,12.702605833333335
Nepal,2006,13.227960000000001
Nepal,2007,12.967629166666667
Nepal,2008,12.705531666666666
Nepal,2009,13.354952500000001
Nepal,2010,13.396849166666668
Nepal,2011,12.684405833333335
Nepal,2012,12.622073333333333
Nepal,2013,12.429225833333334
Nepal,2014,12.486569166666667
Nepal,2015,12.47316
Nepal,2016,13.250616666666668
Netherlands,1901,8.812262500000001
Netherlands,1902,8.2601475
Netherlands,1903,9.346974166666667
Netherlands,1904,9.23329
Netherlands,1905,8.952838333333334
Netherlands,1906,9.495195
Netherlands,1907,8.976484166666667
Netherlands,1908,8.760369166666667
Netherlands,1909,8.521234999999999
Netherlands,1910,9.703339999999999
Netherlands,1911,10.27512
Netherlands,1912,9.440916666666666
Netherlands,1913,9.894380833333333
Netherlands,1914,9.9300075
Netherlands,1915,9.084004166666666
Netherlands,1916,9.465753333333334
Netherlands,1917,8.612464166666667
Netherlands,1918,9.66629
Netherlands,1919,8.41467
Netherlands,1920,9.723606666666667
Netherlands,1921,10.271715
Netherlands,1922,8.483674166666667
Netherlands,1923,9.05978
Netherlands,1924,8.831586666666666
Netherlands,1925,9.449145
Netherlands,1926,9.85532
Netherlands,1927,9.173123333333333
Netherlands,1928,9.55739
Netherlands,1929,8.654500833333334
Netherlands,1930,9.945230833333333
Netherlands,1931,8.973991666666667
Netherlands,1932,9.590729166666668
Netherlands,1933,9.254322499999999
Netherlands,1934,10.356551666666666
Netherlands,1935,9.774384166666666
Netherlands,1936,9.5870425
Netherlands,1937,9.706995000000001
Netherlands,1938,9.89101
Netherlands,1939,9.72326
Netherlands,1940,8.271875
Netherlands,1941,8.7029625
Netherlands,1942,8.532966666666667
Netherlands,1943,10.009528333333334
Netherlands,1944,9.541138333333334
Netherlands,1945,10.243278333333334
Netherlands,1946,9.361234166666668
Netherlands,1947,9.823280833333333
Netherlands,1948,10.225849166666666
Netherlands,1949,10.450048333333333
Netherlands,1950,9.714435
Netherlands,1951,9.600380833333334
Netherlands,1952,8.975360833333333
Netherlands,1953,9.790324166666666
Netherlands,1954,8.915302500000001
Netherlands,1955,8.822639166666667
Netherlands,1956,8.253414166666667
Netherlands,1957,9.7898775
Netherlands,1958,9.306824166666667
Netherlands,1959,10.1876475
Netherlands,1960,9.587519166666667
Netherlands,1961,9.920894166666667
Netherlands,1962,8.16964
Netherlands,1963,7.8528375
Netherlands,1964,9.141874166666666
Netherlands,1965,8.673026666666667
Netherlands,1966,9.41644
Netherlands,1967,9.917309166666668
Netherlands,1968,9.159833333333333
Netherlands,1969,9.164903333333333
Netherlands,1970,9.053855833333333
Netherlands,1971,9.612351666666667
Netherlands,1972,8.961575
Netherlands,1973,9.408201666666667
Netherlands,1974,9.736593333333333
Netherlands,1975,9.811275
Netherlands,1976,9.766705833333333
Netherlands,1977,9.61312
Netherlands,1978,8.925674166666667
Netherlands,1979,8.475565833333333
Netherlands,1980,9.005316666666667
Netherlands,1981,9.226595
Netherlands,1982,9.971095
Netherlands,1983,10.015909166666667
Netherlands,1984,9.2950375
Netherlands,1985,8.418296666666667
Netherlands,1986,8.832470833333334
Netherlands,1987,8.619523333333333
Netherlands,1988,10.160219166666666
Netherlands,1989,10.642674166666668
Netherlands,1990,10.71515
Netherlands,1991,9.461651666666667
Netherlands,1992,10.381210833333332
Netherlands,1993,9.45805
Netherlands,1994,10.49734
Netherlands,1995,10.25874
Netherlands,1996,8.380120833333333
Netherlands,1997,10.111145
Netherlands,1998,10.180085
Netherlands,1999,10.818475
Netherlands,2000,10.81459
Netherlands,2001,10.255325833333334
Netherlands,2002,10.705134166666667
Netherlands,2003,10.499975833333332
Netherlands,2004,10.2611525
Netherlands,2005,10.483083333333333
Netherlands,2006,10.889975833333333
Netherlands,2007,10.997865
Netherlands,2008,10.5152375
Netherlands,2009,10.431885
Netherlands,2010,8.980720833333335
Netherlands,2011,10.844023333333332
Netherlands,2012,10.170875833333334
Netherlands,2013,9.690971666666666
Netherlands,2014,11.583021666666667
Netherlands,2015,10.815034166666665
Netherlands,2016,10.740750833333335
New Caledonia,1901,22.367275000000003
New Caledonia,1902,21.642274999999998
New Caledonia,1903,22.392274999999998
New Caledonia,1904,21.375608333333332
New Caledonia,1905,21.608941666666666
New Caledonia,1906,22.000608333333332
New Caledonia,1907,22.483941666666666
New Caledonia,1908,21.983941666666666
New Caledonia,1909,22.642274999999998
New Caledonia,1910,23.358941666666666
New Caledonia,1911,21.908941666666667
New Caledonia,1912,21.908941666666667
New Caledonia,1913,21.908941666666667
New Caledonia,1914,21.908941666666667
New Caledonia,1915,22.950608333333335
New Caledonia,1916,22.942275
New Caledonia,1917,22.342275
New Caledonia,1918,21.93394166666667
New Caledonia,1919,21.825608333333335
New Caledonia,1920,22.150608333333334
New Caledonia,1921,22.250608333333332
New Caledonia,1922,22.175608333333333
New Caledonia,1923,21.908941666666667
New Caledonia,1924,21.908941666666667
New Caledonia,1925,21.908941666666667
New Caledonia,1926,21.908941666666667
New Caledonia,1927,22.208941666666664
New Caledonia,1928,21.908941666666667
New Caledonia,1929,22.458941666666664
New Caledonia,1930,21.88394166666667
New Caledonia,1931,22.497666666666664
New Caledonia,1932,22.043025
New Caledonia,1933,22.048783333333333
New Caledonia,1934,21.846733333333333
New Caledonia,1935,21.973174999999998
New Caledonia,1936,21.88995
New Caledonia,1937,21.994016666666667
New Caledonia,1938,22.19173333333333
New Caledonia,1939,21.766750000000002
New Caledonia,1940,21.154725
New Caledonia,1941,22.269941666666668
New Caledonia,1942,22.842633333333335
New Caledonia,1943,22.264233333333333
New Caledonia,1944,22.070849999999997
New Caledonia,1945,21.783625
New Caledonia,1946,22.56051666666667
New Caledonia,1947,22.502508333333335
New Caledonia,1948,22.359816666666664
New Caledonia,1949,22.429608333333334
New Caledonia,1950,22.528141666666667
New Caledonia,1951,21.586425000000002
New Caledonia,1952,22.1227
New Caledonia,1953,21.853341666666665
New Caledonia,1954,21.715175
New Caledonia,1955,21.914541666666665
New Caledonia,1956,21.895283333333335
New Caledonia,1957,21.575541666666666
New Caledonia,1958,21.970658333333333
New Caledonia,1959,21.669966666666667
New Caledonia,1960,21.656750000000002
New Caledonia,1961,21.902308333333334
New Caledonia,1962,22.002908333333334
New Caledonia,1963,21.740416666666665
New Caledonia,1964,22.162475
New Caledonia,1965,21.200816666666665
New Caledonia,1966,21.28130833333333
New Caledonia,1967,21.9849
New Caledonia,1968,21.4776
New Caledonia,1969,21.809658333333335
New Caledonia,1970,22.328950000000003
New Caledonia,1971,21.88445833333333
New Caledonia,1972,21.620966666666664
New Caledonia,1973,22.586291666666668
New Caledonia,1974,21.871691666666667
New Caledonia,1975,22.006633333333337
New Caledonia,1976,21.860416666666666
New Caledonia,1977,21.613533333333333
New Caledonia,1978,21.764991666666663
New Caledonia,1979,21.706258333333334
New Caledonia,1980,21.936366666666668
New Caledonia,1981,21.990108333333335
New Caledonia,1982,21.61498333333333
New Caledonia,1983,22.09561666666667
New Caledonia,1984,22.035591666666665
New Caledonia,1985,22.000441666666664
New Caledonia,1986,21.914225000000002
New Caledonia,1987,21.875883333333334
New Caledonia,1988,22.676816666666667
New Caledonia,1989,22.194100000000002
New Caledonia,1990,22.381833333333333
New Caledonia,1991,21.872116666666667
New Caledonia,1992,21.921899999999997
New Caledonia,1993,21.807783333333333
New Caledonia,1994,21.708616666666668
New Caledonia,1995,22.5411
New Caledonia,1996,22.5056
New Caledonia,1997,21.969633333333334
New Caledonia,1998,23.11491666666667
New Caledonia,1999,22.469733333333334
New Caledonia,2000,22.147499999999997
New Caledonia,2001,22.417725
New Caledonia,2002,22.366200000000003
New Caledonia,2003,22.200016666666667
New Caledonia,2004,22.303775
New Caledonia,2005,22.251975
New Caledonia,2006,22.005141666666663
New Caledonia,2007,22.567441666666667
New Caledonia,2008,22.472341666666665
New Caledonia,2009,22.287058333333334
New Caledonia,2010,22.702675
New Caledonia,2011,22.385724999999997
New Caledonia,2012,22.088041666666665
New Caledonia,2013,22.070674999999998
New Caledonia,2014,22.085774999999998
New Caledonia,2015,22.1794
New Caledonia,2016,22.88633333333333
New Zealand,1901,9.077665
New Zealand,1902,8.5480675
New Zealand,1903,9.068181666666666
New Zealand,1904,8.921525833333334
New Zealand,1905,9.0426
New Zealand,1906,8.856029166666668
New Zealand,1907,9.778221666666667
New Zealand,1908,9.480379166666667
New Zealand,1909,9.90802
New Zealand,1910,10.004005833333332
New Zealand,1911,9.591444166666667
New Zealand,1912,8.884300833333333
New Zealand,1913,9.249562500000001
New Zealand,1914,9.308876666666666
New Zealand,1915,9.754188333333333
New Zealand,1916,10.4421525
New Zealand,1917,10.122425
New Zealand,1918,9.265343333333332
New Zealand,1919,8.925423333333333
New Zealand,1920,9.272823333333333
New Zealand,1921,9.534341666666668
New Zealand,1922,9.547364166666666
New Zealand,1923,9.176850833333333
New Zealand,1924,10.208226666666667
New Zealand,1925,9.039608333333334
New Zealand,1926,9.150554166666668
New Zealand,1927,8.9423425
New Zealand,1928,9.988605833333333
New Zealand,1929,9.271725
New Zealand,1930,8.641323333333334
New Zealand,1931,8.832145833333334
New Zealand,1932,8.991581666666667
New Zealand,1933,9.434525
New Zealand,1934,9.547105
New Zealand,1935,9.824455833333333
New Zealand,1936,9.289945000000001
New Zealand,1937,8.994459166666667
New Zealand,1938,10.229910833333333
New Zealand,1939,9.248301666666666
New Zealand,1940,9.1837375
New Zealand,1941,9.228300833333334
New Zealand,1942,9.563559166666666
New Zealand,1943,9.1683675
New Zealand,1944,9.307830000000001
New Zealand,1945,9.009266666666667
New Zealand,1946,9.286478333333333
New Zealand,1947,9.367823333333334
New Zealand,1948,9.725353333333333
New Zealand,1949,9.479433333333334
New Zealand,1950,9.594479166666666
New Zealand,1951,9.2692225
New Zealand,1952,9.532131666666666
New Zealand,1953,9.490983333333334
New Zealand,1954,9.939358333333333
New Zealand,1955,10.176356666666667
New Zealand,1956,10.404015833333334
New Zealand,1957,9.882809166666666
New Zealand,1958,9.896299166666667
New Zealand,1959,9.630349166666667
New Zealand,1960,9.748181666666667
New Zealand,1961,9.737621666666668
New Zealand,1962,10.343155833333332
New Zealand,1963,9.4187475
New Zealand,1964,9.563331666666667
New Zealand,1965,9.369249166666668
New Zealand,1966,9.619093333333334
New Zealand,1967,9.7110025
New Zealand,1968,9.665613333333333
New Zealand,1969,9.636268333333334
New Zealand,1970,10.3089775
New Zealand,1971,10.611619166666665
New Zealand,1972,9.7516375
New Zealand,1973,10.138323333333334
New Zealand,1974,10.178055833333334
New Zealand,1975,10.145960833333334
New Zealand,1976,9.294963333333333
New Zealand,1977,9.289398333333333
New Zealand,1978,10.203820833333333
New Zealand,1979,10.066856666666666
New Zealand,1980,9.84934
New Zealand,1981,10.325356666666666
New Zealand,1982,9.5764025
New Zealand,1983,9.517188333333333
New Zealand,1984,10.160614166666667
New Zealand,1985,10.2877725
New Zealand,1986,10.171013333333333
New Zealand,1987,10.2547825
New Zealand,1988,10.403998333333334
New Zealand,1989,10.4690075
New Zealand,1990,10.380521666666667
New Zealand,1991,9.566249166666667
New Zealand,1992,8.9571275
New Zealand,1993,9.311235833333333
New Zealand,1994,9.693363333333332
New Zealand,1995,9.946811666666667
New Zealand,1996,9.86123
New Zealand,1997,9.653319999999999
New Zealand,1998,10.740773333333332
New Zealand,1999,10.660998333333334
New Zealand,2000,10.133155833333333
New Zealand,2001,10.223063333333334
New Zealand,2002,10.044709166666665
New Zealand,2003,9.9819225
New Zealand,2004,9.417674166666666
New Zealand,2005,10.45643
New Zealand,2006,9.766229166666667
New Zealand,2007,10.121146666666666
New Zealand,2008,10.185025833333333
New Zealand,2009,9.736815833333333
New Zealand,2010,10.423388333333333
New Zealand,2011,10.266320833333333
New Zealand,2012,9.97114
New Zealand,2013,10.597145833333334
New Zealand,2014,10.141165833333334
New Zealand,2015,10.015376666666667
New Zealand,2016,10.722485833333332
Nicaragua,1901,24.434316666666664
Nicaragua,1902,24.783483333333333
Nicaragua,1903,24.770633333333333
Nicaragua,1904,24.542591666666667
Nicaragua,1905,24.79864166666667
Nicaragua,1906,24.345958333333332
Nicaragua,1907,24.495683333333332
Nicaragua,1908,24.471825
Nicaragua,1909,24.625
Nicaragua,1910,23.590616666666666
Nicaragua,1911,24.472708333333333
Nicaragua,1912,24.697525
Nicaragua,1913,24.237425
Nicaragua,1914,24.25101666666667
Nicaragua,1915,24.441258333333334
Nicaragua,1916,24.335825
Nicaragua,1917,24.576783333333335
Nicaragua,1918,24.801508333333334
Nicaragua,1919,24.58005833333333
Nicaragua,1920,24.583416666666665
Nicaragua,1921,24.476366666666667
Nicaragua,1922,24.966383333333336
Nicaragua,1923,24.705875000000002
Nicaragua,1924,24.613675
Nicaragua,1925,24.579466666666665
Nicaragua,1926,24.68795
Nicaragua,1927,24.762675
Nicaragua,1928,24.59775833333333
Nicaragua,1929,24.874125000000003
Nicaragua,1930,24.407733333333336
Nicaragua,1931,24.640883333333335
Nicaragua,1932,24.765600000000003
Nicaragua,1933,24.6908
Nicaragua,1934,24.552241666666664
Nicaragua,1935,24.550983333333335
Nicaragua,1936,25.049599999999998
Nicaragua,1937,24.799291666666665
Nicaragua,1938,24.153033333333337
Nicaragua,1939,24.480158333333332
Nicaragua,1940,24.393125
Nicaragua,1941,24.621875
Nicaragua,1942,24.459958333333333
Nicaragua,1943,23.955691666666667
Nicaragua,1944,24.252808333333334
Nicaragua,1945,24.505891666666667
Nicaragua,1946,24.575833333333332
Nicaragua,1947,24.71728333333333
Nicaragua,1948,24.53441666666667
Nicaragua,1949,24.315716666666663
Nicaragua,1950,23.874216666666666
Nicaragua,1951,24.655916666666666
Nicaragua,1952,24.776541666666663
Nicaragua,1953,24.833699999999997
Nicaragua,1954,24.31351666666667
Nicaragua,1955,24.38875
Nicaragua,1956,24.729141666666667
Nicaragua,1957,25.2043
Nicaragua,1958,25.437974999999998
Nicaragua,1959,25.119366666666668
Nicaragua,1960,24.925158333333332
Nicaragua,1961,24.682391666666664
Nicaragua,1962,24.430533333333333
Nicaragua,1963,24.694616666666665
Nicaragua,1964,24.71698333333333
Nicaragua,1965,24.853800000000003
Nicaragua,1966,24.849283333333332
Nicaragua,1967,24.40925833333333
Nicaragua,1968,24.170258333333333
Nicaragua,1969,24.561408333333333
Nicaragua,1970,24.186674999999997
Nicaragua,1971,24.034383333333334
Nicaragua,1972,24.61384166666667
Nicaragua,1973,24.620591666666666
Nicaragua,1974,24.147425
Nicaragua,1975,24.256249999999998
Nicaragua,1976,24.448141666666668
Nicaragua,1977,24.794749999999997
Nicaragua,1978,24.848266666666664
Nicaragua,1979,24.884266666666665
Nicaragua,1980,25.041866666666667
Nicaragua,1981,24.798091666666668
Nicaragua,1982,24.993033333333333
Nicaragua,1983,25.396758333333334
Nicaragua,1984,24.57959166666667
Nicaragua,1985,24.816141666666667
Nicaragua,1986,24.818883333333332
Nicaragua,1987,25.355933333333336
Nicaragua,1988,25.129166666666666
Nicaragua,1989,24.8151
Nicaragua,1990,25.033625
Nicaragua,1991,24.995275000000003
Nicaragua,1992,25.136741666666666
Nicaragua,1993,24.990708333333334
Nicaragua,1994,25.11553333333333
Nicaragua,1995,25.041308333333333
Nicaragua,1996,24.7516
Nicaragua,1997,25.341958333333334
Nicaragua,1998,25.432975
Nicaragua,1999,24.635108333333335
Nicaragua,2000,24.853966666666665
Nicaragua,2001,25.2946
Nicaragua,2002,25.482766666666667
Nicaragua,2003,25.476375
Nicaragua,2004,25.303749999999997
Nicaragua,2005,25.252458333333333
Nicaragua,2006,25.323416666666663
Nicaragua,2007,25.134175
Nicaragua,2008,25.201558333333335
Nicaragua,2009,25.564558333333334
Nicaragua,2010,25.364816666666666
Nicaragua,2011,25.234750000000002
Nicaragua,2012,25.17379166666667
Nicaragua,2013,25.27400833333333
Nicaragua,2014,25.386083333333332
Nicaragua,2015,25.631583333333335
Nicaragua,2016,25.67455
Niger,1901,26.837641666666666
Niger,1902,26.956266666666664
Niger,1903,27.16815
Niger,1904,27.178083333333333
Niger,1905,26.81028333333333
Niger,1906,27.5149
Niger,1907,27.090266666666665
Niger,1908,27.135658333333335
Niger,1909,26.933725
Niger,1910,27.304383333333334
Niger,1911,26.932266666666667
Niger,1912,27.35076666666667
Niger,1913,27.4713
Niger,1914,27.781716666666668
Niger,1915,26.741716666666665
Niger,1916,26.490916666666667
Niger,1917,26.624533333333332
Niger,1918,26.536641666666668
Niger,1919,27.231575000000003
Niger,1920,27.178358333333335
Niger,1921,27.14284166666667
Niger,1922,26.882033333333336
Niger,1923,27.660516666666666
Niger,1924,27.534516666666665
Niger,1925,26.63225
Niger,1926,27.595725
Niger,1927,27.73835
Niger,1928,27.402475
Niger,1929,27.164058333333333
Niger,1930,28.48336666666667
Niger,1931,28.731091666666668
Niger,1932,27.630174999999998
Niger,1933,27.406075
Niger,1934,27.770741666666666
Niger,1935,28.026908333333335
Niger,1936,27.69595
Niger,1937,28.18071666666667
Niger,1938,28.451316666666667
Niger,1939,28.206716666666665
Niger,1940,27.22276666666667
Niger,1941,28.48029166666667
Niger,1942,28.09521666666667
Niger,1943,27.213925
Niger,1944,27.243741666666665
Niger,1945,26.607091666666665
Niger,1946,27.014958333333336
Niger,1947,27.429525
Niger,1948,26.550875
Niger,1949,27.234800000000003
Niger,1950,26.385416666666668
Niger,1951,27.2666
Niger,1952,26.708841666666668
Niger,1953,26.727425
Niger,1954,26.906508333333335
Niger,1955,26.90648333333333
Niger,1956,26.893683333333332
Niger,1957,26.898799999999998
Niger,1958,27.199983333333336
Niger,1959,26.883375
Niger,1960,27.12353333333333
Niger,1961,26.177625000000003
Niger,1962,27.015199999999997
Niger,1963,27.405916666666666
Niger,1964,27.060816666666668
Niger,1965,26.708616666666668
Niger,1966,26.993366666666663
Niger,1967,26.759141666666668
Niger,1968,27.02733333333333
Niger,1969,27.98815833333333
Niger,1970,27.047275
Niger,1971,27.10869166666667
Niger,1972,27.59238333333333
Niger,1973,27.630283333333335
Niger,1974,26.849641666666667
Niger,1975,26.871475
Niger,1976,27.246724999999998
Niger,1977,26.635491666666667
Niger,1978,27.261633333333336
Niger,1979,27.5094
Niger,1980,27.428725
Niger,1981,27.101791666666667
Niger,1982,27.300375
Niger,1983,27.138091666666668
Niger,1984,27.713224999999998
Niger,1985,27.264766666666663
Niger,1986,27.49224166666667
Niger,1987,27.818841666666668
Niger,1988,27.289875
Niger,1989,26.648891666666668
Niger,1990,27.49031666666667
Niger,1991,27.607308333333332
Niger,1992,26.964883333333333
Niger,1993,27.510733333333334
Niger,1994,27.159325
Niger,1995,27.659858333333332
Niger,1996,27.810658333333333
Niger,1997,27.87585833333333
Niger,1998,28.03600833333333
Niger,1999,27.820091666666666
Niger,2000,27.331566666666664
Niger,2001,27.541858333333334
Niger,2002,27.7604
Niger,2003,27.871266666666667
Niger,2004,27.96435
Niger,2005,28.234291666666664
Niger,2006,27.96813333333333
Niger,2007,27.918341666666667
Niger,2008,27.491608333333332
Niger,2009,28.55774166666667
Niger,2010,28.717016666666666
Niger,2011,28.20925
Niger,2012,27.998724999999997
Niger,2013,28.07681666666667
Niger,2014,28.24891666666667
Niger,2015,27.747091666666666
Niger,2016,28.364958333333334
Nigeria,1901,26.314183333333332
Nigeria,1902,26.596416666666666
Nigeria,1903,26.8048
Nigeria,1904,26.604758333333333
Nigeria,1905,26.610158333333334
Nigeria,1906,27.246333333333336
Nigeria,1907,26.773049999999998
Nigeria,1908,26.690533333333335
Nigeria,1909,26.72554166666667
Nigeria,1910,26.776841666666666
Nigeria,1911,26.72736666666667
Nigeria,1912,26.921491666666668
Nigeria,1913,27.022325
Nigeria,1914,27.59215
Nigeria,1915,26.54726666666667
Nigeria,1916,26.380966666666666
Nigeria,1917,26.457466666666665
Nigeria,1918,26.403274999999997
Nigeria,1919,26.794241666666665
Nigeria,1920,26.815791666666666
Nigeria,1921,26.786974999999998
Nigeria,1922,26.620033333333335
Nigeria,1923,27.035383333333332
Nigeria,1924,26.915391666666665
Nigeria,1925,26.140649999999997
Nigeria,1926,27.102575
Nigeria,1927,26.965383333333335
Nigeria,1928,26.515424999999997
Nigeria,1929,26.085774999999998
Nigeria,1930,27.598991666666667
Nigeria,1931,27.967708333333334
Nigeria,1932,27.48991666666667
Nigeria,1933,27.161150000000003
Nigeria,1934,27.576516666666667
Nigeria,1935,27.717375
Nigeria,1936,26.968549999999997
Nigeria,1937,27.811783333333334
Nigeria,1938,28.096474999999998
Nigeria,1939,27.69973333333333
Nigeria,1940,26.84465
Nigeria,1941,27.984325
Nigeria,1942,27.586066666666667
Nigeria,1943,26.92065
Nigeria,1944,27.007208333333335
Nigeria,1945,26.564233333333334
Nigeria,1946,26.6859
Nigeria,1947,27.03718333333333
Nigeria,1948,26.36938333333333
Nigeria,1949,27.100633333333334
Nigeria,1950,26.419633333333334
Nigeria,1951,26.790025
Nigeria,1952,26.621125000000003
Nigeria,1953,26.496799999999997
Nigeria,1954,26.550441666666668
Nigeria,1955,26.40165
Nigeria,1956,26.477725000000003
Nigeria,1957,26.560716666666668
Nigeria,1958,26.8767
Nigeria,1959,26.685866666666666
Nigeria,1960,26.8086
Nigeria,1961,26.179199999999998
Nigeria,1962,26.613725000000002
Nigeria,1963,26.965625
Nigeria,1964,26.57943333333333
Nigeria,1965,26.504075
Nigeria,1966,26.73046666666667
Nigeria,1967,26.476191666666665
Nigeria,1968,26.701508333333333
Nigeria,1969,27.24875833333333
Nigeria,1970,26.850858333333335
Nigeria,1971,26.373283333333333
Nigeria,1972,26.774841666666664
Nigeria,1973,27.158158333333333
Nigeria,1974,26.25214166666667
Nigeria,1975,26.194666666666667
Nigeria,1976,26.363583333333334
Nigeria,1977,26.466425
Nigeria,1978,26.518966666666667
Nigeria,1979,26.825883333333334
Nigeria,1980,26.852249999999998
Nigeria,1981,26.824383333333333
Nigeria,1982,26.930374999999998
Nigeria,1983,27.068033333333332
Nigeria,1984,27.163841666666666
Nigeria,1985,26.948475000000002
Nigeria,1986,26.991633333333336
Nigeria,1987,27.566783333333333
Nigeria,1988,27.022375
Nigeria,1989,26.515891666666665
Nigeria,1990,27.400716666666668
Nigeria,1991,26.941575
Nigeria,1992,26.651066666666665
Nigeria,1993,27.002799999999997
Nigeria,1994,26.708816666666667
Nigeria,1995,27.011683333333334
Nigeria,1996,27.123291666666663
Nigeria,1997,27.105541666666667
Nigeria,1998,27.522108333333332
Nigeria,1999,27.06245
Nigeria,2000,26.868399999999998
Nigeria,2001,27.05571666666667
Nigeria,2002,27.238641666666666
Nigeria,2003,27.373433333333335
Nigeria,2004,27.343100000000003
Nigeria,2005,27.60865
Nigeria,2006,27.464341666666666
Nigeria,2007,27.361575000000002
Nigeria,2008,27.06455
Nigeria,2009,27.75554166666667
Nigeria,2010,27.857575
Nigeria,2011,27.434308333333334
Nigeria,2012,27.248633333333334
Nigeria,2013,27.50776666666667
Nigeria,2014,27.584266666666668
Nigeria,2015,27.401574999999998
Nigeria,2016,27.798658333333332
Northern Mariana Islands,1901,27.360525
Northern Mariana Islands,1902,27.360525
Northern Mariana Islands,1903,27.360525
Northern Mariana Islands,1904,27.360525
Northern Mariana Islands,1905,27.360525
Northern Mariana Islands,1906,27.360525
Northern Mariana Islands,1907,27.360525
Northern Mariana Islands,1908,27.360525
Northern Mariana Islands,1909,27.360525
Northern Mariana Islands,1910,27.360525
Northern Mariana Islands,1911,27.360525
Northern Mariana Islands,1912,27.360525
Northern Mariana Islands,1913,27.360525
Northern Mariana Islands,1914,27.360525
Northern Mariana Islands,1915,27.360525
Northern Mariana Islands,1916,27.360525
Northern Mariana Islands,1917,27.360525
Northern Mariana Islands,1918,27.360525
Northern Mariana Islands,1919,27.360525
Northern Mariana Islands,1920,27.360525
Northern Mariana Islands,1921,27.104541666666666
Northern Mariana Islands,1922,26.993858333333332
Northern Mariana Islands,1923,27.012283333333333
Northern Mariana Islands,1924,27.027191666666667
Northern Mariana Islands,1925,27.152191666666667
Northern Mariana Islands,1926,27.585525
Northern Mariana Islands,1927,27.560525
Northern Mariana Islands,1928,27.560525
Northern Mariana Islands,1929,27.14385833333333
Northern Mariana Islands,1930,27.310525
Northern Mariana Islands,1931,27.502191666666665
Northern Mariana Islands,1932,27.468858333333333
Northern Mariana Islands,1933,27.352191666666666
Northern Mariana Islands,1934,27.385525
Northern Mariana Islands,1935,27.360525
Northern Mariana Islands,1936,27.602191666666666
Northern Mariana Islands,1937,27.556308333333334
Northern Mariana Islands,1938,27.610525
Northern Mariana Islands,1939,27.577191666666668
Northern Mariana Islands,1940,27.510525
Northern Mariana Islands,1941,27.135525
Northern Mariana Islands,1942,27.110525
Northern Mariana Islands,1943,27.01885833333333
Northern Mariana Islands,1944,27.360525
Northern Mariana Islands,1945,26.818858333333335
Northern Mariana Islands,1946,27.452191666666664
Northern Mariana Islands,1947,27.310525
Northern Mariana Islands,1948,26.877191666666665
Northern Mariana Islands,1949,26.752183333333335
Northern Mariana Islands,1950,26.56650833333333
Northern Mariana Islands,1951,27.065224999999998
Northern Mariana Islands,1952,26.860525
Northern Mariana Islands,1953,26.950425
Northern Mariana Islands,1954,26.996208333333332
Northern Mariana Islands,1955,26.827191666666664
Northern Mariana Islands,1956,26.787875
Northern Mariana Islands,1957,27.1968
Northern Mariana Islands,1958,27.168858333333333
Northern Mariana Islands,1959,27.218858333333333
Northern Mariana Islands,1960,27.282583333333335
Northern Mariana Islands,1961,27.115325
Northern Mariana Islands,1962,27.296208333333336
Northern Mariana Islands,1963,27.110525
Northern Mariana Islands,1964,27.24139166666667
Northern Mariana Islands,1965,26.996208333333332
Northern Mariana Islands,1966,27.40395
Northern Mariana Islands,1967,26.849841666666666
Northern Mariana Islands,1968,27.012866666666667
Northern Mariana Islands,1969,27.556299999999997
Northern Mariana Islands,1970,27.571208333333335
Northern Mariana Islands,1971,27.579541666666668
Northern Mariana Islands,1972,27.06945
Northern Mariana Islands,1973,27.245616666666667
Northern Mariana Islands,1974,27.3171
Northern Mariana Islands,1975,27.015925
Northern Mariana Islands,1976,27.13070833333333
Northern Mariana Islands,1977,27.402191666666667
Northern Mariana Islands,1978,27.29925833333333
Northern Mariana Islands,1979,27.376025
Northern Mariana Islands,1980,27.437275
Northern Mariana Islands,1981,27.61945
Northern Mariana Islands,1982,27.240908333333334
Northern Mariana Islands,1983,27.471791666666665
Northern Mariana Islands,1984,27.686108333333333
Northern Mariana Islands,1985,27.5218
Northern Mariana Islands,1986,27.511116666666666
Northern Mariana Islands,1987,27.695616666666666
Northern Mariana Islands,1988,27.88376666666667
Northern Mariana Islands,1989,27.618858333333336
Northern Mariana Islands,1990,27.60875833333333
Northern Mariana Islands,1991,27.649258333333336
Northern Mariana Islands,1992,27.574250000000003
Northern Mariana Islands,1993,27.639733333333336
Northern Mariana Islands,1994,27.555825
Northern Mariana Islands,1995,27.355825
Northern Mariana Islands,1996,27.368858333333336
Northern Mariana Islands,1997,27.14961666666667
Northern Mariana Islands,1998,27.372975
Northern Mariana Islands,1999,27.444925
Northern Mariana Islands,2000,27.950908333333334
Northern Mariana Islands,2001,28.036591666666666
Northern Mariana Islands,2002,27.93365
Northern Mariana Islands,2003,27.8306
Northern Mariana Islands,2004,27.987866666666665
Northern Mariana Islands,2005,28.003474999999998
Northern Mariana Islands,2006,27.955008333333335
Northern Mariana Islands,2007,27.674841666666666
Northern Mariana Islands,2008,27.690224999999998
Northern Mariana Islands,2009,27.693858333333335
Northern Mariana Islands,2010,27.752191666666665
Northern Mariana Islands,2011,27.72061666666667
Northern Mariana Islands,2012,27.727191666666666
Northern Mariana Islands,2013,28.121208333333332
Northern Mariana Islands,2014,27.962283333333332
Northern Mariana Islands,2015,27.69151666666667
Northern Mariana Islands,2016,28.329541666666668
Norway,1901,0.9963525000000001
Norway,1902,-0.7326724999999997
Norway,1903,0.7002666666666665
Norway,1904,0.07907083333333335
Norway,1905,0.6646966666666668
Norway,1906,0.9515250000000002
Norway,1907,0.8190191666666667
Norway,1908,0.8326925
Norway,1909,-0.03800166666666679
Norway,1910,1.1875958333333332
Norway,1911,1.2050008333333335
Norway,1912,0.26549583333333326
Norway,1913,1.0655983333333332
Norway,1914,1.4336441666666666
Norway,1915,-1.0784449999999997
Norway,1916,0.602285
Norway,1917,-0.39122499999999993
Norway,1918,0.9567050000000002
Norway,1919,-0.10305666666666635
Norway,1920,1.8861825000000003
Norway,1921,0.9990283333333333
Norway,1922,0.29880749999999995
Norway,1923,0.06699416666666676
Norway,1924,0.9137441666666667
Norway,1925,0.9291808333333332
Norway,1926,0.5035074999999999
Norway,1927,0.27656083333333337
Norway,1928,0.4087224999999998
Norway,1929,0.6511141666666667
Norway,1930,2.1501750000000004
Norway,1931,0.4437916666666666
Norway,1932,1.54711
Norway,1933,1.4917525000000003
Norway,1934,2.5773058333333334
Norway,1935,1.1783625000000002
Norway,1936,1.4048508333333334
Norway,1937,1.6788708333333335
Norway,1938,2.6234858333333335
Norway,1939,1.1367066666666665
Norway,1940,-0.10162916666666673
Norway,1941,-0.35546416666666664
Norway,1942,-0.46744499999999994
Norway,1943,1.7765116666666667
Norway,1944,1.3984191666666668
Norway,1945,1.2402058333333335
Norway,1946,1.3842700000000001
Norway,1947,0.4130358333333332
Norway,1948,1.5147725
Norway,1949,1.9606833333333336
Norway,1950,1.3272983333333335
Norway,1951,0.7337516666666667
Norway,1952,0.06096000000000027
Norway,1953,2.2393083333333332
Norway,1954,1.102865
Norway,1955,-0.20909333333333313
Norway,1956,-0.007040833333333533
Norway,1957,1.0572866666666665
Norway,1958,0.2729225000000001
Norway,1959,1.9727500000000002
Norway,1960,0.9776775
Norway,1961,1.7315808333333333
Norway,1962,0.09931916666666663
Norway,1963,0.6701825000000001
Norway,1964,1.2185216666666667
Norway,1965,0.07755166666666675
Norway,1966,-0.5729683333333334
Norway,1967,1.0933533333333332
Norway,1968,0.017808333333333353
Norway,1969,0.35592749999999995
Norway,1970,0.32422916666666657
Norway,1971,0.7186708333333334
Norway,1972,1.6640083333333333
Norway,1973,0.9624933333333333
Norway,1974,2.0662391666666666
Norway,1975,1.75793
Norway,1976,0.4302616666666668
Norway,1977,0.3906724999999999
Norway,1978,0.06425083333333352
Norway,1979,0.04801666666666652
Norway,1980,0.30631916666666675
Norway,1981,-0.21467083333333306
Norway,1982,1.1566516666666666
Norway,1983,1.2279433333333334
Norway,1984,1.4154066666666667
Norway,1985,-0.5280891666666664
Norway,1986,0.4408708333333333
Norway,1987,-0.04304749999999983
Norway,1988,1.2061833333333334
Norway,1989,2.389674166666667
Norway,1990,2.524354166666667
Norway,1991,1.6145474999999998
Norway,1992,1.9705608333333335
Norway,1993,1.0128233333333334
Norway,1994,1.0202108333333333
Norway,1995,1.1068091666666666
Norway,1996,0.6010758333333331
Norway,1997,1.7711058333333334
Norway,1998,1.0295991666666666
Norway,1999,1.6530499999999997
Norway,2000,2.388385
Norway,2001,1.07139
Norway,2002,1.7816600000000002
Norway,2003,1.9509549999999998
Norway,2004,2.0037275
Norway,2005,2.118913333333333
Norway,2006,2.4114058333333332
Norway,2007,2.0876691666666667
Norway,2008,2.2070658333333335
Norway,2009,1.7973325000000002
Norway,2010,-0.021654166666666825
Norway,2011,2.5671516666666663
Norway,2012,1.1759616666666668
Norway,2013,1.9476749999999996
Norway,2014,2.8501316666666665
Norway,2015,2.516758333333333
Norway,2016,2.2640433333333334
Oman,1901,25.781158333333334
Oman,1902,25.270208333333333
Oman,1903,24.410225
Oman,1904,24.720583333333334
Oman,1905,24.696541666666665
Oman,1906,24.60043333333333
Oman,1907,24.436850000000003
Oman,1908,25.112375
Oman,1909,25.138166666666667
Oman,1910,24.194383333333334
Oman,1911,23.69196666666667
Oman,1912,24.53526666666667
Oman,1913,24.354250000000004
Oman,1914,24.922966666666667
Oman,1915,25.39295
Oman,1916,25.146933333333333
Oman,1917,25.216125
Oman,1918,25.021066666666666
Oman,1919,25.425766666666664
Oman,1920,25.290233333333333
Oman,1921,25.496533333333332
Oman,1922,25.520791666666668
Oman,1923,25.153166666666667
Oman,1924,25.723341666666666
Oman,1925,25.124758333333332
Oman,1926,25.326683333333335
Oman,1927,25.364416666666667
Oman,1928,25.127574999999997
Oman,1929,25.144283333333334
Oman,1930,25.05458333333333
Oman,1931,24.990091666666668
Oman,1932,24.63815
Oman,1933,24.485991666666667
Oman,1934,24.74384166666667
Oman,1935,25.277983333333335
Oman,1936,24.753425000000004
Oman,1937,24.85343333333333
Oman,1938,25.018308333333334
Oman,1939,25.13609166666667
Oman,1940,25.560866666666666
Oman,1941,25.722275
Oman,1942,25.414833333333334
Oman,1943,25.196074999999997
Oman,1944,25.434441666666668
Oman,1945,25.117891666666665
Oman,1946,25.445666666666668
Oman,1947,25.331183333333332
Oman,1948,25.380475
Oman,1949,24.946133333333332
Oman,1950,24.648591666666665
Oman,1951,25.657608333333332
Oman,1952,25.301599999999997
Oman,1953,25.701416666666663
Oman,1954,25.71944166666667
Oman,1955,25.23455
Oman,1956,25.328658333333333
Oman,1957,25.204783333333335
Oman,1958,25.77978333333333
Oman,1959,25.2077
Oman,1960,25.63076666666667
Oman,1961,25.55185
Oman,1962,25.581341666666663
Oman,1963,25.562083333333334
Oman,1964,24.98251666666667
Oman,1965,25.605725000000003
Oman,1966,25.59781666666667
Oman,1967,25.504450000000002
Oman,1968,25.344174999999996
Oman,1969,25.91485833333333
Oman,1970,25.84745
Oman,1971,25.293525
Oman,1972,25.182374999999997
Oman,1973,25.348733333333332
Oman,1974,25.392799999999998
Oman,1975,25.380525000000002
Oman,1976,25.55758333333333
Oman,1977,25.955983333333336
Oman,1978,25.675991666666665
Oman,1979,25.693550000000002
Oman,1980,25.7576
Oman,1981,25.762416666666667
Oman,1982,25.48
Oman,1983,25.264833333333332
Oman,1984,25.231316666666668
Oman,1985,25.485733333333332
Oman,1986,25.461225
Oman,1987,25.849925
Oman,1988,25.930916666666665
Oman,1989,25.337675
Oman,1990,25.905033333333336
Oman,1991,25.482958333333332
Oman,1992,25.234691666666667
Oman,1993,25.929616666666664
Oman,1994,25.83395
Oman,1995,25.739608333333333
Oman,1996,25.582216666666667
Oman,1997,25.607041666666664
Oman,1998,26.433858333333333
Oman,1999,25.959875
Oman,2000,25.972108333333335
Oman,2001,26.292283333333334
Oman,2002,26.136675
Oman,2003,26.237375
Oman,2004,26.223591666666668
Oman,2005,26.017358333333334
Oman,2006,26.097858333333335
Oman,2007,26.390424999999997
Oman,2008,25.670683333333333
Oman,2009,26.288300000000003
Oman,2010,26.592924999999997
Oman,2011,26.133708333333335
Oman,2012,26.132558333333336
Oman,2013,25.862399999999997
Oman,2014,26.234325
Oman,2015,26.549091666666666
Oman,2016,26.46421666666667
Pakistan,1901,20.060848333333336
Pakistan,1902,20.406835833333332
Pakistan,1903,19.46482083333333
Pakistan,1904,19.970375833333332
Pakistan,1905,19.448188333333334
Pakistan,1906,19.809450833333333
Pakistan,1907,19.509705
Pakistan,1908,19.555155
Pakistan,1909,19.414420833333335
Pakistan,1910,19.391983333333332
Pakistan,1911,19.63944
Pakistan,1912,20.00243
Pakistan,1913,19.532539166666666
Pakistan,1914,19.890279166666666
Pakistan,1915,20.414376666666666
Pakistan,1916,19.80906166666667
Pakistan,1917,19.383954166666665
Pakistan,1918,19.549899166666666
Pakistan,1919,19.443841666666668
Pakistan,1920,19.412104166666666
Pakistan,1921,20.223353333333332
Pakistan,1922,20.031590833333333
Pakistan,1923,19.488315
Pakistan,1924,19.702205
Pakistan,1925,19.801840833333333
Pakistan,1926,19.622870833333334
Pakistan,1927,19.478991666666666
Pakistan,1928,19.944749166666668
Pakistan,1929,19.606377499999997
Pakistan,1930,19.4386225
Pakistan,1931,19.87306166666667
Pakistan,1932,20.104316666666666
Pakistan,1933,19.694536666666668
Pakistan,1934,19.897950833333333
Pakistan,1935,19.293058333333335
Pakistan,1936,19.879406666666668
Pakistan,1937,19.48693833333333
Pakistan,1938,19.883295
Pakistan,1939,19.919812500000003
Pakistan,1940,20.223160833333335
Pakistan,1941,20.984645833333335
Pakistan,1942,20.1711925
Pakistan,1943,19.999103333333334
Pakistan,1944,19.836275833333335
Pakistan,1945,19.557230833333332
Pakistan,1946,20.484615833333333
Pakistan,1947,20.621906666666668
Pakistan,1948,20.076127500000002
Pakistan,1949,19.831065
Pakistan,1950,18.907104166666667
Pakistan,1951,19.880544166666667
Pakistan,1952,20.012620000000002
Pakistan,1953,20.556140833333334
Pakistan,1954,19.9103625
Pakistan,1955,19.904329999999998
Pakistan,1956,19.805875
Pakistan,1957,19.123395833333333
Pakistan,1958,20.573800000000002
Pakistan,1959,20.131860833333334
Pakistan,1960,19.881630833333332
Pakistan,1961,19.753663333333332
Pakistan,1962,19.779220833333333
Pakistan,1963,20.461926666666667
Pakistan,1964,19.455764166666665
Pakistan,1965,19.736968333333333
Pakistan,1966,19.83545833333333
Pakistan,1967,19.678001666666667
Pakistan,1968,19.5389375
Pakistan,1969,20.301930000000002
Pakistan,1970,20.421614166666668
Pakistan,1971,20.1752675
Pakistan,1972,19.34572916666667
Pakistan,1973,20.05651
Pakistan,1974,19.670916666666667
Pakistan,1975,19.41561833333333
Pakistan,1976,19.698890833333333
Pakistan,1977,20.5280825
Pakistan,1978,20.0684175
Pakistan,1979,19.885080833333333
Pakistan,1980,20.389884166666665
Pakistan,1981,20.206408333333332
Pakistan,1982,19.5101975
Pakistan,1983,19.611718333333332
Pakistan,1984,19.920436666666667
Pakistan,1985,20.2429075
Pakistan,1986,19.578992500000002
Pakistan,1987,20.42715
Pakistan,1988,20.858066666666666
Pakistan,1989,19.541076666666665
Pakistan,1990,20.35334166666667
Pakistan,1991,19.842869166666667
Pakistan,1992,19.705821666666665
Pakistan,1993,20.407645
Pakistan,1994,20.11169333333333
Pakistan,1995,19.943789166666665
Pakistan,1996,19.8598875
Pakistan,1997,19.44473916666667
Pakistan,1998,20.465836666666664
Pakistan,1999,20.8558725
Pakistan,2000,20.692855833333336
Pakistan,2001,20.780218333333334
Pakistan,2002,20.80696083333333
Pakistan,2003,20.334099166666665
Pakistan,2004,21.051189166666667
Pakistan,2005,20.1510325
Pakistan,2006,20.9946925
Pakistan,2007,20.61802833333333
Pakistan,2008,20.514409166666667
Pakistan,2009,20.910591666666665
Pakistan,2010,20.9999225
Pakistan,2011,20.724895
Pakistan,2012,20.05353583333333
Pakistan,2013,20.652716666666667
Pakistan,2014,20.527867500000003
Pakistan,2015,20.559059166666668
Pakistan,2016,21.414616666666664
Palau,1901,27.603708333333334
Palau,1902,27.603708333333334
Palau,1903,27.603708333333334
Palau,1904,27.603708333333334
Palau,1905,27.603708333333334
Palau,1906,27.603708333333334
Palau,1907,27.603708333333334
Palau,1908,27.603708333333334
Palau,1909,27.603708333333334
Palau,1910,27.603708333333334
Palau,1911,27.603708333333334
Palau,1912,27.603708333333334
Palau,1913,27.603708333333334
Palau,1914,27.603708333333334
Palau,1915,27.603708333333334
Palau,1916,27.603708333333334
Palau,1917,27.603708333333334
Palau,1918,27.603708333333334
Palau,1919,27.603708333333334
Palau,1920,27.603708333333334
Palau,1921,27.445375
Palau,1922,27.303716666666663
Palau,1923,27.11205
Palau,1924,26.724641666666667
Palau,1925,26.940991666666665
Palau,1926,27.262058333333332
Palau,1927,27.370375
Palau,1928,27.413216666666667
Palau,1929,26.971549999999997
Palau,1930,27.090758333333337
Palau,1931,27.19219166666667
Palau,1932,27.141325
Palau,1933,27.239333333333335
Palau,1934,27.255716666666668
Palau,1935,27.11425
Palau,1936,27.00600833333333
Palau,1937,27.060016666666666
Palau,1938,27.044508333333336
Palau,1939,27.103691666666666
Palau,1940,26.985016666666667
Palau,1941,27.08620833333333
Palau,1942,27.09561666666667
Palau,1943,26.928675
Palau,1944,27.603708333333334
Palau,1945,27.603708333333334
Palau,1946,27.603708333333334
Palau,1947,27.603708333333334
Palau,1948,27.487041666666666
Palau,1949,27.424291666666665
Palau,1950,27.42571666666667
Palau,1951,27.702758333333332
Palau,1952,27.505916666666668
Palau,1953,27.650666666666666
Palau,1954,27.572549999999996
Palau,1955,27.370583333333332
Palau,1956,27.30895
Palau,1957,27.623441666666665
Palau,1958,27.786108333333335
Palau,1959,27.473416666666665
Palau,1960,27.635050000000003
Palau,1961,27.337933333333336
Palau,1962,27.454741666666667
Palau,1963,27.538741666666667
Palau,1964,27.437325
Palau,1965,27.2474
Palau,1966,27.554883333333333
Palau,1967,27.520366666666664
Palau,1968,27.673308333333335
Palau,1969,27.61616666666667
Palau,1970,27.830716666666664
Palau,1971,27.529600000000002
Palau,1972,27.605725000000003
Palau,1973,27.773608333333332
Palau,1974,27.590866666666667
Palau,1975,27.427658333333337
Palau,1976,27.524741666666667
Palau,1977,27.742791666666665
Palau,1978,27.52265
Palau,1979,27.53195
Palau,1980,27.55255
Palau,1981,27.53408333333333
Palau,1982,27.537025
Palau,1983,27.629191666666667
Palau,1984,27.620516666666663
Palau,1985,27.497425000000003
Palau,1986,27.784966666666666
Palau,1987,27.850783333333336
Palau,1988,27.89765
Palau,1989,27.782750000000004
Palau,1990,27.727683333333335
Palau,1991,27.458833333333335
Palau,1992,27.463233333333335
Palau,1993,27.471441666666667
Palau,1994,27.617408333333334
Palau,1995,27.685108333333332
Palau,1996,27.848416666666665
Palau,1997,27.80065
Palau,1998,28.022483333333337
Palau,1999,27.796575
Palau,2000,28.023591666666665
Palau,2001,28.151016666666667
Palau,2002,28.16633333333333
Palau,2003,27.903850000000002
Palau,2004,28.105
Palau,2005,27.937158333333333
Palau,2006,28.172916666666666
Palau,2007,28.073733333333333
Palau,2008,27.882075
Palau,2009,28.067166666666665
Palau,2010,28.179016666666666
Palau,2011,27.812458333333336
Palau,2012,28.047749999999997
Palau,2013,28.116291666666665
Palau,2014,28.051625
Palau,2015,28.2623
Palau,2016,28.367408333333334
Panama,1901,25.13825
Panama,1902,25.10760833333333
Panama,1903,25.1155
Panama,1904,25.117900000000002
Panama,1905,25.097783333333336
Panama,1906,25.09969166666667
Panama,1907,25.123975
Panama,1908,25.094725
Panama,1909,25.110158333333334
Panama,1910,25.110558333333334
Panama,1911,25.119008333333337
Panama,1912,25.103225
Panama,1913,25.13484166666667
Panama,1914,25.10915833333333
Panama,1915,25.73635
Panama,1916,25.372941666666666
Panama,1917,24.943058333333337
Panama,1918,24.880008333333333
Panama,1919,25.110975
Panama,1920,25.109583333333333
Panama,1921,24.733733333333333
Panama,1922,24.655441666666665
Panama,1923,24.853166666666667
Panama,1924,25.06325
Panama,1925,24.774175
Panama,1926,25.419116666666667
Panama,1927,24.926491666666667
Panama,1928,25.060008333333332
Panama,1929,25.124016666666666
Panama,1930,25.188466666666667
Panama,1931,25.449541666666665
Panama,1932,25.115825
Panama,1933,25.277266666666666
Panama,1934,25.256
Panama,1935,25.254741666666664
Panama,1936,25.615858333333335
Panama,1937,25.457925
Panama,1938,25.021275
Panama,1939,25.244733333333333
Panama,1940,25.400291666666664
Panama,1941,26.0013
Panama,1942,25.244258333333335
Panama,1943,25.06911666666667
Panama,1944,25.007958333333335
Panama,1945,25.056416666666667
Panama,1946,25.2154
Panama,1947,25.408375000000003
Panama,1948,25.386
Panama,1949,24.965258333333335
Panama,1950,24.607116666666666
Panama,1951,25.30570833333333
Panama,1952,25.48335
Panama,1953,25.465675
Panama,1954,24.911158333333333
Panama,1955,24.90116666666667
Panama,1956,25.417308333333335
Panama,1957,25.846375
Panama,1958,26.028583333333334
Panama,1959,25.54003333333333
Panama,1960,25.438216666666666
Panama,1961,25.234266666666667
Panama,1962,24.992608333333333
Panama,1963,25.38818333333333
Panama,1964,25.137666666666664
Panama,1965,25.277725
Panama,1966,25.3768
Panama,1967,24.990658333333332
Panama,1968,24.920516666666668
Panama,1969,25.366474999999998
Panama,1970,25.042091666666664
Panama,1971,24.61021666666667
Panama,1972,25.26354166666667
Panama,1973,25.23125
Panama,1974,24.605024999999998
Panama,1975,24.350624999999997
Panama,1976,24.76069166666667
Panama,1977,25.050458333333335
Panama,1978,25.209008333333333
Panama,1979,25.293274999999998
Panama,1980,25.437233333333335
Panama,1981,25.1635
Panama,1982,25.339025000000003
Panama,1983,25.860541666666666
Panama,1984,24.89640833333333
Panama,1985,25.050925000000003
Panama,1986,25.21766666666667
Panama,1987,25.72475
Panama,1988,25.295741666666668
Panama,1989,25.056608333333333
Panama,1990,25.483891666666665
Panama,1991,25.405358333333336
Panama,1992,25.526049999999998
Panama,1993,25.514375
Panama,1994,25.384408333333337
Panama,1995,25.462791666666664
Panama,1996,25.187408333333334
Panama,1997,25.66565
Panama,1998,25.862008333333332
Panama,1999,24.995358333333332
Panama,2000,25.049366666666668
Panama,2001,25.510341666666665
Panama,2002,25.747533333333333
Panama,2003,25.753566666666668
Panama,2004,25.460808333333333
Panama,2005,25.504925
Panama,2006,25.558625000000003
Panama,2007,25.4053
Panama,2008,25.170299999999997
Panama,2009,25.687299999999997
Panama,2010,25.706025
Panama,2011,25.435550000000003
Panama,2012,25.67379166666667
Panama,2013,25.866041666666664
Panama,2014,25.980075
Panama,2015,26.137208333333334
Panama,2016,26.156899999999997
Papua New Guinea,1901,25.007608333333334
Papua New Guinea,1902,25.007683333333333
Papua New Guinea,1903,25.014025
Papua New Guinea,1904,24.363783333333334
Papua New Guinea,1905,24.748041666666666
Papua New Guinea,1906,25.106408333333334
Papua New Guinea,1907,24.622200000000003
Papua New Guinea,1908,24.620475
Papua New Guinea,1909,25.459425
Papua New Guinea,1910,25.363474999999998
Papua New Guinea,1911,24.798675
Papua New Guinea,1912,25.122883333333334
Papua New Guinea,1913,24.69255
Papua New Guinea,1914,24.507125000000002
Papua New Guinea,1915,25.377516666666665
Papua New Guinea,1916,25.420550000000002
Papua New Guinea,1917,25.3436
Papua New Guinea,1918,24.307916666666667
Papua New Guinea,1919,24.39685833333333
Papua New Guinea,1920,24.94541666666667
Papua New Guinea,1921,24.912991666666667
Papua New Guinea,1922,24.843116666666663
Papua New Guinea,1923,24.348591666666668
Papua New Guinea,1924,25.198733333333333
Papua New Guinea,1925,24.61845
Papua New Guinea,1926,25.384641666666667
Papua New Guinea,1927,24.9483
Papua New Guinea,1928,25.074483333333333
Papua New Guinea,1929,24.552991666666667
Papua New Guinea,1930,24.60265
Papua New Guinea,1931,24.493958333333335
Papua New Guinea,1932,25.058508333333332
Papua New Guinea,1933,25.22085
Papua New Guinea,1934,25.130758333333333
Papua New Guinea,1935,24.967191666666665
Papua New Guinea,1936,24.97165
Papua New Guinea,1937,25.193224999999998
Papua New Guinea,1938,24.9461
Papua New Guinea,1939,24.892458333333334
Papua New Guinea,1940,24.9102
Papua New Guinea,1941,24.296066666666665
Papua New Guinea,1942,25.498258333333336
Papua New Guinea,1943,24.918291666666665
Papua New Guinea,1944,24.603291666666667
Papua New Guinea,1945,24.833591666666667
Papua New Guinea,1946,24.365341666666666
Papua New Guinea,1947,25.173908333333333
Papua New Guinea,1948,24.873316666666668
Papua New Guinea,1949,24.895049999999998
Papua New Guinea,1950,25.04109166666667
Papua New Guinea,1951,24.8903
Papua New Guinea,1952,25.16525833333333
Papua New Guinea,1953,24.835808333333333
Papua New Guinea,1954,24.900841666666665
Papua New Guinea,1955,24.956183333333332
Papua New Guinea,1956,25.136775
Papua New Guinea,1957,24.917824999999997
Papua New Guinea,1958,25.167725
Papua New Guinea,1959,24.874733333333335
Papua New Guinea,1960,24.7736
Papua New Guinea,1961,24.643883333333335
Papua New Guinea,1962,24.9201
Papua New Guinea,1963,24.756816666666666
Papua New Guinea,1964,24.973433333333332
Papua New Guinea,1965,24.37693333333333
Papua New Guinea,1966,24.687216666666668
Papua New Guinea,1967,24.596416666666666
Papua New Guinea,1968,24.723858333333336
Papua New Guinea,1969,24.954108333333334
Papua New Guinea,1970,25.014591666666664
Papua New Guinea,1971,24.965233333333334
Papua New Guinea,1972,24.624391666666668
Papua New Guinea,1973,25.216483333333333
Papua New Guinea,1974,24.972408333333334
Papua New Guinea,1975,24.956466666666667
Papua New Guinea,1976,24.751075
Papua New Guinea,1977,24.88931666666667
Papua New Guinea,1978,25.165166666666664
Papua New Guinea,1979,25.096075
Papua New Guinea,1980,25.199008333333335
Papua New Guinea,1981,25.262649999999997
Papua New Guinea,1982,24.921775
Papua New Guinea,1983,25.41265
Papua New Guinea,1984,25.125941666666666
Papua New Guinea,1985,25.13299166666667
Papua New Guinea,1986,25.255200000000002
Papua New Guinea,1987,25.358966666666664
Papua New Guinea,1988,25.523241666666667
Papua New Guinea,1989,25.310100000000002
Papua New Guinea,1990,25.34775
Papua New Guinea,1991,25.0791
Papua New Guinea,1992,25.418175
Papua New Guinea,1993,25.142283333333335
Papua New Guinea,1994,25.095575
Papua New Guinea,1995,25.092933333333335
Papua New Guinea,1996,25.03109166666667
Papua New Guinea,1997,24.774841666666664
Papua New Guinea,1998,25.662899999999997
Papua New Guinea,1999,25.008350000000004
Papua New Guinea,2000,24.926125
Papua New Guinea,2001,25.164875
Papua New Guinea,2002,25.288875
Papua New Guinea,2003,25.413475000000002
Papua New Guinea,2004,25.188316666666665
Papua New Guinea,2005,25.216325
Papua New Guinea,2006,25.081691666666668
Papua New Guinea,2007,25.086758333333332
Papua New Guinea,2008,25.002975000000003
Papua New Guinea,2009,25.31595
Papua New Guinea,2010,25.640649999999997
Papua New Guinea,2011,25.01924166666667
Papua New Guinea,2012,25.17255833333333
Papua New Guinea,2013,25.3439
Papua New Guinea,2014,25.266166666666667
Papua New Guinea,2015,25.38285833333333
Papua New Guinea,2016,25.699091666666664
Paraguay,1901,23.830233333333336
Paraguay,1902,24.0198
Paraguay,1903,23.27445
Paraguay,1904,23.151416666666666
Paraguay,1905,23.213516666666667
Paraguay,1906,23.99455
Paraguay,1907,23.2833
Paraguay,1908,23.4683
Paraguay,1909,23.346958333333333
Paraguay,1910,23.470200000000002
Paraguay,1911,22.989108333333334
Paraguay,1912,23.42674166666667
Paraguay,1913,22.927325
Paraguay,1914,23.082675
Paraguay,1915,22.92748333333333
Paraguay,1916,22.34975833333333
Paraguay,1917,22.289616666666664
Paraguay,1918,22.6266
Paraguay,1919,23.643366666666665
Paraguay,1920,23.102175
Paraguay,1921,23.02434166666667
Paraguay,1922,22.873866666666668
Paraguay,1923,23.060075
Paraguay,1924,22.698325
Paraguay,1925,23.198633333333333
Paraguay,1926,23.980766666666668
Paraguay,1927,23.159066666666664
Paraguay,1928,23.009358333333335
Paraguay,1929,23.105616666666666
Paraguay,1930,23.566675
Paraguay,1931,23.094166666666666
Paraguay,1932,23.871075
Paraguay,1933,23.89261666666667
Paraguay,1934,23.693616666666667
Paraguay,1935,24.006675
Paraguay,1936,24.074033333333333
Paraguay,1937,23.888175
Paraguay,1938,23.543441666666666
Paraguay,1939,23.725866666666665
Paraguay,1940,23.839041666666663
Paraguay,1941,23.435558333333333
Paraguay,1942,23.313625000000002
Paraguay,1943,23.634425000000004
Paraguay,1944,24.58774166666667
Paraguay,1945,24.293499999999998
Paraguay,1946,23.709891666666664
Paraguay,1947,23.650216666666665
Paraguay,1948,24.147716666666668
Paraguay,1949,23.806250000000002
Paraguay,1950,23.76986666666667
Paraguay,1951,23.87405
Paraguay,1952,23.73585
Paraguay,1953,24.206950000000003
Paraguay,1954,23.830225
Paraguay,1955,23.659925
Paraguay,1956,22.7779
Paraguay,1957,23.429716666666668
Paraguay,1958,23.747691666666668
Paraguay,1959,23.90778333333333
Paraguay,1960,23.597183333333334
Paraguay,1961,24.45985
Paraguay,1962,23.231258333333333
Paraguay,1963,24.711016666666666
Paraguay,1964,23.55389166666667
Paraguay,1965,23.78101666666667
Paraguay,1966,23.882183333333334
Paraguay,1967,24.110975
Paraguay,1968,23.610699999999998
Paraguay,1969,23.8052
Paraguay,1970,23.72095
Paraguay,1971,22.894325
Paraguay,1972,23.627241666666666
Paraguay,1973,23.289516666666668
Paraguay,1974,23.023666666666667
Paraguay,1975,23.123641666666668
Paraguay,1976,22.727058333333332
Paraguay,1977,23.975283333333334
Paraguay,1978,23.881325
Paraguay,1979,23.238491666666665
Paraguay,1980,23.47368333333333
Paraguay,1981,23.3537
Paraguay,1982,23.397133333333333
Paraguay,1983,22.822916666666668
Paraguay,1984,23.28815833333333
Paraguay,1985,23.691091666666665
Paraguay,1986,23.8128
Paraguay,1987,23.071550000000002
Paraguay,1988,23.23120833333333
Paraguay,1989,23.042516666666668
Paraguay,1990,23.270883333333334
Paraguay,1991,23.699275
Paraguay,1992,22.86300833333333
Paraguay,1993,23.414591666666666
Paraguay,1994,24.23799166666667
Paraguay,1995,23.617708333333336
Paraguay,1996,23.096249999999998
Paraguay,1997,24.06974166666667
Paraguay,1998,23.202250000000003
Paraguay,1999,23.405841666666664
Paraguay,2000,23.359325
Paraguay,2001,24.02325
Paraguay,2002,24.221866666666667
Paraguay,2003,23.785475
Paraguay,2004,23.43135
Paraguay,2005,23.480866666666667
Paraguay,2006,23.97136666666667
Paraguay,2007,23.477149999999998
Paraguay,2008,23.472016666666665
Paraguay,2009,23.76376666666667
Paraguay,2010,23.328275
Paraguay,2011,23.662133333333333
Paraguay,2012,24.194066666666668
Paraguay,2013,23.536383333333333
Paraguay,2014,24.25276666666667
Paraguay,2015,24.142916666666665
Paraguay,2016,23.332958333333334
Peru,1901,19.21015
Peru,1902,19.199791666666666
Peru,1903,18.91905
Peru,1904,18.767508333333335
Peru,1905,19.120766666666665
Peru,1906,18.963575000000002
Peru,1907,18.913700000000002
Peru,1908,18.902683333333332
Peru,1909,18.714299999999998
Peru,1910,18.322675
Peru,1911,18.912924999999998
Peru,1912,19.39410833333333
Peru,1913,19.519524999999998
Peru,1914,19.40834166666667
Peru,1915,19.643191666666667
Peru,1916,18.701658333333334
Peru,1917,19.152466666666665
Peru,1918,19.522991666666666
Peru,1919,19.449358333333333
Peru,1920,18.7939
Peru,1921,18.32805
Peru,1922,19.49074166666667
Peru,1923,19.479233333333333
Peru,1924,19.483308333333333
Peru,1925,19.47919166666667
Peru,1926,20.211325
Peru,1927,20.017975
Peru,1928,20.068933333333334
Peru,1929,19.965991666666667
Peru,1930,19.745825
Peru,1931,19.89285
Peru,1932,19.692266666666665
Peru,1933,19.521908333333332
Peru,1934,19.5132
Peru,1935,19.629450000000002
Peru,1936,19.8035
Peru,1937,20.12098333333333
Peru,1938,19.9452
Peru,1939,20.096416666666666
Peru,1940,20.443633333333334
Peru,1941,20.849933333333333
Peru,1942,20.530091666666667
Peru,1943,21.068933333333334
Peru,1944,20.759991666666668
Peru,1945,20.58145
Peru,1946,20.042175
Peru,1947,19.77445833333333
Peru,1948,19.517433333333333
Peru,1949,19.102125
Peru,1950,18.6769
Peru,1951,19.172883333333335
Peru,1952,18.959258333333334
Peru,1953,19.350558333333336
Peru,1954,18.810883333333333
Peru,1955,18.839791666666667
Peru,1956,18.641766666666665
Peru,1957,19.419608333333333
Peru,1958,19.463008333333335
Peru,1959,19.380958333333332
Peru,1960,19.354375
Peru,1961,19.666625
Peru,1962,19.607625000000002
Peru,1963,19.748616666666667
Peru,1964,19.416725
Peru,1965,19.8076
Peru,1966,19.590591666666665
Peru,1967,19.232633333333332
Peru,1968,19.322308333333332
Peru,1969,20.131283333333332
Peru,1970,19.518691666666665
Peru,1971,19.17640833333333
Peru,1972,20.042383333333333
Peru,1973,19.348766666666666
Peru,1974,18.702450000000002
Peru,1975,18.770625
Peru,1976,19.211675
Peru,1977,19.36665
Peru,1978,19.327933333333334
Peru,1979,19.611558333333335
Peru,1980,19.707783333333335
Peru,1981,19.314616666666666
Peru,1982,19.743766666666666
Peru,1983,20.427041666666668
Peru,1984,19.408366666666666
Peru,1985,19.193608333333334
Peru,1986,19.353125000000002
Peru,1987,20.07274166666667
Peru,1988,19.479858333333333
Peru,1989,19.173275
Peru,1990,19.431183333333333
Peru,1991,19.59443333333333
Peru,1992,19.979383333333335
Peru,1993,19.728316666666668
Peru,1994,19.76709166666667
Peru,1995,19.840191666666666
Peru,1996,19.248308333333334
Peru,1997,20.237558333333336
Peru,1998,20.491641666666666
Peru,1999,19.364125
Peru,2000,19.5487
Peru,2001,19.379983333333332
Peru,2002,19.780475
Peru,2003,19.672816666666666
Peru,2004,19.830625
Peru,2005,19.606533333333335
Peru,2006,19.750441666666667
Peru,2007,19.27530833333333
Peru,2008,19.52835
Peru,2009,19.894291666666664
Peru,2010,19.859466666666666
Peru,2011,19.557716666666668
Peru,2012,19.785775
Peru,2013,19.432616666666664
Peru,2014,19.78475
Peru,2015,20.329966666666667
Peru,2016,20.364033333333335
Philippines,1901,25.80855
Philippines,1902,25.706658333333333
Philippines,1903,25.249783333333337
Philippines,1904,24.571158333333333
Philippines,1905,24.960125
Philippines,1906,25.279374999999998
Philippines,1907,24.915824999999998
Philippines,1908,24.923416666666668
Philippines,1909,25.141883333333336
Philippines,1910,24.93726666666667
Philippines,1911,24.85305
Philippines,1912,25.26053333333333
Philippines,1913,25.022908333333334
Philippines,1914,25.240008333333332
Philippines,1915,25.69944166666667
Philippines,1916,25.020666666666667
Philippines,1917,24.799658333333337
Philippines,1918,24.637050000000002
Philippines,1919,25.288191666666666
Philippines,1920,25.224241666666668
Philippines,1921,24.99135
Philippines,1922,25.24985
Philippines,1923,24.897758333333332
Philippines,1924,25.222875
Philippines,1925,25.014258333333334
Philippines,1926,25.217074999999998
Philippines,1927,25.357716666666665
Philippines,1928,25.453508333333332
Philippines,1929,25.003041666666665
Philippines,1930,25.458583333333333
Philippines,1931,25.833825
Philippines,1932,25.273675
Philippines,1933,25.479583333333334
Philippines,1934,25.098775
Philippines,1935,25.40065
Philippines,1936,25.481775
Philippines,1937,25.600925
Philippines,1938,25.44595
Philippines,1939,25.393575
Philippines,1940,25.439541666666667
Philippines,1941,25.484666666666666
Philippines,1942,25.303341666666668
Philippines,1943,24.944441666666666
Philippines,1944,25.304541666666665
Philippines,1945,25.176841666666665
Philippines,1946,25.768891666666665
Philippines,1947,25.940575
Philippines,1948,25.593008333333334
Philippines,1949,25.22465
Philippines,1950,25.245375
Philippines,1951,25.422408333333333
Philippines,1952,25.490225
Philippines,1953,25.465158333333335
Philippines,1954,25.380358333333334
Philippines,1955,25.156791666666667
Philippines,1956,25.115758333333332
Philippines,1957,25.438299999999998
Philippines,1958,25.43279166666667
Philippines,1959,25.416216666666667
Philippines,1960,25.453691666666668
Philippines,1961,25.29264166666667
Philippines,1962,25.186149999999998
Philippines,1963,25.02248333333333
Philippines,1964,25.34005
Philippines,1965,25.15585
Philippines,1966,25.624816666666664
Philippines,1967,25.06364166666667
Philippines,1968,25.24609166666667
Philippines,1969,25.557075
Philippines,1970,25.659041666666667
Philippines,1971,25.002008333333333
Philippines,1972,25.305241666666664
Philippines,1973,25.5975
Philippines,1974,25.368616666666668
Philippines,1975,25.328475
Philippines,1976,25.158649999999998
Philippines,1977,25.523641666666666
Philippines,1978,25.539833333333334
Philippines,1979,25.665441666666666
Philippines,1980,25.71490833333333
Philippines,1981,25.324725
Philippines,1982,25.45195
Philippines,1983,25.843791666666664
Philippines,1984,25.610833333333332
Philippines,1985,25.720658333333333
Philippines,1986,25.598133333333333
Philippines,1987,26.149716666666666
Philippines,1988,26.103616666666667
Philippines,1989,25.737233333333332
Philippines,1990,25.91156666666667
Philippines,1991,25.849375
Philippines,1992,25.721491666666665
Philippines,1993,25.814233333333334
Philippines,1994,25.9195
Philippines,1995,25.809008333333335
Philippines,1996,25.68326666666667
Philippines,1997,25.771766666666664
Philippines,1998,26.443749999999998
Philippines,1999,25.781516666666665
Philippines,2000,25.912025
Philippines,2001,25.9743
Philippines,2002,25.90025
Philippines,2003,25.778225000000003
Philippines,2004,25.875091666666666
Philippines,2005,25.9626
Philippines,2006,26.001591666666666
Philippines,2007,25.962633333333333
Philippines,2008,25.647825
Philippines,2009,25.643275
Philippines,2010,25.910775
Philippines,2011,25.719791666666666
Philippines,2012,26.10693333333333
Philippines,2013,26.091175000000003
Philippines,2014,25.857491666666665
Philippines,2015,26.120583333333332
Philippines,2016,26.473108333333332
Poland,1901,7.775921666666666
Poland,1902,6.338285
Poland,1903,8.197100833333334
Poland,1904,7.543571666666666
Poland,1905,7.75854
Poland,1906,8.14691
Poland,1907,7.101892500000001
Poland,1908,7.111151666666667
Poland,1909,7.0425466666666665
Poland,1910,8.440159166666666
Poland,1911,8.421215833333333
Poland,1912,7.133512499999999
Poland,1913,8.179173333333333
Poland,1914,8.1967125
Poland,1915,7.451648333333334
Poland,1916,8.217270833333334
Poland,1917,7.270608333333333
Poland,1918,8.238936666666666
Poland,1919,7.0307683333333335
Poland,1920,8.243045833333333
Poland,1921,8.394364999999999
Poland,1922,6.684547500000001
Poland,1923,7.577889166666666
Poland,1924,6.9325125000000005
Poland,1925,8.211423333333334
Poland,1926,8.195710833333333
Poland,1927,7.5177825
Poland,1928,7.580475833333334
Poland,1929,6.743125
Poland,1930,8.448437499999999
Poland,1931,7.146111666666666
Poland,1932,8.092318333333333
Poland,1933,6.693981666666667
Poland,1934,9.341578333333333
Poland,1935,7.925325833333333
Poland,1936,8.385941666666666
Poland,1937,8.420309166666668
Poland,1938,8.591943333333333
Poland,1939,8.474756666666666
Poland,1940,5.768393333333333
Poland,1941,6.220604166666667
Poland,1942,6.494903333333333
Poland,1943,8.3594325
Poland,1944,8.219663333333333
Poland,1945,7.949931666666667
Poland,1946,7.939589166666667
Poland,1947,7.434729166666667
Poland,1948,8.45046
Poland,1949,8.757279166666667
Poland,1950,8.246619166666667
Poland,1951,8.570934166666666
Poland,1952,7.40202
Poland,1953,8.428439166666665
Poland,1954,7.108231666666666
Poland,1955,7.322575833333333
Poland,1956,6.316066666666667
Poland,1957,8.237374166666667
Poland,1958,7.806607499999999
Poland,1959,8.386001666666667
Poland,1960,7.8764658333333335
Poland,1961,8.489418333333333
Poland,1962,7.049155
Poland,1963,6.97513
Poland,1964,7.4675075
Poland,1965,6.852495
Poland,1966,8.1592775
Poland,1967,8.723239999999999
Poland,1968,7.94265
Poland,1969,6.925619999999999
Poland,1970,7.178546666666667
Poland,1971,8.151416666666666
Poland,1972,7.928905
Poland,1973,7.985489166666667
Poland,1974,8.390236666666667
Poland,1975,8.982955833333333
Poland,1976,7.300121666666667
Poland,1977,8.104445
Poland,1978,7.2169775
Poland,1979,7.460418333333333
Poland,1980,6.688674166666666
Poland,1981,7.911718333333333
Poland,1982,8.398820833333334
Poland,1983,9.012560833333334
Poland,1984,7.867398333333334
Poland,1985,6.8245499999999995
Poland,1986,7.547914166666666
Poland,1987,6.673424166666667
Poland,1988,8.284305833333333
Poland,1989,9.274025833333333
Poland,1990,9.15353
Poland,1991,7.923443333333332
Poland,1992,8.810985
Poland,1993,7.893536666666666
Poland,1994,8.9054625
Poland,1995,8.2309175
Poland,1996,6.687121666666666
Poland,1997,7.930185833333334
Poland,1998,8.318713333333333
Poland,1999,8.9500075
Poland,2000,9.5420325
Poland,2001,8.390153333333334
Poland,2002,9.17299
Poland,2003,8.40467
Poland,2004,8.402561666666667
Poland,2005,8.32686
Poland,2006,8.688609166666668
Poland,2007,9.463553333333333
Poland,2008,9.5035875
Poland,2009,8.726169166666667
Poland,2010,7.7020808333333335
Poland,2011,8.992956666666666
Poland,2012,8.635524166666666
Poland,2013,8.716516666666667
Poland,2014,9.851759166666666
Poland,2015,9.8421375
Poland,2016,9.3453175
Portugal,1901,13.731796666666668
Portugal,1902,13.911281666666667
Portugal,1903,14.114884166666668
Portugal,1904,14.4299575
Portugal,1905,13.777025
Portugal,1906,14.147508333333334
Portugal,1907,13.981155000000001
Portugal,1908,14.304252499999999
Portugal,1909,13.933752499999999
Portugal,1910,13.866572499999998
Portugal,1911,13.925424166666666
Portugal,1912,13.9462375
Portugal,1913,14.07935
Portugal,1914,14.026679166666668
Portugal,1915,14.148104166666668
Portugal,1916,14.065068333333334
Portugal,1917,13.575697499999999
Portugal,1918,14.149704166666666
Portugal,1919,14.161548333333334
Portugal,1920,14.348894166666668
Portugal,1921,14.515186666666667
Portugal,1922,14.138896666666668
Portugal,1923,14.185184166666668
Portugal,1924,14.343829166666666
Portugal,1925,13.813685
Portugal,1926,15.148728333333333
Portugal,1927,14.4416025
Portugal,1928,14.348178333333335
Portugal,1929,14.729300833333333
Portugal,1930,14.481178333333332
Portugal,1931,14.221280833333333
Portugal,1932,13.8248525
Portugal,1933,14.253441666666667
Portugal,1934,14.068953333333333
Portugal,1935,13.868563333333334
Portugal,1936,13.8922875
Portugal,1937,14.546143333333333
Portugal,1938,14.39213
Portugal,1939,14.06879
Portugal,1940,14.428177499999999
Portugal,1941,14.183372499999999
Portugal,1942,14.536608333333334
Portugal,1943,14.944440833333333
Portugal,1944,14.433946666666666
Portugal,1945,15.340836666666668
Portugal,1946,14.344232499999999
Portugal,1947,15.033678333333334
Portugal,1948,15.355851666666666
Portugal,1949,15.266465833333333
Portugal,1950,14.750339166666668
Portugal,1951,14.374725833333335
Portugal,1952,14.649376666666667
Portugal,1953,14.977828333333333
Portugal,1954,14.451986666666668
Portugal,1955,15.60136
Portugal,1956,13.814678333333333
Portugal,1957,14.555718333333333
Portugal,1958,14.870244999999999
Portugal,1959,14.8496125
Portugal,1960,14.6965275
Portugal,1961,15.648940000000001
Portugal,1962,14.821323333333334
Portugal,1963,14.445815000000001
Portugal,1964,15.048338333333334
Portugal,1965,14.545944166666667
Portugal,1966,14.827274166666667
Portugal,1967,14.5745675
Portugal,1968,14.828705833333332
Portugal,1969,14.186966666666665
Portugal,1970,14.747266666666668
Portugal,1971,14.181371666666665
Portugal,1972,13.771038333333331
Portugal,1973,14.587855833333334
Portugal,1974,14.424859166666666
Portugal,1975,14.459920833333333
Portugal,1976,14.541488333333334
Portugal,1977,14.639751666666667
Portugal,1978,14.783909166666668
Portugal,1979,14.662174166666667
Portugal,1980,14.7612675
Portugal,1981,15.39879
Portugal,1982,14.938894166666666
Portugal,1983,15.081874166666665
Portugal,1984,14.481451666666667
Portugal,1985,15.228955833333332
Portugal,1986,14.7475125
Portugal,1987,15.456213333333332
Portugal,1988,15.040931666666665
Portugal,1989,15.91701
Portugal,1990,15.646964166666669
Portugal,1991,15.1475225
Portugal,1992,15.139731666666668
Portugal,1993,14.529489166666666
Portugal,1994,15.394595833333334
Portugal,1995,15.932996666666666
Portugal,1996,15.085727499999999
Portugal,1997,15.941134166666666
Portugal,1998,15.54105
Portugal,1999,15.244671666666667
Portugal,2000,15.300130833333332
Portugal,2001,15.356859166666666
Portugal,2002,15.196288333333333
Portugal,2003,15.765720833333333
Portugal,2004,15.396209166666667
Portugal,2005,15.3874175
Portugal,2006,15.979864166666665
Portugal,2007,15.2547175
Portugal,2008,15.29556
Portugal,2009,15.940602499999999
Portugal,2010,15.4408825
Portugal,2011,15.8815975
Portugal,2012,15.5092875
Portugal,2013,15.37921
Portugal,2014,15.805586666666668
Portugal,2015,15.847586666666666
Portugal,2016,15.706533333333333
Puerto Rico,1901,24.82325833333333
Puerto Rico,1902,24.408525
Puerto Rico,1903,24.53209166666667
Puerto Rico,1904,23.990583333333333
Puerto Rico,1905,24.38853333333333
Puerto Rico,1906,24.163841666666666
Puerto Rico,1907,23.80634166666667
Puerto Rico,1908,24.026766666666663
Puerto Rico,1909,23.878783333333335
Puerto Rico,1910,23.852608333333333
Puerto Rico,1911,23.907525000000003
Puerto Rico,1912,24.307191666666668
Puerto Rico,1913,23.568583333333333
Puerto Rico,1914,23.982474999999997
Puerto Rico,1915,24.629041666666666
Puerto Rico,1916,24.101716666666665
Puerto Rico,1917,23.697108333333333
Puerto Rico,1918,23.80033333333333
Puerto Rico,1919,24.065808333333333
Puerto Rico,1920,23.915225000000003
Puerto Rico,1921,23.778358333333333
Puerto Rico,1922,23.670666666666666
Puerto Rico,1923,24.15003333333333
Puerto Rico,1924,24.64525
Puerto Rico,1925,24.016475
Puerto Rico,1926,24.637766666666664
Puerto Rico,1927,24.299108333333333
Puerto Rico,1928,24.32196666666667
Puerto Rico,1929,23.923441666666665
Puerto Rico,1930,24.2161
Puerto Rico,1931,24.974249999999998
Puerto Rico,1932,24.819633333333332
Puerto Rico,1933,24.614566666666665
Puerto Rico,1934,24.3162
Puerto Rico,1935,24.114158333333332
Puerto Rico,1936,24.432466666666667
Puerto Rico,1937,24.580258333333333
Puerto Rico,1938,24.12745
Puerto Rico,1939,24.357666666666663
Puerto Rico,1940,24.940158333333333
Puerto Rico,1941,24.983341666666664
Puerto Rico,1942,25.14463333333333
Puerto Rico,1943,24.49230833333333
Puerto Rico,1944,24.630883333333333
Puerto Rico,1945,24.042766666666665
Puerto Rico,1946,24.28905
Puerto Rico,1947,24.60875833333333
Puerto Rico,1948,24.723725
Puerto Rico,1949,24.32320833333333
Puerto Rico,1950,24.07133333333333
Puerto Rico,1951,24.901791666666668
Puerto Rico,1952,24.891875
Puerto Rico,1953,24.721966666666663
Puerto Rico,1954,24.616583333333335
Puerto Rico,1955,24.539458333333332
Puerto Rico,1956,24.384925
Puerto Rico,1957,24.862658333333332
Puerto Rico,1958,25.337333333333333
Puerto Rico,1959,25.02163333333333
Puerto Rico,1960,25.296075000000002
Puerto Rico,1961,24.935616666666665
Puerto Rico,1962,24.98
Puerto Rico,1963,25.119525
Puerto Rico,1964,25.103716666666667
Puerto Rico,1965,24.812375
Puerto Rico,1966,25.065224999999998
Puerto Rico,1967,24.8359
Puerto Rico,1968,24.924599999999998
Puerto Rico,1969,25.36514166666667
Puerto Rico,1970,25.1324
Puerto Rico,1971,24.7831
Puerto Rico,1972,25.099858333333334
Puerto Rico,1973,25.163674999999998
Puerto Rico,1974,24.79335
Puerto Rico,1975,24.796025
Puerto Rico,1976,24.634075
Puerto Rico,1977,25.082866666666664
Puerto Rico,1978,25.10321666666667
Puerto Rico,1979,25.00883333333333
Puerto Rico,1980,25.716516666666667
Puerto Rico,1981,25.513958333333335
Puerto Rico,1982,25.1506
Puerto Rico,1983,25.7563
Puerto Rico,1984,25.1257
Puerto Rico,1985,25.014291666666665
Puerto Rico,1986,25.231399999999997
Puerto Rico,1987,25.701008333333334
Puerto Rico,1988,25.378816666666665
Puerto Rico,1989,25.073683333333335
Puerto Rico,1990,25.37698333333333
Puerto Rico,1991,25.488741666666666
Puerto Rico,1992,25.558008333333333
Puerto Rico,1993,25.68535
Puerto Rico,1994,25.669725
Puerto Rico,1995,25.71751666666667
Puerto Rico,1996,25.368375
Puerto Rico,1997,25.559508333333337
Puerto Rico,1998,25.86165
Puerto Rico,1999,25.315008333333335
Puerto Rico,2000,25.217766666666666
Puerto Rico,2001,25.558975
Puerto Rico,2002,25.76015
Puerto Rico,2003,25.625308333333333
Puerto Rico,2004,25.2316
Puerto Rico,2005,25.469391666666667
Puerto Rico,2006,25.40879166666667
Puerto Rico,2007,25.591441666666668
Puerto Rico,2008,25.20468333333333
Puerto Rico,2009,25.710283333333333
Puerto Rico,2010,25.763033333333336
Puerto Rico,2011,25.236625
Puerto Rico,2012,25.754408333333334
Puerto Rico,2013,25.747825000000002
Puerto Rico,2014,25.964699999999997
Puerto Rico,2015,26.05656666666667
Puerto Rico,2016,25.96983333333333
Qatar,1901,27.588683333333336
Qatar,1902,26.754608333333334
Qatar,1903,25.880375
Qatar,1904,26.22289166666667
Qatar,1905,26.224958333333333
Qatar,1906,26.115033333333333
Qatar,1907,25.93925
Qatar,1908,26.610741666666666
Qatar,1909,26.769166666666667
Qatar,1910,25.707866666666664
Qatar,1911,25.131016666666667
Qatar,1912,26.01330833333333
Qatar,1913,25.85944166666667
Qatar,1914,26.461083333333335
Qatar,1915,26.872016666666667
Qatar,1916,26.513683333333333
Qatar,1917,26.672016666666664
Qatar,1918,26.36368333333333
Qatar,1919,27.02201666666667
Qatar,1920,26.713683333333336
Qatar,1921,26.98868333333333
Qatar,1922,27.088683333333332
Qatar,1923,26.563683333333334
Qatar,1924,27.438683333333334
Qatar,1925,26.45535
Qatar,1926,26.788683333333335
Qatar,1927,26.947016666666666
Qatar,1928,26.680058333333335
Qatar,1929,26.701641666666664
Qatar,1930,26.608583333333332
Qatar,1931,26.619258333333335
Qatar,1932,26.17680833333333
Qatar,1933,25.975866666666665
Qatar,1934,26.293741666666666
Qatar,1935,27.025274999999997
Qatar,1936,26.331541666666666
Qatar,1937,26.48335833333333
Qatar,1938,26.689674999999998
Qatar,1939,26.536691666666666
Qatar,1940,26.968033333333334
Qatar,1941,26.844866666666665
Qatar,1942,27.021116666666668
Qatar,1943,26.394133333333333
Qatar,1944,26.743666666666666
Qatar,1945,26.488341666666667
Qatar,1946,27.124508333333335
Qatar,1947,27.61785
Qatar,1948,26.705591666666667
Qatar,1949,26.163825000000003
Qatar,1950,26.346324999999997
Qatar,1951,27.68955
Qatar,1952,27.555966666666666
Qatar,1953,27.52439166666667
Qatar,1954,27.851308333333332
Qatar,1955,27.605825
Qatar,1956,27.073224999999997
Qatar,1957,27.097283333333333
Qatar,1958,27.64955
Qatar,1959,26.778049999999997
Qatar,1960,27.8092
Qatar,1961,26.76194166666667
Qatar,1962,27.622466666666668
Qatar,1963,27.432308333333335
Qatar,1964,26.407366666666665
Qatar,1965,27.348016666666666
Qatar,1966,27.439233333333334
Qatar,1967,26.4763
Qatar,1968,26.77785833333333
Qatar,1969,27.514308333333332
Qatar,1970,27.206225
Qatar,1971,26.646183333333337
Qatar,1972,26.266291666666664
Qatar,1973,26.953033333333334
Qatar,1974,26.81873333333333
Qatar,1975,26.7239
Qatar,1976,26.60196666666667
Qatar,1977,27.42203333333333
Qatar,1978,27.235983333333333
Qatar,1979,27.71281666666667
Qatar,1980,27.529775
Qatar,1981,27.582333333333334
Qatar,1982,26.550225
Qatar,1983,26.57025833333333
Qatar,1984,27.08275
Qatar,1985,27.273983333333334
Qatar,1986,27.230383333333332
Qatar,1987,27.61215
Qatar,1988,27.512416666666667
Qatar,1989,26.822658333333333
Qatar,1990,27.431308333333334
Qatar,1991,26.888683333333333
Qatar,1992,26.215999999999998
Qatar,1993,27.142691666666668
Qatar,1994,27.6566
Qatar,1995,27.201525
Qatar,1996,27.723266666666664
Qatar,1997,27.121475
Qatar,1998,28.413991666666664
Qatar,1999,28.669233333333334
Qatar,2000,27.982858333333336
Qatar,2001,28.25406666666667
Qatar,2002,28.104225
Qatar,2003,28.14646666666667
Qatar,2004,28.015658333333334
Qatar,2005,27.788633333333333
Qatar,2006,28.082166666666666
Qatar,2007,28.266750000000002
Qatar,2008,28.044166666666666
Qatar,2009,28.392808333333335
Qatar,2010,28.963250000000002
Qatar,2011,28.208975
Qatar,2012,28.357766666666667
Qatar,2013,27.895483333333335
Qatar,2014,28.270358333333334
Qatar,2015,28.721
Qatar,2016,28.589241666666666
Republic Of Korea,1901,9.782836666666666
Republic Of Korea,1902,10.3537075
Republic Of Korea,1903,10.306928333333333
Republic Of Korea,1904,10.168435833333334
Republic Of Korea,1905,10.3636675
Republic Of Korea,1906,9.814049166666667
Republic Of Korea,1907,10.052768333333333
Republic Of Korea,1908,9.828836666666666
Republic Of Korea,1909,9.893843333333333
Republic Of Korea,1910,9.590423333333334
Republic Of Korea,1911,9.9898175
Republic Of Korea,1912,9.726305
Republic Of Korea,1913,9.323945
Republic Of Korea,1914,10.933123333333333
Republic Of Korea,1915,10.175994166666667
Republic Of Korea,1916,10.240375
Republic Of Korea,1917,9.120716666666667
Republic Of Korea,1918,9.646269166666666
Republic Of Korea,1919,10.201538333333334
Republic Of Korea,1920,10.516381666666666
Republic Of Korea,1921,9.944674166666667
Republic Of Korea,1922,10.313139999999999
Republic Of Korea,1923,9.8794925
Republic Of Korea,1924,9.967263333333333
Republic Of Korea,1925,9.8590775
Republic Of Korea,1926,9.78633
Republic Of Korea,1927,10.141630833333332
Republic Of Korea,1928,10.109092500000001
Republic Of Korea,1929,10.333273333333333
Republic Of Korea,1930,10.677445833333332
Republic Of Korea,1931,10.006521666666666
Republic Of Korea,1932,10.3529125
Republic Of Korea,1933,10.038180833333334
Republic Of Korea,1934,9.759717499999999
Republic Of Korea,1935,10.64005
Republic Of Korea,1936,9.421038333333334
Republic Of Korea,1937,10.805919166666667
Republic Of Korea,1938,10.353158333333335
Republic Of Korea,1939,10.883704166666666
Republic Of Korea,1940,10.289050833333333
Republic Of Korea,1941,10.4652375
Republic Of Korea,1942,10.5286375
Republic Of Korea,1943,10.703973333333332
Republic Of Korea,1944,10.465516666666668
Republic Of Korea,1945,9.942024166666668
Republic Of Korea,1946,10.833316666666667
Republic Of Korea,1947,9.354744166666666
Republic Of Korea,1948,11.1052825
Republic Of Korea,1949,10.688550833333332
Republic Of Korea,1950,11.0117525
Republic Of Korea,1951,10.9700875
Republic Of Korea,1952,10.500905
Republic Of Korea,1953,10.689118333333333
Republic Of Korea,1954,10.762633333333333
Republic Of Korea,1955,10.886706666666667
Republic Of Korea,1956,9.628224166666667
Republic Of Korea,1957,9.949291666666666
Republic Of Korea,1958,10.83938
Republic Of Korea,1959,11.388181666666668
Republic Of Korea,1960,11.243766666666666
Republic Of Korea,1961,11.463956666666668
Republic Of Korea,1962,10.7150725
Republic Of Korea,1963,10.156899166666667
Republic Of Korea,1964,11.2102825
Republic Of Korea,1965,10.417741666666666
Republic Of Korea,1966,10.702352499999998
Republic Of Korea,1967,10.68924
Republic Of Korea,1968,10.587605833333333
Republic Of Korea,1969,10.039736666666666
Republic Of Korea,1970,10.227926666666667
Republic Of Korea,1971,10.441184166666666
Republic Of Korea,1972,10.672175833333334
Republic Of Korea,1973,11.009396666666667
Republic Of Korea,1974,10.044943333333334
Republic Of Korea,1975,11.131469166666667
Republic Of Korea,1976,10.2889125
Republic Of Korea,1977,10.920295000000001
Republic Of Korea,1978,11.428651666666667
Republic Of Korea,1979,11.312198333333333
Republic Of Korea,1980,9.935028333333333
Republic Of Korea,1981,10.1147925
Republic Of Korea,1982,11.122568333333334
Republic Of Korea,1983,10.953058333333333
Republic Of Korea,1984,10.395750833333333
Republic Of Korea,1985,10.735535833333335
Republic Of Korea,1986,10.17295
Republic Of Korea,1987,10.9629675
Republic Of Korea,1988,10.820114166666668
Republic Of Korea,1989,11.498403333333334
Republic Of Korea,1990,11.839056666666666
Republic Of Korea,1991,11.010400833333334
Republic Of Korea,1992,11.280079166666667
Republic Of Korea,1993,10.601614166666666
Republic Of Korea,1994,12.095904166666665
Republic Of Korea,1995,11.075561666666667
Republic Of Korea,1996,10.906741666666667
Republic Of Korea,1997,11.6186675
Republic Of Korea,1998,12.284853333333333
Republic Of Korea,1999,11.633768333333334
Republic Of Korea,2000,11.391145
Republic Of Korea,2001,11.654555833333333
Republic Of Korea,2002,11.516189166666665
Republic Of Korea,2003,11.240104166666667
Republic Of Korea,2004,11.932479166666667
Republic Of Korea,2005,10.956929166666667
Republic Of Korea,2006,11.444083333333333
Republic Of Korea,2007,11.934773333333332
Republic Of Korea,2008,11.615405833333334
Republic Of Korea,2009,11.590365833333331
Republic Of Korea,2010,11.2707075
Republic Of Korea,2011,10.964251666666668
Republic Of Korea,2012,10.965267500000001
Republic Of Korea,2013,11.539034166666667
Republic Of Korea,2014,11.7220625
Republic Of Korea,2015,11.991012499999998
Republic Of Korea,2016,12.220900833333333
Republic Of Montenegro,1901,8.150974166666666
Republic Of Montenegro,1902,8.152630833333333
Republic Of Montenegro,1903,8.846645833333334
Republic Of Montenegro,1904,8.8690625
Republic Of Montenegro,1905,8.477805833333333
Republic Of Montenegro,1906,8.441248333333332
Republic Of Montenegro,1907,8.3837125
Republic Of Montenegro,1908,7.945996666666667
Republic Of Montenegro,1909,8.329063333333332
Republic Of Montenegro,1910,9.060770833333335
Republic Of Montenegro,1911,8.993902499999999
Republic Of Montenegro,1912,8.078223333333334
Republic Of Montenegro,1913,8.393000833333334
Republic Of Montenegro,1914,7.923415833333333
Republic Of Montenegro,1915,8.6567375
Republic Of Montenegro,1916,9.281994166666665
Republic Of Montenegro,1917,8.423443333333333
Republic Of Montenegro,1918,8.471726666666667
Republic Of Montenegro,1919,8.319876666666667
Republic Of Montenegro,1920,8.916838333333333
Republic Of Montenegro,1921,8.8748675
Republic Of Montenegro,1922,8.148625833333334
Republic Of Montenegro,1923,9.48035
Republic Of Montenegro,1924,8.145934166666667
Republic Of Montenegro,1925,8.716890833333334
Republic Of Montenegro,1926,9.29509
Republic Of Montenegro,1927,9.442658333333334
Republic Of Montenegro,1928,8.960238333333333
Republic Of Montenegro,1929,8.1207075
Republic Of Montenegro,1930,9.447125833333333
Republic Of Montenegro,1931,8.387938333333333
Republic Of Montenegro,1932,8.416680833333333
Republic Of Montenegro,1933,7.603979166666666
Republic Of Montenegro,1934,9.680953333333333
Republic Of Montenegro,1935,8.654605833333333
Republic Of Montenegro,1936,9.095404166666667
Republic Of Montenegro,1937,9.139749166666666
Republic Of Montenegro,1938,8.733911666666666
Republic Of Montenegro,1939,8.8813875
Republic Of Montenegro,1940,7.057909166666666
Republic Of Montenegro,1941,7.775313333333333
Republic Of Montenegro,1942,8.2074375
Republic Of Montenegro,1943,9.2321425
Republic Of Montenegro,1944,8.580709166666667
Republic Of Montenegro,1945,9.061821666666667
Republic Of Montenegro,1946,9.490841666666666
Republic Of Montenegro,1947,9.348414166666666
Republic Of Montenegro,1948,9.000405833333334
Republic Of Montenegro,1949,9.049619999999999
Republic Of Montenegro,1950,9.905924166666667
Republic Of Montenegro,1951,9.8133875
Republic Of Montenegro,1952,9.584860833333332
Republic Of Montenegro,1953,8.603384166666666
Republic Of Montenegro,1954,8.111101666666666
Republic Of Montenegro,1955,8.798254166666666
Republic Of Montenegro,1956,7.878239166666667
Republic Of Montenegro,1957,9.0491175
Republic Of Montenegro,1958,9.193480833333334
Republic Of Montenegro,1959,8.429866666666667
Republic Of Montenegro,1960,9.150319166666668
Republic Of Montenegro,1961,9.354734166666667
Republic Of Montenegro,1962,8.696989166666667
Republic Of Montenegro,1963,8.764825833333333
Republic Of Montenegro,1964,8.407568333333334
Republic Of Montenegro,1965,8.3448525
Republic Of Montenegro,1966,9.177611666666666
Republic Of Montenegro,1967,8.703139166666666
Republic Of Montenegro,1968,8.803035
Republic Of Montenegro,1969,8.432315000000001
Republic Of Montenegro,1970,8.560611666666667
Republic Of Montenegro,1971,8.56963
Republic Of Montenegro,1972,8.722183333333334
Republic Of Montenegro,1973,8.434735
Republic Of Montenegro,1974,8.5975325
Republic Of Montenegro,1975,8.664898333333333
Republic Of Montenegro,1976,7.929664166666666
Republic Of Montenegro,1977,9.073369999999999
Republic Of Montenegro,1978,8.0233
Republic Of Montenegro,1979,8.9835075
Republic Of Montenegro,1980,7.944789166666666
Republic Of Montenegro,1981,8.56519
Republic Of Montenegro,1982,9.041609166666666
Republic Of Montenegro,1983,8.742379166666668
Republic Of Montenegro,1984,8.332065833333333
Republic Of Montenegro,1985,8.524100833333334
Republic Of Montenegro,1986,8.830166666666667
Republic Of Montenegro,1987,8.6222175
Republic Of Montenegro,1988,9.108436666666668
Republic Of Montenegro,1989,8.883210833333333
Republic Of Montenegro,1990,9.48429
Republic Of Montenegro,1991,8.412515
Republic Of Montenegro,1992,9.205388333333334
Republic Of Montenegro,1993,9.071896666666666
Republic Of Montenegro,1994,10.122410833333333
Republic Of Montenegro,1995,8.802484166666668
Republic Of Montenegro,1996,8.477040833333334
Republic Of Montenegro,1997,8.831625833333334
Republic Of Montenegro,1998,9.3033875
Republic Of Montenegro,1999,9.5177925
Republic Of Montenegro,2000,10.219550833333333
Republic Of Montenegro,2001,9.545055
Republic Of Montenegro,2002,10.033151666666667
Republic Of Montenegro,2003,9.509036666666667
Republic Of Montenegro,2004,9.250446666666667
Republic Of Montenegro,2005,8.6927075
Republic Of Montenegro,2006,9.337793333333334
Republic Of Montenegro,2007,10.20082
Republic Of Montenegro,2008,10.246779166666666
Republic Of Montenegro,2009,10.085773333333334
Republic Of Montenegro,2010,9.53667
Republic Of Montenegro,2011,9.84456
Republic Of Montenegro,2012,10.237055
Republic Of Montenegro,2013,10.229555833333334
Republic Of Montenegro,2014,10.456831666666668
Republic Of Montenegro,2015,10.4788275
Republic Of Montenegro,2016,10.1907225
Republic Of Serbia,1901,9.704371666666667
Republic Of Serbia,1902,9.452258333333333
Republic Of Serbia,1903,10.3951875
Republic Of Serbia,1904,10.259398333333333
Republic Of Serbia,1905,9.9854525
Republic Of Serbia,1906,10.065631666666667
Republic Of Serbia,1907,9.806160833333333
Republic Of Serbia,1908,9.425069166666665
Republic Of Serbia,1909,9.8941575
Republic Of Serbia,1910,10.70866
Republic Of Serbia,1911,10.474593333333333
Republic Of Serbia,1912,9.4392425
Republic Of Serbia,1913,9.742344166666667
Republic Of Serbia,1914,9.31723
Republic Of Serbia,1915,10.214640833333334
Republic Of Serbia,1916,10.808059166666666
Republic Of Serbia,1917,9.893255
Republic Of Serbia,1918,9.99598
Republic Of Serbia,1919,9.823695833333334
Republic Of Serbia,1920,10.190384166666666
Republic Of Serbia,1921,10.294734166666666
Republic Of Serbia,1922,9.452608333333334
Republic Of Serbia,1923,11.032460833333333
Republic Of Serbia,1924,9.476088333333333
Republic Of Serbia,1925,10.216631666666666
Republic Of Serbia,1926,10.851859166666666
Republic Of Serbia,1927,10.908975
Republic Of Serbia,1928,10.374789999999999
Republic Of Serbia,1929,9.510028333333333
Republic Of Serbia,1930,10.979835833333333
Republic Of Serbia,1931,9.888620833333333
Republic Of Serbia,1932,9.795915833333334
Republic Of Serbia,1933,8.9812525
Republic Of Serbia,1934,11.257263333333334
Republic Of Serbia,1935,10.135774166666666
Republic Of Serbia,1936,10.618759166666667
Republic Of Serbia,1937,10.698463333333335
Republic Of Serbia,1938,10.299993333333333
Republic Of Serbia,1939,10.395508333333334
Republic Of Serbia,1940,8.44056
Republic Of Serbia,1941,9.198024166666666
Republic Of Serbia,1942,9.517850833333332
Republic Of Serbia,1943,10.587915833333334
Republic Of Serbia,1944,10.070780833333332
Republic Of Serbia,1945,10.451413333333333
Republic Of Serbia,1946,10.981450833333334
Republic Of Serbia,1947,10.7416425
Republic Of Serbia,1948,10.423849166666667
Republic Of Serbia,1949,10.4419975
Republic Of Serbia,1950,11.3178675
Republic Of Serbia,1951,11.368844166666667
Republic Of Serbia,1952,11.0158025
Republic Of Serbia,1953,10.086660833333333
Republic Of Serbia,1954,9.463284166666666
Republic Of Serbia,1955,10.153491666666666
Republic Of Serbia,1956,9.174284166666666
Republic Of Serbia,1957,10.501725833333333
Republic Of Serbia,1958,10.694023333333334
Republic Of Serbia,1959,9.973208333333334
Republic Of Serbia,1960,10.625023333333333
Republic Of Serbia,1961,10.824055
Republic Of Serbia,1962,9.8970175
Republic Of Serbia,1963,9.937747499999999
Republic Of Serbia,1964,9.6107125
Republic Of Serbia,1965,9.627482500000001
Republic Of Serbia,1966,10.765485
Republic Of Serbia,1967,10.243665
Republic Of Serbia,1968,10.394565
Republic Of Serbia,1969,9.73973
Republic Of Serbia,1970,9.964008333333334
Republic Of Serbia,1971,10.088545
Republic Of Serbia,1972,10.263751666666666
Republic Of Serbia,1973,9.899500833333333
Republic Of Serbia,1974,10.198426666666668
Republic Of Serbia,1975,10.311734166666666
Republic Of Serbia,1976,9.454376666666667
Republic Of Serbia,1977,10.5663675
Republic Of Serbia,1978,9.434563333333333
Republic Of Serbia,1979,10.490143333333334
Republic Of Serbia,1980,9.240134166666666
Republic Of Serbia,1981,10.154047499999999
Republic Of Serbia,1982,10.347901666666667
Republic Of Serbia,1983,10.4488275
Republic Of Serbia,1984,9.808890833333333
Republic Of Serbia,1985,9.590480000000001
Republic Of Serbia,1986,10.162291666666667
Republic Of Serbia,1987,9.982313333333334
Republic Of Serbia,1988,10.466399166666667
Republic Of Serbia,1989,10.5486825
Republic Of Serbia,1990,10.988476666666665
Republic Of Serbia,1991,9.733240833333333
Republic Of Serbia,1992,10.764113333333334
Republic Of Serbia,1993,10.322495
Republic Of Serbia,1994,11.634367500000002
Republic Of Serbia,1995,10.383015833333333
Republic Of Serbia,1996,9.810513333333335
Republic Of Serbia,1997,10.112309999999999
Republic Of Serbia,1998,10.61525
Republic Of Serbia,1999,10.837235833333333
Republic Of Serbia,2000,11.807466666666668
Republic Of Serbia,2001,10.836534166666667
Republic Of Serbia,2002,11.596024166666666
Republic Of Serbia,2003,10.719401666666668
Republic Of Serbia,2004,10.642960833333333
Republic Of Serbia,2005,10.081019166666666
Republic Of Serbia,2006,10.7708175
Republic Of Serbia,2007,11.878916666666667
Republic Of Serbia,2008,11.816386666666666
Republic Of Serbia,2009,11.691836666666667
Republic Of Serbia,2010,10.994540833333332
Republic Of Serbia,2011,11.122601666666666
Republic Of Serbia,2012,11.728196666666667
Republic Of Serbia,2013,11.713999166666667
Republic Of Serbia,2014,12.115268333333333
Republic Of Serbia,2015,12.006553333333335
Republic Of Serbia,2016,11.575208333333334
Romania,1901,8.82976
Romania,1902,7.970268333333333
Romania,1903,9.226981666666667
Romania,1904,8.616160833333334
Romania,1905,8.816352499999999
Romania,1906,9.1104875
Romania,1907,8.189245
Romania,1908,8.206863333333333
Romania,1909,8.709465
Romania,1910,9.616055833333332
Romania,1911,8.906910833333333
Romania,1912,8.098749166666666
Romania,1913,8.679689166666668
Romania,1914,8.335839166666666
Romania,1915,9.079699166666666
Romania,1916,9.674515
Romania,1917,8.748490833333333
Romania,1918,9.1033025
Romania,1919,8.6387875
Romania,1920,8.704139166666666
Romania,1921,8.855441666666666
Romania,1922,8.155033333333334
Romania,1923,9.792733333333333
Romania,1924,8.3693175
Romania,1925,9.328829166666667
Romania,1926,9.536240000000001
Romania,1927,9.455048333333332
Romania,1928,8.653669166666667
Romania,1929,8.1168675
Romania,1930,9.6949425
Romania,1931,8.603190833333333
Romania,1932,8.6043175
Romania,1933,7.47629
Romania,1934,10.019463333333332
Romania,1935,8.795885833333333
Romania,1936,9.643568333333333
Romania,1937,9.632048333333334
Romania,1938,9.363484999999999
Romania,1939,9.36171
Romania,1940,7.183615
Romania,1941,7.9162425
Romania,1942,7.809885
Romania,1943,9.034031666666666
Romania,1944,8.9405
Romania,1945,8.731845
Romania,1946,9.548865833333334
Romania,1947,9.136248333333333
Romania,1948,9.031765
Romania,1949,9.143964166666667
Romania,1950,9.782164999999999
Romania,1951,10.120193333333335
Romania,1952,9.530803333333333
Romania,1953,8.7489375
Romania,1954,8.277961666666666
Romania,1955,8.963933333333333
Romania,1956,7.817035
Romania,1957,9.292533333333333
Romania,1958,9.40436
Romania,1959,8.760404166666667
Romania,1960,9.5371925
Romania,1961,9.422326666666667
Romania,1962,8.784853333333333
Romania,1963,8.547550000000001
Romania,1964,8.269218333333333
Romania,1965,8.112
Romania,1966,9.74672
Romania,1967,9.060600833333334
Romania,1968,9.267212500000001
Romania,1969,8.285793333333332
Romania,1970,8.988059166666666
Romania,1971,8.9921225
Romania,1972,9.082945833333333
Romania,1973,8.648924166666667
Romania,1974,9.018125
Romania,1975,9.443814999999999
Romania,1976,8.047676666666666
Romania,1977,9.1723625
Romania,1978,8.169396666666666
Romania,1979,9.2465575
Romania,1980,7.887019166666668
Romania,1981,8.9554275
Romania,1982,8.8312625
Romania,1983,9.367231666666667
Romania,1984,8.6544
Romania,1985,7.761644166666667
Romania,1986,8.91397
Romania,1987,8.224401666666667
Romania,1988,8.881973333333333
Romania,1989,9.556596666666666
Romania,1990,9.7298175
Romania,1991,8.551949166666667
Romania,1992,9.15705
Romania,1993,8.598351666666668
Romania,1994,10.292895833333333
Romania,1995,9.071998333333333
Romania,1996,8.492325833333334
Romania,1997,8.529165833333334
Romania,1998,9.100131666666666
Romania,1999,9.783549166666667
Romania,2000,10.236101666666666
Romania,2001,9.558041666666666
Romania,2002,10.16942
Romania,2003,9.127065833333333
Romania,2004,9.4077425
Romania,2005,9.0472175
Romania,2006,9.319381666666667
Romania,2007,10.6914475
Romania,2008,10.436840833333333
Romania,2009,10.459728333333333
Romania,2010,9.872545
Romania,2011,9.533491666666666
Romania,2012,10.247188333333334
Romania,2013,10.374726666666666
Romania,2014,10.729244166666666
Romania,2015,10.8208675
Romania,2016,10.3510325
Russia,1901,-6.623771666666667
Russia,1902,-8.283548333333334
Russia,1903,-6.512589166666667
Russia,1904,-6.518110833333334
Russia,1905,-6.829935833333333
Russia,1906,-6.252780833333333
Russia,1907,-7.170219166666667
Russia,1908,-7.203179166666668
Russia,1909,-6.9708125
Russia,1910,-6.950310000000001
Russia,1911,-6.9237225
Russia,1912,-7.978725833333333
Russia,1913,-6.86805
Russia,1914,-6.50667
Russia,1915,-7.618696666666666
Russia,1916,-7.330449166666667
Russia,1917,-6.730600833333333
Russia,1918,-6.924086666666667
Russia,1919,-7.326434166666666
Russia,1920,-6.312028333333334
Russia,1921,-6.064348333333332
Russia,1922,-6.893319166666667
Russia,1923,-6.521272499999999
Russia,1924,-6.221396666666666
Russia,1925,-6.1358025
Russia,1926,-6.3023066666666665
Russia,1927,-6.535536666666666
Russia,1928,-6.660756666666667
Russia,1929,-7.209216666666666
Russia,1930,-6.463550833333334
Russia,1931,-6.652978333333333
Russia,1932,-5.6594766666666665
Russia,1933,-7.1949125
Russia,1934,-5.588940833333333
Russia,1935,-6.23482
Russia,1936,-6.063321666666667
Russia,1937,-6.13427
Russia,1938,-5.56062
Russia,1939,-5.8001491666666665
Russia,1940,-6.705442499999999
Russia,1941,-7.5480841666666665
Russia,1942,-6.6615166666666665
Russia,1943,-5.131264166666667
Russia,1944,-5.57149
Russia,1945,-6.409183333333334
Russia,1946,-7.0322575
Russia,1947,-6.403105
Russia,1948,-5.444791666666667
Russia,1949,-6.001698333333334
Russia,1950,-6.7445908333333335
Russia,1951,-6.231145833333333
Russia,1952,-7.321925
Russia,1953,-5.826256666666667
Russia,1954,-6.379609166666666
Russia,1955,-6.866029166666666
Russia,1956,-6.908901666666668
Russia,1957,-6.590365833333333
Russia,1958,-7.415785
Russia,1959,-5.942895833333334
Russia,1960,-7.115254166666666
Russia,1961,-6.229895833333334
Russia,1962,-5.624538333333334
Russia,1963,-6.215104166666666
Russia,1964,-6.979244166666667
Russia,1965,-7.1517349999999995
Russia,1966,-7.604616666666666
Russia,1967,-5.442695833333334
Russia,1968,-6.815879166666666
Russia,1969,-7.805495
Russia,1970,-6.6997675
Russia,1971,-6.145097499999999
Russia,1972,-6.878248333333333
Russia,1973,-6.028076666666667
Russia,1974,-6.8730375
Russia,1975,-5.285346666666666
Russia,1976,-7.092298333333333
Russia,1977,-6.7659975
Russia,1978,-6.394080833333334
Russia,1979,-7.122635
Russia,1980,-6.516544166666667
Russia,1981,-5.2101524999999995
Russia,1982,-6.3298491666666665
Russia,1983,-5.135071666666668
Russia,1984,-6.3717733333333335
Russia,1985,-6.653095833333334
Russia,1986,-6.009111666666667
Russia,1987,-7.425739166666666
Russia,1988,-5.438170833333333
Russia,1989,-5.231295833333333
Russia,1990,-5.183365833333333
Russia,1991,-5.404179166666666
Russia,1992,-6.110681666666667
Russia,1993,-5.713026666666667
Russia,1994,-6.100014166666667
Russia,1995,-4.2853025
Russia,1996,-5.843589166666667
Russia,1997,-5.429805833333333
Russia,1998,-6.491144166666667
Russia,1999,-5.984445833333333
Russia,2000,-5.6729650000000005
Russia,2001,-5.633685
Russia,2002,-5.254298333333334
Russia,2003,-4.959395833333333
Russia,2004,-5.717749166666667
Russia,2005,-4.634284166666666
Russia,2006,-5.897105833333334
Russia,2007,-4.119611666666667
Russia,2008,-4.5035099999999995
Russia,2009,-5.769573333333334
Russia,2010,-5.6358675
Russia,2011,-4.433815833333333
Russia,2012,-4.989896666666667
Russia,2013,-4.806088333333333
Russia,2014,-4.8558441666666665
Russia,2015,-4.168698333333333
Russia,2016,-4.2352533333333335
Rwanda,1901,19.25675
Rwanda,1902,19.5144
Rwanda,1903,19.28473333333333
Rwanda,1904,18.79805
Rwanda,1905,18.992774999999998
Rwanda,1906,18.472483333333333
Rwanda,1907,18.481741666666668
Rwanda,1908,19.1285
Rwanda,1909,17.467074999999998
Rwanda,1910,17.373683333333332
Rwanda,1911,18.375525
Rwanda,1912,17.600741666666668
Rwanda,1913,17.31535
Rwanda,1914,17.848683333333334
Rwanda,1915,17.723683333333334
Rwanda,1916,17.173683333333333
Rwanda,1917,16.557016666666666
Rwanda,1918,17.06535
Rwanda,1919,17.38201666666667
Rwanda,1920,17.34035
Rwanda,1921,19.00701666666667
Rwanda,1922,18.88201666666667
Rwanda,1923,18.773683333333334
Rwanda,1924,19.19868333333333
Rwanda,1925,19.04035
Rwanda,1926,19.49035
Rwanda,1927,19.223683333333334
Rwanda,1928,19.50701666666667
Rwanda,1929,16.84035
Rwanda,1930,17.19035
Rwanda,1931,18.814383333333335
Rwanda,1932,18.295458333333332
Rwanda,1933,18.415008333333333
Rwanda,1934,18.41946666666667
Rwanda,1935,18.591241666666665
Rwanda,1936,18.468216666666667
Rwanda,1937,18.375758333333334
Rwanda,1938,18.680975
Rwanda,1939,18.737983333333332
Rwanda,1940,19.086975
Rwanda,1941,19.326616666666666
Rwanda,1942,18.862883333333333
Rwanda,1943,18.926641666666665
Rwanda,1944,18.939733333333333
Rwanda,1945,18.933875
Rwanda,1946,18.943883333333332
Rwanda,1947,18.77980833333333
Rwanda,1948,19.017741666666666
Rwanda,1949,19.3621
Rwanda,1950,18.590791666666664
Rwanda,1951,19.045675
Rwanda,1952,19.267566666666667
Rwanda,1953,19.403325
Rwanda,1954,19.206841666666666
Rwanda,1955,19.0988
Rwanda,1956,18.98111666666667
Rwanda,1957,19.298908333333333
Rwanda,1958,19.59485833333333
Rwanda,1959,19.293016666666666
Rwanda,1960,19.096233333333334
Rwanda,1961,19.18133333333333
Rwanda,1962,18.935558333333333
Rwanda,1963,18.949408333333334
Rwanda,1964,18.967825
Rwanda,1965,19.028141666666667
Rwanda,1966,19.305525
Rwanda,1967,19.034058333333334
Rwanda,1968,18.702616666666668
Rwanda,1969,19.396874999999998
Rwanda,1970,19.145841666666666
Rwanda,1971,18.891716666666667
Rwanda,1972,19.172758333333334
Rwanda,1973,19.32079166666667
Rwanda,1974,19.007141666666666
Rwanda,1975,18.981333333333335
Rwanda,1976,19.286583333333333
Rwanda,1977,19.356608333333334
Rwanda,1978,19.270191666666665
Rwanda,1979,19.181291666666667
Rwanda,1980,19.328166666666664
Rwanda,1981,19.333708333333334
Rwanda,1982,19.420325000000002
Rwanda,1983,19.688625
Rwanda,1984,19.290483333333334
Rwanda,1985,19.1693
Rwanda,1986,19.26171666666667
Rwanda,1987,19.847641666666664
Rwanda,1988,19.588625
Rwanda,1989,19.032883333333334
Rwanda,1990,19.516833333333334
Rwanda,1991,19.562
Rwanda,1992,19.525991666666666
Rwanda,1993,19.556233333333335
Rwanda,1994,19.382741666666664
Rwanda,1995,19.939175000000002
Rwanda,1996,19.682925
Rwanda,1997,19.909158333333334
Rwanda,1998,19.91476666666667
Rwanda,1999,19.7824
Rwanda,2000,19.981325000000002
Rwanda,2001,20.2514
Rwanda,2002,20.518533333333334
Rwanda,2003,20.615325000000002
Rwanda,2004,20.4848
Rwanda,2005,20.76556666666667
Rwanda,2006,20.1034
Rwanda,2007,19.986391666666666
Rwanda,2008,19.880333333333333
Rwanda,2009,20.5425
Rwanda,2010,20.26895
Rwanda,2011,19.808966666666667
Rwanda,2012,19.906991666666666
Rwanda,2013,19.867641666666668
Rwanda,2014,19.917208333333335
Rwanda,2015,19.835291666666667
Rwanda,2016,20.334608333333332
Samoa,1901,26.383708333333335
Samoa,1902,26.38370833333333
Samoa,1903,26.13370833333333
Samoa,1904,25.875375000000002
Samoa,1905,25.958708333333334
Samoa,1906,26.417041666666666
Samoa,1907,25.96704166666667
Samoa,1908,25.983708333333336
Samoa,1909,25.742041666666665
Samoa,1910,25.84204166666667
Samoa,1911,26.417041666666666
Samoa,1912,26.800375
Samoa,1913,26.625375000000002
Samoa,1914,26.875375000000002
Samoa,1915,26.283708333333333
Samoa,1916,26.017041666666668
Samoa,1917,25.892041666666668
Samoa,1918,26.083708333333334
Samoa,1919,26.850375
Samoa,1920,26.800375
Samoa,1921,26.483708333333336
Samoa,1922,26.625375000000002
Samoa,1923,26.300375
Samoa,1924,26.625375000000002
Samoa,1925,26.450374999999998
Samoa,1926,26.842041666666663
Samoa,1927,26.867041666666665
Samoa,1928,26.725375
Samoa,1929,26.683708333333332
Samoa,1930,26.750375000000002
Samoa,1931,26.442041666666668
Samoa,1932,26.593425
Samoa,1933,26.173391666666664
Samoa,1934,26.274208333333334
Samoa,1935,26.554875
Samoa,1936,26.453258333333334
Samoa,1937,26.557083333333335
Samoa,1938,26.391675000000003
Samoa,1939,26.251516666666664
Samoa,1940,26.744808333333335
Samoa,1941,27.010091666666668
Samoa,1942,26.708008333333336
Samoa,1943,26.585975
Samoa,1944,26.583708333333334
Samoa,1945,26.604225
Samoa,1946,26.718549999999997
Samoa,1947,26.984125000000002
Samoa,1948,26.696558333333332
Samoa,1949,26.79279166666667
Samoa,1950,26.567358333333335
Samoa,1951,26.8215
Samoa,1952,27.09125
Samoa,1953,27.026066666666665
Samoa,1954,26.830691666666667
Samoa,1955,26.588875
Samoa,1956,26.501591666666666
Samoa,1957,26.810658333333333
Samoa,1958,27.051524999999998
Samoa,1959,27.176975
Samoa,1960,26.916908333333335
Samoa,1961,26.742800000000003
Samoa,1962,26.709975
Samoa,1963,26.825308333333336
Samoa,1964,26.655025
Samoa,1965,26.463025000000002
Samoa,1966,26.766508333333334
Samoa,1967,26.38875
Samoa,1968,26.614891666666665
Samoa,1969,26.886283333333335
Samoa,1970,26.749399999999998
Samoa,1971,26.35914166666667
Samoa,1972,26.714975
Samoa,1973,26.8781
Samoa,1974,26.2813
Samoa,1975,26.575075
Samoa,1976,26.51245833333333
Samoa,1977,26.791124999999997
Samoa,1978,26.727233333333334
Samoa,1979,26.9507
Samoa,1980,27.068533333333335
Samoa,1981,26.805616666666666
Samoa,1982,26.973733333333332
Samoa,1983,27.033925
Samoa,1984,26.900458333333333
Samoa,1985,26.970466666666667
Samoa,1986,26.959525
Samoa,1987,26.89786666666667
Samoa,1988,27.149925
Samoa,1989,26.766366666666666
Samoa,1990,27.216158333333336
Samoa,1991,27.169241666666665
Samoa,1992,27.19411666666667
Samoa,1993,27.03225833333333
Samoa,1994,27.067975
Samoa,1995,27.420391666666664
Samoa,1996,27.771966666666668
Samoa,1997,27.620125
Samoa,1998,27.722166666666666
Samoa,1999,27.454875
Samoa,2000,27.70210833333333
Samoa,2001,28.137424999999997
Samoa,2002,28.272941666666668
Samoa,2003,27.748125
Samoa,2004,27.579758333333334
Samoa,2005,27.893683333333332
Samoa,2006,27.615708333333334
Samoa,2007,28.044808333333336
Samoa,2008,27.690458333333336
Samoa,2009,27.61905833333333
Samoa,2010,27.67550833333333
Samoa,2011,27.217008333333336
Samoa,2012,27.33620833333333
Samoa,2013,27.636266666666668
Samoa,2014,27.471558333333334
Samoa,2015,27.36425
Samoa,2016,27.870233333333335
Sao Tome And Principe,1901,23.146316666666667
Sao Tome And Principe,1902,23.387983333333334
Sao Tome And Principe,1903,23.52965
Sao Tome And Principe,1904,23.229650000000003
Sao Tome And Principe,1905,23.662983333333333
Sao Tome And Principe,1906,23.604650000000003
Sao Tome And Principe,1907,23.65465
Sao Tome And Principe,1908,23.21298333333333
Sao Tome And Principe,1909,23.92965
Sao Tome And Principe,1910,23.127516666666665
Sao Tome And Principe,1911,23.596316666666667
Sao Tome And Principe,1912,23.725016666666665
Sao Tome And Principe,1913,23.221316666666667
Sao Tome And Principe,1914,23.687983333333335
Sao Tome And Principe,1915,23.504649999999998
Sao Tome And Principe,1916,23.504649999999998
Sao Tome And Principe,1917,23.504649999999998
Sao Tome And Principe,1918,23.504649999999998
Sao Tome And Principe,1919,23.504649999999998
Sao Tome And Principe,1920,23.557616666666664
Sao Tome And Principe,1921,23.504649999999998
Sao Tome And Principe,1922,23.521316666666667
Sao Tome And Principe,1923,23.587400000000002
Sao Tome And Principe,1924,23.693558333333332
Sao Tome And Principe,1925,23.34019166666667
Sao Tome And Principe,1926,23.432891666666666
Sao Tome And Principe,1927,23.291141666666665
Sao Tome And Principe,1928,23.49435
Sao Tome And Principe,1929,23.393491666666666
Sao Tome And Principe,1930,23.55310833333333
Sao Tome And Principe,1931,23.59715
Sao Tome And Principe,1932,23.474125
Sao Tome And Principe,1933,23.599858333333334
Sao Tome And Principe,1934,23.419583333333335
Sao Tome And Principe,1935,23.436158333333335
Sao Tome And Principe,1936,23.524824999999996
Sao Tome And Principe,1937,23.51595
Sao Tome And Principe,1938,23.504649999999998
Sao Tome And Principe,1939,23.379649999999998
Sao Tome And Principe,1940,23.596316666666667
Sao Tome And Principe,1941,24.060550000000003
Sao Tome And Principe,1942,23.912533333333332
Sao Tome And Principe,1943,23.29681666666667
Sao Tome And Principe,1944,24.066316666666665
Sao Tome And Principe,1945,24.131766666666664
Sao Tome And Principe,1946,23.71715
Sao Tome And Principe,1947,24.125491666666665
Sao Tome And Principe,1948,23.700941666666665
Sao Tome And Principe,1949,24.125483333333335
Sao Tome And Principe,1950,23.9592
Sao Tome And Principe,1951,23.872249999999998
Sao Tome And Principe,1952,23.816658333333333
Sao Tome And Principe,1953,23.65500833333333
Sao Tome And Principe,1954,23.196225
Sao Tome And Principe,1955,23.42465
Sao Tome And Principe,1956,23.278341666666666
Sao Tome And Principe,1957,23.618816666666664
Sao Tome And Principe,1958,23.481808333333333
Sao Tome And Principe,1959,23.596791666666665
Sao Tome And Principe,1960,23.691308333333335
Sao Tome And Principe,1961,23.491691666666668
Sao Tome And Principe,1962,23.49631666666667
Sao Tome And Principe,1963,23.916325
Sao Tome And Principe,1964,23.52048333333333
Sao Tome And Principe,1965,23.490016666666666
Sao Tome And Principe,1966,23.881308333333333
Sao Tome And Principe,1967,23.610483333333335
Sao Tome And Principe,1968,23.538458333333335
Sao Tome And Principe,1969,23.688466666666667
Sao Tome And Principe,1970,23.708816666666667
Sao Tome And Principe,1971,23.267983333333333
Sao Tome And Principe,1972,23.212175000000002
Sao Tome And Principe,1973,23.680866666666663
Sao Tome And Principe,1974,23.183833333333336
Sao Tome And Principe,1975,23.164191666666667
Sao Tome And Principe,1976,22.94134166666667
Sao Tome And Principe,1977,23.432266666666667
Sao Tome And Principe,1978,23.394691666666663
Sao Tome And Principe,1979,23.60030833333333
Sao Tome And Principe,1980,23.6403
Sao Tome And Principe,1981,23.505125000000003
Sao Tome And Principe,1982,23.278824999999998
Sao Tome And Principe,1983,23.5681
Sao Tome And Principe,1984,23.773816666666665
Sao Tome And Principe,1985,23.42288333333333
Sao Tome And Principe,1986,23.293816666666668
Sao Tome And Principe,1987,23.94095833333333
Sao Tome And Principe,1988,23.833558333333333
Sao Tome And Principe,1989,23.651683333333335
Sao Tome And Principe,1990,23.894166666666667
Sao Tome And Principe,1991,23.5925
Sao Tome And Principe,1992,23.440475000000003
Sao Tome And Principe,1993,23.689908333333335
Sao Tome And Principe,1994,23.58158333333333
Sao Tome And Principe,1995,23.850383333333337
Sao Tome And Principe,1996,23.633816666666664
Sao Tome And Principe,1997,23.50585
Sao Tome And Principe,1998,24.134649999999997
Sao Tome And Principe,1999,23.814899999999998
Sao Tome And Principe,2000,23.980483333333336
Sao Tome And Principe,2001,23.970491666666664
Sao Tome And Principe,2002,24.149533333333334
Sao Tome And Principe,2003,24.196783333333332
Sao Tome And Principe,2004,24.02501666666667
Sao Tome And Principe,2005,23.999183333333335
Sao Tome And Principe,2006,24.091308333333334
Sao Tome And Principe,2007,24.082516666666667
Sao Tome And Principe,2008,23.955116666666665
Sao Tome And Principe,2009,24.052166666666665
Sao Tome And Principe,2010,24.19595
Sao Tome And Principe,2011,23.8579
Sao Tome And Principe,2012,23.945000000000004
Sao Tome And Principe,2013,23.975591666666663
Sao Tome And Principe,2014,24.02049166666667
Sao Tome And Principe,2015,24.090125
Sao Tome And Principe,2016,24.444916666666668
Saudi Arabia,1901,24.901899999999998
Saudi Arabia,1902,24.265016666666668
Saudi Arabia,1903,23.324341666666665
Saudi Arabia,1904,23.720208333333332
Saudi Arabia,1905,23.813933333333335
Saudi Arabia,1906,23.960158333333336
Saudi Arabia,1907,23.59665
Saudi Arabia,1908,24.146308333333334
Saudi Arabia,1909,24.57915
Saudi Arabia,1910,23.523683333333334
Saudi Arabia,1911,23.108991666666668
Saudi Arabia,1912,23.71115
Saudi Arabia,1913,23.551816666666667
Saudi Arabia,1914,24.1835
Saudi Arabia,1915,24.829825
Saudi Arabia,1916,24.588866666666664
Saudi Arabia,1917,24.486225
Saudi Arabia,1918,24.229275
Saudi Arabia,1919,24.798883333333333
Saudi Arabia,1920,24.293991666666667
Saudi Arabia,1921,24.438283333333334
Saudi Arabia,1922,24.74383333333333
Saudi Arabia,1923,24.458083333333335
Saudi Arabia,1924,24.891341666666666
Saudi Arabia,1925,24.388225000000002
Saudi Arabia,1926,24.44815
Saudi Arabia,1927,24.724166666666665
Saudi Arabia,1928,24.672974999999997
Saudi Arabia,1929,24.4418
Saudi Arabia,1930,24.530508333333334
Saudi Arabia,1931,24.497675
Saudi Arabia,1932,24.235474999999997
Saudi Arabia,1933,23.934575
Saudi Arabia,1934,24.274866666666668
Saudi Arabia,1935,24.835758333333334
Saudi Arabia,1936,24.462341666666664
Saudi Arabia,1937,24.538683333333335
Saudi Arabia,1938,24.381841666666663
Saudi Arabia,1939,24.582825
Saudi Arabia,1940,24.783666666666665
Saudi Arabia,1941,24.706500000000002
Saudi Arabia,1942,24.62145
Saudi Arabia,1943,24.109341666666666
Saudi Arabia,1944,24.482183333333335
Saudi Arabia,1945,24.141666666666666
Saudi Arabia,1946,24.631866666666667
Saudi Arabia,1947,24.996
Saudi Arabia,1948,24.138608333333334
Saudi Arabia,1949,23.810141666666667
Saudi Arabia,1950,24.189608333333336
Saudi Arabia,1951,24.937325
Saudi Arabia,1952,24.97668333333333
Saudi Arabia,1953,24.707183333333333
Saudi Arabia,1954,25.103858333333335
Saudi Arabia,1955,24.964158333333334
Saudi Arabia,1956,24.435458333333333
Saudi Arabia,1957,24.399708333333336
Saudi Arabia,1958,25.00453333333333
Saudi Arabia,1959,23.96681666666667
Saudi Arabia,1960,25.153366666666667
Saudi Arabia,1961,24.236016666666668
Saudi Arabia,1962,25.182675
Saudi Arabia,1963,24.997425000000003
Saudi Arabia,1964,23.975716666666667
Saudi Arabia,1965,24.760675000000003
Saudi Arabia,1966,25.097708333333333
Saudi Arabia,1967,23.893975
Saudi Arabia,1968,24.471733333333333
Saudi Arabia,1969,25.048416666666668
Saudi Arabia,1970,24.733741666666663
Saudi Arabia,1971,24.260375
Saudi Arabia,1972,24.00265
Saudi Arabia,1973,24.52208333333333
Saudi Arabia,1974,24.358341666666664
Saudi Arabia,1975,24.267733333333336
Saudi Arabia,1976,24.289466666666666
Saudi Arabia,1977,24.672066666666666
Saudi Arabia,1978,24.718500000000002
Saudi Arabia,1979,25.211241666666666
Saudi Arabia,1980,24.883633333333336
Saudi Arabia,1981,24.8869
Saudi Arabia,1982,24.048283333333334
Saudi Arabia,1983,24.077208333333335
Saudi Arabia,1984,24.547158333333332
Saudi Arabia,1985,24.880958333333336
Saudi Arabia,1986,24.700400000000002
Saudi Arabia,1987,25.186608333333336
Saudi Arabia,1988,24.9926
Saudi Arabia,1989,24.505508333333335
Saudi Arabia,1990,24.968550000000004
Saudi Arabia,1991,24.706500000000002
Saudi Arabia,1992,23.907608333333332
Saudi Arabia,1993,24.762991666666665
Saudi Arabia,1994,25.139
Saudi Arabia,1995,24.938041666666667
Saudi Arabia,1996,25.374166666666667
Saudi Arabia,1997,24.712125
Saudi Arabia,1998,25.83289166666667
Saudi Arabia,1999,25.929208333333335
Saudi Arabia,2000,25.361683333333332
Saudi Arabia,2001,25.746958333333335
Saudi Arabia,2002,25.653658333333336
Saudi Arabia,2003,25.756891666666665
Saudi Arabia,2004,25.557125
Saudi Arabia,2005,25.436016666666664
Saudi Arabia,2006,25.54896666666667
Saudi Arabia,2007,25.68840833333333
Saudi Arabia,2008,25.556858333333334
Saudi Arabia,2009,25.90664166666667
Saudi Arabia,2010,26.714358333333333
Saudi Arabia,2011,25.558366666666668
Saudi Arabia,2012,25.93809166666667
Saudi Arabia,2013,25.450133333333337
Saudi Arabia,2014,25.834125
Saudi Arabia,2015,26.149941666666667
Saudi Arabia,2016,26.09145
Senegal,1901,27.873341666666665
Senegal,1902,28.38065
Senegal,1903,28.043583333333334
Senegal,1904,27.851858333333336
Senegal,1905,27.970650000000003
Senegal,1906,28.081933333333335
Senegal,1907,27.273775
Senegal,1908,28.311891666666668
Senegal,1909,27.960083333333333
Senegal,1910,28.14724166666667
Senegal,1911,27.903833333333335
Senegal,1912,28.204633333333334
Senegal,1913,28.193700000000003
Senegal,1914,27.838683333333336
Senegal,1915,28.286708333333333
Senegal,1916,27.721375
Senegal,1917,27.612425
Senegal,1918,27.99405
Senegal,1919,28.53495
Senegal,1920,27.646516666666667
Senegal,1921,27.690591666666666
Senegal,1922,27.31865833333333
Senegal,1923,28.003375000000002
Senegal,1924,27.589133333333333
Senegal,1925,27.865574999999996
Senegal,1926,28.162891666666667
Senegal,1927,27.782525000000003
Senegal,1928,27.452758333333335
Senegal,1929,27.312058333333336
Senegal,1930,27.372758333333334
Senegal,1931,28.139416666666666
Senegal,1932,27.903658333333336
Senegal,1933,27.997483333333335
Senegal,1934,27.85535
Senegal,1935,27.898333333333337
Senegal,1936,28.064625000000003
Senegal,1937,28.167541666666665
Senegal,1938,28.22385
Senegal,1939,28.024383333333333
Senegal,1940,27.974033333333335
Senegal,1941,28.229258333333334
Senegal,1942,27.910966666666667
Senegal,1943,27.75899166666667
Senegal,1944,28.280658333333335
Senegal,1945,28.531599999999997
Senegal,1946,28.018616666666663
Senegal,1947,28.110816666666665
Senegal,1948,27.97706666666667
Senegal,1949,28.059183333333333
Senegal,1950,27.820391666666666
Senegal,1951,27.582783333333335
Senegal,1952,27.31815
Senegal,1953,27.58050833333333
Senegal,1954,27.547516666666667
Senegal,1955,27.711141666666666
Senegal,1956,27.428233333333335
Senegal,1957,27.505174999999998
Senegal,1958,28.005366666666664
Senegal,1959,27.727708333333336
Senegal,1960,27.846416666666666
Senegal,1961,27.97225
Senegal,1962,27.980608333333333
Senegal,1963,28.092699999999997
Senegal,1964,27.879583333333333
Senegal,1965,27.465675
Senegal,1966,27.974441666666667
Senegal,1967,27.29704166666667
Senegal,1968,27.738033333333334
Senegal,1969,28.622541666666667
Senegal,1970,28.436841666666666
Senegal,1971,27.52246666666667
Senegal,1972,27.946183333333334
Senegal,1973,28.155941666666667
Senegal,1974,27.242774999999998
Senegal,1975,27.424633333333333
Senegal,1976,27.341475000000003
Senegal,1977,28.1681
Senegal,1978,27.861833333333333
Senegal,1979,28.310258333333334
Senegal,1980,28.177583333333335
Senegal,1981,28.173208333333335
Senegal,1982,27.669625
Senegal,1983,28.69911666666667
Senegal,1984,28.06664166666667
Senegal,1985,27.92856666666667
Senegal,1986,27.733491666666666
Senegal,1987,28.53435
Senegal,1988,28.055075
Senegal,1989,27.957224999999998
Senegal,1990,28.5476
Senegal,1991,28.340408333333333
Senegal,1992,28.250991666666664
Senegal,1993,28.412899999999997
Senegal,1994,27.962374999999998
Senegal,1995,28.285050000000002
Senegal,1996,28.649916666666666
Senegal,1997,28.730241666666668
Senegal,1998,29.18194166666667
Senegal,1999,28.119
Senegal,2000,28.3899
Senegal,2001,28.743641666666665
Senegal,2002,28.793925
Senegal,2003,28.714375
Senegal,2004,28.826625000000003
Senegal,2005,28.924449999999997
Senegal,2006,28.652124999999998
Senegal,2007,28.73420833333333
Senegal,2008,28.732916666666668
Senegal,2009,28.37415
Senegal,2010,29.201166666666666
Senegal,2011,28.627733333333335
Senegal,2012,28.5147
Senegal,2013,28.727108333333334
Senegal,2014,28.64469166666667
Senegal,2015,28.832716666666666
Senegal,2016,29.03845
Seychelles,1901,26.434866666666665
Seychelles,1902,26.511083333333332
Seychelles,1903,26.544158333333332
Seychelles,1904,26.710016666666665
Seychelles,1905,27.18185
Seychelles,1906,26.811700000000002
Seychelles,1907,26.679875
Seychelles,1908,26.984733333333335
Seychelles,1909,26.73738333333333
Seychelles,1910,26.6614
Seychelles,1911,26.76500833333333
Seychelles,1912,27.120166666666666
Seychelles,1913,27.107766666666667
Seychelles,1914,27.493616666666668
Seychelles,1915,27.30249166666667
Seychelles,1916,27.005433333333333
Seychelles,1917,26.86153333333333
Seychelles,1918,26.891099999999998
Seychelles,1919,27.447083333333335
Seychelles,1920,27.153875
Seychelles,1921,27.10723333333333
Seychelles,1922,27.019333333333336
Seychelles,1923,26.99135
Seychelles,1924,27.143325
Seychelles,1925,26.978866666666665
Seychelles,1926,27.422175
Seychelles,1927,27.232783333333334
Seychelles,1928,26.72525
Seychelles,1929,26.488125
Seychelles,1930,26.48828333333333
Seychelles,1931,26.552541666666666
Seychelles,1932,26.493866666666666
Seychelles,1933,26.468875
Seychelles,1934,26.486783333333335
Seychelles,1935,26.536908333333333
Seychelles,1936,26.745666666666665
Seychelles,1937,26.686083333333332
Seychelles,1938,26.71551666666667
Seychelles,1939,26.45245
Seychelles,1940,26.519208333333335
Seychelles,1941,27.251275000000003
Seychelles,1942,26.69955
Seychelles,1943,26.41039166666667
Seychelles,1944,27.42975
Seychelles,1945,26.765516666666667
Seychelles,1946,26.765258333333335
Seychelles,1947,26.880775
Seychelles,1948,27.0775
Seychelles,1949,27.016499999999997
Seychelles,1950,26.913058333333336
Seychelles,1951,27.188425
Seychelles,1952,27.17334166666667
Seychelles,1953,27.202775000000003
Seychelles,1954,27.13115
Seychelles,1955,26.890424999999997
Seychelles,1956,26.795266666666667
Seychelles,1957,26.912666666666667
Seychelles,1958,27.347258333333333
Seychelles,1959,27.023416666666666
Seychelles,1960,27.006866666666667
Seychelles,1961,27.359799999999996
Seychelles,1962,27.15485
Seychelles,1963,26.758125000000003
Seychelles,1964,26.895041666666668
Seychelles,1965,26.802125
Seychelles,1966,27.253208333333333
Seychelles,1967,27.1747
Seychelles,1968,27.010183333333334
Seychelles,1969,27.376050000000003
Seychelles,1970,27.349999999999998
Seychelles,1971,26.671525000000003
Seychelles,1972,26.917433333333335
Seychelles,1973,27.16325833333333
Seychelles,1974,26.420191666666668
Seychelles,1975,26.619966666666667
Seychelles,1976,26.730108333333334
Seychelles,1977,27.129683333333332
Seychelles,1978,27.169391666666666
Seychelles,1979,27.111416666666667
Seychelles,1980,27.153366666666667
Seychelles,1981,27.147841666666665
Seychelles,1982,27.387941666666666
Seychelles,1983,27.361666666666665
Seychelles,1984,26.62890833333333
Seychelles,1985,26.809616666666667
Seychelles,1986,27.085325
Seychelles,1987,27.5641
Seychelles,1988,27.32711666666667
Seychelles,1989,26.835766666666668
Seychelles,1990,27.103266666666666
Seychelles,1991,27.220875000000003
Seychelles,1992,26.959316666666666
Seychelles,1993,27.008775
Seychelles,1994,27.29885
Seychelles,1995,27.316975
Seychelles,1996,26.963416666666664
Seychelles,1997,27.493949999999998
Seychelles,1998,27.69156666666667
Seychelles,1999,27.108158333333336
Seychelles,2000,27.092116666666666
Seychelles,2001,27.31743333333333
Seychelles,2002,27.297466666666665
Seychelles,2003,27.398841666666666
Seychelles,2004,27.186625000000003
Seychelles,2005,27.371958333333335
Seychelles,2006,27.42975
Seychelles,2007,27.645166666666668
Seychelles,2008,27.293791666666667
Seychelles,2009,27.7212
Seychelles,2010,27.761283333333335
Seychelles,2011,27.685191666666668
Seychelles,2012,27.601541666666666
Seychelles,2013,27.584466666666668
Seychelles,2014,27.596391666666666
Seychelles,2015,27.891625
Seychelles,2016,27.642466666666667
Sierra Leone,1901,26.6477
Sierra Leone,1902,26.522883333333336
Sierra Leone,1903,26.398300000000003
Sierra Leone,1904,26.080541666666665
Sierra Leone,1905,26.381783333333335
Sierra Leone,1906,26.37630833333333
Sierra Leone,1907,26.084875
Sierra Leone,1908,26.272341666666666
Sierra Leone,1909,26.175375
Sierra Leone,1910,26.49885
Sierra Leone,1911,26.2126
Sierra Leone,1912,26.635324999999998
Sierra Leone,1913,26.326691666666665
Sierra Leone,1914,26.256741666666667
Sierra Leone,1915,26.661358333333336
Sierra Leone,1916,26.31974166666667
Sierra Leone,1917,26.240066666666667
Sierra Leone,1918,26.119533333333333
Sierra Leone,1919,26.0214
Sierra Leone,1920,26.00775833333333
Sierra Leone,1921,25.897616666666668
Sierra Leone,1922,25.9795
Sierra Leone,1923,26.212266666666665
Sierra Leone,1924,25.700658333333333
Sierra Leone,1925,25.85835833333333
Sierra Leone,1926,26.12686666666667
Sierra Leone,1927,25.663141666666665
Sierra Leone,1928,25.39905
Sierra Leone,1929,25.375625
Sierra Leone,1930,25.377208333333332
Sierra Leone,1931,25.775925
Sierra Leone,1932,25.804316666666665
Sierra Leone,1933,25.94611666666667
Sierra Leone,1934,25.821008333333335
Sierra Leone,1935,25.757175
Sierra Leone,1936,25.867741666666664
Sierra Leone,1937,26.12715
Sierra Leone,1938,26.101866666666666
Sierra Leone,1939,26.057691666666667
Sierra Leone,1940,26.149050000000003
Sierra Leone,1941,26.436083333333332
Sierra Leone,1942,26.226541666666666
Sierra Leone,1943,25.951233333333334
Sierra Leone,1944,26.40131666666667
Sierra Leone,1945,26.426191666666668
Sierra Leone,1946,26.110633333333336
Sierra Leone,1947,26.103708333333334
Sierra Leone,1948,25.835025
Sierra Leone,1949,25.97436666666667
Sierra Leone,1950,25.830133333333333
Sierra Leone,1951,25.85291666666667
Sierra Leone,1952,25.896375000000003
Sierra Leone,1953,26.041375000000002
Sierra Leone,1954,25.621633333333335
Sierra Leone,1955,25.660008333333334
Sierra Leone,1956,25.53085
Sierra Leone,1957,25.791591666666665
Sierra Leone,1958,25.869641666666666
Sierra Leone,1959,25.735
Sierra Leone,1960,25.865033333333333
Sierra Leone,1961,25.666183333333333
Sierra Leone,1962,25.721266666666665
Sierra Leone,1963,26.014658333333333
Sierra Leone,1964,25.646133333333335
Sierra Leone,1965,25.529441666666667
Sierra Leone,1966,25.832975
Sierra Leone,1967,25.706625000000003
Sierra Leone,1968,25.849549999999997
Sierra Leone,1969,26.150941666666668
Sierra Leone,1970,26.010274999999996
Sierra Leone,1971,25.539141666666666
Sierra Leone,1972,25.959566666666664
Sierra Leone,1973,26.24020833333333
Sierra Leone,1974,25.778983333333333
Sierra Leone,1975,25.572025
Sierra Leone,1976,25.480566666666665
Sierra Leone,1977,26.002458333333333
Sierra Leone,1978,25.846825
Sierra Leone,1979,26.154683333333335
Sierra Leone,1980,26.110474999999997
Sierra Leone,1981,26.061850000000003
Sierra Leone,1982,25.908441666666665
Sierra Leone,1983,26.35435
Sierra Leone,1984,26.066016666666666
Sierra Leone,1985,25.874533333333332
Sierra Leone,1986,25.705825
Sierra Leone,1987,26.460449999999998
Sierra Leone,1988,26.08745
Sierra Leone,1989,25.952291666666667
Sierra Leone,1990,26.175358333333335
Sierra Leone,1991,26.17386666666667
Sierra Leone,1992,25.958308333333335
Sierra Leone,1993,26.126441666666665
Sierra Leone,1994,25.848399999999998
Sierra Leone,1995,26.120058333333333
Sierra Leone,1996,26.225575000000003
Sierra Leone,1997,26.24814166666667
Sierra Leone,1998,26.833458333333336
Sierra Leone,1999,26.02100833333333
Sierra Leone,2000,26.16225
Sierra Leone,2001,26.385925
Sierra Leone,2002,26.605391666666666
Sierra Leone,2003,26.556991666666665
Sierra Leone,2004,26.748925
Sierra Leone,2005,26.786641666666668
Sierra Leone,2006,26.57898333333333
Sierra Leone,2007,26.604025000000004
Sierra Leone,2008,26.38508333333333
Sierra Leone,2009,26.330716666666664
Sierra Leone,2010,26.875825000000003
Sierra Leone,2011,26.583708333333334
Sierra Leone,2012,26.351983333333333
Sierra Leone,2013,26.573624999999996
Sierra Leone,2014,26.476575
Sierra Leone,2015,26.639666666666667
Sierra Leone,2016,26.8843
Singapore,1901,26.276908333333335
Singapore,1902,26.139908333333334
Singapore,1903,26.168575
Singapore,1904,26.218575
Singapore,1905,26.33990833333333
Singapore,1906,26.289916666666667
Singapore,1907,26.056575
Singapore,1908,26.333833333333335
Singapore,1909,26.218575
Singapore,1910,26.150499999999997
Singapore,1911,27.585549999999998
Singapore,1912,27.6717
Singapore,1913,27.57381666666667
Singapore,1914,27.884133333333335
Singapore,1915,27.756308333333333
Singapore,1916,27.4265
Singapore,1917,27.065758333333335
Singapore,1918,26.848525
Singapore,1919,27.752350000000003
Singapore,1920,27.528766666666666
Singapore,1921,27.220133333333333
Singapore,1922,27.3686
Singapore,1923,27.2868
Singapore,1924,27.096966666666663
Singapore,1925,27.183841666666666
Singapore,1926,27.538516666666666
Singapore,1927,27.303908333333336
Singapore,1928,27.313633333333332
Singapore,1929,27.09175
Singapore,1930,27.511525000000002
Singapore,1931,27.689633333333333
Singapore,1932,27.036241666666665
Singapore,1933,27.084258333333334
Singapore,1934,26.88639166666667
Singapore,1935,27.357008333333336
Singapore,1936,27.329466666666665
Singapore,1937,27.434825
Singapore,1938,27.31533333333333
Singapore,1939,27.198375
Singapore,1940,27.58611666666667
Singapore,1941,28.02735
Singapore,1942,26.87324166666667
Singapore,1943,26.326908333333336
Singapore,1944,26.723241666666667
Singapore,1945,26.768575
Singapore,1946,27.068575
Singapore,1947,27.051908333333333
Singapore,1948,27.639625
Singapore,1949,27.542025
Singapore,1950,27.255741666666665
Singapore,1951,26.895
Singapore,1952,26.9522
Singapore,1953,26.942733333333333
Singapore,1954,26.697675
Singapore,1955,26.694850000000002
Singapore,1956,26.491874999999997
Singapore,1957,26.883566666666667
Singapore,1958,27.19034166666667
Singapore,1959,26.935958333333332
Singapore,1960,26.920558333333332
Singapore,1961,26.8296
Singapore,1962,26.65415833333333
Singapore,1963,26.864366666666665
Singapore,1964,26.712366666666668
Singapore,1965,26.712933333333336
Singapore,1966,26.876791666666666
Singapore,1967,26.59105
Singapore,1968,26.642308333333332
Singapore,1969,26.878333333333334
Singapore,1970,26.784125
Singapore,1971,26.469858333333335
Singapore,1972,26.844158333333336
Singapore,1973,26.839083333333335
Singapore,1974,26.482
Singapore,1975,26.473975
Singapore,1976,26.55304166666667
Singapore,1977,26.86759166666667
Singapore,1978,26.994425000000003
Singapore,1979,27.06250833333333
Singapore,1980,27.048375000000004
Singapore,1981,27.183275
Singapore,1982,27.27225833333333
Singapore,1983,27.555025
Singapore,1984,26.775516666666665
Singapore,1985,27.090625
Singapore,1986,27.171691666666664
Singapore,1987,27.50135
Singapore,1988,27.361666666666665
Singapore,1989,27.107008333333336
Singapore,1990,27.586383333333334
Singapore,1991,27.553191666666667
Singapore,1992,27.484816666666664
Singapore,1993,27.476941666666665
Singapore,1994,27.567758333333334
Singapore,1995,27.625091666666666
Singapore,1996,27.569725000000002
Singapore,1997,28.003341666666667
Singapore,1998,28.240633333333335
Singapore,1999,27.558425
Singapore,2000,27.670424999999998
Singapore,2001,27.79018333333333
Singapore,2002,28.169316666666663
Singapore,2003,27.878483333333335
Singapore,2004,27.788225
Singapore,2005,27.890341666666668
Singapore,2006,27.640908333333332
Singapore,2007,27.645291666666665
Singapore,2008,27.5481
Singapore,2009,27.77423333333333
Singapore,2010,28.060824999999998
Singapore,2011,27.755191666666665
Singapore,2012,27.842183333333335
Singapore,2013,27.98285
Singapore,2014,27.949641666666665
Singapore,2015,28.137225
Singapore,2016,28.335966666666664
Slovakia,1901,7.157091666666666
Slovakia,1902,6.284093333333334
Slovakia,1903,7.641594166666667
Slovakia,1904,7.457607500000001
Slovakia,1905,7.320745
Slovakia,1906,7.460570833333333
Slovakia,1907,6.90025
Slovakia,1908,6.6834750000000005
Slovakia,1909,6.94621
Slovakia,1910,7.908415833333333
Slovakia,1911,7.9527616666666665
Slovakia,1912,6.696524166666666
Slovakia,1913,7.3125800000000005
Slovakia,1914,7.081041666666667
Slovakia,1915,7.268189166666667
Slovakia,1916,8.120274166666666
Slovakia,1917,7.124975833333334
Slovakia,1918,7.872845833333334
Slovakia,1919,6.844791666666666
Slovakia,1920,7.7717325
Slovakia,1921,7.905939166666666
Slovakia,1922,6.494017500000001
Slovakia,1923,7.7882225
Slovakia,1924,6.679743333333334
Slovakia,1925,7.6325416666666674
Slovakia,1926,8.145278333333334
Slovakia,1927,7.644964166666667
Slovakia,1928,7.615430833333334
Slovakia,1929,6.716475
Slovakia,1930,8.192609166666665
Slovakia,1931,7.0262649999999995
Slovakia,1932,7.49997
Slovakia,1933,6.3791825
Slovakia,1934,8.98773
Slovakia,1935,7.524631666666667
Slovakia,1936,7.947240833333333
Slovakia,1937,8.047328333333333
Slovakia,1938,7.906285833333333
Slovakia,1939,7.925225
Slovakia,1940,5.404503333333333
Slovakia,1941,6.236799166666667
Slovakia,1942,6.570171666666667
Slovakia,1943,7.8960791666666665
Slovakia,1944,7.616458333333334
Slovakia,1945,7.852725
Slovakia,1946,8.065908333333333
Slovakia,1947,7.70052
Slovakia,1948,7.988939166666667
Slovakia,1949,8.180208333333335
Slovakia,1950,8.25613
Slovakia,1951,8.677676666666667
Slovakia,1952,7.556916666666667
Slovakia,1953,7.978409166666666
Slovakia,1954,6.817248333333333
Slovakia,1955,7.0851575
Slovakia,1956,6.336318333333334
Slovakia,1957,7.948320833333334
Slovakia,1958,7.837049999999999
Slovakia,1959,7.863332499999999
Slovakia,1960,7.804501666666667
Slovakia,1961,8.245896666666667
Slovakia,1962,6.890445
Slovakia,1963,6.819778333333333
Slovakia,1964,7.034823333333333
Slovakia,1965,6.5044675
Slovakia,1966,8.20223
Slovakia,1967,8.145055833333332
Slovakia,1968,7.804858333333333
Slovakia,1969,7.13607
Slovakia,1970,7.252579166666667
Slovakia,1971,7.7194875
Slovakia,1972,7.761900000000001
Slovakia,1973,7.567534166666667
Slovakia,1974,8.197740833333333
Slovakia,1975,8.387808333333334
Slovakia,1976,7.3970275
Slovakia,1977,7.990026666666666
Slovakia,1978,6.885965833333334
Slovakia,1979,7.795160833333334
Slovakia,1980,6.521275833333333
Slovakia,1981,7.856348333333333
Slovakia,1982,7.974550833333333
Slovakia,1983,8.564139166666667
Slovakia,1984,7.492104166666667
Slovakia,1985,6.694113333333334
Slovakia,1986,7.438895
Slovakia,1987,7.010168333333333
Slovakia,1988,7.865476666666666
Slovakia,1989,8.408015833333334
Slovakia,1990,8.4951875
Slovakia,1991,7.328899166666667
Slovakia,1992,8.4541225
Slovakia,1993,7.78989
Slovakia,1994,9.056285
Slovakia,1995,7.953921666666666
Slovakia,1996,6.784421666666667
Slovakia,1997,7.563815833333333
Slovakia,1998,8.132213333333334
Slovakia,1999,8.3821825
Slovakia,2000,9.249645
Slovakia,2001,8.122013333333333
Slovakia,2002,8.914341666666667
Slovakia,2003,8.215268333333333
Slovakia,2004,8.055913333333333
Slovakia,2005,7.705544166666667
Slovakia,2006,8.166851666666666
Slovakia,2007,9.345141666666667
Slovakia,2008,9.2508675
Slovakia,2009,8.878747500000001
Slovakia,2010,7.890459166666666
Slovakia,2011,8.615871666666667
Slovakia,2012,8.811199166666666
Slovakia,2013,8.716314166666667
Slovakia,2014,9.851275833333334
Slovakia,2015,9.545084166666667
Slovakia,2016,8.996635833333334
Slovenia,1901,7.7088475
Slovenia,1902,7.732628333333333
Slovenia,1903,8.233374166666668
Slovenia,1904,8.620495833333333
Slovenia,1905,8.092325833333334
Slovenia,1906,7.989283333333333
Slovenia,1907,8.012158333333334
Slovenia,1908,7.6423266666666665
Slovenia,1909,7.6461875
Slovenia,1910,8.3646025
Slovenia,1911,8.7717475
Slovenia,1912,7.8634458333333335
Slovenia,1913,8.155065833333333
Slovenia,1914,7.8327366666666665
Slovenia,1915,8.003454166666666
Slovenia,1916,8.919698333333333
Slovenia,1917,7.897109166666667
Slovenia,1918,8.382865
Slovenia,1919,7.732484166666667
Slovenia,1920,9.038726666666667
Slovenia,1921,8.8849375
Slovenia,1922,7.895600833333333
Slovenia,1923,8.614485
Slovenia,1924,7.916378333333333
Slovenia,1925,8.178190833333334
Slovenia,1926,8.963956666666666
Slovenia,1927,8.816099166666666
Slovenia,1928,8.686375
Slovenia,1929,8.004155833333334
Slovenia,1930,8.982264166666667
Slovenia,1931,7.912824166666667
Slovenia,1932,8.4089375
Slovenia,1933,7.4694891666666665
Slovenia,1934,9.45262
Slovenia,1935,8.283114166666666
Slovenia,1936,8.739841666666667
Slovenia,1937,8.572685
Slovenia,1938,8.403999166666667
Slovenia,1939,8.496235833333333
Slovenia,1940,6.964451666666666
Slovenia,1941,7.410975
Slovenia,1942,8.0567675
Slovenia,1943,9.0363425
Slovenia,1944,8.099900833333333
Slovenia,1945,8.867745000000001
Slovenia,1946,9.087834166666667
Slovenia,1947,8.974791666666667
Slovenia,1948,8.954644166666666
Slovenia,1949,9.087468333333334
Slovenia,1950,9.307786666666667
Slovenia,1951,9.330310833333334
Slovenia,1952,8.4617425
Slovenia,1953,8.836075
Slovenia,1954,7.8262025
Slovenia,1955,8.072674166666667
Slovenia,1956,7.5500541666666665
Slovenia,1957,8.8953225
Slovenia,1958,9.024703333333333
Slovenia,1959,9.019375
Slovenia,1960,8.762348333333334
Slovenia,1961,9.350097499999999
Slovenia,1962,7.7225633333333334
Slovenia,1963,8.107185833333334
Slovenia,1964,8.467461666666667
Slovenia,1965,7.940724166666667
Slovenia,1966,9.042824166666668
Slovenia,1967,8.9836425
Slovenia,1968,8.615845833333333
Slovenia,1969,8.167099166666667
Slovenia,1970,8.159553333333333
Slovenia,1971,8.562879166666667
Slovenia,1972,8.468843333333334
Slovenia,1973,8.355310000000001
Slovenia,1974,8.901128333333334
Slovenia,1975,9.1028975
Slovenia,1976,8.402783333333334
Slovenia,1977,9.019415833333333
Slovenia,1978,7.803335
Slovenia,1979,8.6133775
Slovenia,1980,7.825230833333333
Slovenia,1981,8.5289725
Slovenia,1982,9.009568333333334
Slovenia,1983,9.139445833333333
Slovenia,1984,8.216260833333333
Slovenia,1985,8.1748925
Slovenia,1986,8.363285
Slovenia,1987,8.357803333333335
Slovenia,1988,9.056975
Slovenia,1989,9.2215325
Slovenia,1990,9.438101666666666
Slovenia,1991,8.523293333333333
Slovenia,1992,9.739940833333334
Slovenia,1993,9.137548333333333
Slovenia,1994,10.3731075
Slovenia,1995,9.1283275
Slovenia,1996,8.378702500000001
Slovenia,1997,9.345114166666667
Slovenia,1998,9.51408
Slovenia,1999,9.505055833333333
Slovenia,2000,10.362221666666667
Slovenia,2001,9.511917500000001
Slovenia,2002,10.133774166666667
Slovenia,2003,9.689906666666667
Slovenia,2004,9.106785
Slovenia,2005,8.702243333333334
Slovenia,2006,9.599124166666668
Slovenia,2007,10.289064999999999
Slovenia,2008,10.1136
Slovenia,2009,9.993993333333334
Slovenia,2010,9.036498333333332
Slovenia,2011,10.21325
Slovenia,2012,10.136598333333334
Slovenia,2013,9.784094166666668
Slovenia,2014,10.676539166666666
Slovenia,2015,10.489248333333334
Slovenia,2016,10.127864166666667
Solomon Islands,1901,25.575241666666667
Solomon Islands,1902,25.573308333333333
Solomon Islands,1903,25.577675
Solomon Islands,1904,25.390416666666667
Solomon Islands,1905,25.499883333333333
Solomon Islands,1906,25.602658333333334
Solomon Islands,1907,25.461983333333336
Solomon Islands,1908,25.4654
Solomon Islands,1909,25.734508333333334
Solomon Islands,1910,25.71274166666667
Solomon Islands,1911,25.562191666666667
Solomon Islands,1912,25.60715
Solomon Islands,1913,25.519616666666668
Solomon Islands,1914,25.448624999999996
Solomon Islands,1915,25.640291666666666
Solomon Islands,1916,25.67340833333333
Solomon Islands,1917,25.649741666666667
Solomon Islands,1918,25.36345
Solomon Islands,1919,25.413141666666665
Solomon Islands,1920,25.559825
Solomon Islands,1921,25.579566666666665
Solomon Islands,1922,25.570708333333332
Solomon Islands,1923,25.41219166666667
Solomon Islands,1924,25.656383333333334
Solomon Islands,1925,25.486416666666667
Solomon Islands,1926,25.66818333333333
Solomon Islands,1927,25.55955
Solomon Islands,1928,25.593833333333333
Solomon Islands,1929,25.441975
Solomon Islands,1930,25.493025
Solomon Islands,1931,25.422283333333336
Solomon Islands,1932,25.819149999999997
Solomon Islands,1933,25.622958333333333
Solomon Islands,1934,25.546300000000002
Solomon Islands,1935,25.474816666666666
Solomon Islands,1936,25.38755833333333
Solomon Islands,1937,25.506533333333334
Solomon Islands,1938,25.572391666666665
Solomon Islands,1939,25.93835833333333
Solomon Islands,1940,26.031358333333333
Solomon Islands,1941,25.7227
Solomon Islands,1942,25.671300000000002
Solomon Islands,1943,25.616733333333332
Solomon Islands,1944,25.72255
Solomon Islands,1945,26.09498333333333
Solomon Islands,1946,25.892
Solomon Islands,1947,26.138441666666665
Solomon Islands,1948,25.682308333333335
Solomon Islands,1949,25.841525
Solomon Islands,1950,25.494333333333334
Solomon Islands,1951,25.58066666666667
Solomon Islands,1952,25.702749999999998
Solomon Islands,1953,25.393966666666667
Solomon Islands,1954,25.51839166666667
Solomon Islands,1955,25.284066666666664
Solomon Islands,1956,25.481350000000003
Solomon Islands,1957,25.392775
Solomon Islands,1958,25.680891666666668
Solomon Islands,1959,25.533733333333334
Solomon Islands,1960,25.517225
Solomon Islands,1961,25.487750000000002
Solomon Islands,1962,25.503891666666664
Solomon Islands,1963,25.382175
Solomon Islands,1964,25.515083333333333
Solomon Islands,1965,25.049458333333334
Solomon Islands,1966,25.524666666666665
Solomon Islands,1967,25.316275
Solomon Islands,1968,25.354583333333334
Solomon Islands,1969,25.691033333333333
Solomon Islands,1970,25.626458333333332
Solomon Islands,1971,25.33345
Solomon Islands,1972,25.415991666666667
Solomon Islands,1973,25.78956666666667
Solomon Islands,1974,25.446866666666665
Solomon Islands,1975,25.15485
Solomon Islands,1976,25.123925
Solomon Islands,1977,25.455624999999998
Solomon Islands,1978,25.47181666666667
Solomon Islands,1979,25.650741666666665
Solomon Islands,1980,25.622583333333335
Solomon Islands,1981,25.74445
Solomon Islands,1982,25.468999999999998
Solomon Islands,1983,25.67856666666667
Solomon Islands,1984,25.638116666666665
Solomon Islands,1985,25.693941666666664
Solomon Islands,1986,25.766375
Solomon Islands,1987,26.097416666666664
Solomon Islands,1988,26.00505
Solomon Islands,1989,25.89084166666667
Solomon Islands,1990,26.300916666666666
Solomon Islands,1991,25.712416666666666
Solomon Islands,1992,25.6748
Solomon Islands,1993,25.588091666666667
Solomon Islands,1994,25.557816666666668
Solomon Islands,1995,25.89340833333333
Solomon Islands,1996,25.802858333333333
Solomon Islands,1997,25.56911666666667
Solomon Islands,1998,26.089083333333335
Solomon Islands,1999,26.015116666666668
Solomon Islands,2000,26.012341666666668
Solomon Islands,2001,25.631874999999997
Solomon Islands,2002,25.720983333333333
Solomon Islands,2003,25.782300000000003
Solomon Islands,2004,25.977158333333335
Solomon Islands,2005,25.886041666666667
Solomon Islands,2006,25.815358333333332
Solomon Islands,2007,25.77124166666667
Solomon Islands,2008,25.63184166666667
Solomon Islands,2009,25.883066666666668
Solomon Islands,2010,26.18143333333333
Solomon Islands,2011,25.617266666666666
Solomon Islands,2012,25.590275000000002
Solomon Islands,2013,25.602
Solomon Islands,2014,25.60321666666667
Solomon Islands,2015,25.605241666666668
Solomon Islands,2016,25.695625000000003
Somalia,1901,26.666141666666665
Somalia,1902,26.8882
Somalia,1903,27.033658333333335
Somalia,1904,26.544641666666667
Somalia,1905,26.716975
Somalia,1906,26.669749999999997
Somalia,1907,26.472941666666667
Somalia,1908,27.182041666666667
Somalia,1909,26.055674999999997
Somalia,1910,26.815524999999997
Somalia,1911,26.16835
Somalia,1912,25.431675
Somalia,1913,25.824975
Somalia,1914,26.294758333333334
Somalia,1915,26.456308333333336
Somalia,1916,26.297666666666668
Somalia,1917,26.454283333333333
Somalia,1918,26.301875
Somalia,1919,26.040975
Somalia,1920,26.0218
Somalia,1921,27.078491666666665
Somalia,1922,27.674591666666668
Somalia,1923,26.601575
Somalia,1924,28.237466666666666
Somalia,1925,27.43715
Somalia,1926,27.114091666666667
Somalia,1927,27.0964
Somalia,1928,27.798533333333335
Somalia,1929,26.509675
Somalia,1930,25.974408333333333
Somalia,1931,27.229558333333333
Somalia,1932,26.35475
Somalia,1933,26.984191666666664
Somalia,1934,26.834100000000003
Somalia,1935,26.752499999999998
Somalia,1936,26.690683333333336
Somalia,1937,27.37505833333333
Somalia,1938,26.70426666666667
Somalia,1939,27.271608333333333
Somalia,1940,27.514124999999996
Somalia,1941,27.234958333333335
Somalia,1942,27.082875
Somalia,1943,27.012024999999998
Somalia,1944,27.285541666666663
Somalia,1945,27.065258333333333
Somalia,1946,27.082075
Somalia,1947,26.8753
Somalia,1948,26.952033333333333
Somalia,1949,26.731566666666666
Somalia,1950,26.4598
Somalia,1951,26.99575833333333
Somalia,1952,27.01268333333333
Somalia,1953,27.066283333333335
Somalia,1954,27.034391666666664
Somalia,1955,27.061899999999998
Somalia,1956,26.691983333333337
Somalia,1957,26.67005
Somalia,1958,26.983249999999998
Somalia,1959,26.924325
Somalia,1960,26.595725
Somalia,1961,26.755233333333333
Somalia,1962,26.722624999999997
Somalia,1963,26.484566666666666
Somalia,1964,26.178974999999998
Somalia,1965,26.395341666666667
Somalia,1966,26.718774999999997
Somalia,1967,26.422666666666668
Somalia,1968,26.218933333333336
Somalia,1969,27.125358333333335
Somalia,1970,27.189066666666665
Somalia,1971,26.575950000000002
Somalia,1972,26.857583333333334
Somalia,1973,27.0899
Somalia,1974,26.672375
Somalia,1975,26.666908333333335
Somalia,1976,26.9261
Somalia,1977,26.880141666666663
Somalia,1978,26.936566666666664
Somalia,1979,26.873433333333335
Somalia,1980,27.179299999999998
Somalia,1981,26.782066666666665
Somalia,1982,26.775958333333335
Somalia,1983,27.03725833333333
Somalia,1984,26.4961
Somalia,1985,26.72490833333333
Somalia,1986,26.922691666666665
Somalia,1987,27.16756666666667
Somalia,1988,27.16978333333333
Somalia,1989,26.645
Somalia,1990,27.03085
Somalia,1991,27.086975
Somalia,1992,26.909983333333333
Somalia,1993,26.723133333333333
Somalia,1994,26.833933333333334
Somalia,1995,27.16564166666667
Somalia,1996,27.092091666666665
Somalia,1997,27.012416666666667
Somalia,1998,27.465341666666664
Somalia,1999,26.822599999999998
Somalia,2000,27.046916666666664
Somalia,2001,27.11799166666667
Somalia,2002,27.464616666666668
Somalia,2003,27.455708333333334
Somalia,2004,27.316483333333334
Somalia,2005,27.270075000000002
Somalia,2006,27.324225
Somalia,2007,27.25963333333333
Somalia,2008,26.783766666666665
Somalia,2009,27.761666666666667
Somalia,2010,27.428241666666665
Somalia,2011,27.496566666666666
Somalia,2012,27.35574166666667
Somalia,2013,27.44440833333333
Somalia,2014,27.581699999999998
Somalia,2015,28.063875
Somalia,2016,27.862916666666667
South Africa,1901,16.877735833333332
South Africa,1902,16.7397725
South Africa,1903,16.63712
South Africa,1904,16.662458333333333
South Africa,1905,16.839560833333334
South Africa,1906,16.517099166666664
South Africa,1907,16.376341666666665
South Africa,1908,16.647125
South Africa,1909,16.783433333333335
South Africa,1910,16.5264
South Africa,1911,16.756425833333335
South Africa,1912,17.070333333333334
South Africa,1913,17.180116666666667
South Africa,1914,17.266949999999998
South Africa,1915,17.06410083333333
South Africa,1916,17.026966666666667
South Africa,1917,16.60458
South Africa,1918,16.856025
South Africa,1919,17.191041666666667
South Africa,1920,17.1725
South Africa,1921,16.654019166666668
South Africa,1922,17.295133333333336
South Africa,1923,17.328500000000002
South Africa,1924,16.6970725
South Africa,1925,17.042906666666667
South Africa,1926,17.122906666666665
South Africa,1927,17.588116666666668
South Africa,1928,17.24054166666667
South Africa,1929,17.283375
South Africa,1930,17.12686666666667
South Africa,1931,17.54941666666667
South Africa,1932,17.794316666666667
South Africa,1933,17.66411666666667
South Africa,1934,17.726866666666666
South Africa,1935,16.910983333333334
South Africa,1936,17.22295
South Africa,1937,17.57999166666667
South Africa,1938,17.483391666666666
South Africa,1939,17.269808333333334
South Africa,1940,17.576925
South Africa,1941,17.791525
South Africa,1942,17.56345
South Africa,1943,16.809175
South Africa,1944,17.58715
South Africa,1945,17.817891666666668
South Africa,1946,17.775508333333335
South Africa,1947,17.78845
South Africa,1948,17.44395
South Africa,1949,17.811941666666666
South Africa,1950,17.559958333333334
South Africa,1951,17.1788075
South Africa,1952,17.6712
South Africa,1953,17.327566666666666
South Africa,1954,17.12084666666667
South Africa,1955,16.604141666666667
South Africa,1956,17.164849999999998
South Africa,1957,17.599116666666667
South Africa,1958,17.662333333333333
South Africa,1959,17.48685
South Africa,1960,17.576825
South Africa,1961,17.567016666666667
South Africa,1962,17.727841666666666
South Africa,1963,17.51205
South Africa,1964,17.29780166666667
South Africa,1965,17.410766666666664
South Africa,1966,17.786558333333335
South Africa,1967,17.243080000000003
South Africa,1968,17.029619999999998
South Africa,1969,17.734641666666665
South Africa,1970,17.697
South Africa,1971,17.304175
South Africa,1972,17.6705
South Africa,1973,17.626808333333333
South Africa,1974,17.169391666666666
South Africa,1975,17.15973333333333
South Africa,1976,16.961258333333333
South Africa,1977,17.671408333333336
South Africa,1978,17.456291666666665
South Africa,1979,17.859458333333333
South Africa,1980,17.658808333333333
South Africa,1981,17.173475
South Africa,1982,17.78173333333333
South Africa,1983,18.288675
South Africa,1984,18.12065
South Africa,1985,18.200691666666668
South Africa,1986,18.14635
South Africa,1987,18.230116666666667
South Africa,1988,17.718799999999998
South Africa,1989,17.54045
South Africa,1990,17.79785
South Africa,1991,17.827508333333334
South Africa,1992,18.36305
South Africa,1993,18.3324
South Africa,1994,17.670925
South Africa,1995,17.952075
South Africa,1996,17.380869166666667
South Africa,1997,17.74416666666667
South Africa,1998,18.222466666666666
South Africa,1999,18.59671666666667
South Africa,2000,17.58729166666667
South Africa,2001,17.875866666666667
South Africa,2002,17.934908333333333
South Africa,2003,18.307583333333334
South Africa,2004,18.465841666666666
South Africa,2005,18.555583333333335
South Africa,2006,18.041683333333335
South Africa,2007,18.36433333333333
South Africa,2008,18.462333333333333
South Africa,2009,18.380733333333335
South Africa,2010,18.662458333333333
South Africa,2011,18.070475
South Africa,2012,18.207266666666666
South Africa,2013,18.310616666666665
South Africa,2014,18.471675
South Africa,2015,18.750566666666668
South Africa,2016,19.053575
South Sudan,1901,27.654966666666667
South Sudan,1902,26.891058333333334
South Sudan,1903,26.650366666666667
South Sudan,1904,26.637525
South Sudan,1905,26.504525
South Sudan,1906,26.774816666666666
South Sudan,1907,26.483183333333333
South Sudan,1908,26.854650000000003
South Sudan,1909,26.400533333333332
South Sudan,1910,26.164091666666668
South Sudan,1911,26.382350000000002
South Sudan,1912,25.87076666666667
South Sudan,1913,25.638891666666666
South Sudan,1914,26.580858333333335
South Sudan,1915,26.540008333333333
South Sudan,1916,25.432616666666664
South Sudan,1917,25.379708333333337
South Sudan,1918,26.04341666666667
South Sudan,1919,26.941083333333335
South Sudan,1920,25.36599166666667
South Sudan,1921,26.377724999999998
South Sudan,1922,26.283108333333335
South Sudan,1923,26.396216666666664
South Sudan,1924,27.060216666666665
South Sudan,1925,26.685008333333332
South Sudan,1926,26.897666666666666
South Sudan,1927,27.22775833333333
South Sudan,1928,27.5962
South Sudan,1929,26.096375
South Sudan,1930,25.995258333333336
South Sudan,1931,26.7995
South Sudan,1932,26.520741666666666
South Sudan,1933,27.325083333333335
South Sudan,1934,26.680791666666668
South Sudan,1935,26.856508333333334
South Sudan,1936,27.102500000000003
South Sudan,1937,26.932666666666666
South Sudan,1938,27.080566666666666
South Sudan,1939,27.250341666666667
South Sudan,1940,27.224808333333332
South Sudan,1941,26.939108333333333
South Sudan,1942,26.868975000000002
South Sudan,1943,26.340033333333334
South Sudan,1944,26.42503333333333
South Sudan,1945,26.2831
South Sudan,1946,26.261758333333333
South Sudan,1947,26.365658333333332
South Sudan,1948,26.140333333333334
South Sudan,1949,26.168449999999996
South Sudan,1950,25.942866666666664
South Sudan,1951,26.17171666666667
South Sudan,1952,26.63875833333333
South Sudan,1953,26.393058333333332
South Sudan,1954,26.320958333333333
South Sudan,1955,26.20956666666667
South Sudan,1956,26.011883333333333
South Sudan,1957,26.31504166666667
South Sudan,1958,26.804025
South Sudan,1959,26.461808333333334
South Sudan,1960,26.600575000000003
South Sudan,1961,26.014733333333336
South Sudan,1962,26.1236
South Sudan,1963,26.375558333333334
South Sudan,1964,26.020358333333334
South Sudan,1965,26.350908333333333
South Sudan,1966,26.386808333333335
South Sudan,1967,25.996008333333336
South Sudan,1968,26.1052
South Sudan,1969,26.765808333333336
South Sudan,1970,26.56625
South Sudan,1971,26.207916666666666
South Sudan,1972,26.56835
South Sudan,1973,26.906741666666665
South Sudan,1974,26.443175
South Sudan,1975,26.580691666666667
South Sudan,1976,26.7614
South Sudan,1977,26.757091666666668
South Sudan,1978,26.9156
South Sudan,1979,27.053841666666667
South Sudan,1980,27.27939166666667
South Sudan,1981,27.454175000000003
South Sudan,1982,27.339341666666666
South Sudan,1983,27.540566666666667
South Sudan,1984,27.588866666666664
South Sudan,1985,27.328408333333332
South Sudan,1986,27.504225
South Sudan,1987,27.926708333333334
South Sudan,1988,27.46615
South Sudan,1989,26.735241666666667
South Sudan,1990,27.781441666666666
South Sudan,1991,27.203599999999998
South Sudan,1992,26.80425
South Sudan,1993,27.22220833333333
South Sudan,1994,26.910966666666667
South Sudan,1995,27.300875
South Sudan,1996,27.315416666666668
South Sudan,1997,27.776991666666664
South Sudan,1998,27.642241666666667
South Sudan,1999,27.00385
South Sudan,2000,27.634775
South Sudan,2001,27.8777
South Sudan,2002,28.218658333333334
South Sudan,2003,28.156625000000002
South Sudan,2004,28.1837
South Sudan,2005,28.364416666666667
South Sudan,2006,28.148891666666668
South Sudan,2007,28.322150000000004
South Sudan,2008,28.41293333333333
South Sudan,2009,28.917691666666666
South Sudan,2010,28.632941666666667
South Sudan,2011,28.086658333333332
South Sudan,2012,27.583
South Sudan,2013,28.004833333333334
South Sudan,2014,27.644791666666666
South Sudan,2015,27.885783333333332
South Sudan,2016,28.162516666666665
Spain,1901,12.050171666666666
Spain,1902,12.289900000000001
Spain,1903,12.391696666666666
Spain,1904,12.806458333333333
Spain,1905,12.085800833333332
Spain,1906,12.382305833333334
Spain,1907,12.233899166666667
Spain,1908,12.544464166666666
Spain,1909,12.06373
Spain,1910,12.139155833333334
Spain,1911,12.372001666666668
Spain,1912,12.210771666666666
Spain,1913,12.5316375
Spain,1914,12.2706625
Spain,1915,12.2860475
Spain,1916,12.38817
Spain,1917,11.8464125
Spain,1918,12.198554999999999
Spain,1919,12.078589166666667
Spain,1920,12.4129875
Spain,1921,12.742963333333334
Spain,1922,12.286945000000001
Spain,1923,12.516506666666666
Spain,1924,12.726061666666666
Spain,1925,11.860228333333334
Spain,1926,13.307395833333333
Spain,1927,12.795744166666667
Spain,1928,12.829549166666666
Spain,1929,12.79687
Spain,1930,12.949609166666667
Spain,1931,12.603426666666666
Spain,1932,12.240239166666667
Spain,1933,12.6841475
Spain,1934,12.5888625
Spain,1935,12.2971475
Spain,1936,12.241965
Spain,1937,13.045192499999999
Spain,1938,12.525552500000002
Spain,1939,12.3104675
Spain,1940,12.554958333333333
Spain,1941,12.202760833333334
Spain,1942,12.778048333333333
Spain,1943,13.163226666666667
Spain,1944,12.506635000000001
Spain,1945,13.4961525
Spain,1946,12.626912500000001
Spain,1947,13.338972499999999
Spain,1948,13.446150000000001
Spain,1949,13.398433333333335
Spain,1950,13.060079166666668
Spain,1951,12.5294575
Spain,1952,13.021631666666666
Spain,1953,13.009758333333332
Spain,1954,12.619430833333332
Spain,1955,13.654584999999999
Spain,1956,11.987814166666666
Spain,1957,12.670378333333332
Spain,1958,13.141309166666666
Spain,1959,13.158159166666666
Spain,1960,12.966855
Spain,1961,13.778259166666667
Spain,1962,12.9586525
Spain,1963,12.570923333333333
Spain,1964,13.240670833333333
Spain,1965,12.805973333333334
Spain,1966,13.180234166666667
Spain,1967,12.932536666666666
Spain,1968,13.160743333333334
Spain,1969,12.495579999999999
Spain,1970,13.018849166666667
Spain,1971,12.470113333333332
Spain,1972,12.186149166666667
Spain,1973,12.793265833333335
Spain,1974,12.688744166666666
Spain,1975,12.721814166666666
Spain,1976,12.765273333333333
Spain,1977,12.836715
Spain,1978,12.974784166666666
Spain,1979,13.078317499999999
Spain,1980,12.840293333333333
Spain,1981,13.4589175
Spain,1982,13.468883333333332
Spain,1983,13.457389999999998
Spain,1984,12.7188125
Spain,1985,13.3705625
Spain,1986,13.184988333333335
Spain,1987,13.643014166666667
Spain,1988,13.438468333333333
Spain,1989,14.227791666666667
Spain,1990,14.051035
Spain,1991,13.343385833333334
Spain,1992,13.322831666666666
Spain,1993,12.899996666666667
Spain,1994,13.948403333333333
Spain,1995,14.289474166666666
Spain,1996,13.480557500000002
Spain,1997,14.392415833333333
Spain,1998,13.897385
Spain,1999,13.760624166666666
Spain,2000,13.820392499999999
Spain,2001,13.8924825
Spain,2002,13.892469166666666
Spain,2003,14.280106666666667
Spain,2004,13.812441666666667
Spain,2005,13.642653333333334
Spain,2006,14.380389166666667
Spain,2007,13.672461666666665
Spain,2008,13.631856666666666
Spain,2009,14.304789999999999
Spain,2010,13.5726175
Spain,2011,14.377566666666667
Spain,2012,13.914387499999998
Spain,2013,13.73157
Spain,2014,14.518226666666665
Spain,2015,14.440271666666668
Spain,2016,14.283410833333333
Sri Lanka,1901,26.546233333333333
Sri Lanka,1902,26.423016666666665
Sri Lanka,1903,26.466075
Sri Lanka,1904,26.025116666666666
Sri Lanka,1905,26.44966666666667
Sri Lanka,1906,26.507383333333333
Sri Lanka,1907,26.211924999999997
Sri Lanka,1908,26.166124999999997
Sri Lanka,1909,26.12323333333333
Sri Lanka,1910,26.253491666666665
Sri Lanka,1911,26.60291666666667
Sri Lanka,1912,26.595158333333334
Sri Lanka,1913,26.422674999999998
Sri Lanka,1914,26.55215
Sri Lanka,1915,26.657208333333333
Sri Lanka,1916,26.306583333333332
Sri Lanka,1917,26.116766666666667
Sri Lanka,1918,26.189108333333333
Sri Lanka,1919,26.634891666666665
Sri Lanka,1920,26.8335
Sri Lanka,1921,26.401633333333333
Sri Lanka,1922,26.260916666666663
Sri Lanka,1923,26.12176666666667
Sri Lanka,1924,26.348625
Sri Lanka,1925,26.163383333333332
Sri Lanka,1926,26.501275000000003
Sri Lanka,1927,26.2704
Sri Lanka,1928,26.523966666666666
Sri Lanka,1929,26.185833333333335
Sri Lanka,1930,26.278716666666668
Sri Lanka,1931,26.529625
Sri Lanka,1932,26.148883333333334
Sri Lanka,1933,26.015441666666664
Sri Lanka,1934,26.175150000000002
Sri Lanka,1935,26.30705
Sri Lanka,1936,26.452583333333333
Sri Lanka,1937,26.560266666666667
Sri Lanka,1938,26.515341666666668
Sri Lanka,1939,26.292125
Sri Lanka,1940,26.628333333333334
Sri Lanka,1941,26.7441
Sri Lanka,1942,26.626375
Sri Lanka,1943,26.159041666666667
Sri Lanka,1944,26.339625
Sri Lanka,1945,26.440033333333332
Sri Lanka,1946,26.491091666666666
Sri Lanka,1947,26.386583333333334
Sri Lanka,1948,26.597175000000004
Sri Lanka,1949,26.321775
Sri Lanka,1950,26.402833333333334
Sri Lanka,1951,26.346166666666665
Sri Lanka,1952,26.613024999999997
Sri Lanka,1953,26.637841666666663
Sri Lanka,1954,26.262316666666667
Sri Lanka,1955,26.129558333333335
Sri Lanka,1956,26.184483333333333
Sri Lanka,1957,26.406516666666665
Sri Lanka,1958,26.703366666666668
Sri Lanka,1959,26.63045
Sri Lanka,1960,26.380425000000002
Sri Lanka,1961,26.399366666666666
Sri Lanka,1962,26.406850000000002
Sri Lanka,1963,26.455425
Sri Lanka,1964,26.770825000000002
Sri Lanka,1965,26.63605
Sri Lanka,1966,26.842891666666663
Sri Lanka,1967,26.474041666666665
Sri Lanka,1968,26.5378
Sri Lanka,1969,26.73521666666667
Sri Lanka,1970,26.638333333333335
Sri Lanka,1971,26.242583333333332
Sri Lanka,1972,26.590858333333333
Sri Lanka,1973,26.891266666666667
Sri Lanka,1974,26.419858333333334
Sri Lanka,1975,26.450075
Sri Lanka,1976,26.6512
Sri Lanka,1977,26.703866666666666
Sri Lanka,1978,26.851566666666667
Sri Lanka,1979,27.021041666666665
Sri Lanka,1980,27.17675
Sri Lanka,1981,26.8342
Sri Lanka,1982,26.90501666666667
Sri Lanka,1983,27.25355
Sri Lanka,1984,26.55248333333333
Sri Lanka,1985,26.783325
Sri Lanka,1986,26.841108333333334
Sri Lanka,1987,27.298158333333333
Sri Lanka,1988,27.148608333333332
Sri Lanka,1989,26.862525
Sri Lanka,1990,27.153975
Sri Lanka,1991,27.114949999999997
Sri Lanka,1992,26.873675000000002
Sri Lanka,1993,26.87663333333333
Sri Lanka,1994,26.971891666666664
Sri Lanka,1995,27.19235
Sri Lanka,1996,27.058899999999998
Sri Lanka,1997,27.2332
Sri Lanka,1998,27.72395
Sri Lanka,1999,26.97944166666667
Sri Lanka,2000,27.129891666666666
Sri Lanka,2001,27.28871666666667
Sri Lanka,2002,27.393833333333333
Sri Lanka,2003,27.361075
Sri Lanka,2004,27.120458333333332
Sri Lanka,2005,27.214483333333334
Sri Lanka,2006,27.170824999999997
Sri Lanka,2007,27.128966666666667
Sri Lanka,2008,27.027649999999998
Sri Lanka,2009,27.393291666666666
Sri Lanka,2010,27.55480833333333
Sri Lanka,2011,27.332058333333336
Sri Lanka,2012,27.526458333333334
Sri Lanka,2013,27.295225000000002
Sri Lanka,2014,27.426625
Sri Lanka,2015,27.419808333333332
Sri Lanka,2016,27.729516666666665
St. Kitts And Nevis,1901,24.202066666666667
St. Kitts And Nevis,1902,23.78748333333333
St. Kitts And Nevis,1903,23.927075000000002
St. Kitts And Nevis,1904,23.38955
St. Kitts And Nevis,1905,23.75831666666667
St. Kitts And Nevis,1906,23.591624999999997
St. Kitts And Nevis,1907,23.252041666666667
St. Kitts And Nevis,1908,23.50623333333333
St. Kitts And Nevis,1909,23.345816666666668
St. Kitts And Nevis,1910,23.316633333333332
St. Kitts And Nevis,1911,23.368733333333335
St. Kitts And Nevis,1912,23.724958333333333
St. Kitts And Nevis,1913,22.999966666666666
St. Kitts And Nevis,1914,23.39791666666667
St. Kitts And Nevis,1915,23.985366666666664
St. Kitts And Nevis,1916,23.468708333333336
St. Kitts And Nevis,1917,23.274958333333334
St. Kitts And Nevis,1918,23.333299999999998
St. Kitts And Nevis,1919,23.44373333333333
St. Kitts And Nevis,1920,23.32914166666667
St. Kitts And Nevis,1921,23.333325000000002
St. Kitts And Nevis,1922,23.197875
St. Kitts And Nevis,1923,23.5479
St. Kitts And Nevis,1924,23.94581666666667
St. Kitts And Nevis,1925,23.527058333333333
St. Kitts And Nevis,1926,24.056233333333335
St. Kitts And Nevis,1927,23.66248333333333
St. Kitts And Nevis,1928,23.71665
St. Kitts And Nevis,1929,23.370816666666666
St. Kitts And Nevis,1930,23.647908333333334
St. Kitts And Nevis,1931,24.362466666666666
St. Kitts And Nevis,1932,24.318725
St. Kitts And Nevis,1933,23.960400000000003
St. Kitts And Nevis,1934,23.79370833333333
St. Kitts And Nevis,1935,23.827058333333337
St. Kitts And Nevis,1936,24.085375
St. Kitts And Nevis,1937,24.310374999999997
St. Kitts And Nevis,1938,23.82705
St. Kitts And Nevis,1939,24.022900000000003
St. Kitts And Nevis,1940,24.658325
St. Kitts And Nevis,1941,24.685391666666664
St. Kitts And Nevis,1942,24.758300000000002
St. Kitts And Nevis,1943,24.164558333333332
St. Kitts And Nevis,1944,24.308300000000003
St. Kitts And Nevis,1945,23.872891666666664
St. Kitts And Nevis,1946,24.014533333333333
St. Kitts And Nevis,1947,24.347875000000002
St. Kitts And Nevis,1948,24.360366666666668
St. Kitts And Nevis,1949,24.06244166666667
St. Kitts And Nevis,1950,23.84789166666667
St. Kitts And Nevis,1951,24.368725
St. Kitts And Nevis,1952,24.35415
St. Kitts And Nevis,1953,24.237466666666666
St. Kitts And Nevis,1954,24.072908333333334
St. Kitts And Nevis,1955,24.09789166666667
St. Kitts And Nevis,1956,23.970808333333334
St. Kitts And Nevis,1957,24.208299999999998
St. Kitts And Nevis,1958,24.687491666666663
St. Kitts And Nevis,1959,24.356233333333336
St. Kitts And Nevis,1960,24.522908333333334
St. Kitts And Nevis,1961,24.302041666666668
St. Kitts And Nevis,1962,24.32704166666667
St. Kitts And Nevis,1963,24.522891666666666
St. Kitts And Nevis,1964,24.387483333333332
St. Kitts And Nevis,1965,24.28124166666667
St. Kitts And Nevis,1966,24.564575
St. Kitts And Nevis,1967,24.27705
St. Kitts And Nevis,1968,24.333316666666665
St. Kitts And Nevis,1969,24.802049999999998
St. Kitts And Nevis,1970,24.633325
St. Kitts And Nevis,1971,24.249958333333336
St. Kitts And Nevis,1972,24.46455
St. Kitts And Nevis,1973,24.604133333333333
St. Kitts And Nevis,1974,24.197908333333334
St. Kitts And Nevis,1975,24.224966666666663
St. Kitts And Nevis,1976,24.089558333333333
St. Kitts And Nevis,1977,24.59165833333333
St. Kitts And Nevis,1978,24.708316666666665
St. Kitts And Nevis,1979,24.708325000000002
St. Kitts And Nevis,1980,25.245816666666666
St. Kitts And Nevis,1981,25.177066666666665
St. Kitts And Nevis,1982,24.787475
St. Kitts And Nevis,1983,25.42911666666667
St. Kitts And Nevis,1984,24.814575
St. Kitts And Nevis,1985,24.802049999999998
St. Kitts And Nevis,1986,24.916641666666667
St. Kitts And Nevis,1987,25.48539166666667
St. Kitts And Nevis,1988,25.1104
St. Kitts And Nevis,1989,24.777050000000003
St. Kitts And Nevis,1990,25.087458333333334
St. Kitts And Nevis,1991,25.145816666666665
St. Kitts And Nevis,1992,25.097891666666666
St. Kitts And Nevis,1993,25.252041666666667
St. Kitts And Nevis,1994,25.220816666666664
St. Kitts And Nevis,1995,25.329158333333336
St. Kitts And Nevis,1996,24.916641666666667
St. Kitts And Nevis,1997,25.122891666666664
St. Kitts And Nevis,1998,25.499983333333333
St. Kitts And Nevis,1999,24.962483333333335
St. Kitts And Nevis,2000,24.862483333333333
St. Kitts And Nevis,2001,25.152066666666666
St. Kitts And Nevis,2002,25.312458333333336
St. Kitts And Nevis,2003,25.168733333333336
St. Kitts And Nevis,2004,24.868741666666665
St. Kitts And Nevis,2005,25.24161666666667
St. Kitts And Nevis,2006,25.147883333333336
St. Kitts And Nevis,2007,25.245783333333335
St. Kitts And Nevis,2008,24.81873333333333
St. Kitts And Nevis,2009,25.241658333333334
St. Kitts And Nevis,2010,25.57081666666667
St. Kitts And Nevis,2011,25.085400000000003
St. Kitts And Nevis,2012,25.310391666666664
St. Kitts And Nevis,2013,25.333308333333335
St. Kitts And Nevis,2014,25.368733333333335
St. Kitts And Nevis,2015,25.558333333333334
St. Kitts And Nevis,2016,25.5479
St. Lucia,1901,25.417550000000002
St. Lucia,1902,25.04810833333333
St. Lucia,1903,25.130508333333335
St. Lucia,1904,24.647166666666667
St. Lucia,1905,24.956441666666667
St. Lucia,1906,24.857358333333334
St. Lucia,1907,24.58050833333333
St. Lucia,1908,24.73515
St. Lucia,1909,24.64624166666667
St. Lucia,1910,24.652725
St. Lucia,1911,24.729591666666664
St. Lucia,1912,25.008283333333335
St. Lucia,1913,24.349025
St. Lucia,1914,24.6018
St. Lucia,1915,25.159208333333336
St. Lucia,1916,24.660133333333334
St. Lucia,1917,24.69440833333333
St. Lucia,1918,24.778666666666666
St. Lucia,1919,24.73051666666667
St. Lucia,1920,24.584208333333333
St. Lucia,1921,24.729583333333334
St. Lucia,1922,24.564758333333334
St. Lucia,1923,24.797191666666667
St. Lucia,1924,25.005508333333335
St. Lucia,1925,24.807366666666667
St. Lucia,1926,25.3194
St. Lucia,1927,24.86199166666667
St. Lucia,1928,24.935149999999997
St. Lucia,1929,24.64069166666667
St. Lucia,1930,24.852741666666663
St. Lucia,1931,25.504591666666666
St. Lucia,1932,25.559216666666668
St. Lucia,1933,25.0731
St. Lucia,1934,25.042550000000002
St. Lucia,1935,25.186991666666668
St. Lucia,1936,25.400875
St. Lucia,1937,25.649958333333334
St. Lucia,1938,25.182366666666667
St. Lucia,1939,25.330516666666668
St. Lucia,1940,25.997175
St. Lucia,1941,26.028675000000003
St. Lucia,1942,25.995333333333335
St. Lucia,1943,25.436991666666668
St. Lucia,1944,25.639766666666663
St. Lucia,1945,25.2981
St. Lucia,1946,25.366641666666666
St. Lucia,1947,25.698108333333334
St. Lucia,1948,25.636991666666663
St. Lucia,1949,25.414783333333332
St. Lucia,1950,25.228658333333332
St. Lucia,1951,25.3194
St. Lucia,1952,25.45181666666667
St. Lucia,1953,25.360141666666667
St. Lucia,1954,25.05365
St. Lucia,1955,25.127733333333335
St. Lucia,1956,25.091624999999997
St. Lucia,1957,25.23420833333333
St. Lucia,1958,25.739766666666668
St. Lucia,1959,25.479575
St. Lucia,1960,25.574025000000002
St. Lucia,1961,25.474966666666663
St. Lucia,1962,25.455516666666668
St. Lucia,1963,25.682366666666667
St. Lucia,1964,25.316625000000002
St. Lucia,1965,25.393475
St. Lucia,1966,25.526808333333335
St. Lucia,1967,25.27495
St. Lucia,1968,25.325883333333334
St. Lucia,1969,25.925875
St. Lucia,1970,25.633291666666665
St. Lucia,1971,25.184208333333334
St. Lucia,1972,25.400883333333336
St. Lucia,1973,25.638841666666668
St. Lucia,1974,25.26385
St. Lucia,1975,25.291633333333333
St. Lucia,1976,25.218466666666668
St. Lucia,1977,25.687916666666666
St. Lucia,1978,25.827749999999998
St. Lucia,1979,25.941608333333335
St. Lucia,1980,26.10735
St. Lucia,1981,26.186991666666668
St. Lucia,1982,25.906441666666666
St. Lucia,1983,26.274033333333335
St. Lucia,1984,25.794408333333333
St. Lucia,1985,25.747175
St. Lucia,1986,25.884225
St. Lucia,1987,26.685150000000004
St. Lucia,1988,26.403666666666666
St. Lucia,1989,25.967566666666666
St. Lucia,1990,26.319391666666665
St. Lucia,1991,26.149958333333334
St. Lucia,1992,26.05458333333333
St. Lucia,1993,26.307366666666667
St. Lucia,1994,26.126808333333333
St. Lucia,1995,26.339766666666666
St. Lucia,1996,26.0157
St. Lucia,1997,26.252733333333335
St. Lucia,1998,26.72866666666667
St. Lucia,1999,26.224949999999996
St. Lucia,2000,25.993483333333334
St. Lucia,2001,26.320325
St. Lucia,2002,26.386991666666663
St. Lucia,2003,26.410133333333334
St. Lucia,2004,26.20181666666667
St. Lucia,2005,26.576800000000002
St. Lucia,2006,26.470333333333333
St. Lucia,2007,26.408291666666667
St. Lucia,2008,26.10829166666667
St. Lucia,2009,26.503666666666664
St. Lucia,2010,26.868475
St. Lucia,2011,26.499033333333333
St. Lucia,2012,26.48975833333333
St. Lucia,2013,26.530525
St. Lucia,2014,26.458308333333335
St. Lucia,2015,26.716624999999997
St. Lucia,2016,26.762941666666666
St. Vincent And The Grenadines,1901,26.54665833333333
St. Vincent And The Grenadines,1902,26.18749166666667
St. Vincent And The Grenadines,1903,26.259983333333334
St. Vincent And The Grenadines,1904,25.799983333333333
St. Vincent And The Grenadines,1905,26.077475000000003
St. Vincent And The Grenadines,1906,25.98914166666667
St. Vincent And The Grenadines,1907,25.75499166666667
St. Vincent And The Grenadines,1908,25.869991666666664
St. Vincent And The Grenadines,1909,25.814158333333335
St. Vincent And The Grenadines,1910,25.817475
St. Vincent And The Grenadines,1911,25.90749166666667
St. Vincent And The Grenadines,1912,26.144966666666665
St. Vincent And The Grenadines,1913,25.542475
St. Vincent And The Grenadines,1914,25.737483333333333
St. Vincent And The Grenadines,1915,26.31165
St. Vincent And The Grenadines,1916,25.86415
St. Vincent And The Grenadines,1917,25.934158333333333
St. Vincent And The Grenadines,1918,26.02331666666667
St. Vincent And The Grenadines,1919,25.87330833333333
St. Vincent And The Grenadines,1920,25.719166666666666
St. Vincent And The Grenadines,1921,25.94496666666667
St. Vincent And The Grenadines,1922,25.752499999999998
St. Vincent And The Grenadines,1923,25.94915
St. Vincent And The Grenadines,1924,26.10999166666667
St. Vincent And The Grenadines,1925,25.980808333333332
St. Vincent And The Grenadines,1926,26.48081666666667
St. Vincent And The Grenadines,1927,26.003316666666667
St. Vincent And The Grenadines,1928,26.072483333333334
St. Vincent And The Grenadines,1929,25.822475
St. Vincent And The Grenadines,1930,25.987483333333333
St. Vincent And The Grenadines,1931,26.615808333333334
St. Vincent And The Grenadines,1932,26.72413333333333
St. Vincent And The Grenadines,1933,26.225808333333333
St. Vincent And The Grenadines,1934,26.255808333333334
St. Vincent And The Grenadines,1935,26.299158333333335
St. Vincent And The Grenadines,1936,26.481641666666665
St. Vincent And The Grenadines,1937,26.77915
St. Vincent And The Grenadines,1938,26.322483333333334
St. Vincent And The Grenadines,1939,26.399974999999998
St. Vincent And The Grenadines,1940,27.093308333333336
St. Vincent And The Grenadines,1941,27.15331666666667
St. Vincent And The Grenadines,1942,27.09080833333333
St. Vincent And The Grenadines,1943,26.56080833333333
St. Vincent And The Grenadines,1944,26.761641666666666
St. Vincent And The Grenadines,1945,26.422483333333332
St. Vincent And The Grenadines,1946,26.48499166666667
St. Vincent And The Grenadines,1947,26.777491666666666
St. Vincent And The Grenadines,1948,26.698316666666667
St. Vincent And The Grenadines,1949,26.481658333333332
St. Vincent And The Grenadines,1950,26.287491666666668
St. Vincent And The Grenadines,1951,26.488308333333332
St. Vincent And The Grenadines,1952,26.639991666666663
St. Vincent And The Grenadines,1953,26.505
St. Vincent And The Grenadines,1954,26.151658333333334
St. Vincent And The Grenadines,1955,26.250808333333335
St. Vincent And The Grenadines,1956,26.23665
St. Vincent And The Grenadines,1957,26.38331666666667
St. Vincent And The Grenadines,1958,26.86915833333333
St. Vincent And The Grenadines,1959,26.606650000000002
St. Vincent And The Grenadines,1960,26.7208
St. Vincent And The Grenadines,1961,26.650000000000002
St. Vincent And The Grenadines,1962,26.569158333333334
St. Vincent And The Grenadines,1963,26.795824999999997
St. Vincent And The Grenadines,1964,26.39663333333333
St. Vincent And The Grenadines,1965,26.484125000000002
St. Vincent And The Grenadines,1966,26.619141666666668
St. Vincent And The Grenadines,1967,26.376641666666668
St. Vincent And The Grenadines,1968,26.41
St. Vincent And The Grenadines,1969,27.069999999999997
St. Vincent And The Grenadines,1970,26.726658333333333
St. Vincent And The Grenadines,1971,26.249141666666663
St. Vincent And The Grenadines,1972,26.509141666666665
St. Vincent And The Grenadines,1973,26.79080833333333
St. Vincent And The Grenadines,1974,26.380825
St. Vincent And The Grenadines,1975,26.42165
St. Vincent And The Grenadines,1976,26.345816666666668
St. Vincent And The Grenadines,1977,26.819991666666667
St. Vincent And The Grenadines,1978,26.93664166666667
St. Vincent And The Grenadines,1979,27.085825
St. Vincent And The Grenadines,1980,27.184983333333335
St. Vincent And The Grenadines,1981,27.26665
St. Vincent And The Grenadines,1982,27.004991666666665
St. Vincent And The Grenadines,1983,27.280824999999997
St. Vincent And The Grenadines,1984,26.779991666666664
St. Vincent And The Grenadines,1985,26.65415833333333
St. Vincent And The Grenadines,1986,26.808308333333333
St. Vincent And The Grenadines,1987,27.725808333333333
St. Vincent And The Grenadines,1988,27.441658333333333
St. Vincent And The Grenadines,1989,27.07081666666667
St. Vincent And The Grenadines,1990,27.463325
St. Vincent And The Grenadines,1991,27.161658333333335
St. Vincent And The Grenadines,1992,27.024150000000002
St. Vincent And The Grenadines,1993,27.29749166666667
St. Vincent And The Grenadines,1994,27.07665
St. Vincent And The Grenadines,1995,27.334999999999997
St. Vincent And The Grenadines,1996,26.999983333333333
St. Vincent And The Grenadines,1997,27.223316666666665
St. Vincent And The Grenadines,1998,27.733291666666663
St. Vincent And The Grenadines,1999,27.234975000000002
St. Vincent And The Grenadines,2000,27.0
St. Vincent And The Grenadines,2001,27.30915
St. Vincent And The Grenadines,2002,27.342483333333334
St. Vincent And The Grenadines,2003,27.460825
St. Vincent And The Grenadines,2004,27.261641666666666
St. Vincent And The Grenadines,2005,27.627483333333334
St. Vincent And The Grenadines,2006,27.508300000000002
St. Vincent And The Grenadines,2007,27.370833333333334
St. Vincent And The Grenadines,2008,27.183333333333334
St. Vincent And The Grenadines,2009,27.564999999999998
St. Vincent And The Grenadines,2010,27.90331666666667
St. Vincent And The Grenadines,2011,27.54665833333333
St. Vincent And The Grenadines,2012,27.502483333333334
St. Vincent And The Grenadines,2013,27.574141666666666
St. Vincent And The Grenadines,2014,27.495825
St. Vincent And The Grenadines,2015,27.754975
St. Vincent And The Grenadines,2016,27.777483333333333
Sudan,1901,27.771175
Sudan,1902,26.763816666666667
Sudan,1903,26.115841666666668
Sudan,1904,26.619325
Sudan,1905,26.555408333333332
Sudan,1906,27.1407
Sudan,1907,26.613133333333334
Sudan,1908,26.646516666666667
Sudan,1909,27.20335
Sudan,1910,26.345325
Sudan,1911,26.5385
Sudan,1912,26.334841666666666
Sudan,1913,25.984158333333337
Sudan,1914,26.953766666666667
Sudan,1915,27.313325000000003
Sudan,1916,26.296733333333332
Sudan,1917,26.239358333333332
Sudan,1918,26.6805
Sudan,1919,27.505741666666665
Sudan,1920,25.8479
Sudan,1921,26.539208333333335
Sudan,1922,26.39895
Sudan,1923,26.553691666666666
Sudan,1924,27.115758333333332
Sudan,1925,26.856483333333333
Sudan,1926,26.9562
Sudan,1927,27.365099999999998
Sudan,1928,27.845266666666664
Sudan,1929,26.738591666666665
Sudan,1930,26.691149999999997
Sudan,1931,27.340716666666665
Sudan,1932,27.045258333333333
Sudan,1933,27.701774999999998
Sudan,1934,27.100258333333333
Sudan,1935,27.317758333333334
Sudan,1936,27.777424999999997
Sudan,1937,27.44633333333333
Sudan,1938,27.37398333333333
Sudan,1939,27.774616666666663
Sudan,1940,27.6679
Sudan,1941,26.974033333333335
Sudan,1942,26.7914
Sudan,1943,25.930741666666666
Sudan,1944,26.32935833333333
Sudan,1945,26.02094166666667
Sudan,1946,26.142525000000003
Sudan,1947,26.521683333333332
Sudan,1948,25.91796666666667
Sudan,1949,25.832241666666665
Sudan,1950,26.066591666666667
Sudan,1951,25.974341666666664
Sudan,1952,26.597958333333334
Sudan,1953,26.093175000000002
Sudan,1954,26.25815
Sudan,1955,26.43303333333333
Sudan,1956,26.154325
Sudan,1957,26.351566666666667
Sudan,1958,26.773749999999996
Sudan,1959,25.998266666666666
Sudan,1960,26.811975
Sudan,1961,25.646941666666667
Sudan,1962,26.547425
Sudan,1963,26.81905
Sudan,1964,25.80286666666667
Sudan,1965,26.280199999999997
Sudan,1966,26.732141666666667
Sudan,1967,25.762191666666666
Sudan,1968,26.1671
Sudan,1969,27.154525000000003
Sudan,1970,26.396608333333333
Sudan,1971,26.051283333333334
Sudan,1972,26.527433333333335
Sudan,1973,27.022291666666664
Sudan,1974,26.595141666666667
Sudan,1975,26.751891666666666
Sudan,1976,27.25939166666667
Sudan,1977,26.523233333333334
Sudan,1978,26.895608333333332
Sudan,1979,27.57059166666667
Sudan,1980,27.494641666666666
Sudan,1981,27.219708333333333
Sudan,1982,26.956991666666667
Sudan,1983,26.90575
Sudan,1984,27.679675
Sudan,1985,27.517058333333335
Sudan,1986,27.194599999999998
Sudan,1987,27.641433333333335
Sudan,1988,27.336633333333335
Sudan,1989,26.806875
Sudan,1990,27.65285833333333
Sudan,1991,27.254183333333334
Sudan,1992,26.525208333333335
Sudan,1993,27.521033333333335
Sudan,1994,27.02145
Sudan,1995,27.0423
Sudan,1996,27.559433333333335
Sudan,1997,27.574941666666664
Sudan,1998,27.702541666666665
Sudan,1999,27.676066666666667
Sudan,2000,27.490558333333336
Sudan,2001,27.585975
Sudan,2002,27.80479166666667
Sudan,2003,27.817075000000003
Sudan,2004,27.974383333333332
Sudan,2005,28.16495
Sudan,2006,27.752283333333335
Sudan,2007,27.755341666666666
Sudan,2008,28.039691666666666
Sudan,2009,28.459391666666665
Sudan,2010,28.94774166666667
Sudan,2011,27.80855
Sudan,2012,28.02155
Sudan,2013,28.135450000000002
Sudan,2014,28.01575
Sudan,2015,28.163141666666665
Sudan,2016,28.391741666666665
Suriname,1901,26.089083333333335
Suriname,1902,26.176933333333334
Suriname,1903,26.149600000000003
Suriname,1904,25.80175
Suriname,1905,26.03585
Suriname,1906,25.848716666666665
Suriname,1907,25.676308333333335
Suriname,1908,25.886300000000002
Suriname,1909,25.964183333333335
Suriname,1910,25.907525000000003
Suriname,1911,25.338166666666666
Suriname,1912,25.769125000000003
Suriname,1913,25.278616666666665
Suriname,1914,25.37568333333333
Suriname,1915,25.753716666666666
Suriname,1916,25.258208333333332
Suriname,1917,24.973291666666668
Suriname,1918,25.257499999999997
Suriname,1919,25.493174999999997
Suriname,1920,25.369200000000003
Suriname,1921,25.221383333333335
Suriname,1922,25.151041666666668
Suriname,1923,25.240799999999997
Suriname,1924,25.26993333333333
Suriname,1925,25.362108333333335
Suriname,1926,25.796450000000004
Suriname,1927,25.2856
Suriname,1928,25.341641666666664
Suriname,1929,25.12290833333333
Suriname,1930,25.345175
Suriname,1931,25.895075000000002
Suriname,1932,25.755724999999998
Suriname,1933,25.386966666666666
Suriname,1934,25.28585
Suriname,1935,25.575400000000002
Suriname,1936,25.667308333333335
Suriname,1937,25.763158333333333
Suriname,1938,25.599341666666664
Suriname,1939,25.671358333333334
Suriname,1940,26.1497
Suriname,1941,26.185708333333334
Suriname,1942,26.139116666666666
Suriname,1943,25.735158333333334
Suriname,1944,25.932083333333335
Suriname,1945,25.90263333333333
Suriname,1946,25.74021666666667
Suriname,1947,25.911491666666667
Suriname,1948,25.661424999999998
Suriname,1949,25.38779166666667
Suriname,1950,25.498583333333332
Suriname,1951,25.637858333333337
Suriname,1952,25.7685
Suriname,1953,25.65525
Suriname,1954,25.308683333333335
Suriname,1955,25.310058333333334
Suriname,1956,25.162666666666667
Suriname,1957,25.63695
Suriname,1958,25.962458333333334
Suriname,1959,25.470650000000003
Suriname,1960,25.465041666666668
Suriname,1961,25.526366666666664
Suriname,1962,25.575558333333333
Suriname,1963,25.708758333333336
Suriname,1964,25.851466666666667
Suriname,1965,25.592966666666666
Suriname,1966,25.831149999999997
Suriname,1967,25.418300000000002
Suriname,1968,25.407708333333332
Suriname,1969,25.944233333333333
Suriname,1970,25.595625000000002
Suriname,1971,25.416300000000003
Suriname,1972,25.9798
Suriname,1973,26.06595833333333
Suriname,1974,25.668041666666667
Suriname,1975,25.682875
Suriname,1976,25.747175
Suriname,1977,26.083250000000003
Suriname,1978,26.071191666666667
Suriname,1979,26.253708333333336
Suriname,1980,26.243325
Suriname,1981,25.812458333333336
Suriname,1982,25.690250000000002
Suriname,1983,25.812183333333333
Suriname,1984,25.254816666666667
Suriname,1985,25.44236666666667
Suriname,1986,25.81155
Suriname,1987,26.39833333333333
Suriname,1988,25.803741666666667
Suriname,1989,25.639833333333332
Suriname,1990,25.995433333333335
Suriname,1991,25.7477
Suriname,1992,25.53571666666667
Suriname,1993,25.477249999999998
Suriname,1994,25.59499166666667
Suriname,1995,26.255241666666667
Suriname,1996,25.96699166666667
Suriname,1997,26.130733333333335
Suriname,1998,26.556516666666667
Suriname,1999,25.907858333333333
Suriname,2000,25.807991666666666
Suriname,2001,26.153491666666667
Suriname,2002,26.011174999999998
Suriname,2003,26.331591666666668
Suriname,2004,26.227175
Suriname,2005,26.531675000000003
Suriname,2006,26.261733333333336
Suriname,2007,26.122283333333332
Suriname,2008,25.988258333333334
Suriname,2009,26.263
Suriname,2010,26.56035833333333
Suriname,2011,26.08129166666667
Suriname,2012,26.040008333333333
Suriname,2013,26.0724
Suriname,2014,26.135058333333333
Suriname,2015,26.433858333333333
Suriname,2016,26.402608333333333
Swaziland,1901,19.0782
Swaziland,1902,19.135233333333332
Swaziland,1903,19.225166666666667
Swaziland,1904,19.027241666666665
Swaziland,1905,19.09565
Swaziland,1906,18.829983333333335
Swaziland,1907,18.611916666666666
Swaziland,1908,18.955541666666665
Swaziland,1909,18.897891666666666
Swaziland,1910,18.363791666666668
Swaziland,1911,18.637216666666667
Swaziland,1912,19.233408333333333
Swaziland,1913,19.488291666666665
Swaziland,1914,19.551091666666668
Swaziland,1915,19.1658
Swaziland,1916,19.23185833333333
Swaziland,1917,18.698816666666666
Swaziland,1918,18.909441666666666
Swaziland,1919,19.05855
Swaziland,1920,19.234166666666667
Swaziland,1921,18.905691666666666
Swaziland,1922,19.438775
Swaziland,1923,19.500441666666667
Swaziland,1924,18.681733333333334
Swaziland,1925,19.224525
Swaziland,1926,19.28065833333333
Swaziland,1927,19.398841666666666
Swaziland,1928,19.182791666666667
Swaziland,1929,19.116841666666666
Swaziland,1930,18.864958333333334
Swaziland,1931,19.571891666666666
Swaziland,1932,19.68466666666667
Swaziland,1933,19.637024999999998
Swaziland,1934,19.806741666666667
Swaziland,1935,18.844966666666668
Swaziland,1936,19.154
Swaziland,1937,19.509475
Swaziland,1938,19.657816666666665
Swaziland,1939,19.123641666666668
Swaziland,1940,19.821825
Swaziland,1941,20.360383333333335
Swaziland,1942,19.79126666666667
Swaziland,1943,19.167316666666668
Swaziland,1944,19.878891666666664
Swaziland,1945,19.606958333333335
Swaziland,1946,20.017966666666666
Swaziland,1947,19.921616666666665
Swaziland,1948,19.724
Swaziland,1949,19.708841666666668
Swaziland,1950,19.8289
Swaziland,1951,19.375866666666667
Swaziland,1952,19.963083333333334
Swaziland,1953,19.340175
Swaziland,1954,19.410866666666667
Swaziland,1955,18.949916666666667
Swaziland,1956,19.614158333333332
Swaziland,1957,20.184616666666667
Swaziland,1958,20.127108333333332
Swaziland,1959,19.796666666666667
Swaziland,1960,19.564975
Swaziland,1961,19.856783333333333
Swaziland,1962,20.096166666666665
Swaziland,1963,19.456475
Swaziland,1964,19.430633333333333
Swaziland,1965,19.479416666666665
Swaziland,1966,19.701116666666667
Swaziland,1967,19.33035
Swaziland,1968,19.389491666666668
Swaziland,1969,20.053525
Swaziland,1970,20.21725
Swaziland,1971,19.545758333333335
Swaziland,1972,19.550083333333333
Swaziland,1973,19.707449999999998
Swaziland,1974,19.583908333333333
Swaziland,1975,19.390308333333333
Swaziland,1976,19.398725
Swaziland,1977,20.1297
Swaziland,1978,19.804533333333335
Swaziland,1979,20.072958333333332
Swaziland,1980,19.77565
Swaziland,1981,19.28428333333333
Swaziland,1982,20.048816666666667
Swaziland,1983,20.591466666666665
Swaziland,1984,19.901391666666665
Swaziland,1985,20.457583333333332
Swaziland,1986,20.322233333333333
Swaziland,1987,20.494358333333334
Swaziland,1988,20.201658333333334
Swaziland,1989,19.971483333333335
Swaziland,1990,19.99609166666667
Swaziland,1991,20.227275
Swaziland,1992,20.961633333333335
Swaziland,1993,20.609925
Swaziland,1994,19.665175
Swaziland,1995,20.283625
Swaziland,1996,19.788841666666666
Swaziland,1997,19.928708333333333
Swaziland,1998,20.59085
Swaziland,1999,20.447908333333334
Swaziland,2000,19.536691666666666
Swaziland,2001,20.063925
Swaziland,2002,20.2551
Swaziland,2003,20.637291666666666
Swaziland,2004,20.598875
Swaziland,2005,21.009608333333333
Swaziland,2006,20.28285
Swaziland,2007,20.534258333333334
Swaziland,2008,20.57368333333333
Swaziland,2009,20.415225
Swaziland,2010,20.860033333333334
Swaziland,2011,20.364033333333335
Swaziland,2012,20.67683333333333
Swaziland,2013,20.629466666666666
Swaziland,2014,20.66935833333333
Swaziland,2015,21.171666666666667
Swaziland,2016,21.257966666666665
Sweden,1901,1.7438199999999997
Sweden,1902,-0.2834825
Sweden,1903,1.5611441666666668
Sweden,1904,0.6871766666666668
Sweden,1905,1.3422316666666667
Sweden,1906,1.828845
Sweden,1907,1.4449400000000001
Sweden,1908,1.4700175
Sweden,1909,0.7237199999999998
Sweden,1910,2.0586783333333334
Sweden,1911,2.0562791666666667
Sweden,1912,0.9464358333333335
Sweden,1913,1.8649691666666666
Sweden,1914,2.3417316666666665
Sweden,1915,-0.47797833333333334
Sweden,1916,1.1870675000000002
Sweden,1917,0.4208549999999998
Sweden,1918,1.666425
Sweden,1919,0.6860199999999997
Sweden,1920,2.6336216666666665
Sweden,1921,1.8486725
Sweden,1922,0.7446458333333332
Sweden,1923,0.7411175
Sweden,1924,1.5597191666666668
Sweden,1925,1.8144041666666666
Sweden,1926,1.0500908333333332
Sweden,1927,1.03667
Sweden,1928,1.0196933333333336
Sweden,1929,1.4188341666666666
Sweden,1930,3.032065
Sweden,1931,1.016055
Sweden,1932,2.472566666666667
Sweden,1933,2.059355
Sweden,1934,3.5575666666666663
Sweden,1935,2.0514691666666667
Sweden,1936,2.1605175
Sweden,1937,2.614585833333333
Sweden,1938,3.588103333333333
Sweden,1939,2.1296216666666665
Sweden,1940,0.30246666666666666
Sweden,1941,0.07812916666666651
Sweden,1942,-0.0542891666666668
Sweden,1943,2.8433958333333336
Sweden,1944,2.2925774999999997
Sweden,1945,2.021123333333333
Sweden,1946,2.0764708333333335
Sweden,1947,1.1463058333333331
Sweden,1948,2.3470633333333333
Sweden,1949,3.024574166666667
Sweden,1950,2.0245833333333336
Sweden,1951,1.4869025
Sweden,1952,0.7047958333333333
Sweden,1953,3.019171666666667
Sweden,1954,1.7605308333333334
Sweden,1955,0.4532783333333333
Sweden,1956,0.27833666666666673
Sweden,1957,1.8000591666666665
Sweden,1958,0.8836058333333335
Sweden,1959,2.8521433333333337
Sweden,1960,1.564955
Sweden,1961,2.67896
Sweden,1962,0.8072858333333336
Sweden,1963,1.3784041666666667
Sweden,1964,2.0305500000000003
Sweden,1965,0.8605333333333333
Sweden,1966,0.10882916666666646
Sweden,1967,1.8525066666666667
Sweden,1968,0.8722774999999997
Sweden,1969,0.9458983333333332
Sweden,1970,0.8492041666666666
Sweden,1971,1.5063391666666666
Sweden,1972,2.422445833333333
Sweden,1973,1.9402708333333336
Sweden,1974,2.8310725
Sweden,1975,2.9923466666666663
Sweden,1976,1.0634266666666667
Sweden,1977,1.1807941666666666
Sweden,1978,0.6451591666666666
Sweden,1979,0.851025833333333
Sweden,1980,0.8306841666666668
Sweden,1981,0.5855708333333333
Sweden,1982,1.9250358333333333
Sweden,1983,2.0988008333333332
Sweden,1984,2.1681733333333333
Sweden,1985,-0.32383166666666635
Sweden,1986,1.0993041666666667
Sweden,1987,0.2972574999999999
Sweden,1988,1.9964333333333333
Sweden,1989,3.3407075
Sweden,1990,3.3911499999999997
Sweden,1991,2.3962625
Sweden,1992,2.8510266666666664
Sweden,1993,1.8809658333333334
Sweden,1994,1.8041124999999998
Sweden,1995,2.0187991666666667
Sweden,1996,1.397005
Sweden,1997,2.6635500000000003
Sweden,1998,1.8033574999999997
Sweden,1999,2.4685566666666667
Sweden,2000,3.377561666666667
Sweden,2001,2.0266133333333336
Sweden,2002,2.6178341666666665
Sweden,2003,2.5762125
Sweden,2004,2.6155033333333333
Sweden,2005,2.932355
Sweden,2006,3.17113
Sweden,2007,2.9919058333333335
Sweden,2008,3.185378333333334
Sweden,2009,2.51943
Sweden,2010,0.6325391666666665
Sweden,2011,3.418585833333333
Sweden,2012,1.9086733333333334
Sweden,2013,2.7866516666666663
Sweden,2014,3.6722516666666665
Sweden,2015,3.329636666666667
Sweden,2016,2.9348666666666667
Switzerland,1901,4.756363333333334
Switzerland,1902,5.0637725
Switzerland,1903,5.226565
Switzerland,1904,5.855971666666666
Switzerland,1905,5.080620833333334
Switzerland,1906,5.283895
Switzerland,1907,5.183488333333333
Switzerland,1908,4.917713333333333
Switzerland,1909,4.6515125
Switzerland,1910,5.250748333333333
Switzerland,1911,6.083434166666667
Switzerland,1912,5.1220925
Switzerland,1913,5.5170433333333335
Switzerland,1914,5.229823333333333
Switzerland,1915,5.178935
Switzerland,1916,5.5029925
Switzerland,1917,4.651388333333333
Switzerland,1918,5.482445833333333
Switzerland,1919,4.949348333333333
Switzerland,1920,6.114858333333333
Switzerland,1921,6.323336666666666
Switzerland,1922,4.8999041666666665
Switzerland,1923,5.791488333333334
Switzerland,1924,5.208671666666667
Switzerland,1925,5.282675
Switzerland,1926,5.970319166666667
Switzerland,1927,5.800167500000001
Switzerland,1928,6.1855625
Switzerland,1929,5.388886666666667
Switzerland,1930,6.024759166666667
Switzerland,1931,4.927421666666667
Switzerland,1932,5.361315833333333
Switzerland,1933,5.021743333333333
Switzerland,1934,6.205641666666666
Switzerland,1935,5.511052499999999
Switzerland,1936,5.69454
Switzerland,1937,5.943425833333333
Switzerland,1938,5.57354
Switzerland,1939,5.310630000000001
Switzerland,1940,4.562204166666667
Switzerland,1941,4.773071666666667
Switzerland,1942,5.4461525
Switzerland,1943,6.5832625
Switzerland,1944,5.417840833333333
Switzerland,1945,6.334225833333334
Switzerland,1946,5.973505833333333
Switzerland,1947,6.6145925000000005
Switzerland,1948,6.3092049999999995
Switzerland,1949,6.6291408333333335
Switzerland,1950,6.382650000000001
Switzerland,1951,5.994947499999999
Switzerland,1952,5.777525
Switzerland,1953,6.0697875
Switzerland,1954,5.255800833333333
Switzerland,1955,5.472763333333333
Switzerland,1956,4.666811666666667
Switzerland,1957,5.845246666666667
Switzerland,1958,5.953666666666667
Switzerland,1959,6.496135833333334
Switzerland,1960,5.741615833333333
Switzerland,1961,6.71031
Switzerland,1962,5.0518375
Switzerland,1963,4.868304166666667
Switzerland,1964,5.973446666666667
Switzerland,1965,5.020316666666667
Switzerland,1966,5.965263333333333
Switzerland,1967,5.935295
Switzerland,1968,5.526095000000001
Switzerland,1969,5.309341666666667
Switzerland,1970,5.343554999999999
Switzerland,1971,5.6951849999999995
Switzerland,1972,5.367031666666667
Switzerland,1973,5.509005833333333
Switzerland,1974,6.043310833333333
Switzerland,1975,5.982449166666666
Switzerland,1976,5.890838333333334
Switzerland,1977,5.898076666666667
Switzerland,1978,5.15393
Switzerland,1979,5.6493125
Switzerland,1980,5.142305833333333
Switzerland,1981,5.725145833333333
Switzerland,1982,6.404703333333333
Switzerland,1983,6.395121666666667
Switzerland,1984,5.4336175
Switzerland,1985,5.435279166666667
Switzerland,1986,5.794455
Switzerland,1987,5.6708125
Switzerland,1988,6.5624666666666664
Switzerland,1989,6.700811666666667
Switzerland,1990,6.823274166666667
Switzerland,1991,5.9488375
Switzerland,1992,6.562678333333333
Switzerland,1993,6.126650833333333
Switzerland,1994,7.341029166666666
Switzerland,1995,6.331225833333334
Switzerland,1996,5.534845
Switzerland,1997,6.766827500000001
Switzerland,1998,6.532314166666667
Switzerland,1999,6.543310000000001
Switzerland,2000,7.131224166666667
Switzerland,2001,6.5400350000000005
Switzerland,2002,7.136198333333333
Switzerland,2003,6.994315833333334
Switzerland,2004,6.424534166666667
Switzerland,2005,6.217944166666666
Switzerland,2006,6.906180833333333
Switzerland,2007,7.014966666666666
Switzerland,2008,6.598185
Switzerland,2009,6.825469999999999
Switzerland,2010,5.738487500000001
Switzerland,2011,7.4563241666666675
Switzerland,2012,6.818773333333334
Switzerland,2013,6.430298333333333
Switzerland,2014,7.7625575
Switzerland,2015,7.734357500000001
Switzerland,2016,7.13572
Syria,1901,17.75796
Syria,1902,17.238465833333333
Syria,1903,16.499831666666665
Syria,1904,16.763736666666667
Syria,1905,16.94369
Syria,1906,17.146440833333333
Syria,1907,16.473069166666665
Syria,1908,16.476334166666668
Syria,1909,17.676823333333335
Syria,1910,16.947485
Syria,1911,16.069644166666667
Syria,1912,17.17721583333333
Syria,1913,16.86415
Syria,1914,17.322008333333333
Syria,1915,17.89432916666667
Syria,1916,18.088705
Syria,1917,17.866910833333332
Syria,1918,17.648035833333335
Syria,1919,17.924425833333334
Syria,1920,16.998651666666667
Syria,1921,16.588534166666665
Syria,1922,17.929930000000002
Syria,1923,18.01591
Syria,1924,17.862718333333333
Syria,1925,17.87171916666667
Syria,1926,17.7227725
Syria,1927,17.877223333333333
Syria,1928,17.620735
Syria,1929,17.4281225
Syria,1930,18.287485
Syria,1931,17.604411666666667
Syria,1932,17.695536666666666
Syria,1933,16.714604166666668
Syria,1934,17.472169166666667
Syria,1935,18.246431666666666
Syria,1936,17.8714175
Syria,1937,18.28078
Syria,1938,17.530261666666664
Syria,1939,18.0873575
Syria,1940,18.03231166666667
Syria,1941,17.832629166666667
Syria,1942,17.66574
Syria,1943,17.33077
Syria,1944,17.68267833333333
Syria,1945,17.110523333333333
Syria,1946,17.637710833333333
Syria,1947,18.518465
Syria,1948,16.958365
Syria,1949,16.848499166666667
Syria,1950,17.17817416666667
Syria,1951,17.999289166666667
Syria,1952,18.215885833333335
Syria,1953,17.239095833333334
Syria,1954,18.194151666666667
Syria,1955,18.907148333333335
Syria,1956,17.296976666666666
Syria,1957,17.691448333333334
Syria,1958,17.939485833333332
Syria,1959,17.106560833333333
Syria,1960,18.55380583333333
Syria,1961,17.66982833333333
Syria,1962,18.8975525
Syria,1963,18.1313825
Syria,1964,17.148404166666666
Syria,1965,17.590280833333335
Syria,1966,18.730660833333335
Syria,1967,16.597046666666667
Syria,1968,17.793660833333334
Syria,1969,17.977699166666667
Syria,1970,18.266661666666668
Syria,1971,17.5033675
Syria,1972,16.66501
Syria,1973,17.551869166666666
Syria,1974,17.597245833333332
Syria,1975,17.406743333333335
Syria,1976,17.045653333333334
Syria,1977,17.656815833333333
Syria,1978,17.972910833333334
Syria,1979,18.376741666666668
Syria,1980,17.379775833333333
Syria,1981,17.97751
Syria,1982,16.850911666666665
Syria,1983,17.115929166666668
Syria,1984,17.460421666666665
Syria,1985,17.8227775
Syria,1986,18.0799475
Syria,1987,17.9219175
Syria,1988,17.460699166666668
Syria,1989,17.96947
Syria,1990,17.988421666666667
Syria,1991,17.8774375
Syria,1992,16.504916666666666
Syria,1993,17.5428375
Syria,1994,18.76165333333333
Syria,1995,18.080604166666667
Syria,1996,18.520120000000002
Syria,1997,17.4046475
Syria,1998,19.0211425
Syria,1999,18.901888333333336
Syria,2000,18.279620833333333
Syria,2001,19.037189166666668
Syria,2002,18.3607875
Syria,2003,18.417559999999998
Syria,2004,18.27100666666667
Syria,2005,18.3040975
Syria,2006,18.284648333333333
Syria,2007,18.5402175
Syria,2008,18.6319775
Syria,2009,18.556875833333333
Syria,2010,20.075321666666667
Syria,2011,17.977551666666667
Syria,2012,18.912114166666665
Syria,2013,18.65433833333333
Syria,2014,19.038734166666668
Syria,2015,18.829819166666667
Syria,2016,19.095795
Tajikistan,1901,3.1498399999999998
Tajikistan,1902,3.406826666666667
Tajikistan,1903,1.9985724999999999
Tajikistan,1904,2.9691608333333335
Tajikistan,1905,2.3357316666666663
Tajikistan,1906,3.164281666666666
Tajikistan,1907,2.3419891666666666
Tajikistan,1908,2.960213333333334
Tajikistan,1909,3.6862608333333333
Tajikistan,1910,2.9912158333333334
Tajikistan,1911,2.835315833333333
Tajikistan,1912,3.4905174999999997
Tajikistan,1913,3.1516875
Tajikistan,1914,3.9962275
Tajikistan,1915,4.605319166666667
Tajikistan,1916,3.232553333333333
Tajikistan,1917,4.208865833333333
Tajikistan,1918,2.6865583333333336
Tajikistan,1919,2.4446158333333337
Tajikistan,1920,1.5844199999999997
Tajikistan,1921,2.519558333333334
Tajikistan,1922,3.642853333333333
Tajikistan,1923,2.50438
Tajikistan,1924,2.8426958333333334
Tajikistan,1925,3.3366666666666664
Tajikistan,1926,3.3607625
Tajikistan,1927,3.181104166666666
Tajikistan,1928,2.3646999999999996
Tajikistan,1929,2.06429
Tajikistan,1930,2.3112850000000003
Tajikistan,1931,2.4288616666666667
Tajikistan,1932,2.7169283333333336
Tajikistan,1933,2.9438541666666667
Tajikistan,1934,1.8925341666666669
Tajikistan,1935,2.1838275
Tajikistan,1936,3.000268333333333
Tajikistan,1937,2.1803791666666665
Tajikistan,1938,3.0639908333333334
Tajikistan,1939,3.3015433333333335
Tajikistan,1940,3.9726525
Tajikistan,1941,4.38737
Tajikistan,1942,3.4082516666666667
Tajikistan,1943,2.777980833333334
Tajikistan,1944,3.5741483333333335
Tajikistan,1945,2.5258891666666665
Tajikistan,1946,3.496848333333334
Tajikistan,1947,3.915998333333333
Tajikistan,1948,2.9114083333333327
Tajikistan,1949,2.00884
Tajikistan,1950,2.1010383333333333
Tajikistan,1951,2.701945
Tajikistan,1952,3.082808333333334
Tajikistan,1953,3.1061141666666665
Tajikistan,1954,2.277189166666667
Tajikistan,1955,3.6629416666666668
Tajikistan,1956,3.4751516666666666
Tajikistan,1957,1.8574733333333333
Tajikistan,1958,3.3416683333333332
Tajikistan,1959,3.059343333333333
Tajikistan,1960,2.711491666666667
Tajikistan,1961,3.487045833333333
Tajikistan,1962,3.1599225
Tajikistan,1963,3.9088058333333335
Tajikistan,1964,2.2176875000000003
Tajikistan,1965,3.1336091666666666
Tajikistan,1966,3.551364166666667
Tajikistan,1967,2.867951666666667
Tajikistan,1968,3.1516516666666665
Tajikistan,1969,2.2194875
Tajikistan,1970,3.9099425
Tajikistan,1971,4.145095
Tajikistan,1972,1.9809124999999999
Tajikistan,1973,3.552046666666667
Tajikistan,1974,2.705330833333333
Tajikistan,1975,2.8499491666666668
Tajikistan,1976,3.0117708333333333
Tajikistan,1977,3.8221408333333335
Tajikistan,1978,3.485865
Tajikistan,1979,3.809769166666667
Tajikistan,1980,4.046459166666667
Tajikistan,1981,3.86406
Tajikistan,1982,3.0233683333333334
Tajikistan,1983,3.83717
Tajikistan,1984,3.1187125000000004
Tajikistan,1985,3.7896825
Tajikistan,1986,3.5684325
Tajikistan,1987,3.61828
Tajikistan,1988,4.292708333333333
Tajikistan,1989,3.0265500000000003
Tajikistan,1990,4.080914166666666
Tajikistan,1991,3.2215708333333333
Tajikistan,1992,3.1254158333333333
Tajikistan,1993,2.91052
Tajikistan,1994,3.3358575
Tajikistan,1995,3.4660316666666664
Tajikistan,1996,2.9671633333333336
Tajikistan,1997,3.7025133333333327
Tajikistan,1998,3.7299133333333336
Tajikistan,1999,4.402400833333334
Tajikistan,2000,4.263365833333333
Tajikistan,2001,4.517966666666666
Tajikistan,2002,4.3417691666666665
Tajikistan,2003,3.8027675000000003
Tajikistan,2004,4.824535
Tajikistan,2005,4.221793333333333
Tajikistan,2006,4.615576666666667
Tajikistan,2007,4.601218333333333
Tajikistan,2008,4.237876666666667
Tajikistan,2009,4.194287500000001
Tajikistan,2010,4.46842
Tajikistan,2011,4.142339166666667
Tajikistan,2012,3.430185833333334
Tajikistan,2013,4.5354775
Tajikistan,2014,3.735985
Tajikistan,2015,4.462964166666667
Tajikistan,2016,4.7774325
Thailand,1901,26.956541666666666
Thailand,1902,26.34658333333333
Thailand,1903,26.018666666666665
Thailand,1904,25.840858333333333
Thailand,1905,27.048008333333332
Thailand,1906,27.10605
Thailand,1907,26.05875
Thailand,1908,26.132333333333335
Thailand,1909,26.182683333333333
Thailand,1910,25.968416666666666
Thailand,1911,26.532041666666668
Thailand,1912,26.325425
Thailand,1913,26.028358333333333
Thailand,1914,26.2509
Thailand,1915,26.064674999999998
Thailand,1916,25.793491666666668
Thailand,1917,25.73945833333333
Thailand,1918,26.128308333333333
Thailand,1919,26.42448333333333
Thailand,1920,26.20085
Thailand,1921,25.917625
Thailand,1922,26.192933333333333
Thailand,1923,25.931466666666665
Thailand,1924,26.106724999999997
Thailand,1925,25.894058333333334
Thailand,1926,26.43865
Thailand,1927,26.089483333333334
Thailand,1928,26.224625
Thailand,1929,26.198791666666665
Thailand,1930,26.19118333333333
Thailand,1931,26.492525
Thailand,1932,26.339308333333335
Thailand,1933,26.40726666666667
Thailand,1934,26.137125
Thailand,1935,26.699416666666668
Thailand,1936,26.282141666666664
Thailand,1937,26.379266666666666
Thailand,1938,25.8167
Thailand,1939,25.79895833333333
Thailand,1940,26.275383333333334
Thailand,1941,27.09975
Thailand,1942,26.343141666666668
Thailand,1943,25.872183333333336
Thailand,1944,26.281791666666667
Thailand,1945,26.307708333333334
Thailand,1946,26.418049999999997
Thailand,1947,26.635908333333333
Thailand,1948,26.224416666666666
Thailand,1949,26.233841666666667
Thailand,1950,26.043858333333333
Thailand,1951,26.141899999999996
Thailand,1952,26.129116666666665
Thailand,1953,26.12669166666667
Thailand,1954,26.089166666666667
Thailand,1955,25.546049999999997
Thailand,1956,25.578616666666665
Thailand,1957,26.287758333333333
Thailand,1958,26.31035833333333
Thailand,1959,26.429258333333333
Thailand,1960,26.45220833333333
Thailand,1961,26.07580833333333
Thailand,1962,25.8995
Thailand,1963,25.92895
Thailand,1964,26.013816666666667
Thailand,1965,26.15925833333333
Thailand,1966,26.644766666666666
Thailand,1967,25.994633333333336
Thailand,1968,26.30765
Thailand,1969,26.4392
Thailand,1970,26.206725000000002
Thailand,1971,25.590383333333335
Thailand,1972,26.34114166666667
Thailand,1973,26.355433333333334
Thailand,1974,25.855391666666666
Thailand,1975,26.106158333333337
Thailand,1976,25.980791666666665
Thailand,1977,26.219583333333333
Thailand,1978,26.552683333333334
Thailand,1979,26.96174166666667
Thailand,1980,26.678908333333336
Thailand,1981,25.84720833333333
Thailand,1982,25.944158333333334
Thailand,1983,26.284058333333334
Thailand,1984,25.991483333333335
Thailand,1985,26.06735
Thailand,1986,26.025824999999998
Thailand,1987,26.471441666666667
Thailand,1988,26.193575
Thailand,1989,26.159750000000003
Thailand,1990,26.461391666666668
Thailand,1991,27.00735
Thailand,1992,26.590366666666668
Thailand,1993,26.600416666666664
Thailand,1994,26.6785
Thailand,1995,26.55435
Thailand,1996,26.162633333333332
Thailand,1997,26.696225
Thailand,1998,27.378066666666665
Thailand,1999,26.156391666666668
Thailand,2000,26.371025
Thailand,2001,26.875016666666667
Thailand,2002,27.009625
Thailand,2003,26.941975
Thailand,2004,26.842533333333336
Thailand,2005,27.12239166666667
Thailand,2006,26.494775
Thailand,2007,26.371350000000003
Thailand,2008,26.03023333333333
Thailand,2009,26.435599999999997
Thailand,2010,27.102908333333332
Thailand,2011,26.090791666666664
Thailand,2012,27.024033333333335
Thailand,2013,26.664925
Thailand,2014,26.745925
Thailand,2015,27.158283333333333
Thailand,2016,27.385716666666667
The Bahamas,1901,23.632375
The Bahamas,1902,24.199749999999998
The Bahamas,1903,24.00401666666667
The Bahamas,1904,23.976225
The Bahamas,1905,24.542458333333332
The Bahamas,1906,24.019208333333335
The Bahamas,1907,24.391499999999997
The Bahamas,1908,24.392416666666666
The Bahamas,1909,24.232116666666666
The Bahamas,1910,23.374475
The Bahamas,1911,24.569558333333333
The Bahamas,1912,24.760558333333336
The Bahamas,1913,24.390058333333332
The Bahamas,1914,24.057100000000002
The Bahamas,1915,24.05815
The Bahamas,1916,24.061608333333336
The Bahamas,1917,23.855891666666665
The Bahamas,1918,24.225825
The Bahamas,1919,24.40686666666667
The Bahamas,1920,24.170225000000002
The Bahamas,1921,24.4986
The Bahamas,1922,24.34120833333333
The Bahamas,1923,24.265491666666666
The Bahamas,1924,24.76155833333333
The Bahamas,1925,24.738266666666664
The Bahamas,1926,24.7384
The Bahamas,1927,24.573625000000003
The Bahamas,1928,24.2966
The Bahamas,1929,24.892691666666668
The Bahamas,1930,24.366558333333334
The Bahamas,1931,24.311224999999997
The Bahamas,1932,24.719475
The Bahamas,1933,24.784683333333334
The Bahamas,1934,24.371391666666668
The Bahamas,1935,24.288541666666664
The Bahamas,1936,24.622791666666668
The Bahamas,1937,24.64425
The Bahamas,1938,24.563991666666666
The Bahamas,1939,24.796433333333336
The Bahamas,1940,23.972825
The Bahamas,1941,24.525625
The Bahamas,1942,24.456608333333335
The Bahamas,1943,24.25515
The Bahamas,1944,24.435108333333332
The Bahamas,1945,24.47
The Bahamas,1946,24.923991666666666
The Bahamas,1947,24.772966666666665
The Bahamas,1948,25.392233333333333
The Bahamas,1949,24.839566666666666
The Bahamas,1950,24.318458333333336
The Bahamas,1951,24.433300000000003
The Bahamas,1952,24.527933333333333
The Bahamas,1953,24.773441666666667
The Bahamas,1954,24.367350000000002
The Bahamas,1955,24.32805
The Bahamas,1956,24.220716666666664
The Bahamas,1957,24.906433333333336
The Bahamas,1958,24.511225
The Bahamas,1959,25.073233333333334
The Bahamas,1960,24.61199166666667
The Bahamas,1961,24.822708333333335
The Bahamas,1962,24.544675
The Bahamas,1963,24.4731
The Bahamas,1964,24.90585
The Bahamas,1965,24.7255
The Bahamas,1966,24.390874999999998
The Bahamas,1967,24.62515833333333
The Bahamas,1968,23.97051666666667
The Bahamas,1969,24.369108333333333
The Bahamas,1970,24.301758333333336
The Bahamas,1971,24.638216666666665
The Bahamas,1972,25.011266666666668
The Bahamas,1973,24.717166666666667
The Bahamas,1974,24.751283333333333
The Bahamas,1975,25.030741666666668
The Bahamas,1976,24.324016666666665
The Bahamas,1977,24.487583333333333
The Bahamas,1978,24.59658333333333
The Bahamas,1979,24.74795
The Bahamas,1980,24.784000000000002
The Bahamas,1981,24.553641666666667
The Bahamas,1982,25.345308333333335
The Bahamas,1983,24.852099999999997
The Bahamas,1984,24.5964
The Bahamas,1985,24.733266666666665
The Bahamas,1986,25.063291666666668
The Bahamas,1987,24.987225
The Bahamas,1988,25.042658333333335
The Bahamas,1989,25.188875
The Bahamas,1990,25.631141666666664
The Bahamas,1991,25.586399999999998
The Bahamas,1992,25.001841666666667
The Bahamas,1993,25.18680833333333
The Bahamas,1994,25.740616666666668
The Bahamas,1995,25.270658333333333
The Bahamas,1996,24.902649999999998
The Bahamas,1997,25.45905
The Bahamas,1998,25.641375
The Bahamas,1999,25.172008333333334
The Bahamas,2000,25.133908333333334
The Bahamas,2001,25.198375
The Bahamas,2002,25.601325
The Bahamas,2003,25.543916666666664
The Bahamas,2004,25.259874999999997
The Bahamas,2005,25.273275
The Bahamas,2006,25.26845
The Bahamas,2007,25.513583333333333
The Bahamas,2008,25.287175
The Bahamas,2009,25.428675
The Bahamas,2010,24.750191666666666
The Bahamas,2011,25.560558333333333
The Bahamas,2012,25.335616666666667
The Bahamas,2013,25.5307
The Bahamas,2014,25.638375
The Bahamas,2015,26.36124166666667
The Bahamas,2016,25.843166666666665
Timor Leste,1901,25.489058333333332
Timor Leste,1902,25.49739166666667
Timor Leste,1903,25.83905833333333
Timor Leste,1904,25.105725000000003
Timor Leste,1905,25.939058333333335
Timor Leste,1906,26.239058333333332
Timor Leste,1907,25.572391666666665
Timor Leste,1908,25.705725
Timor Leste,1909,25.822391666666665
Timor Leste,1910,25.71405833333333
Timor Leste,1911,25.21405833333333
Timor Leste,1912,25.705725
Timor Leste,1913,25.039058333333333
Timor Leste,1914,25.364058333333332
Timor Leste,1915,26.028366666666667
Timor Leste,1916,26.052558333333334
Timor Leste,1917,25.487125000000002
Timor Leste,1918,25.370925
Timor Leste,1919,25.2131
Timor Leste,1920,26.152933333333333
Timor Leste,1921,25.812141666666665
Timor Leste,1922,25.279341666666667
Timor Leste,1923,25.121508333333335
Timor Leste,1924,25.90425
Timor Leste,1925,24.980483333333336
Timor Leste,1926,25.987733333333335
Timor Leste,1927,25.93765833333333
Timor Leste,1928,25.697275
Timor Leste,1929,25.22158333333333
Timor Leste,1930,25.529325
Timor Leste,1931,25.83815
Timor Leste,1932,25.662541666666666
Timor Leste,1933,25.504741666666664
Timor Leste,1934,25.454575000000002
Timor Leste,1935,25.388325
Timor Leste,1936,25.99570833333333
Timor Leste,1937,25.429575
Timor Leste,1938,25.545975
Timor Leste,1939,24.954566666666665
Timor Leste,1940,24.828083333333336
Timor Leste,1941,24.694433333333336
Timor Leste,1942,25.721783333333335
Timor Leste,1943,24.501191666666667
Timor Leste,1944,24.567166666666665
Timor Leste,1945,24.416133333333335
Timor Leste,1946,24.268183333333337
Timor Leste,1947,24.707791666666665
Timor Leste,1948,24.384566666666668
Timor Leste,1949,24.004675000000002
Timor Leste,1950,24.23538333333333
Timor Leste,1951,24.8571
Timor Leste,1952,25.160899999999998
Timor Leste,1953,24.715766666666667
Timor Leste,1954,24.764283333333335
Timor Leste,1955,25.149783333333332
Timor Leste,1956,24.779300000000003
Timor Leste,1957,24.965766666666667
Timor Leste,1958,25.749441666666666
Timor Leste,1959,25.21845
Timor Leste,1960,24.847558333333335
Timor Leste,1961,24.94634166666667
Timor Leste,1962,25.282225
Timor Leste,1963,24.791349999999998
Timor Leste,1964,25.227833333333333
Timor Leste,1965,24.976425000000003
Timor Leste,1966,25.198391666666666
Timor Leste,1967,24.649583333333336
Timor Leste,1968,25.0295
Timor Leste,1969,25.206999999999997
Timor Leste,1970,25.499566666666666
Timor Leste,1971,25.003566666666668
Timor Leste,1972,25.286891666666666
Timor Leste,1973,25.76733333333333
Timor Leste,1974,24.650175
Timor Leste,1975,25.179675
Timor Leste,1976,24.433366666666668
Timor Leste,1977,24.62669166666667
Timor Leste,1978,25.293625000000002
Timor Leste,1979,25.600841666666668
Timor Leste,1980,25.471925
Timor Leste,1981,25.582316666666667
Timor Leste,1982,24.873058333333333
Timor Leste,1983,25.3617
Timor Leste,1984,24.967875000000003
Timor Leste,1985,25.302916666666665
Timor Leste,1986,25.62415
Timor Leste,1987,25.448766666666668
Timor Leste,1988,25.82529166666667
Timor Leste,1989,25.36968333333333
Timor Leste,1990,25.520291666666665
Timor Leste,1991,25.322266666666668
Timor Leste,1992,25.80105
Timor Leste,1993,25.5097
Timor Leste,1994,24.843191666666666
Timor Leste,1995,25.37353333333333
Timor Leste,1996,25.498625
Timor Leste,1997,25.20625
Timor Leste,1998,26.28334166666667
Timor Leste,1999,25.017041666666668
Timor Leste,2000,25.030033333333336
Timor Leste,2001,25.33628333333333
Timor Leste,2002,25.6403
Timor Leste,2003,25.81063333333333
Timor Leste,2004,25.360316666666666
Timor Leste,2005,25.945891666666668
Timor Leste,2006,24.787375
Timor Leste,2007,25.2758
Timor Leste,2008,25.299000000000003
Timor Leste,2009,25.643475
Timor Leste,2010,25.83106666666667
Timor Leste,2011,24.678933333333333
Timor Leste,2012,24.979725000000002
Timor Leste,2013,25.723041666666663
Timor Leste,2014,25.474466666666668
Timor Leste,2015,25.528833333333335
Timor Leste,2016,26.434166666666666
Togo,1901,26.25045833333333
Togo,1902,26.48175833333333
Togo,1903,27.03956666666667
Togo,1904,26.976208333333332
Togo,1905,26.568616666666667
Togo,1906,27.364333333333335
Togo,1907,26.866658333333334
Togo,1908,26.943758333333335
Togo,1909,26.749808333333334
Togo,1910,27.061975
Togo,1911,26.509883333333335
Togo,1912,27.148825
Togo,1913,27.13195
Togo,1914,27.7844
Togo,1915,25.933708333333332
Togo,1916,25.171683333333334
Togo,1917,25.522199999999998
Togo,1918,25.2555
Togo,1919,27.038616666666666
Togo,1920,27.0956
Togo,1921,27.038616666666666
Togo,1922,26.270416666666666
Togo,1923,26.65885833333333
Togo,1924,26.83674166666667
Togo,1925,26.385424999999998
Togo,1926,26.938933333333335
Togo,1927,26.2454
Togo,1928,26.259708333333332
Togo,1929,26.074166666666667
Togo,1930,27.135666666666665
Togo,1931,27.448216666666667
Togo,1932,27.469716666666667
Togo,1933,27.36968333333333
Togo,1934,27.35936666666667
Togo,1935,27.454083333333333
Togo,1936,26.808991666666667
Togo,1937,28.26409166666667
Togo,1938,28.587374999999998
Togo,1939,27.77895
Togo,1940,27.130283333333335
Togo,1941,27.748541666666668
Togo,1942,27.460475000000002
Togo,1943,27.025274999999997
Togo,1944,27.353108333333335
Togo,1945,26.955433333333332
Togo,1946,26.803183333333333
Togo,1947,27.292525
Togo,1948,26.723491666666664
Togo,1949,27.380533333333332
Togo,1950,26.662433333333336
Togo,1951,27.346058333333332
Togo,1952,27.111483333333336
Togo,1953,26.921533333333333
Togo,1954,26.623525
Togo,1955,26.583558333333333
Togo,1956,26.628791666666668
Togo,1957,26.763391666666667
Togo,1958,26.998708333333337
Togo,1959,26.958141666666666
Togo,1960,26.845825
Togo,1961,26.706691666666668
Togo,1962,26.674216666666666
Togo,1963,26.98336666666667
Togo,1964,26.717066666666668
Togo,1965,26.845358333333333
Togo,1966,27.079758333333334
Togo,1967,26.757516666666664
Togo,1968,26.96014166666667
Togo,1969,27.24985
Togo,1970,27.078141666666667
Togo,1971,26.270525000000003
Togo,1972,26.600916666666667
Togo,1973,27.036675000000002
Togo,1974,26.304883333333333
Togo,1975,26.165358333333334
Togo,1976,26.180866666666663
Togo,1977,26.8716
Togo,1978,26.539783333333332
Togo,1979,26.828908333333334
Togo,1980,26.810999999999996
Togo,1981,27.470158333333334
Togo,1982,27.29225
Togo,1983,27.73138333333333
Togo,1984,27.54200833333333
Togo,1985,27.44440833333333
Togo,1986,27.27191666666667
Togo,1987,28.165208333333336
Togo,1988,27.591391666666667
Togo,1989,27.288225
Togo,1990,27.81056666666667
Togo,1991,26.879658333333335
Togo,1992,26.780683333333332
Togo,1993,26.99299166666667
Togo,1994,26.840766666666667
Togo,1995,27.072125
Togo,1996,27.094408333333334
Togo,1997,27.072025
Togo,1998,27.61775
Togo,1999,27.056383333333333
Togo,2000,27.290141666666667
Togo,2001,27.47085
Togo,2002,27.461291666666668
Togo,2003,27.563716666666668
Togo,2004,27.380666666666666
Togo,2005,27.698083333333333
Togo,2006,27.592233333333336
Togo,2007,27.473816666666668
Togo,2008,27.3096
Togo,2009,27.607916666666668
Togo,2010,27.874591666666664
Togo,2011,27.537325
Togo,2012,27.376625
Togo,2013,27.562299999999997
Togo,2014,27.719849999999997
Togo,2015,27.791991666666664
Togo,2016,27.986833333333333
Tonga,1901,24.165458333333333
Tonga,1902,24.165458333333333
Tonga,1903,23.915458333333333
Tonga,1904,23.657124999999997
Tonga,1905,23.740458333333333
Tonga,1906,24.198791666666665
Tonga,1907,23.748791666666666
Tonga,1908,23.76545833333333
Tonga,1909,23.523791666666668
Tonga,1910,23.623791666666666
Tonga,1911,24.198791666666665
Tonga,1912,24.582125
Tonga,1913,24.407124999999997
Tonga,1914,24.657124999999997
Tonga,1915,24.065458333333336
Tonga,1916,23.79879166666667
Tonga,1917,23.67379166666667
Tonga,1918,23.865458333333333
Tonga,1919,24.632125000000002
Tonga,1920,24.582125
Tonga,1921,24.26545833333333
Tonga,1922,24.407124999999997
Tonga,1923,24.082125
Tonga,1924,24.407124999999997
Tonga,1925,24.232125
Tonga,1926,24.623791666666666
Tonga,1927,24.648791666666668
Tonga,1928,24.507125
Tonga,1929,24.465458333333334
Tonga,1930,24.532124999999997
Tonga,1931,24.223791666666667
Tonga,1932,24.373791666666666
Tonga,1933,23.93659166666667
Tonga,1934,24.035475
Tonga,1935,24.327141666666666
Tonga,1936,24.214941666666665
Tonga,1937,24.31820833333333
Tonga,1938,24.167691666666666
Tonga,1939,24.018808333333336
Tonga,1940,24.27740833333333
Tonga,1941,24.55220833333333
Tonga,1942,24.49898333333333
Tonga,1943,24.484075
Tonga,1944,24.411616666666664
Tonga,1945,24.456325000000003
Tonga,1946,24.68865
Tonga,1947,24.83843333333333
Tonga,1948,24.532341666666667
Tonga,1949,24.639358333333334
Tonga,1950,24.599725000000003
Tonga,1951,24.421633333333332
Tonga,1952,24.83973333333333
Tonga,1953,24.726325
Tonga,1954,24.767508333333335
Tonga,1955,24.675758333333334
Tonga,1956,24.517833333333332
Tonga,1957,24.456491666666665
Tonga,1958,24.564008333333334
Tonga,1959,24.708025000000003
Tonga,1960,24.57795
Tonga,1961,24.488008333333337
Tonga,1962,24.322558333333333
Tonga,1963,24.32965
Tonga,1964,24.369941666666666
Tonga,1965,23.774575
Tonga,1966,24.140525
Tonga,1967,24.241200000000003
Tonga,1968,24.369533333333333
Tonga,1969,24.266833333333334
Tonga,1970,24.458758333333332
Tonga,1971,24.551891666666666
Tonga,1972,24.284875
Tonga,1973,24.861108333333334
Tonga,1974,24.619574999999998
Tonga,1975,24.749350000000003
Tonga,1976,24.547683333333335
Tonga,1977,24.50955833333333
Tonga,1978,24.437633333333334
Tonga,1979,24.586299999999998
Tonga,1980,24.6243
Tonga,1981,24.698908333333335
Tonga,1982,24.460758333333334
Tonga,1983,24.592166666666667
Tonga,1984,24.94536666666667
Tonga,1985,24.896775
Tonga,1986,24.504458333333332
Tonga,1987,24.621341666666666
Tonga,1988,25.24790833333333
Tonga,1989,24.8479
Tonga,1990,24.94219166666667
Tonga,1991,24.474575
Tonga,1992,24.44875833333333
Tonga,1993,24.135025
Tonga,1994,24.418075
Tonga,1995,24.90070833333333
Tonga,1996,25.031475
Tonga,1997,24.594375
Tonga,1998,25.168108333333333
Tonga,1999,24.892183333333335
Tonga,2000,25.09420833333333
Tonga,2001,25.367658333333335
Tonga,2002,24.751158333333333
Tonga,2003,25.053758333333334
Tonga,2004,24.99705
Tonga,2005,25.29886666666667
Tonga,2006,25.120324999999998
Tonga,2007,25.47205
Tonga,2008,25.079266666666665
Tonga,2009,24.90138333333333
Tonga,2010,25.239541666666668
Tonga,2011,25.225958333333335
Tonga,2012,24.993616666666668
Tonga,2013,25.224708333333336
Tonga,2014,25.004775
Tonga,2015,24.792983333333336
Tonga,2016,25.435891666666667
Trinidad And Tobago,1901,26.086608333333334
Trinidad And Tobago,1902,25.775008333333332
Trinidad And Tobago,1903,25.819366666666667
Trinidad And Tobago,1904,25.427566666666667
Trinidad And Tobago,1905,25.651933333333332
Trinidad And Tobago,1906,25.614591666666666
Trinidad And Tobago,1907,25.413391666666666
Trinidad And Tobago,1908,25.47185
Trinidad And Tobago,1909,25.4804
Trinidad And Tobago,1910,25.505025
Trinidad And Tobago,1911,25.548083333333334
Trinidad And Tobago,1912,25.747200000000003
Trinidad And Tobago,1913,25.245566666666665
Trinidad And Tobago,1914,25.25561666666667
Trinidad And Tobago,1915,25.800191666666667
Trinidad And Tobago,1916,25.38761666666667
Trinidad And Tobago,1917,25.64685833333333
Trinidad And Tobago,1918,25.728975000000002
Trinidad And Tobago,1919,25.470083333333335
Trinidad And Tobago,1920,25.307366666666667
Trinidad And Tobago,1921,25.610816666666665
Trinidad And Tobago,1922,25.404525000000003
Trinidad And Tobago,1923,25.470066666666668
Trinidad And Tobago,1924,25.495366666666666
Trinidad And Tobago,1925,25.51993333333333
Trinidad And Tobago,1926,25.987733333333335
Trinidad And Tobago,1927,25.450425
Trinidad And Tobago,1928,25.556458333333335
Trinidad And Tobago,1929,25.346433333333334
Trinidad And Tobago,1930,25.529191666666666
Trinidad And Tobago,1931,26.086133333333333
Trinidad And Tobago,1932,26.243866666666666
Trinidad And Tobago,1933,25.593550000000004
Trinidad And Tobago,1934,25.690516666666667
Trinidad And Tobago,1935,25.683283333333335
Trinidad And Tobago,1936,25.824033333333333
Trinidad And Tobago,1937,26.175241666666665
Trinidad And Tobago,1938,25.798991666666666
Trinidad And Tobago,1939,25.790616666666665
Trinidad And Tobago,1940,26.498808333333333
Trinidad And Tobago,1941,26.648366666666664
Trinidad And Tobago,1942,26.522900000000003
Trinidad And Tobago,1943,26.041458333333335
Trinidad And Tobago,1944,26.252025
Trinidad And Tobago,1945,26.01953333333333
Trinidad And Tobago,1946,25.982108333333333
Trinidad And Tobago,1947,26.211558333333333
Trinidad And Tobago,1948,26.008208333333332
Trinidad And Tobago,1949,25.80548333333333
Trinidad And Tobago,1950,25.616633333333336
Trinidad And Tobago,1951,25.927558333333334
Trinidad And Tobago,1952,26.171274999999998
Trinidad And Tobago,1953,25.960975
Trinidad And Tobago,1954,25.540541666666666
Trinidad And Tobago,1955,25.68185
Trinidad And Tobago,1956,25.653133333333333
Trinidad And Tobago,1957,25.924899999999997
Trinidad And Tobago,1958,26.382433333333335
Trinidad And Tobago,1959,26.117158333333332
Trinidad And Tobago,1960,26.177066666666665
Trinidad And Tobago,1961,26.157841666666666
Trinidad And Tobago,1962,25.99625
Trinidad And Tobago,1963,26.207316666666667
Trinidad And Tobago,1964,25.856241666666666
Trinidad And Tobago,1965,25.872966666666667
Trinidad And Tobago,1966,26.09884166666667
Trinidad And Tobago,1967,25.759091666666666
Trinidad And Tobago,1968,25.795675
Trinidad And Tobago,1969,26.554100000000002
Trinidad And Tobago,1970,26.0857
Trinidad And Tobago,1971,25.61560833333333
Trinidad And Tobago,1972,25.90855
Trinidad And Tobago,1973,26.231624999999998
Trinidad And Tobago,1974,25.805025
Trinidad And Tobago,1975,25.827658333333332
Trinidad And Tobago,1976,25.815816666666667
Trinidad And Tobago,1977,26.272508333333334
Trinidad And Tobago,1978,26.35966666666667
Trinidad And Tobago,1979,26.509483333333332
Trinidad And Tobago,1980,26.562425
Trinidad And Tobago,1981,26.57355
Trinidad And Tobago,1982,26.244433333333333
Trinidad And Tobago,1983,26.45115
Trinidad And Tobago,1984,25.924733333333332
Trinidad And Tobago,1985,25.758291666666665
Trinidad And Tobago,1986,26.052458333333334
Trinidad And Tobago,1987,27.119991666666667
Trinidad And Tobago,1988,26.76354166666667
Trinidad And Tobago,1989,26.30649166666667
Trinidad And Tobago,1990,26.674075000000002
Trinidad And Tobago,1991,26.362841666666668
Trinidad And Tobago,1992,26.06736666666667
Trinidad And Tobago,1993,26.475266666666666
Trinidad And Tobago,1994,26.23444166666667
Trinidad And Tobago,1995,26.573333333333334
Trinidad And Tobago,1996,26.180183333333332
Trinidad And Tobago,1997,26.31181666666667
Trinidad And Tobago,1998,26.949083333333334
Trinidad And Tobago,1999,26.493858333333336
Trinidad And Tobago,2000,26.186408333333333
Trinidad And Tobago,2001,26.417191666666668
Trinidad And Tobago,2002,26.286775000000002
Trinidad And Tobago,2003,26.739874999999998
Trinidad And Tobago,2004,26.42674166666667
Trinidad And Tobago,2005,26.704283333333333
Trinidad And Tobago,2006,26.621
Trinidad And Tobago,2007,26.414483333333333
Trinidad And Tobago,2008,26.464108333333332
Trinidad And Tobago,2009,26.796125
Trinidad And Tobago,2010,27.076966666666664
Trinidad And Tobago,2011,26.63269166666667
Trinidad And Tobago,2012,26.483333333333334
Trinidad And Tobago,2013,26.622316666666666
Trinidad And Tobago,2014,26.718391666666665
Trinidad And Tobago,2015,26.973791666666667
Trinidad And Tobago,2016,26.972958333333334
Tunisia,1901,18.779131666666668
Tunisia,1902,18.941561666666665
Tunisia,1903,18.418366666666667
Tunisia,1904,18.793305
Tunisia,1905,18.4612225
Tunisia,1906,18.318999166666668
Tunisia,1907,18.31411
Tunisia,1908,18.586916666666667
Tunisia,1909,18.500155
Tunisia,1910,18.376810833333334
Tunisia,1911,19.15773
Tunisia,1912,18.8807
Tunisia,1913,19.091258333333332
Tunisia,1914,18.824861666666667
Tunisia,1915,18.77725
Tunisia,1916,19.04249
Tunisia,1917,18.6254325
Tunisia,1918,18.327473333333334
Tunisia,1919,18.559952499999998
Tunisia,1920,19.194333333333333
Tunisia,1921,18.843191666666666
Tunisia,1922,19.2569025
Tunisia,1923,18.59877583333333
Tunisia,1924,19.372266666666665
Tunisia,1925,18.653504166666668
Tunisia,1926,19.332491666666666
Tunisia,1927,19.407721666666667
Tunisia,1928,19.145390833333334
Tunisia,1929,18.414395833333334
Tunisia,1930,19.088731666666668
Tunisia,1931,19.348148333333334
Tunisia,1932,19.075850833333334
Tunisia,1933,19.106935833333335
Tunisia,1934,18.946535833333332
Tunisia,1935,18.909465833333332
Tunisia,1936,18.801608333333334
Tunisia,1937,19.366194166666666
Tunisia,1938,18.783471666666667
Tunisia,1939,18.892008333333333
Tunisia,1940,18.91454583333333
Tunisia,1941,18.855258333333335
Tunisia,1942,19.627730833333334
Tunisia,1943,19.955458333333333
Tunisia,1944,19.12637
Tunisia,1945,19.548893333333332
Tunisia,1946,19.721925000000002
Tunisia,1947,20.181991666666665
Tunisia,1948,19.55434166666667
Tunisia,1949,19.446808333333333
Tunisia,1950,19.518693333333335
Tunisia,1951,19.18881
Tunisia,1952,19.743684166666664
Tunisia,1953,19.013128333333334
Tunisia,1954,18.651385
Tunisia,1955,19.890308333333333
Tunisia,1956,18.528840833333334
Tunisia,1957,18.881075833333334
Tunisia,1958,19.513589166666666
Tunisia,1959,19.331741666666666
Tunisia,1960,19.587589166666667
Tunisia,1961,19.461380833333333
Tunisia,1962,19.137183333333333
Tunisia,1963,19.130708333333335
Tunisia,1964,19.209933333333336
Tunisia,1965,19.124334166666667
Tunisia,1966,19.340016666666667
Tunisia,1967,19.171355000000002
Tunisia,1968,19.4095475
Tunisia,1969,18.930073333333333
Tunisia,1970,19.218508333333332
Tunisia,1971,18.87698333333333
Tunisia,1972,18.816309166666667
Tunisia,1973,19.0823725
Tunisia,1974,18.852383333333332
Tunisia,1975,18.887808333333332
Tunisia,1976,18.405172500000003
Tunisia,1977,19.720333333333333
Tunisia,1978,18.9016575
Tunisia,1979,19.391758333333332
Tunisia,1980,18.690743333333334
Tunisia,1981,19.549580833333334
Tunisia,1982,19.948158333333335
Tunisia,1983,19.689791666666668
Tunisia,1984,19.153858333333336
Tunisia,1985,19.806214166666667
Tunisia,1986,19.740233333333332
Tunisia,1987,20.055911666666667
Tunisia,1988,20.302408333333332
Tunisia,1989,20.024009166666666
Tunisia,1990,20.184875
Tunisia,1991,19.172675
Tunisia,1992,19.293210833333333
Tunisia,1993,19.77505916666667
Tunisia,1994,20.724308333333333
Tunisia,1995,20.03723833333333
Tunisia,1996,19.763650000000002
Tunisia,1997,20.465308333333333
Tunisia,1998,20.04
Tunisia,1999,20.79543333333333
Tunisia,2000,20.353055833333332
Tunisia,2001,20.823641666666667
Tunisia,2002,20.505667499999998
Tunisia,2003,20.749341666666666
Tunisia,2004,20.23033333333333
Tunisia,2005,20.075715833333334
Tunisia,2006,20.6895875
Tunisia,2007,20.498749999999998
Tunisia,2008,20.550825
Tunisia,2009,20.432183333333334
Tunisia,2010,20.714791666666667
Tunisia,2011,20.325308333333332
Tunisia,2012,20.8019275
Tunisia,2013,20.542791666666666
Tunisia,2014,20.968741666666666
Tunisia,2015,20.648933333333336
Tunisia,2016,21.036233333333332
Turkey,1901,11.508678333333334
Turkey,1902,10.528135833333334
Turkey,1903,10.786711666666667
Turkey,1904,10.403728333333333
Turkey,1905,10.869358333333333
Turkey,1906,11.062959166666666
Turkey,1907,10.057895
Turkey,1908,10.123625
Turkey,1909,11.238434166666666
Turkey,1910,11.094514166666665
Turkey,1911,9.730036666666667
Turkey,1912,10.55499
Turkey,1913,10.423193333333334
Turkey,1914,10.682362499999998
Turkey,1915,11.382625833333334
Turkey,1916,11.551153333333334
Turkey,1917,11.160254166666666
Turkey,1918,11.168919166666667
Turkey,1919,11.310921666666667
Turkey,1920,10.101030833333333
Turkey,1921,10.1235975
Turkey,1922,11.294419166666666
Turkey,1923,11.684563333333335
Turkey,1924,10.927806666666667
Turkey,1925,11.274459166666666
Turkey,1926,11.337029166666667
Turkey,1927,11.404984166666667
Turkey,1928,10.574377499999999
Turkey,1929,10.608605833333334
Turkey,1930,11.704728333333334
Turkey,1931,10.951746666666667
Turkey,1932,10.827895833333335
Turkey,1933,9.886590833333333
Turkey,1934,10.944325833333332
Turkey,1935,11.382414166666665
Turkey,1936,11.246429166666667
Turkey,1937,11.887535833333333
Turkey,1938,11.165138333333333
Turkey,1939,11.503749166666667
Turkey,1940,11.207454166666666
Turkey,1941,10.929953333333332
Turkey,1942,10.7322225
Turkey,1943,10.7113475
Turkey,1944,11.181683333333334
Turkey,1945,10.602594999999999
Turkey,1946,11.168983333333331
Turkey,1947,11.817769166666666
Turkey,1948,10.472891666666667
Turkey,1949,10.301344166666667
Turkey,1950,10.824365833333333
Turkey,1951,11.2251725
Turkey,1952,11.768326666666667
Turkey,1953,10.3523125
Turkey,1954,11.32944
Turkey,1955,12.327306666666667
Turkey,1956,10.3970925
Turkey,1957,11.405306666666668
Turkey,1958,11.507308333333333
Turkey,1959,10.459201666666667
Turkey,1960,11.827941666666668
Turkey,1961,11.360861666666667
Turkey,1962,12.370018333333334
Turkey,1963,11.481508333333332
Turkey,1964,10.469251666666667
Turkey,1965,10.858613333333333
Turkey,1966,12.5966375
Turkey,1967,10.246745
Turkey,1968,11.170524166666667
Turkey,1969,11.161054166666666
Turkey,1970,11.836269166666668
Turkey,1971,11.095400833333334
Turkey,1972,10.269615833333333
Turkey,1973,10.773355833333333
Turkey,1974,10.837951666666667
Turkey,1975,10.860383333333333
Turkey,1976,10.253913333333333
Turkey,1977,11.142506666666668
Turkey,1978,11.298546666666667
Turkey,1979,11.821298333333333
Turkey,1980,10.9152125
Turkey,1981,11.717431666666668
Turkey,1982,10.575869166666667
Turkey,1983,10.743106666666668
Turkey,1984,11.034188333333333
Turkey,1985,10.9935125
Turkey,1986,11.379884166666665
Turkey,1987,10.804484166666667
Turkey,1988,10.691780833333333
Turkey,1989,11.222365000000002
Turkey,1990,11.11697
Turkey,1991,10.920304999999999
Turkey,1992,9.7217725
Turkey,1993,10.5184575
Turkey,1994,11.854909166666667
Turkey,1995,11.286875833333333
Turkey,1996,11.548058333333332
Turkey,1997,10.690958333333333
Turkey,1998,12.015839166666666
Turkey,1999,12.259030833333334
Turkey,2000,11.43558
Turkey,2001,12.434024166666667
Turkey,2002,11.386273333333333
Turkey,2003,11.463061666666666
Turkey,2004,11.460005
Turkey,2005,11.587158333333333
Turkey,2006,11.596873333333335
Turkey,2007,11.970320000000001
Turkey,2008,11.852645
Turkey,2009,11.929974999999999
Turkey,2010,13.3063175
Turkey,2011,11.170035833333335
Turkey,2012,12.121599166666668
Turkey,2013,12.0139225
Turkey,2014,12.6198275
Turkey,2015,11.897439166666667
Turkey,2016,12.264538333333334
Turkmenistan,1901,15.402522499999998
Turkmenistan,1902,15.38011
Turkmenistan,1903,14.377985
Turkmenistan,1904,14.440197499999998
Turkmenistan,1905,14.433010000000001
Turkmenistan,1906,14.7817
Turkmenistan,1907,14.077079166666666
Turkmenistan,1908,14.431414166666665
Turkmenistan,1909,15.434319166666667
Turkmenistan,1910,14.78926
Turkmenistan,1911,13.778803333333334
Turkmenistan,1912,14.824111666666667
Turkmenistan,1913,14.852179999999999
Turkmenistan,1914,15.5904775
Turkmenistan,1915,16.1812675
Turkmenistan,1916,14.300630833333335
Turkmenistan,1917,15.343020000000001
Turkmenistan,1918,13.986801666666667
Turkmenistan,1919,14.291417500000001
Turkmenistan,1920,13.285663333333332
Turkmenistan,1921,14.397834166666668
Turkmenistan,1922,15.434546666666668
Turkmenistan,1923,14.324274166666667
Turkmenistan,1924,14.478813333333333
Turkmenistan,1925,15.356505833333332
Turkmenistan,1926,14.8478525
Turkmenistan,1927,14.7927175
Turkmenistan,1928,13.6990875
Turkmenistan,1929,13.459292499999998
Turkmenistan,1930,13.775577499999999
Turkmenistan,1931,13.483617500000001
Turkmenistan,1932,14.101812500000001
Turkmenistan,1933,14.366603333333332
Turkmenistan,1934,13.528318333333333
Turkmenistan,1935,14.4886425
Turkmenistan,1936,14.865178333333333
Turkmenistan,1937,14.363158333333333
Turkmenistan,1938,15.197682499999999
Turkmenistan,1939,15.326815000000002
Turkmenistan,1940,15.815826666666666
Turkmenistan,1941,16.100405
Turkmenistan,1942,15.110756666666667
Turkmenistan,1943,14.061475833333333
Turkmenistan,1944,15.563533333333332
Turkmenistan,1945,14.2421725
Turkmenistan,1946,14.844628333333333
Turkmenistan,1947,15.5490975
Turkmenistan,1948,15.0076825
Turkmenistan,1949,13.523630833333334
Turkmenistan,1950,13.671482500000002
Turkmenistan,1951,14.485233333333333
Turkmenistan,1952,14.644601666666667
Turkmenistan,1953,14.982466666666667
Turkmenistan,1954,14.130729166666667
Turkmenistan,1955,15.958780833333334
Turkmenistan,1956,14.4929775
Turkmenistan,1957,14.1953625
Turkmenistan,1958,15.382890833333335
Turkmenistan,1959,14.086560833333335
Turkmenistan,1960,14.831745833333335
Turkmenistan,1961,15.631198333333332
Turkmenistan,1962,15.046748333333333
Turkmenistan,1963,15.735768333333333
Turkmenistan,1964,14.044796666666668
Turkmenistan,1965,15.240467500000001
Turkmenistan,1966,15.867945833333332
Turkmenistan,1967,14.905873333333332
Turkmenistan,1968,15.097315
Turkmenistan,1969,13.388129166666667
Turkmenistan,1970,15.458194166666667
Turkmenistan,1971,15.803033333333332
Turkmenistan,1972,13.416033333333333
Turkmenistan,1973,15.125773333333333
Turkmenistan,1974,14.026925
Turkmenistan,1975,15.275333333333334
Turkmenistan,1976,14.3203875
Turkmenistan,1977,15.267210833333332
Turkmenistan,1978,14.9678025
Turkmenistan,1979,15.608061666666666
Turkmenistan,1980,15.247861666666667
Turkmenistan,1981,15.878924166666666
Turkmenistan,1982,14.431303333333334
Turkmenistan,1983,16.123753333333333
Turkmenistan,1984,14.327231666666668
Turkmenistan,1985,15.336631666666667
Turkmenistan,1986,15.355314166666666
Turkmenistan,1987,15.566182499999998
Turkmenistan,1988,15.879348333333333
Turkmenistan,1989,15.632415833333333
Turkmenistan,1990,15.749474166666666
Turkmenistan,1991,15.426740833333334
Turkmenistan,1992,14.889921666666666
Turkmenistan,1993,14.59686
Turkmenistan,1994,15.171155833333332
Turkmenistan,1995,16.363380833333334
Turkmenistan,1996,15.153435833333333
Turkmenistan,1997,16.049396666666667
Turkmenistan,1998,15.888255000000001
Turkmenistan,1999,16.5411075
Turkmenistan,2000,16.3435275
Turkmenistan,2001,16.538409166666668
Turkmenistan,2002,16.395629166666666
Turkmenistan,2003,15.533573333333335
Turkmenistan,2004,16.485325833333334
Turkmenistan,2005,16.213885833333332
Turkmenistan,2006,16.302847500000002
Turkmenistan,2007,15.991233333333334
Turkmenistan,2008,15.661771666666667
Turkmenistan,2009,16.044451666666667
Turkmenistan,2010,16.854529166666666
Turkmenistan,2011,15.554461666666667
Turkmenistan,2012,15.713495833333333
Turkmenistan,2013,16.702335
Turkmenistan,2014,15.6187175
Turkmenistan,2015,16.44024166666667
Turkmenistan,2016,16.653544999999998
Tuvalu,1901,27.719166666666666
Tuvalu,1902,27.719158333333336
Tuvalu,1903,27.521958333333334
Tuvalu,1904,27.318175
Tuvalu,1905,27.383916666666664
Tuvalu,1906,27.745458333333332
Tuvalu,1907,27.390483333333332
Tuvalu,1908,27.40364166666667
Tuvalu,1909,27.213008333333335
Tuvalu,1910,27.291883333333335
Tuvalu,1911,27.745458333333332
Tuvalu,1912,28.047825
Tuvalu,1913,27.909791666666667
Tuvalu,1914,28.106983333333332
Tuvalu,1915,27.640266666666665
Tuvalu,1916,27.429933333333334
Tuvalu,1917,27.331316666666666
Tuvalu,1918,27.482533333333333
Tuvalu,1919,28.087266666666665
Tuvalu,1920,28.047833333333333
Tuvalu,1921,27.910683333333335
Tuvalu,1922,28.08095
Tuvalu,1923,27.61338333333333
Tuvalu,1924,28.036933333333334
Tuvalu,1925,27.786241666666665
Tuvalu,1926,28.077624999999998
Tuvalu,1927,28.16025
Tuvalu,1928,27.972816666666663
Tuvalu,1929,27.85943333333333
Tuvalu,1930,27.895758333333333
Tuvalu,1931,27.7282
Tuvalu,1932,27.970708333333334
Tuvalu,1933,28.454333333333334
Tuvalu,1934,28.46235833333333
Tuvalu,1935,28.262775
Tuvalu,1936,28.570991666666668
Tuvalu,1937,28.712558333333334
Tuvalu,1938,28.437475000000003
Tuvalu,1939,28.020225
Tuvalu,1940,28.532291666666666
Tuvalu,1941,28.62
Tuvalu,1942,28.307366666666667
Tuvalu,1943,28.183049999999998
Tuvalu,1944,27.866158333333335
Tuvalu,1945,27.96013333333333
Tuvalu,1946,28.123275000000003
Tuvalu,1947,28.339525
Tuvalu,1948,27.919008333333334
Tuvalu,1949,28.083383333333334
Tuvalu,1950,27.991716666666665
Tuvalu,1951,28.15125
Tuvalu,1952,28.180858333333333
Tuvalu,1953,28.03215
Tuvalu,1954,27.9222
Tuvalu,1955,27.706533333333336
Tuvalu,1956,28.04095
Tuvalu,1957,28.280833333333334
Tuvalu,1958,28.434791666666666
Tuvalu,1959,28.38445
Tuvalu,1960,28.174575
Tuvalu,1961,27.939158333333335
Tuvalu,1962,28.095550000000003
Tuvalu,1963,28.03115
Tuvalu,1964,27.911441666666665
Tuvalu,1965,27.814491666666665
Tuvalu,1966,28.032825
Tuvalu,1967,27.730541666666667
Tuvalu,1968,27.962875
Tuvalu,1969,28.2771
Tuvalu,1970,27.820224999999997
Tuvalu,1971,27.723366666666667
Tuvalu,1972,28.01275
Tuvalu,1973,27.916483333333332
Tuvalu,1974,27.73175
Tuvalu,1975,27.829875
Tuvalu,1976,27.936983333333334
Tuvalu,1977,28.04619166666667
Tuvalu,1978,27.974283333333332
Tuvalu,1979,28.202575
Tuvalu,1980,28.239391666666666
Tuvalu,1981,28.29325833333333
Tuvalu,1982,28.169483333333332
Tuvalu,1983,27.9939
Tuvalu,1984,27.983383333333332
Tuvalu,1985,28.250041666666664
Tuvalu,1986,28.36145
Tuvalu,1987,28.063858333333332
Tuvalu,1988,28.023841666666666
Tuvalu,1989,27.99875833333333
Tuvalu,1990,28.520241666666667
Tuvalu,1991,28.54478333333333
Tuvalu,1992,28.139958333333336
Tuvalu,1993,28.070775
Tuvalu,1994,28.454858333333334
Tuvalu,1995,28.341283333333333
Tuvalu,1996,28.235141666666667
Tuvalu,1997,28.511116666666666
Tuvalu,1998,28.40234166666667
Tuvalu,1999,28.4101
Tuvalu,2000,28.574158333333333
Tuvalu,2001,28.695775
Tuvalu,2002,28.773274999999998
Tuvalu,2003,28.448291666666666
Tuvalu,2004,28.610125
Tuvalu,2005,28.778333333333336
Tuvalu,2006,28.544241666666665
Tuvalu,2007,28.831625000000003
Tuvalu,2008,28.558383333333335
Tuvalu,2009,28.594016666666665
Tuvalu,2010,28.763191666666668
Tuvalu,2011,28.431633333333334
Tuvalu,2012,28.366249999999997
Tuvalu,2013,28.479858333333336
Tuvalu,2014,28.371525000000002
Tuvalu,2015,28.414958333333335
Tuvalu,2016,28.774591666666666
Uganda,1901,22.60506666666667
Uganda,1902,22.838258333333332
Uganda,1903,22.73029166666667
Uganda,1904,21.981483333333333
Uganda,1905,22.120666666666665
Uganda,1906,21.749916666666667
Uganda,1907,21.784333333333336
Uganda,1908,22.685950000000002
Uganda,1909,20.889483333333335
Uganda,1910,21.042483333333333
Uganda,1911,21.5582
Uganda,1912,20.8568
Uganda,1913,20.693966666666668
Uganda,1914,21.250775
Uganda,1915,21.129575
Uganda,1916,20.521091666666667
Uganda,1917,19.962766666666667
Uganda,1918,20.460933333333333
Uganda,1919,20.8108
Uganda,1920,20.686866666666667
Uganda,1921,22.33605833333333
Uganda,1922,22.245066666666663
Uganda,1923,22.097825
Uganda,1924,22.668425
Uganda,1925,22.396183333333337
Uganda,1926,22.768683333333332
Uganda,1927,22.623408333333334
Uganda,1928,22.895508333333336
Uganda,1929,20.275650000000002
Uganda,1930,20.585716666666666
Uganda,1931,21.878041666666665
Uganda,1932,21.39655833333333
Uganda,1933,21.627333333333336
Uganda,1934,21.618808333333334
Uganda,1935,21.60981666666667
Uganda,1936,21.428341666666668
Uganda,1937,21.449033333333333
Uganda,1938,21.693483333333333
Uganda,1939,21.928358333333335
Uganda,1940,22.322575
Uganda,1941,22.58515
Uganda,1942,22.350333333333335
Uganda,1943,22.287300000000002
Uganda,1944,22.367724999999997
Uganda,1945,22.3065
Uganda,1946,22.203241666666667
Uganda,1947,22.108099999999997
Uganda,1948,22.142408333333332
Uganda,1949,22.398266666666668
Uganda,1950,21.798441666666665
Uganda,1951,22.393141666666665
Uganda,1952,22.660241666666668
Uganda,1953,22.723366666666667
Uganda,1954,22.453666666666667
Uganda,1955,22.38723333333333
Uganda,1956,22.097341666666665
Uganda,1957,22.463291666666667
Uganda,1958,22.815408333333334
Uganda,1959,22.541983333333334
Uganda,1960,22.509358333333335
Uganda,1961,22.308866666666663
Uganda,1962,22.0802
Uganda,1963,22.221883333333334
Uganda,1964,22.154433333333333
Uganda,1965,22.28555
Uganda,1966,22.465566666666664
Uganda,1967,22.115191666666664
Uganda,1968,21.790758333333333
Uganda,1969,22.451175000000003
Uganda,1970,22.554100000000002
Uganda,1971,22.142133333333334
Uganda,1972,22.554591666666667
Uganda,1973,22.766191666666668
Uganda,1974,22.300308333333334
Uganda,1975,22.311958333333333
Uganda,1976,22.608783333333335
Uganda,1977,22.61968333333333
Uganda,1978,22.543316666666666
Uganda,1979,22.58960833333333
Uganda,1980,22.766025
Uganda,1981,22.881566666666668
Uganda,1982,22.861383333333333
Uganda,1983,23.153883333333336
Uganda,1984,22.852158333333335
Uganda,1985,22.599858333333334
Uganda,1986,22.826733333333333
Uganda,1987,23.37895
Uganda,1988,23.05435
Uganda,1989,22.42973333333333
Uganda,1990,23.00446666666667
Uganda,1991,22.840716666666665
Uganda,1992,22.813258333333334
Uganda,1993,22.897525
Uganda,1994,22.694575
Uganda,1995,23.295208333333335
Uganda,1996,22.994799999999998
Uganda,1997,23.198483333333332
Uganda,1998,23.211
Uganda,1999,23.060316666666665
Uganda,2000,23.398375
Uganda,2001,23.838383333333336
Uganda,2002,24.216400000000004
Uganda,2003,24.107091666666665
Uganda,2004,23.888516666666664
Uganda,2005,24.017025
Uganda,2006,23.772966666666665
Uganda,2007,23.671766666666667
Uganda,2008,23.698091666666667
Uganda,2009,24.309308333333334
Uganda,2010,23.935525
Uganda,2011,23.594025000000002
Uganda,2012,23.3894
Uganda,2013,23.410325
Uganda,2014,23.482924999999998
Uganda,2015,23.550383333333333
Uganda,2016,23.867683333333332
Ukraine,1901,8.597265
Ukraine,1902,6.994395833333333
Ukraine,1903,8.722636666666666
Ukraine,1904,7.461784166666667
Ukraine,1905,8.2439625
Ukraine,1906,8.681263333333334
Ukraine,1907,6.871366666666667
Ukraine,1908,6.967551666666666
Ukraine,1909,7.885653333333334
Ukraine,1910,8.8484325
Ukraine,1911,7.28595
Ukraine,1912,7.1061016666666665
Ukraine,1913,8.48039
Ukraine,1914,8.163911666666667
Ukraine,1915,8.197022500000001
Ukraine,1916,8.343803333333334
Ukraine,1917,7.574778333333334
Ukraine,1918,8.5683375
Ukraine,1919,7.587581666666666
Ukraine,1920,7.849086666666667
Ukraine,1921,8.005034166666666
Ukraine,1922,7.71188
Ukraine,1923,8.679715833333333
Ukraine,1924,7.478231666666667
Ukraine,1925,8.867895833333334
Ukraine,1926,8.139938333333333
Ukraine,1927,7.897414166666667
Ukraine,1928,7.1305175
Ukraine,1929,6.945665833333333
Ukraine,1930,8.686895833333333
Ukraine,1931,7.380005
Ukraine,1932,8.23139
Ukraine,1933,6.510551666666667
Ukraine,1934,9.0394225
Ukraine,1935,8.123825
Ukraine,1936,9.027508333333333
Ukraine,1937,8.942228333333333
Ukraine,1938,9.161623333333333
Ukraine,1939,8.911679166666667
Ukraine,1940,6.697337500000001
Ukraine,1941,6.6383350000000005
Ukraine,1942,6.098330833333333
Ukraine,1943,8.0980175
Ukraine,1944,8.57726
Ukraine,1945,7.104094166666666
Ukraine,1946,8.418308333333334
Ukraine,1947,7.981830833333333
Ukraine,1948,8.341150833333334
Ukraine,1949,8.560933333333333
Ukraine,1950,8.299854999999999
Ukraine,1951,8.5777925
Ukraine,1952,8.255850833333334
Ukraine,1953,7.6775150000000005
Ukraine,1954,7.383399166666667
Ukraine,1955,8.244517499999999
Ukraine,1956,6.459486666666667
Ukraine,1957,8.740189166666665
Ukraine,1958,8.238761666666667
Ukraine,1959,7.877089166666667
Ukraine,1960,8.654804166666667
Ukraine,1961,8.632993333333333
Ukraine,1962,8.363801666666667
Ukraine,1963,7.486666666666667
Ukraine,1964,7.496566666666666
Ukraine,1965,7.1787025
Ukraine,1966,9.456544166666667
Ukraine,1967,8.507555
Ukraine,1968,8.2524525
Ukraine,1969,7.036635
Ukraine,1970,8.317670833333333
Ukraine,1971,8.443421666666667
Ukraine,1972,8.537125833333333
Ukraine,1973,8.063225000000001
Ukraine,1974,8.640321666666667
Ukraine,1975,9.620493333333334
Ukraine,1976,6.893116666666667
Ukraine,1977,8.166045833333333
Ukraine,1978,7.483681666666667
Ukraine,1979,8.47095
Ukraine,1980,7.147633333333334
Ukraine,1981,8.9520875
Ukraine,1982,8.387234166666667
Ukraine,1983,9.17535
Ukraine,1984,8.1396225
Ukraine,1985,6.829037499999999
Ukraine,1986,8.1996
Ukraine,1987,6.519665833333334
Ukraine,1988,8.0695275
Ukraine,1989,9.70352
Ukraine,1990,9.434661666666667
Ukraine,1991,8.486184166666666
Ukraine,1992,8.569745833333334
Ukraine,1993,7.862680833333333
Ukraine,1994,8.956030833333333
Ukraine,1995,8.837983333333334
Ukraine,1996,7.633195
Ukraine,1997,7.704823333333334
Ukraine,1998,8.592719166666667
Ukraine,1999,9.615859166666667
Ukraine,2000,9.474762499999999
Ukraine,2001,8.965439166666668
Ukraine,2002,9.455524166666667
Ukraine,2003,8.282411666666667
Ukraine,2004,8.903438333333334
Ukraine,2005,8.998454166666667
Ukraine,2006,8.612933333333332
Ukraine,2007,10.14016
Ukraine,2008,9.7116425
Ukraine,2009,9.606810000000001
Ukraine,2010,9.451803333333332
Ukraine,2011,9.0330525
Ukraine,2012,9.5028325
Ukraine,2013,9.742915833333333
Ukraine,2014,9.705097499999999
Ukraine,2015,10.335325833333334
Ukraine,2016,9.713058333333334
United Arab Emirates,1901,27.37155
United Arab Emirates,1902,26.58158333333333
United Arab Emirates,1903,25.68551666666667
United Arab Emirates,1904,26.053124999999998
United Arab Emirates,1905,26.003266666666665
United Arab Emirates,1906,25.920591666666667
United Arab Emirates,1907,25.763991666666666
United Arab Emirates,1908,26.419666666666668
United Arab Emirates,1909,26.602500000000003
United Arab Emirates,1910,25.527625
United Arab Emirates,1911,24.937916666666666
United Arab Emirates,1912,25.82528333333333
United Arab Emirates,1913,25.672349999999998
United Arab Emirates,1914,26.271266666666666
United Arab Emirates,1915,26.657825000000003
United Arab Emirates,1916,26.297291666666666
United Arab Emirates,1917,26.456775000000004
United Arab Emirates,1918,26.147816666666667
United Arab Emirates,1919,26.805166666666665
United Arab Emirates,1920,26.496958333333335
United Arab Emirates,1921,26.77264166666667
United Arab Emirates,1922,26.872625
United Arab Emirates,1923,26.34669166666667
United Arab Emirates,1924,27.21995
United Arab Emirates,1925,26.240858333333335
United Arab Emirates,1926,26.572841666666665
United Arab Emirates,1927,26.730791666666665
United Arab Emirates,1928,26.510816666666667
United Arab Emirates,1929,26.50368333333333
United Arab Emirates,1930,26.43235
United Arab Emirates,1931,26.338683333333332
United Arab Emirates,1932,25.940491666666663
United Arab Emirates,1933,25.78569166666667
United Arab Emirates,1934,26.070308333333333
United Arab Emirates,1935,26.68728333333333
United Arab Emirates,1936,26.096725000000003
United Arab Emirates,1937,26.22595
United Arab Emirates,1938,26.412499999999998
United Arab Emirates,1939,26.39831666666667
United Arab Emirates,1940,26.842141666666667
United Arab Emirates,1941,26.855808333333332
United Arab Emirates,1942,26.804125
United Arab Emirates,1943,26.316074999999998
United Arab Emirates,1944,26.621816666666664
United Arab Emirates,1945,26.31781666666667
United Arab Emirates,1946,26.853275
United Arab Emirates,1947,27.1328
United Arab Emirates,1948,26.545658333333336
United Arab Emirates,1949,26.037725
United Arab Emirates,1950,25.978133333333332
United Arab Emirates,1951,27.37200833333333
United Arab Emirates,1952,27.145466666666668
United Arab Emirates,1953,27.332675
United Arab Emirates,1954,27.500891666666664
United Arab Emirates,1955,27.099275000000002
United Arab Emirates,1956,26.843566666666664
United Arab Emirates,1957,26.68913333333333
United Arab Emirates,1958,27.322758333333336
United Arab Emirates,1959,26.64091666666667
United Arab Emirates,1960,27.282508333333336
United Arab Emirates,1961,26.768616666666663
United Arab Emirates,1962,27.23260833333333
United Arab Emirates,1963,27.135641666666668
United Arab Emirates,1964,26.205391666666667
United Arab Emirates,1965,26.999033333333333
United Arab Emirates,1966,27.037499999999998
United Arab Emirates,1967,26.555175000000002
United Arab Emirates,1968,26.584541666666667
United Arab Emirates,1969,27.289441666666665
United Arab Emirates,1970,27.25486666666667
United Arab Emirates,1971,26.609658333333332
United Arab Emirates,1972,26.20804166666667
United Arab Emirates,1973,26.76946666666667
United Arab Emirates,1974,26.62516666666667
United Arab Emirates,1975,26.638091666666668
United Arab Emirates,1976,26.552333333333333
United Arab Emirates,1977,27.317408333333333
United Arab Emirates,1978,27.118716666666668
United Arab Emirates,1979,27.306208333333334
United Arab Emirates,1980,27.26578333333333
United Arab Emirates,1981,27.2367
United Arab Emirates,1982,26.408291666666667
United Arab Emirates,1983,26.382791666666666
United Arab Emirates,1984,26.706699999999998
United Arab Emirates,1985,26.90665
United Arab Emirates,1986,26.82744166666667
United Arab Emirates,1987,27.131541666666667
United Arab Emirates,1988,27.19825833333333
United Arab Emirates,1989,26.510333333333335
United Arab Emirates,1990,27.133433333333333
United Arab Emirates,1991,26.670208333333335
United Arab Emirates,1992,26.093566666666664
United Arab Emirates,1993,27.0224
United Arab Emirates,1994,27.266833333333334
United Arab Emirates,1995,26.981708333333334
United Arab Emirates,1996,27.164208333333335
United Arab Emirates,1997,26.836533333333335
United Arab Emirates,1998,27.969908333333333
United Arab Emirates,1999,27.979866666666666
United Arab Emirates,2000,27.567691666666665
United Arab Emirates,2001,27.779799999999998
United Arab Emirates,2002,27.696616666666667
United Arab Emirates,2003,27.710091666666667
United Arab Emirates,2004,27.750974999999997
United Arab Emirates,2005,27.483491666666666
United Arab Emirates,2006,27.618799999999997
United Arab Emirates,2007,27.836833333333335
United Arab Emirates,2008,27.409683333333334
United Arab Emirates,2009,27.854933333333335
United Arab Emirates,2010,28.360741666666666
United Arab Emirates,2011,27.752066666666664
United Arab Emirates,2012,27.810999999999996
United Arab Emirates,2013,27.593774999999997
United Arab Emirates,2014,27.826999999999998
United Arab Emirates,2015,28.220041666666663
United Arab Emirates,2016,28.240133333333333
United Kingdom,1901,8.065734166666667
United Kingdom,1902,7.761386666666667
United Kingdom,1903,7.963390833333334
United Kingdom,1904,8.009405833333334
United Kingdom,1905,8.14564
United Kingdom,1906,8.180895833333333
United Kingdom,1907,7.847345833333333
United Kingdom,1908,8.3726575
United Kingdom,1909,7.668171666666667
United Kingdom,1910,8.1326925
United Kingdom,1911,8.74581
United Kingdom,1912,8.136224166666667
United Kingdom,1913,8.521920833333334
United Kingdom,1914,8.666788333333335
United Kingdom,1915,7.790684166666666
United Kingdom,1916,8.173606666666666
United Kingdom,1917,7.593215833333333
United Kingdom,1918,8.341364166666667
United Kingdom,1919,7.537612500000001
United Kingdom,1920,8.503049166666667
United Kingdom,1921,9.226510833333334
United Kingdom,1922,7.7190916666666665
United Kingdom,1923,8.007975833333333
United Kingdom,1924,8.17586
United Kingdom,1925,8.076930833333334
United Kingdom,1926,8.640986666666667
United Kingdom,1927,8.109715
United Kingdom,1928,8.351419166666666
United Kingdom,1929,8.057686666666667
United Kingdom,1930,8.271870833333333
United Kingdom,1931,8.051348333333333
United Kingdom,1932,8.4571425
United Kingdom,1933,8.8272375
United Kingdom,1934,8.952684166666666
United Kingdom,1935,8.4927425
United Kingdom,1936,8.390495833333334
United Kingdom,1937,8.3671
United Kingdom,1938,8.873071666666666
United Kingdom,1939,8.64188
United Kingdom,1940,8.106018333333333
United Kingdom,1941,7.9616058333333335
United Kingdom,1942,8.035050833333333
United Kingdom,1943,8.848995
United Kingdom,1944,8.506247499999999
United Kingdom,1945,9.15713
United Kingdom,1946,8.357731666666666
United Kingdom,1947,8.313450833333333
United Kingdom,1948,8.81254
United Kingdom,1949,9.3002175
United Kingdom,1950,8.289698333333334
United Kingdom,1951,8.066553333333333
United Kingdom,1952,7.979005
United Kingdom,1953,8.9215675
United Kingdom,1954,8.067311666666667
United Kingdom,1955,8.185934999999999
United Kingdom,1956,7.897886666666667
United Kingdom,1957,8.821424166666667
United Kingdom,1958,8.258184166666666
United Kingdom,1959,9.3088275
United Kingdom,1960,8.615251666666667
United Kingdom,1961,8.68055
United Kingdom,1962,7.584063333333333
United Kingdom,1963,7.432324166666667
United Kingdom,1964,8.349504166666668
United Kingdom,1965,7.764325833333333
United Kingdom,1966,8.244125833333333
United Kingdom,1967,8.509793333333333
United Kingdom,1968,8.195775833333334
United Kingdom,1969,8.121617500000001
United Kingdom,1970,8.319721666666666
United Kingdom,1971,8.808799166666667
United Kingdom,1972,8.19021
United Kingdom,1973,8.475416666666666
United Kingdom,1974,8.454913333333334
United Kingdom,1975,8.839049166666667
United Kingdom,1976,8.820008333333332
United Kingdom,1977,8.344404166666667
United Kingdom,1978,8.284779166666667
United Kingdom,1979,7.668242500000001
United Kingdom,1980,8.339878333333333
United Kingdom,1981,8.151535
United Kingdom,1982,8.645795833333333
United Kingdom,1983,8.770986666666667
United Kingdom,1984,8.597561666666666
United Kingdom,1985,7.7774608333333335
United Kingdom,1986,7.6291658333333325
United Kingdom,1987,7.987539166666667
United Kingdom,1988,8.734708333333332
United Kingdom,1989,9.203185
United Kingdom,1990,9.3412025
United Kingdom,1991,8.515225
United Kingdom,1992,8.6831875
United Kingdom,1993,8.303709166666666
United Kingdom,1994,8.875549166666667
United Kingdom,1995,9.229056666666667
United Kingdom,1996,8.252508333333333
United Kingdom,1997,9.409831666666667
United Kingdom,1998,9.146245
United Kingdom,1999,9.312605
United Kingdom,2000,9.035693333333333
United Kingdom,2001,8.810498333333333
United Kingdom,2002,9.404614166666667
United Kingdom,2003,9.426055
United Kingdom,2004,9.360186666666667
United Kingdom,2005,9.324721666666667
United Kingdom,2006,9.5483875
United Kingdom,2007,9.5321075
United Kingdom,2008,9.040031666666666
United Kingdom,2009,9.149315
United Kingdom,2010,8.037786666666667
United Kingdom,2011,9.437954166666666
United Kingdom,2012,8.7665775
United Kingdom,2013,8.887475
United Kingdom,2014,9.809685
United Kingdom,2015,9.087434166666666
United Kingdom,2016,9.237765
United Republic Of Tanzania,1901,22.084883333333334
United Republic Of Tanzania,1902,22.453699999999998
United Republic Of Tanzania,1903,22.232483333333334
United Republic Of Tanzania,1904,21.801316666666665
United Republic Of Tanzania,1905,22.081025
United Republic Of Tanzania,1906,21.611783333333335
United Republic Of Tanzania,1907,21.643491666666666
United Republic Of Tanzania,1908,22.136825
United Republic Of Tanzania,1909,21.1955
United Republic Of Tanzania,1910,20.930208333333333
United Republic Of Tanzania,1911,21.497658333333334
United Republic Of Tanzania,1912,21.378466666666668
United Republic Of Tanzania,1913,20.628241666666668
United Republic Of Tanzania,1914,21.218483333333335
United Republic Of Tanzania,1915,21.094133333333335
United Republic Of Tanzania,1916,20.611250000000002
United Republic Of Tanzania,1917,20.02615833333333
United Republic Of Tanzania,1918,20.357575
United Republic Of Tanzania,1919,20.649416666666667
United Republic Of Tanzania,1920,20.79285833333333
United Republic Of Tanzania,1921,22.156049999999997
United Republic Of Tanzania,1922,22.140941666666667
United Republic Of Tanzania,1923,21.977375
United Republic Of Tanzania,1924,22.482225
United Republic Of Tanzania,1925,22.246183333333335
United Republic Of Tanzania,1926,22.58315
United Republic Of Tanzania,1927,22.305308333333333
United Republic Of Tanzania,1928,22.643775
United Republic Of Tanzania,1929,20.442175
United Republic Of Tanzania,1930,20.606983333333336
United Republic Of Tanzania,1931,22.00146666666667
United Republic Of Tanzania,1932,21.485758333333333
United Republic Of Tanzania,1933,21.57728333333333
United Republic Of Tanzania,1934,21.628758333333334
United Republic Of Tanzania,1935,21.71225
United Republic Of Tanzania,1936,21.6534
United Republic Of Tanzania,1937,21.61475833333333
United Republic Of Tanzania,1938,21.88078333333333
United Republic Of Tanzania,1939,21.868716666666668
United Republic Of Tanzania,1940,22.197491666666668
United Republic Of Tanzania,1941,22.333266666666663
United Republic Of Tanzania,1942,22.011816666666665
United Republic Of Tanzania,1943,21.969458333333336
United Republic Of Tanzania,1944,22.131275000000002
United Republic Of Tanzania,1945,22.037808333333334
United Republic Of Tanzania,1946,22.114099999999997
United Republic Of Tanzania,1947,21.963166666666666
United Republic Of Tanzania,1948,22.231133333333332
United Republic Of Tanzania,1949,22.58035
United Republic Of Tanzania,1950,21.861541666666668
United Republic Of Tanzania,1951,22.216466666666665
United Republic Of Tanzania,1952,22.532608333333332
United Republic Of Tanzania,1953,22.616575
United Republic Of Tanzania,1954,22.414441666666665
United Republic Of Tanzania,1955,22.301708333333334
United Republic Of Tanzania,1956,22.00016666666667
United Republic Of Tanzania,1957,22.38345
United Republic Of Tanzania,1958,22.655775000000002
United Republic Of Tanzania,1959,22.52070833333333
United Republic Of Tanzania,1960,22.235816666666665
United Republic Of Tanzania,1961,22.563283333333334
United Republic Of Tanzania,1962,22.070516666666666
United Republic Of Tanzania,1963,21.94255
United Republic Of Tanzania,1964,21.959633333333333
United Republic Of Tanzania,1965,21.964975
United Republic Of Tanzania,1966,22.465833333333336
United Republic Of Tanzania,1967,22.23353333333333
United Republic Of Tanzania,1968,21.764883333333334
United Republic Of Tanzania,1969,22.569733333333332
United Republic Of Tanzania,1970,22.276766666666663
United Republic Of Tanzania,1971,21.859375
United Republic Of Tanzania,1972,22.275966666666665
United Republic Of Tanzania,1973,22.45535
United Republic Of Tanzania,1974,22.117683333333332
United Republic Of Tanzania,1975,22.129641666666668
United Republic Of Tanzania,1976,22.312675
United Republic Of Tanzania,1977,22.431858333333334
United Republic Of Tanzania,1978,22.237416666666665
United Republic Of Tanzania,1979,22.248841666666667
United Republic Of Tanzania,1980,22.34090833333333
United Republic Of Tanzania,1981,22.328316666666666
United Republic Of Tanzania,1982,22.389233333333333
United Republic Of Tanzania,1983,22.985783333333334
United Republic Of Tanzania,1984,22.266116666666665
United Republic Of Tanzania,1985,22.1651
United Republic Of Tanzania,1986,22.275691666666663
United Republic Of Tanzania,1987,22.8926
United Republic Of Tanzania,1988,22.80859166666667
United Republic Of Tanzania,1989,22.18088333333333
United Republic Of Tanzania,1990,22.645216666666666
United Republic Of Tanzania,1991,22.627408333333335
United Republic Of Tanzania,1992,22.669025
United Republic Of Tanzania,1993,22.536133333333336
United Republic Of Tanzania,1994,22.657466666666664
United Republic Of Tanzania,1995,22.924766666666667
United Republic Of Tanzania,1996,22.70025
United Republic Of Tanzania,1997,22.892816666666665
United Republic Of Tanzania,1998,23.035750000000004
United Republic Of Tanzania,1999,22.784666666666666
United Republic Of Tanzania,2000,22.80219166666667
United Republic Of Tanzania,2001,22.912741666666665
United Republic Of Tanzania,2002,23.065616666666667
United Republic Of Tanzania,2003,23.327875000000002
United Republic Of Tanzania,2004,23.006958333333333
United Republic Of Tanzania,2005,23.417308333333335
United Republic Of Tanzania,2006,22.85568333333333
United Republic Of Tanzania,2007,22.778475
United Republic Of Tanzania,2008,22.542716666666667
United Republic Of Tanzania,2009,23.011266666666668
United Republic Of Tanzania,2010,23.142658333333333
United Republic Of Tanzania,2011,22.74761666666667
United Republic Of Tanzania,2012,22.871433333333332
United Republic Of Tanzania,2013,22.907358333333335
United Republic Of Tanzania,2014,22.990233333333332
United Republic Of Tanzania,2015,23.08220833333333
United Republic Of Tanzania,2016,23.240325
United States,1901,6.691278333333333
United States,1902,6.424504166666666
United States,1903,6.038623333333334
United States,1904,6.203115833333334
United States,1905,6.707145833333333
United States,1906,6.556513333333332
United States,1907,6.403490000000001
United States,1908,6.79718
United States,1909,6.047220833333333
United States,1910,6.647895833333333
United States,1911,6.686355
United States,1912,6.497745833333333
United States,1913,6.669990000000001
United States,1914,7.1141266666666665
United States,1915,6.9163
United States,1916,6.1973125
United States,1917,5.719885833333333
United States,1918,6.459089166666666
United States,1919,6.544721666666667
United States,1920,6.12932
United States,1921,7.4903675000000005
United States,1922,6.726884166666667
United States,1923,6.8684191666666665
United States,1924,6.084208333333334
United States,1925,7.019193333333334
United States,1926,7.41613
United States,1927,6.624919166666667
United States,1928,7.002179166666667
United States,1929,6.596809166666667
United States,1930,6.763519166666666
United States,1931,7.5918866666666664
United States,1932,6.503784166666667
United States,1933,6.8862966666666665
United States,1934,7.8257775
United States,1935,6.7816275
United States,1936,7.040097500000001
United States,1937,6.882703333333333
United States,1938,7.537031666666667
United States,1939,7.296469166666667
United States,1940,7.359004166666668
United States,1941,7.4317475
United States,1942,7.064090833333332
United States,1943,7.1275975
United States,1944,7.029740833333334
United States,1945,6.700966666666666
United States,1946,7.086606666666667
United States,1947,6.899607499999999
United States,1948,6.398398333333333
United States,1949,6.9250225
United States,1950,6.643980833333334
United States,1951,6.392625833333334
United States,1952,6.996239166666666
United States,1953,7.53847
United States,1954,7.3050325
United States,1955,6.3984008333333335
United States,1956,6.500217500000001
United States,1957,7.233348333333335
United States,1958,7.104689166666667
United States,1959,6.751641666666667
United States,1960,6.788318333333333
United States,1961,6.537543333333333
United States,1962,6.968184166666667
United States,1963,7.108304166666667
United States,1964,6.3569233333333335
United States,1965,6.562003333333333
United States,1966,6.3571625
United States,1967,6.915513333333333
United States,1968,6.542762499999999
United States,1969,6.816205833333334
United States,1970,6.706761666666666
United States,1971,6.3155075
United States,1972,6.309428333333333
United States,1973,6.887528333333333
United States,1974,6.713616666666667
United States,1975,6.3023825
United States,1976,6.650061666666667
United States,1977,7.308983333333334
United States,1978,6.927931666666666
United States,1979,6.688906666666667
United States,1980,7.155950833333333
United States,1981,7.860701666666667
United States,1982,6.478369166666667
United States,1983,6.9710616666666665
United States,1984,6.77008
United States,1985,6.578420833333333
United States,1986,7.541756666666667
United States,1987,7.718058333333334
United States,1988,7.334408333333333
United States,1989,6.8528025
United States,1990,7.451195833333333
United States,1991,7.565831666666667
United States,1992,7.069145833333333
United States,1993,7.096323333333333
United States,1994,7.3768625000000005
United States,1995,7.483878333333333
United States,1996,6.730626666666666
United States,1997,7.090644166666667
United States,1998,8.0975725
United States,1999,7.286505833333333
United States,2000,7.496298333333333
United States,2001,7.633218333333333
United States,2002,7.794915
United States,2003,7.7297825
United States,2004,7.713543333333333
United States,2005,7.931033333333333
United States,2006,7.9716691666666675
United States,2007,7.87938
United States,2008,6.9901875
United States,2009,7.167375
United States,2010,7.59125
United States,2011,7.54814
United States,2012,8.173909166666666
United States,2013,7.329438333333333
United States,2014,7.78237
United States,2015,8.481253333333333
United States,2016,9.030836666666668
Uruguay,1901,17.102483333333335
Uruguay,1902,17.189796666666666
Uruguay,1903,16.869616666666666
Uruguay,1904,16.746125000000003
Uruguay,1905,16.512613333333334
Uruguay,1906,17.258146666666665
Uruguay,1907,16.466575
Uruguay,1908,16.882175
Uruguay,1909,16.625645000000002
Uruguay,1910,16.76910833333333
Uruguay,1911,16.211084166666666
Uruguay,1912,16.959889999999998
Uruguay,1913,17.75975
Uruguay,1914,17.243216666666665
Uruguay,1915,16.90879083333333
Uruguay,1916,16.974842499999998
Uruguay,1917,16.850469999999998
Uruguay,1918,16.8417
Uruguay,1919,17.293675
Uruguay,1920,17.1956025
Uruguay,1921,16.669749166666666
Uruguay,1922,16.782960833333334
Uruguay,1923,16.7345825
Uruguay,1924,16.286583333333336
Uruguay,1925,17.134688333333333
Uruguay,1926,17.719383333333333
Uruguay,1927,17.436466666666664
Uruguay,1928,16.817645
Uruguay,1929,17.485808333333335
Uruguay,1930,17.444875
Uruguay,1931,16.921384166666666
Uruguay,1932,18.065433333333335
Uruguay,1933,17.536538333333333
Uruguay,1934,17.16604166666667
Uruguay,1935,17.370941666666667
Uruguay,1936,17.389458333333334
Uruguay,1937,17.075091666666665
Uruguay,1938,17.21655
Uruguay,1939,17.479166666666668
Uruguay,1940,17.423066666666667
Uruguay,1941,16.946408333333334
Uruguay,1942,17.158769166666666
Uruguay,1943,17.967098333333333
Uruguay,1944,18.095699999999997
Uruguay,1945,18.018116666666668
Uruguay,1946,17.267141666666667
Uruguay,1947,17.350775000000002
Uruguay,1948,17.310033333333333
Uruguay,1949,17.454375
Uruguay,1950,17.48555
Uruguay,1951,17.926575
Uruguay,1952,18.063816666666668
Uruguay,1953,17.977279166666666
Uruguay,1954,17.59295
Uruguay,1955,17.0408625
Uruguay,1956,16.778825
Uruguay,1957,17.63351666666667
Uruguay,1958,17.8307
Uruguay,1959,17.443433333333335
Uruguay,1960,17.858325
Uruguay,1961,17.91865
Uruguay,1962,17.220613333333333
Uruguay,1963,17.660516666666666
Uruguay,1964,16.661930833333333
Uruguay,1965,17.785141666666664
Uruguay,1966,16.980975
Uruguay,1967,17.680275833333333
Uruguay,1968,17.567725
Uruguay,1969,17.702116666666665
Uruguay,1970,17.55033333333333
Uruguay,1971,17.315803333333335
Uruguay,1972,17.635125
Uruguay,1973,17.39675
Uruguay,1974,17.405525
Uruguay,1975,17.669758333333334
Uruguay,1976,17.149725
Uruguay,1977,18.130033333333333
Uruguay,1978,17.537316666666666
Uruguay,1979,17.57555
Uruguay,1980,18.311866666666667
Uruguay,1981,17.917225
Uruguay,1982,18.073583333333332
Uruguay,1983,17.508816666666668
Uruguay,1984,17.29925833333333
Uruguay,1985,18.008625
Uruguay,1986,18.159958333333332
Uruguay,1987,17.812816666666667
Uruguay,1988,17.289316666666668
Uruguay,1989,18.121725
Uruguay,1990,17.934816666666666
Uruguay,1991,18.009783333333335
Uruguay,1992,17.565781666666666
Uruguay,1993,17.704298333333334
Uruguay,1994,18.169116666666667
Uruguay,1995,17.58749166666667
Uruguay,1996,17.821321666666666
Uruguay,1997,18.31725833333333
Uruguay,1998,17.497825000000002
Uruguay,1999,17.577441666666665
Uruguay,2000,17.709075833333333
Uruguay,2001,18.474408333333333
Uruguay,2002,18.05545
Uruguay,2003,17.5254
Uruguay,2004,18.023666666666667
Uruguay,2005,18.016724999999997
Uruguay,2006,18.290425
Uruguay,2007,17.3836475
Uruguay,2008,18.358808333333332
Uruguay,2009,18.020413333333334
Uruguay,2010,17.964241666666666
Uruguay,2011,17.81935
Uruguay,2012,18.457469166666666
Uruguay,2013,17.7666
Uruguay,2014,18.327175
Uruguay,2015,18.386833333333332
Uruguay,2016,17.658225833333333
Uzbekistan,1901,12.267595833333333
Uzbekistan,1902,12.624885833333332
Uzbekistan,1903,11.287885833333334
Uzbekistan,1904,11.692216666666667
Uzbekistan,1905,11.432382500000001
Uzbekistan,1906,11.942078333333333
Uzbekistan,1907,11.166319999999999
Uzbekistan,1908,11.516015000000001
Uzbekistan,1909,12.685623333333334
Uzbekistan,1910,12.034899166666667
Uzbekistan,1911,11.211288333333334
Uzbekistan,1912,12.039870833333334
Uzbekistan,1913,12.229643333333334
Uzbekistan,1914,12.900846666666666
Uzbekistan,1915,13.502376666666668
Uzbekistan,1916,11.571811666666667
Uzbekistan,1917,12.753195
Uzbekistan,1918,11.15663
Uzbekistan,1919,11.407774166666668
Uzbekistan,1920,10.526733333333334
Uzbekistan,1921,11.672735833333334
Uzbekistan,1922,12.645784166666667
Uzbekistan,1923,11.593939166666667
Uzbekistan,1924,11.751973333333334
Uzbekistan,1925,12.685136666666667
Uzbekistan,1926,12.121787499999998
Uzbekistan,1927,11.853428333333333
Uzbekistan,1928,10.808435833333334
Uzbekistan,1929,10.524176666666667
Uzbekistan,1930,11.2092175
Uzbekistan,1931,10.747159166666668
Uzbekistan,1932,11.50694
Uzbekistan,1933,11.429989999999998
Uzbekistan,1934,10.457114166666667
Uzbekistan,1935,11.480330833333333
Uzbekistan,1936,11.885589166666668
Uzbekistan,1937,11.292984166666665
Uzbekistan,1938,12.133228333333333
Uzbekistan,1939,12.3301175
Uzbekistan,1940,12.799578333333335
Uzbekistan,1941,13.153740833333332
Uzbekistan,1942,12.049864166666666
Uzbekistan,1943,11.101909166666667
Uzbekistan,1944,12.683845
Uzbekistan,1945,11.017380833333334
Uzbekistan,1946,11.9592375
Uzbekistan,1947,12.4772625
Uzbekistan,1948,12.170580833333334
Uzbekistan,1949,10.50966
Uzbekistan,1950,10.429720833333333
Uzbekistan,1951,11.337549166666667
Uzbekistan,1952,11.654179166666667
Uzbekistan,1953,12.049853333333333
Uzbekistan,1954,10.837769166666668
Uzbekistan,1955,12.882081666666666
Uzbekistan,1956,11.643089166666668
Uzbekistan,1957,11.192499166666666
Uzbekistan,1958,12.409719166666667
Uzbekistan,1959,11.268665
Uzbekistan,1960,11.586523333333332
Uzbekistan,1961,12.907654166666667
Uzbekistan,1962,12.345366666666665
Uzbekistan,1963,12.944632499999999
Uzbekistan,1964,11.258014166666667
Uzbekistan,1965,12.380303333333332
Uzbekistan,1966,12.813680833333335
Uzbekistan,1967,12.175698333333335
Uzbekistan,1968,12.175581666666666
Uzbekistan,1969,10.651949166666666
Uzbekistan,1970,12.486768333333332
Uzbekistan,1971,12.930845
Uzbekistan,1972,10.432789999999999
Uzbekistan,1973,12.245305
Uzbekistan,1974,11.399611666666667
Uzbekistan,1975,12.544993333333332
Uzbekistan,1976,11.470254166666665
Uzbekistan,1977,12.546804166666666
Uzbekistan,1978,12.183302499999998
Uzbekistan,1979,12.891998333333333
Uzbekistan,1980,12.297410833333332
Uzbekistan,1981,13.008204166666665
Uzbekistan,1982,11.870973333333334
Uzbekistan,1983,13.595121666666666
Uzbekistan,1984,11.4837275
Uzbekistan,1985,12.464964166666666
Uzbekistan,1986,12.637638333333333
Uzbekistan,1987,12.394996666666666
Uzbekistan,1988,13.110186666666666
Uzbekistan,1989,12.657074166666668
Uzbekistan,1990,13.027159166666666
Uzbekistan,1991,12.679176666666669
Uzbekistan,1992,12.366935833333335
Uzbekistan,1993,11.552163333333333
Uzbekistan,1994,12.042600833333333
Uzbekistan,1995,13.5253025
Uzbekistan,1996,11.99973
Uzbekistan,1997,13.208440833333334
Uzbekistan,1998,12.742723333333332
Uzbekistan,1999,13.654129166666666
Uzbekistan,2000,13.471823333333333
Uzbekistan,2001,13.561616666666666
Uzbekistan,2002,13.5681925
Uzbekistan,2003,12.708566666666668
Uzbekistan,2004,14.1167825
Uzbekistan,2005,13.677070833333334
Uzbekistan,2006,13.434565
Uzbekistan,2007,13.619090833333333
Uzbekistan,2008,12.971470833333333
Uzbekistan,2009,13.293799166666666
Uzbekistan,2010,13.974635833333332
Uzbekistan,2011,12.684143333333333
Uzbekistan,2012,12.747156666666667
Uzbekistan,2013,14.043933333333333
Uzbekistan,2014,12.435144166666667
Uzbekistan,2015,13.829921666666666
Uzbekistan,2016,14.219506666666668
Vanuatu,1901,24.143424999999997
Vanuatu,1902,23.418425
Vanuatu,1903,24.168425
Vanuatu,1904,23.151758333333333
Vanuatu,1905,23.385091666666668
Vanuatu,1906,23.776758333333333
Vanuatu,1907,24.260091666666668
Vanuatu,1908,23.760091666666668
Vanuatu,1909,24.418425
Vanuatu,1910,25.135091666666668
Vanuatu,1911,23.685091666666665
Vanuatu,1912,23.685091666666665
Vanuatu,1913,23.685091666666665
Vanuatu,1914,23.685091666666665
Vanuatu,1915,23.777158333333333
Vanuatu,1916,23.776425
Vanuatu,1917,23.723399999999998
Vanuatu,1918,23.687299999999997
Vanuatu,1919,23.677733333333332
Vanuatu,1920,23.70645
Vanuatu,1921,23.715283333333332
Vanuatu,1922,23.708683333333337
Vanuatu,1923,23.685091666666665
Vanuatu,1924,23.685091666666665
Vanuatu,1925,23.685091666666665
Vanuatu,1926,23.685091666666665
Vanuatu,1927,23.711608333333334
Vanuatu,1928,23.685091666666665
Vanuatu,1929,23.7337
Vanuatu,1930,23.682883333333336
Vanuatu,1931,23.797375
Vanuatu,1932,23.867225
Vanuatu,1933,23.613425000000003
Vanuatu,1934,23.582175000000003
Vanuatu,1935,23.58899166666667
Vanuatu,1936,23.530933333333333
Vanuatu,1937,23.503525
Vanuatu,1938,23.713675
Vanuatu,1939,23.659916666666664
Vanuatu,1940,23.765208333333334
Vanuatu,1941,23.921541666666666
Vanuatu,1942,23.95211666666667
Vanuatu,1943,23.780991666666665
Vanuatu,1944,23.724041666666665
Vanuatu,1945,23.951400000000003
Vanuatu,1946,24.213675
Vanuatu,1947,24.261558333333337
Vanuatu,1948,23.918233333333333
Vanuatu,1949,23.967016666666666
Vanuatu,1950,23.7951
Vanuatu,1951,23.76585833333333
Vanuatu,1952,23.629075
Vanuatu,1953,23.178575
Vanuatu,1954,23.064341666666667
Vanuatu,1955,23.03900833333333
Vanuatu,1956,23.221891666666664
Vanuatu,1957,23.0171
Vanuatu,1958,23.288899999999998
Vanuatu,1959,23.30343333333333
Vanuatu,1960,23.13491666666667
Vanuatu,1961,23.62615
Vanuatu,1962,23.519966666666665
Vanuatu,1963,23.355641666666667
Vanuatu,1964,23.756208333333333
Vanuatu,1965,22.871008333333332
Vanuatu,1966,23.062316666666664
Vanuatu,1967,23.448741666666667
Vanuatu,1968,23.117783333333335
Vanuatu,1969,23.448833333333337
Vanuatu,1970,23.702866666666665
Vanuatu,1971,23.393266666666666
Vanuatu,1972,23.267516666666666
Vanuatu,1973,24.218458333333334
Vanuatu,1974,23.799183333333332
Vanuatu,1975,23.95126666666667
Vanuatu,1976,23.939533333333333
Vanuatu,1977,23.788574999999998
Vanuatu,1978,23.845708333333334
Vanuatu,1979,23.838016666666665
Vanuatu,1980,23.95765833333333
Vanuatu,1981,23.998616666666667
Vanuatu,1982,23.772408333333335
Vanuatu,1983,23.926041666666666
Vanuatu,1984,23.925158333333332
Vanuatu,1985,23.89454166666667
Vanuatu,1986,23.83566666666667
Vanuatu,1987,23.833133333333333
Vanuatu,1988,24.351316666666666
Vanuatu,1989,23.885358333333333
Vanuatu,1990,23.85569166666667
Vanuatu,1991,23.85953333333333
Vanuatu,1992,23.622275000000002
Vanuatu,1993,23.516875
Vanuatu,1994,23.57121666666667
Vanuatu,1995,24.3159
Vanuatu,1996,24.142358333333334
Vanuatu,1997,23.856800000000003
Vanuatu,1998,24.629658333333335
Vanuatu,1999,24.38795
Vanuatu,2000,24.316616666666665
Vanuatu,2001,24.19804166666667
Vanuatu,2002,24.242825
Vanuatu,2003,24.10744166666667
Vanuatu,2004,24.33583333333333
Vanuatu,2005,24.330433333333332
Vanuatu,2006,24.02124166666667
Vanuatu,2007,24.42595
Vanuatu,2008,24.163083333333333
Vanuatu,2009,24.238191666666665
Vanuatu,2010,24.799633333333333
Vanuatu,2011,24.08505
Vanuatu,2012,23.827875000000002
Vanuatu,2013,23.877233333333333
Vanuatu,2014,23.867649999999998
Vanuatu,2015,23.930374999999998
Vanuatu,2016,24.532208333333333
Venezuela,1901,25.204733333333333
Venezuela,1902,24.770041666666668
Venezuela,1903,24.838808333333333
Venezuela,1904,24.53709166666667
Venezuela,1905,24.618133333333333
Venezuela,1906,24.588358333333332
Venezuela,1907,24.521124999999998
Venezuela,1908,24.460308333333334
Venezuela,1909,24.537441666666666
Venezuela,1910,24.62314166666667
Venezuela,1911,24.722258333333333
Venezuela,1912,24.783216666666664
Venezuela,1913,24.614308333333337
Venezuela,1914,24.535816666666665
Venezuela,1915,25.2709
Venezuela,1916,25.026591666666665
Venezuela,1917,25.051199999999998
Venezuela,1918,25.059775000000002
Venezuela,1919,24.618241666666666
Venezuela,1920,24.428124999999998
Venezuela,1921,24.877925
Venezuela,1922,24.654700000000002
Venezuela,1923,24.817216666666667
Venezuela,1924,24.843575
Venezuela,1925,24.82575
Venezuela,1926,25.29525
Venezuela,1927,24.674216666666666
Venezuela,1928,24.863125
Venezuela,1929,24.73460833333333
Venezuela,1930,24.84805
Venezuela,1931,25.237883333333333
Venezuela,1932,25.436233333333334
Venezuela,1933,24.998841666666667
Venezuela,1934,25.153391666666668
Venezuela,1935,25.078258333333334
Venezuela,1936,25.225133333333332
Venezuela,1937,25.312808333333333
Venezuela,1938,25.11883333333333
Venezuela,1939,25.188816666666668
Venezuela,1940,25.82913333333333
Venezuela,1941,26.117858333333334
Venezuela,1942,25.802958333333333
Venezuela,1943,25.329858333333334
Venezuela,1944,25.474783333333335
Venezuela,1945,25.25701666666667
Venezuela,1946,25.27395
Venezuela,1947,25.640941666666667
Venezuela,1948,25.222475000000003
Venezuela,1949,25.016025
Venezuela,1950,24.630925
Venezuela,1951,25.391916666666663
Venezuela,1952,25.58945
Venezuela,1953,25.425766666666664
Venezuela,1954,25.032833333333333
Venezuela,1955,24.947325000000003
Venezuela,1956,24.939116666666667
Venezuela,1957,25.36115
Venezuela,1958,25.97853333333333
Venezuela,1959,25.488033333333334
Venezuela,1960,25.45875
Venezuela,1961,25.46421666666667
Venezuela,1962,25.38808333333333
Venezuela,1963,25.49775
Venezuela,1964,25.412058333333334
Venezuela,1965,25.362341666666666
Venezuela,1966,25.56205
Venezuela,1967,25.10025
Venezuela,1968,25.168358333333334
Venezuela,1969,25.768183333333337
Venezuela,1970,25.359783333333336
Venezuela,1971,24.789150000000003
Venezuela,1972,25.28979166666667
Venezuela,1973,25.609099999999998
Venezuela,1974,25.062866666666665
Venezuela,1975,25.044083333333333
Venezuela,1976,24.974433333333334
Venezuela,1977,25.5202
Venezuela,1978,25.485416666666666
Venezuela,1979,25.615875
Venezuela,1980,25.711891666666663
Venezuela,1981,25.48261666666667
Venezuela,1982,25.399874999999998
Venezuela,1983,25.838583333333332
Venezuela,1984,25.191525
Venezuela,1985,24.97961666666667
Venezuela,1986,25.245091666666667
Venezuela,1987,26.016583333333333
Venezuela,1988,25.595483333333334
Venezuela,1989,25.005566666666667
Venezuela,1990,25.576533333333334
Venezuela,1991,25.475858333333335
Venezuela,1992,25.360733333333332
Venezuela,1993,25.36514166666667
Venezuela,1994,25.303383333333333
Venezuela,1995,25.767758333333333
Venezuela,1996,25.589108333333332
Venezuela,1997,25.778008333333332
Venezuela,1998,26.264266666666668
Venezuela,1999,25.486633333333334
Venezuela,2000,25.456358333333338
Venezuela,2001,25.96065
Venezuela,2002,25.916758333333334
Venezuela,2003,26.270300000000002
Venezuela,2004,25.89131666666667
Venezuela,2005,26.056166666666666
Venezuela,2006,25.946375
Venezuela,2007,25.912450000000003
Venezuela,2008,25.743016666666666
Venezuela,2009,26.127458333333333
Venezuela,2010,26.333233333333336
Venezuela,2011,25.853933333333334
Venezuela,2012,25.764883333333334
Venezuela,2013,25.92249166666667
Venezuela,2014,26.028775
Venezuela,2015,26.438175
Venezuela,2016,26.4782
Vietnam,1901,24.045533333333335
Vietnam,1902,24.25015
Vietnam,1903,23.764049999999997
Vietnam,1904,23.618883333333333
Vietnam,1905,24.585708333333333
Vietnam,1906,24.646058333333333
Vietnam,1907,23.889591666666664
Vietnam,1908,23.906675000000003
Vietnam,1909,24.077616666666668
Vietnam,1910,23.809675
Vietnam,1911,24.278566666666666
Vietnam,1912,24.08049166666667
Vietnam,1913,23.763833333333334
Vietnam,1914,24.275983333333333
Vietnam,1915,24.11499166666667
Vietnam,1916,23.798675
Vietnam,1917,23.56515
Vietnam,1918,23.876191666666667
Vietnam,1919,24.25124166666667
Vietnam,1920,24.04785
Vietnam,1921,23.96625
Vietnam,1922,24.33875833333333
Vietnam,1923,24.2812
Vietnam,1924,24.287808333333334
Vietnam,1925,23.81374166666667
Vietnam,1926,24.326333333333334
Vietnam,1927,24.166516666666666
Vietnam,1928,24.309691666666666
Vietnam,1929,24.336033333333333
Vietnam,1930,24.16655833333333
Vietnam,1931,24.631625
Vietnam,1932,24.145533333333333
Vietnam,1933,24.383758333333333
Vietnam,1934,23.974816666666666
Vietnam,1935,24.612508333333334
Vietnam,1936,23.97751666666667
Vietnam,1937,24.397283333333334
Vietnam,1938,23.92786666666667
Vietnam,1939,23.87946666666667
Vietnam,1940,24.300275
Vietnam,1941,24.841341666666665
Vietnam,1942,24.470366666666667
Vietnam,1943,24.11615833333333
Vietnam,1944,24.102999999999998
Vietnam,1945,24.0964
Vietnam,1946,24.5969
Vietnam,1947,24.299208333333336
Vietnam,1948,24.184425
Vietnam,1949,24.33621666666667
Vietnam,1950,23.996333333333336
Vietnam,1951,23.899816666666666
Vietnam,1952,24.170424999999998
Vietnam,1953,24.128508333333333
Vietnam,1954,24.003024999999997
Vietnam,1955,23.702066666666667
Vietnam,1956,23.631116666666667
Vietnam,1957,23.96614166666667
Vietnam,1958,24.13055833333333
Vietnam,1959,24.13795
Vietnam,1960,24.22854166666667
Vietnam,1961,24.078575
Vietnam,1962,23.746208333333332
Vietnam,1963,23.871516666666665
Vietnam,1964,23.921333333333333
Vietnam,1965,24.055374999999998
Vietnam,1966,24.475491666666667
Vietnam,1967,23.65425
Vietnam,1968,23.973291666666668
Vietnam,1969,24.179133333333336
Vietnam,1970,23.944108333333332
Vietnam,1971,23.470183333333335
Vietnam,1972,24.049891666666667
Vietnam,1973,24.361833333333333
Vietnam,1974,23.7009
Vietnam,1975,23.99775
Vietnam,1976,23.7384
Vietnam,1977,24.069491666666664
Vietnam,1978,24.187758333333335
Vietnam,1979,24.542366666666666
Vietnam,1980,24.519433333333335
Vietnam,1981,24.063908333333334
Vietnam,1982,23.994
Vietnam,1983,24.165783333333334
Vietnam,1984,23.830783333333333
Vietnam,1985,23.869591666666665
Vietnam,1986,24.012241666666668
Vietnam,1987,24.595966666666666
Vietnam,1988,24.1542
Vietnam,1989,24.116641666666666
Vietnam,1990,24.407533333333333
Vietnam,1991,24.765516666666667
Vietnam,1992,24.304191666666668
Vietnam,1993,24.363358333333334
Vietnam,1994,24.625508333333332
Vietnam,1995,24.3527
Vietnam,1996,24.119783333333334
Vietnam,1997,24.537616666666665
Vietnam,1998,25.325083333333335
Vietnam,1999,24.33866666666667
Vietnam,2000,24.29319166666667
Vietnam,2001,24.712433333333333
Vietnam,2002,24.90439166666667
Vietnam,2003,24.97435
Vietnam,2004,24.611058333333332
Vietnam,2005,24.818816666666667
Vietnam,2006,24.716041666666666
Vietnam,2007,24.38475
Vietnam,2008,23.8965
Vietnam,2009,24.57829166666667
Vietnam,2010,24.92385833333333
Vietnam,2011,23.88394166666667
Vietnam,2012,24.783025
Vietnam,2013,24.517574999999997
Vietnam,2014,24.65445
Vietnam,2015,25.13700833333333
Vietnam,2016,25.073158333333335
Yemen,1901,23.436716666666666
Yemen,1902,23.216408333333334
Yemen,1903,22.93415
Yemen,1904,22.874650000000003
Yemen,1905,22.987591666666663
Yemen,1906,22.953491666666665
Yemen,1907,22.66688333333333
Yemen,1908,23.44558333333333
Yemen,1909,22.873383333333333
Yemen,1910,22.894899999999996
Yemen,1911,22.712233333333334
Yemen,1912,22.702908333333337
Yemen,1913,22.632108333333335
Yemen,1914,22.991500000000002
Yemen,1915,23.355883333333335
Yemen,1916,23.232633333333336
Yemen,1917,23.262208333333334
Yemen,1918,23.255108333333336
Yemen,1919,23.347566666666665
Yemen,1920,23.219324999999998
Yemen,1921,23.273083333333332
Yemen,1922,23.275450000000003
Yemen,1923,23.21805833333333
Yemen,1924,23.36114166666667
Yemen,1925,23.26364166666667
Yemen,1926,23.29540833333333
Yemen,1927,23.34358333333333
Yemen,1928,23.152974999999998
Yemen,1929,23.105058333333332
Yemen,1930,23.01245833333333
Yemen,1931,23.109075
Yemen,1932,22.825108333333333
Yemen,1933,22.800508333333337
Yemen,1934,22.891724999999997
Yemen,1935,23.259816666666666
Yemen,1936,22.955675
Yemen,1937,23.006091666666666
Yemen,1938,23.125991666666668
Yemen,1939,23.116783333333334
Yemen,1940,23.297
Yemen,1941,23.122016666666667
Yemen,1942,22.824241666666666
Yemen,1943,22.688691666666667
Yemen,1944,23.115358333333333
Yemen,1945,22.862558333333336
Yemen,1946,23.154525000000003
Yemen,1947,23.05174166666667
Yemen,1948,23.02515
Yemen,1949,22.631941666666666
Yemen,1950,22.675291666666666
Yemen,1951,23.244424999999996
Yemen,1952,23.03265
Yemen,1953,23.369016666666667
Yemen,1954,23.489891666666665
Yemen,1955,23.242841666666667
Yemen,1956,23.033575
Yemen,1957,22.900325
Yemen,1958,23.373833333333334
Yemen,1959,22.939833333333336
Yemen,1960,23.273775
Yemen,1961,23.137358333333335
Yemen,1962,23.122933333333332
Yemen,1963,23.284041666666667
Yemen,1964,22.82704166666667
Yemen,1965,23.194166666666664
Yemen,1966,23.391575
Yemen,1967,22.988225
Yemen,1968,22.96484166666667
Yemen,1969,23.599333333333334
Yemen,1970,23.4661
Yemen,1971,22.83275
Yemen,1972,23.132791666666666
Yemen,1973,23.434866666666665
Yemen,1974,23.092683333333337
Yemen,1975,23.194391666666665
Yemen,1976,23.360358333333334
Yemen,1977,23.475291666666667
Yemen,1978,23.373425
Yemen,1979,23.489183333333333
Yemen,1980,23.76955
Yemen,1981,23.435716666666668
Yemen,1982,23.398891666666668
Yemen,1983,23.31873333333333
Yemen,1984,23.038691666666665
Yemen,1985,23.381283333333332
Yemen,1986,23.413708333333332
Yemen,1987,23.778125
Yemen,1988,23.804599999999997
Yemen,1989,23.258858333333333
Yemen,1990,23.8323
Yemen,1991,23.520841666666666
Yemen,1992,23.179766666666666
Yemen,1993,23.507816666666667
Yemen,1994,23.608275000000003
Yemen,1995,23.64876666666667
Yemen,1996,23.5979
Yemen,1997,23.650274999999997
Yemen,1998,24.329791666666665
Yemen,1999,23.783433333333335
Yemen,2000,23.75836666666667
Yemen,2001,24.056083333333333
Yemen,2002,24.11005
Yemen,2003,24.244008333333337
Yemen,2004,23.955916666666667
Yemen,2005,23.892308333333332
Yemen,2006,23.971491666666665
Yemen,2007,24.067058333333335
Yemen,2008,23.533766666666665
Yemen,2009,24.343275000000002
Yemen,2010,24.468666666666667
Yemen,2011,24.136166666666668
Yemen,2012,24.199016666666665
Yemen,2013,23.893600000000003
Yemen,2014,24.12325
Yemen,2015,24.537625000000002
Yemen,2016,24.2212
Zambia,1901,21.54580833333333
Zambia,1902,21.933458333333334
Zambia,1903,22.018183333333337
Zambia,1904,21.086291666666668
Zambia,1905,21.843608333333332
Zambia,1906,21.1873
Zambia,1907,20.898558333333334
Zambia,1908,21.68095
Zambia,1909,21.3539
Zambia,1910,20.913775
Zambia,1911,20.9955
Zambia,1912,21.750941666666666
Zambia,1913,21.952325000000002
Zambia,1914,22.395766666666663
Zambia,1915,21.97855
Zambia,1916,21.984658333333332
Zambia,1917,21.850383333333337
Zambia,1918,20.729741666666666
Zambia,1919,21.05695
Zambia,1920,21.780133333333335
Zambia,1921,21.575566666666663
Zambia,1922,22.4199
Zambia,1923,21.833074999999997
Zambia,1924,21.580833333333334
Zambia,1925,21.162825
Zambia,1926,21.556158333333332
Zambia,1927,21.298375
Zambia,1928,22.042716666666667
Zambia,1929,21.748075
Zambia,1930,21.302875
Zambia,1931,22.145066666666665
Zambia,1932,21.516258333333337
Zambia,1933,21.47113333333333
Zambia,1934,21.753483333333335
Zambia,1935,21.384275
Zambia,1936,21.307166666666667
Zambia,1937,21.1798
Zambia,1938,21.71259166666667
Zambia,1939,21.286383333333333
Zambia,1940,21.792366666666666
Zambia,1941,22.036266666666666
Zambia,1942,22.154241666666667
Zambia,1943,21.754091666666667
Zambia,1944,21.83151666666667
Zambia,1945,21.527716666666667
Zambia,1946,21.6671
Zambia,1947,21.660883333333334
Zambia,1948,21.509525
Zambia,1949,22.240933333333334
Zambia,1950,21.54715
Zambia,1951,21.399191666666667
Zambia,1952,21.7372
Zambia,1953,21.404241666666667
Zambia,1954,21.477883333333335
Zambia,1955,21.411133333333336
Zambia,1956,21.092475
Zambia,1957,21.764408333333336
Zambia,1958,21.616508333333332
Zambia,1959,21.762758333333334
Zambia,1960,21.600566666666666
Zambia,1961,21.499983333333333
Zambia,1962,21.209125
Zambia,1963,20.950375
Zambia,1964,21.220991666666666
Zambia,1965,21.063533333333336
Zambia,1966,21.65239166666667
Zambia,1967,21.358075
Zambia,1968,21.424983333333333
Zambia,1969,21.683208333333337
Zambia,1970,21.828725000000002
Zambia,1971,21.371525000000002
Zambia,1972,21.50315833333333
Zambia,1973,21.687916666666666
Zambia,1974,21.019841666666668
Zambia,1975,21.328991666666667
Zambia,1976,21.134083333333333
Zambia,1977,21.850375
Zambia,1978,21.372241666666667
Zambia,1979,21.538966666666667
Zambia,1980,21.47084166666667
Zambia,1981,21.391525
Zambia,1982,21.722583333333333
Zambia,1983,22.45305833333333
Zambia,1984,21.8989
Zambia,1985,21.73091666666667
Zambia,1986,21.47090833333333
Zambia,1987,22.520625
Zambia,1988,21.992366666666666
Zambia,1989,21.747933333333332
Zambia,1990,22.230716666666666
Zambia,1991,21.88755
Zambia,1992,22.495408333333334
Zambia,1993,22.083316666666665
Zambia,1994,22.368883333333333
Zambia,1995,22.830766666666666
Zambia,1996,22.438766666666666
Zambia,1997,22.501166666666666
Zambia,1998,22.73924166666667
Zambia,1999,22.029025
Zambia,2000,22.12675
Zambia,2001,22.509024999999998
Zambia,2002,22.727500000000003
Zambia,2003,22.692041666666668
Zambia,2004,22.472041666666666
Zambia,2005,23.368183333333334
Zambia,2006,22.388066666666663
Zambia,2007,22.531358333333333
Zambia,2008,22.269450000000003
Zambia,2009,22.505191666666665
Zambia,2010,22.855608333333333
Zambia,2011,22.019175
Zambia,2012,22.210291666666667
Zambia,2013,22.106875000000002
Zambia,2014,22.16725
Zambia,2015,22.687191666666667
Zambia,2016,22.73705
Zimbabwe,1901,21.047441666666668
Zimbabwe,1902,21.419766666666664
Zimbabwe,1903,21.607083333333335
Zimbabwe,1904,20.546366666666668
Zimbabwe,1905,21.420550000000002
Zimbabwe,1906,20.67846666666667
Zimbabwe,1907,20.371166666666667
Zimbabwe,1908,21.21430833333333
Zimbabwe,1909,20.88909166666667
Zimbabwe,1910,20.381983333333334
Zimbabwe,1911,20.429675
Zimbabwe,1912,21.286975
Zimbabwe,1913,21.504383333333333
Zimbabwe,1914,21.847849999999998
Zimbabwe,1915,21.377491666666668
Zimbabwe,1916,21.45555
Zimbabwe,1917,21.297325
Zimbabwe,1918,20.423675
Zimbabwe,1919,20.7226
Zimbabwe,1920,21.377416666666665
Zimbabwe,1921,20.980125
Zimbabwe,1922,21.901108333333337
Zimbabwe,1923,21.386916666666668
Zimbabwe,1924,21.026966666666667
Zimbabwe,1925,20.75198333333333
Zimbabwe,1926,21.133675
Zimbabwe,1927,20.888491666666667
Zimbabwe,1928,21.485466666666667
Zimbabwe,1929,21.227700000000002
Zimbabwe,1930,20.815083333333334
Zimbabwe,1931,21.67096666666667
Zimbabwe,1932,21.095375
Zimbabwe,1933,20.985941666666665
Zimbabwe,1934,21.391274999999997
Zimbabwe,1935,20.651733333333336
Zimbabwe,1936,20.750666666666667
Zimbabwe,1937,20.891366666666666
Zimbabwe,1938,21.251458333333332
Zimbabwe,1939,20.418291666666665
Zimbabwe,1940,21.245183333333333
Zimbabwe,1941,21.625633333333337
Zimbabwe,1942,21.651108333333337
Zimbabwe,1943,21.113183333333335
Zimbabwe,1944,21.358950000000004
Zimbabwe,1945,20.795725
Zimbabwe,1946,21.287658333333333
Zimbabwe,1947,21.562066666666666
Zimbabwe,1948,21.176975
Zimbabwe,1949,21.5562
Zimbabwe,1950,21.257875
Zimbabwe,1951,21.012308333333333
Zimbabwe,1952,21.299525
Zimbabwe,1953,20.786516666666667
Zimbabwe,1954,21.170424999999998
Zimbabwe,1955,20.926225
Zimbabwe,1956,21.01895
Zimbabwe,1957,21.836074999999997
Zimbabwe,1958,21.364908333333332
Zimbabwe,1959,21.538283333333336
Zimbabwe,1960,21.22655
Zimbabwe,1961,21.116425
Zimbabwe,1962,21.121208333333332
Zimbabwe,1963,20.47955
Zimbabwe,1964,20.8725
Zimbabwe,1965,20.754591666666666
Zimbabwe,1966,21.191708333333334
Zimbabwe,1967,20.9226
Zimbabwe,1968,21.141949999999998
Zimbabwe,1969,21.25746666666667
Zimbabwe,1970,21.64923333333333
Zimbabwe,1971,21.054166666666667
Zimbabwe,1972,20.856508333333334
Zimbabwe,1973,21.270599999999998
Zimbabwe,1974,20.4477
Zimbabwe,1975,20.709766666666667
Zimbabwe,1976,20.600933333333334
Zimbabwe,1977,21.245974999999998
Zimbabwe,1978,20.698625
Zimbabwe,1979,21.050091666666667
Zimbabwe,1980,20.863158333333335
Zimbabwe,1981,20.498549999999998
Zimbabwe,1982,21.2839
Zimbabwe,1983,22.063933333333335
Zimbabwe,1984,21.426241666666666
Zimbabwe,1985,21.138975
Zimbabwe,1986,21.149675
Zimbabwe,1987,21.990575000000003
Zimbabwe,1988,21.23375
Zimbabwe,1989,21.22950833333333
Zimbabwe,1990,21.661541666666665
Zimbabwe,1991,21.588358333333332
Zimbabwe,1992,22.531008333333332
Zimbabwe,1993,21.927941666666666
Zimbabwe,1994,21.671283333333335
Zimbabwe,1995,22.375925
Zimbabwe,1996,21.773533333333333
Zimbabwe,1997,21.742966666666664
Zimbabwe,1998,22.28418333333333
Zimbabwe,1999,21.722333333333335
Zimbabwe,2000,21.524866666666668
Zimbabwe,2001,21.976175
Zimbabwe,2002,22.196866666666665
Zimbabwe,2003,22.170266666666667
Zimbabwe,2004,22.137208333333334
Zimbabwe,2005,22.940683333333336
Zimbabwe,2006,22.063325000000003
Zimbabwe,2007,22.139475
Zimbabwe,2008,22.057933333333335
Zimbabwe,2009,22.203683333333334
Zimbabwe,2010,22.419466666666665
Zimbabwe,2011,21.714008333333336
Zimbabwe,2012,21.910075000000003
Zimbabwe,2013,21.624350000000003
Zimbabwe,2014,21.710483333333332
Zimbabwe,2015,22.327624999999998
Zimbabwe,2016,22.310166666666664
